bb_period,bb_std,entry_pct,tp,sl,max_hold,bb_exit_mid,slippage,passed,avg_sharpe,W1_sharpe,W1_n,W1_wr,W1_avg,W2_sharpe,W2_n,W2_wr,W2_avg
15,2.0,0.0,0.05,0.02,12,False,0.001,0,-6.991700800906417,-3.795605194704958,72,0.3055555555555556,-0.002870607096679146,-10.187796407107877,86,0.22093023255813954,-0.007101931255373091
15,2.0,0.0,0.05,0.02,12,False,0.002,0,-11.891099405625841,-8.731970191180606,72,0.25,-0.00632507560345676,-15.050228620071074,87,0.20689655172413793,-0.00976960365489338
15,2.0,0.0,0.05,0.02,12,False,0.003,0,-17.366721278344283,-12.210336671437142,73,0.2191780821917808,-0.008566613546227193,-22.52310588525142,87,0.1839080459770115,-0.013066993306641987
15,2.0,0.0,0.05,0.02,12,True,0.001,0,-8.112084993571099,-7.700051896074594,72,0.3333333333333333,-0.004922266499370827,-8.524118091067603,86,0.313953488372093,-0.005495753865939541
15,2.0,0.0,0.05,0.02,12,True,0.002,0,-13.052317350871267,-13.01412153069431,72,0.2777777777777778,-0.007976550354754268,-13.090513171048224,87,0.2988505747126437,-0.007979212025470932
15,2.0,0.0,0.05,0.02,12,True,0.003,0,-17.226980338962186,-17.151108673966124,73,0.2602739726027397,-0.009968409710189525,-17.302852003958243,88,0.2840909090909091,-0.010073223724152432
15,2.0,0.0,0.05,0.02,24,False,0.001,0,-6.750560606055283,-2.2030137370099534,71,0.28169014084507044,-0.001781267605633752,-11.298107475100613,86,0.19767441860465115,-0.007951539019424069
15,2.0,0.0,0.05,0.02,24,False,0.002,0,-10.471362888170647,-6.422307525573481,72,0.25,-0.004993749999999953,-14.520418250767813,87,0.1839080459770115,-0.009914608219115923
15,2.0,0.0,0.05,0.02,24,False,0.003,0,-15.273719622108324,-9.477048313488849,73,0.2328767123287671,-0.0071856849315068035,-21.070390930727797,87,0.14942528735632185,-0.013145929019943716
15,2.0,0.0,0.05,0.02,24,True,0.001,0,-8.03806302435679,-7.700051896074594,72,0.3333333333333333,-0.004922266499370827,-8.376074152638985,86,0.313953488372093,-0.0054150398921185595
15,2.0,0.0,0.05,0.02,24,True,0.002,0,-12.967134249658713,-13.01412153069431,72,0.2777777777777778,-0.007976550354754268,-12.920146968623119,87,0.2988505747126437,-0.00789958521211363
15,2.0,0.0,0.05,0.02,24,True,0.003,0,-17.130961131328988,-17.151108673966124,73,0.2602739726027397,-0.009968409710189525,-17.110813588691855,88,0.2840909090909091,-0.009994659048961586
15,2.0,0.0,0.05,0.02,48,False,0.001,0,-6.4472975065293525,-2.2030137370099534,71,0.28169014084507044,-0.001781267605633752,-10.691581276048751,86,0.19767441860465115,-0.007653546511627856
15,2.0,0.0,0.05,0.02,48,False,0.002,0,-10.117145842206206,-6.422307525573481,72,0.25,-0.004993749999999953,-13.811984158838932,87,0.1839080459770115,-0.009608620689655137
15,2.0,0.0,0.05,0.02,48,False,0.003,0,-14.90742524977911,-9.477048313488849,73,0.2328767123287671,-0.0071856849315068035,-20.33780218606937,87,0.14942528735632185,-0.013006839080459725
15,2.0,0.0,0.05,0.02,48,True,0.001,0,-8.03806302435679,-7.700051896074594,72,0.3333333333333333,-0.004922266499370827,-8.376074152638985,86,0.313953488372093,-0.0054150398921185595
15,2.0,0.0,0.05,0.02,48,True,0.002,0,-12.967134249658713,-13.01412153069431,72,0.2777777777777778,-0.007976550354754268,-12.920146968623119,87,0.2988505747126437,-0.00789958521211363
15,2.0,0.0,0.05,0.02,48,True,0.003,0,-17.130961131328988,-17.151108673966124,73,0.2602739726027397,-0.009968409710189525,-17.110813588691855,88,0.2840909090909091,-0.009994659048961586
15,2.0,0.0,0.05,0.03,12,False,0.001,0,-6.636362444528379,-4.843058808838497,69,0.391304347826087,-0.004325404015871309,-8.42966608021826,81,0.30864197530864196,-0.007308708046560659
15,2.0,0.0,0.05,0.03,12,False,0.002,0,-9.625623741765203,-7.0856179670640165,70,0.35714285714285715,-0.006215515471347906,-12.165629516466389,81,0.2962962962962963,-0.010091351348839888
15,2.0,0.0,0.05,0.03,12,False,0.003,0,-13.342776938170076,-11.875531541270515,70,0.3142857142857143,-0.01010119849961221,-14.810022335069634,81,0.2962962962962963,-0.01192343528923146
15,2.0,0.0,0.05,0.03,12,True,0.001,0,-7.1334037555362055,-8.155626711544784,69,0.43478260869565216,-0.0062943398135936815,-6.111180799527626,82,0.4146341463414634,-0.004961841005309908
15,2.0,0.0,0.05,0.03,12,True,0.002,0,-9.519287282848406,-10.47709499858876,70,0.38571428571428573,-0.007995146354717752,-8.561479567108051,82,0.4146341463414634,-0.006759603216585081
15,2.0,0.0,0.05,0.03,12,True,0.003,0,-13.489674185646063,-16.617942831315656,70,0.34285714285714286,-0.012037718019104726,-10.361405539976468,82,0.4146341463414634,-0.00810107300231209
15,2.0,0.0,0.05,0.03,24,False,0.001,0,-6.909067253150319,-3.527406144989159,67,0.34328358208955223,-0.0034180014107273115,-10.290728361311478,78,0.2948717948717949,-0.009221358757708157
15,2.0,0.0,0.05,0.03,24,False,0.002,0,-8.25297037382939,-5.033540705756555,68,0.3382352941176471,-0.00485696785930117,-11.472400041902226,78,0.2948717948717949,-0.010264866763611113
15,2.0,0.0,0.05,0.03,24,False,0.003,0,-11.270482229871305,-8.860250736518573,68,0.3088235294117647,-0.008364777989885325,-13.68071372322404,78,0.2692307692307692,-0.012003624151487965
15,2.0,0.0,0.05,0.03,24,True,0.001,0,-7.343378867780168,-8.863669155413758,68,0.4264705882352941,-0.006870013645434539,-5.823088580146578,82,0.4268292682926829,-0.004738821798853307
15,2.0,0.0,0.05,0.03,24,True,0.002,0,-9.705563358896184,-11.151220936077268,69,0.37681159420289856,-0.008543230672955609,-8.2599057817151,82,0.4268292682926829,-0.006537029604617885
15,2.0,0.0,0.05,0.03,24,True,0.003,0,-13.709485831442425,-17.364440955047687,69,0.3333333333333333,-0.012600610050976766,-10.054530707837161,82,0.4146341463414634,-0.0078789440967536
15,2.0,0.0,0.05,0.03,48,False,0.001,0,-6.4148292457158265,-3.6962030215082424,66,0.3484848484848485,-0.003618030303030254,-9.13345546992341,78,0.2948717948717949,-0.008431772523172235
15,2.0,0.0,0.05,0.03,48,False,0.002,0,-7.698975747634259,-5.163085057100138,67,0.34328358208955223,-0.005030970149253693,-10.23486643816838,78,0.2948717948717949,-0.009437695459612016
15,2.0,0.0,0.05,0.03,48,False,0.003,0,-11.613780071128652,-9.264781200924215,68,0.3088235294117647,-0.008775588235294075,-13.96277894133309,78,0.2692307692307692,-0.012487669550625058
15,2.0,0.0,0.05,0.03,48,True,0.001,0,-7.343378867780168,-8.863669155413758,68,0.4264705882352941,-0.006870013645434539,-5.823088580146578,82,0.4268292682926829,-0.004738821798853307
15,2.0,0.0,0.05,0.03,48,True,0.002,0,-9.705563358896184,-11.151220936077268,69,0.37681159420289856,-0.008543230672955609,-8.2599057817151,82,0.4268292682926829,-0.006537029604617885
15,2.0,0.0,0.05,0.03,48,True,0.003,0,-13.709485831442425,-17.364440955047687,69,0.3333333333333333,-0.012600610050976766,-10.054530707837161,82,0.4146341463414634,-0.0078789440967536
15,2.0,0.0,0.08,0.02,12,False,0.001,0,-9.458253916169497,-5.308143427669591,72,0.25,-0.004468746497142274,-13.608364404669402,86,0.18604651162790697,-0.009378180163195622
15,2.0,0.0,0.08,0.02,12,False,0.002,0,-12.193777819799386,-8.034064555877146,72,0.20833333333333334,-0.006700010055239415,-16.353491083721625,87,0.1839080459770115,-0.01096355040271253
15,2.0,0.0,0.08,0.02,12,False,0.003,0,-16.431007427930247,-9.73704827008977,73,0.1917808219178082,-0.008037258011618226,-23.12496658577072,87,0.16091954022988506,-0.013954146769343475
15,2.0,0.0,0.08,0.02,12,True,0.001,0,-8.27697909629777,-7.975900424361722,72,0.3194444444444444,-0.005323664718595772,-8.578057768233819,86,0.3023255813953488,-0.005732134187860566
15,2.0,0.0,0.08,0.02,12,True,0.002,0,-13.414952044252878,-14.10411782715876,72,0.25,-0.008994559210058203,-12.725786261346999,87,0.28735632183908044,-0.008121737332683742
15,2.0,0.0,0.08,0.02,12,True,0.003,0,-16.46848254332245,-16.032311467829683,73,0.2465753424657534,-0.01004457385672546,-16.90465361881522,88,0.2727272727272727,-0.010272025954831464
15,2.0,0.0,0.08,0.02,24,False,0.001,0,-7.34763681765905,-2.428167132738725,70,0.21428571428571427,-0.0023670992795693673,-12.267106502579376,84,0.14285714285714285,-0.009594360988130832
15,2.0,0.0,0.08,0.02,24,False,0.002,0,-10.632910108005685,-5.4254830461447465,71,0.19718309859154928,-0.0050830988118470925,-15.840337169866622,85,0.1411764705882353,-0.01166844762277191
15,2.0,0.0,0.08,0.02,24,False,0.003,0,-15.749815925258698,-7.320484513037735,72,0.19444444444444445,-0.0066876371749868945,-24.17914733747966,86,0.10465116279069768,-0.015452330118874043
15,2.0,0.0,0.08,0.02,24,True,0.001,0,-8.205752799460699,-7.975900424361722,72,0.3194444444444444,-0.005323664718595772,-8.435605174559676,86,0.3023255813953488,-0.005651420214039583
15,2.0,0.0,0.08,0.02,24,True,0.002,0,-13.33482737454664,-14.10411782715876,72,0.25,-0.008994559210058203,-12.56553692193452,87,0.28735632183908044,-0.00804211051932644
15,2.0,0.0,0.08,0.02,24,True,0.003,0,-16.37799116154675,-16.032311467829683,73,0.2465753424657534,-0.01004457385672546,-16.723670855263816,88,0.2727272727272727,-0.010193461279640615
15,2.0,0.0,0.08,0.02,48,False,0.001,0,-7.264430197497061,-2.0627724033963957,69,0.2028985507246377,-0.002072157434015273,-12.466087991597727,81,0.12345679012345678,-0.010064448764884805
15,2.0,0.0,0.08,0.02,48,False,0.002,0,-11.3518684516946,-6.644271953499878,70,0.17142857142857143,-0.006212924243163769,-16.05946494988932,81,0.1111111111111111,-0.01229970137425778
15,2.0,0.0,0.08,0.02,48,False,0.003,0,-16.005957029987325,-8.024808602279625,71,0.16901408450704225,-0.0074519221637867426,-23.987105457695026,83,0.07228915662650602,-0.015947437057116123
15,2.0,0.0,0.08,0.02,48,True,0.001,0,-8.205752799460699,-7.975900424361722,72,0.3194444444444444,-0.005323664718595772,-8.435605174559676,86,0.3023255813953488,-0.005651420214039583
15,2.0,0.0,0.08,0.02,48,True,0.002,0,-13.33482737454664,-14.10411782715876,72,0.25,-0.008994559210058203,-12.56553692193452,87,0.28735632183908044,-0.00804211051932644
15,2.0,0.0,0.08,0.02,48,True,0.003,0,-16.37799116154675,-16.032311467829683,73,0.2465753424657534,-0.01004457385672546,-16.723670855263816,88,0.2727272727272727,-0.010193461279640615
15,2.0,0.0,0.08,0.03,12,False,0.001,0,-9.001647538195256,-6.421893299946318,68,0.3235294117647059,-0.006367026863603792,-11.581401776444194,81,0.2716049382716049,-0.010058075966942541
15,2.0,0.0,0.08,0.03,12,False,0.002,0,-10.644152542346696,-8.119203385346955,69,0.2898550724637681,-0.007975123767008516,-13.169101699346438,81,0.2716049382716049,-0.011338129339151475
15,2.0,0.0,0.08,0.03,12,False,0.003,0,-13.335081671170911,-11.889172862116679,69,0.2608695652173913,-0.011238283244263866,-14.780990480225146,81,0.2716049382716049,-0.012617029357404087
15,2.0,0.0,0.08,0.03,12,True,0.001,0,-7.199835187915045,-8.540048113761896,69,0.42028985507246375,-0.006828386179211798,-5.859622262068193,82,0.4024390243902439,-0.0050382217086068345
15,2.0,0.0,0.08,0.03,12,True,0.002,0,-9.252403793559365,-10.919013314189948,70,0.37142857142857144,-0.008595421924558816,-7.585794272928781,82,0.4024390243902439,-0.006445417255467617
15,2.0,0.0,0.08,0.03,12,True,0.003,0,-12.296986233114072,-15.166356973626849,70,0.34285714285714286,-0.011573008816256615,-9.427615492601296,82,0.4024390243902439,-0.00789121838729252
15,2.0,0.0,0.08,0.03,24,False,0.001,0,-5.6868347952348905,-2.0025284571166218,67,0.2835820895522388,-0.002379729028932884,-9.37114113335316,76,0.25,-0.00960738600854301
15,2.0,0.0,0.08,0.03,24,False,0.002,0,-6.899258278634208,-3.2992134266338855,68,0.27941176470588236,-0.003895562582804799,-10.49930313063453,76,0.25,-0.010732191115063586
15,2.0,0.0,0.08,0.03,24,False,0.003,0,-8.919194356191673,-6.205646274390817,68,0.2647058823529412,-0.0070806690583706715,-11.632742437992528,76,0.23684210526315788,-0.011856465049420986
15,2.0,0.0,0.08,0.03,24,True,0.001,0,-7.41007435411166,-9.231471360334012,68,0.4117647058823529,-0.007411913634076447,-5.588677347889307,82,0.4146341463414634,-0.004815202502150233
15,2.0,0.0,0.08,0.03,24,True,0.002,0,-9.445820762009994,-11.582365017066884,69,0.36231884057971014,-0.009152205888736399,-7.309276506953103,82,0.4146341463414634,-0.006222843643500419
15,2.0,0.0,0.08,0.03,24,True,0.003,0,-12.49927177399719,-15.853973202421477,69,0.3333333333333333,-0.012129165932145351,-9.144570345572903,82,0.4024390243902439,-0.0076690894817340325
15,2.0,0.0,0.08,0.03,48,False,0.001,0,-6.958962368718355,-1.575941211503243,65,0.27692307692307694,-0.001953751737646984,-12.341983525933466,73,0.1780821917808219,-0.012917949999392732
15,2.0,0.0,0.08,0.03,48,False,0.002,0,-8.042951225382321,-2.771225969237015,66,0.2727272727272727,-0.003415222682143397,-13.314676481527627,73,0.1780821917808219,-0.01392021659335451
15,2.0,0.0,0.08,0.03,48,False,0.003,0,-9.85009949359107,-5.410792628611844,67,0.2537313432835821,-0.00649800706908744,-14.289406358570295,73,0.1643835616438356,-0.014922428434803247
15,2.0,0.0,0.08,0.03,48,True,0.001,0,-7.41007435411166,-9.231471360334012,68,0.4117647058823529,-0.007411913634076447,-5.588677347889307,82,0.4146341463414634,-0.004815202502150233
15,2.0,0.0,0.08,0.03,48,True,0.002,0,-9.445820762009994,-11.582365017066884,69,0.36231884057971014,-0.009152205888736399,-7.309276506953103,82,0.4146341463414634,-0.006222843643500419
15,2.0,0.0,0.08,0.03,48,True,0.003,0,-12.49927177399719,-15.853973202421477,69,0.3333333333333333,-0.012129165932145351,-9.144570345572903,82,0.4024390243902439,-0.0076690894817340325
15,2.0,0.0,0.1,0.02,12,False,0.001,0,-6.96996562414296,-2.9810183852084147,72,0.25,-0.0028398497233905313,-10.958912863077504,86,0.18604651162790697,-0.008449342953893295
15,2.0,0.0,0.1,0.02,12,False,0.002,0,-9.35349259590377,-5.377911594150593,72,0.20833333333333334,-0.00508763466560625,-13.329073597656949,87,0.1839080459770115,-0.010046309023402183
15,2.0,0.0,0.1,0.02,12,False,0.003,0,-13.286776291034615,-6.901900912637068,73,0.1917808219178082,-0.0064632063337817045,-19.671651669432162,87,0.16091954022988506,-0.013266905390033126
15,2.0,0.0,0.1,0.02,12,True,0.001,0,-7.314110716160274,-6.651457969335036,72,0.3194444444444444,-0.004768942496373548,-7.976763462985512,86,0.3023255813953488,-0.005499924885534985
15,2.0,0.0,0.1,0.02,12,True,0.002,0,-12.08497534157815,-12.220151756524741,72,0.25,-0.008440392543391536,-11.94979892663156,87,0.28735632183908044,-0.007892426987856157
15,2.0,0.0,0.1,0.02,12,True,0.003,0,-14.949196913145157,-13.9770145503052,73,0.2465753424657534,-0.009498546459465186,-15.921379275985114,88,0.2727272727272727,-0.010045548682104192
15,2.0,0.0,0.1,0.02,24,False,0.001,0,-5.548004527815589,-0.43186868093783715,70,0.21428571428571427,-0.00047544398607856996,-10.664140374693341,84,0.13095238095238096,-0.009240742916429746
15,2.0,0.0,0.1,0.02,24,False,0.002,0,-8.86409917243604,-3.3599128421885744,71,0.19718309859154928,-0.003530266728179505,-14.368285502683506,85,0.12941176470588237,-0.011566802256936147
15,2.0,0.0,0.1,0.02,24,False,0.003,0,-12.12505762957253,-4.665466661513879,72,0.19444444444444445,-0.004863003230996417,-19.58464859763118,86,0.10465116279069768,-0.014437561198784652
15,2.0,0.0,0.1,0.02,24,True,0.001,0,-7.246222937559703,-6.651457969335036,72,0.3194444444444444,-0.004768942496373548,-7.84098790578437,86,0.3023255813953488,-0.005419210911714003
15,2.0,0.0,0.1,0.02,24,True,0.002,0,-12.009300878695901,-12.220151756524741,72,0.25,-0.008440392543391536,-11.798450000867062,87,0.28735632183908044,-0.007812800174498855
15,2.0,0.0,0.1,0.02,24,True,0.003,0,-14.864588963800674,-13.9770145503052,73,0.2465753424657534,-0.009498546459465186,-15.752163377296151,88,0.2727272727272727,-0.009966984006913343
15,2.0,0.0,0.1,0.02,48,False,0.001,0,-5.296949749231825,-0.45242565837905974,66,0.19696969696969696,-0.0005166423114323957,-10.14147384008459,81,0.1111111111111111,-0.009324819135255175
15,2.0,0.0,0.1,0.02,48,False,0.002,0,-9.367153875444425,-5.089640784113547,67,0.16417910447761194,-0.0053458599696347055,-13.644666966775302,81,0.09876543209876543,-0.011807108781665191
15,2.0,0.0,0.1,0.02,48,False,0.003,0,-12.277143481850693,-6.35346526175603,68,0.16176470588235295,-0.006623914184765113,-18.200821701945358,83,0.07228915662650602,-0.014506714165549859
15,2.0,0.0,0.1,0.02,48,True,0.001,0,-7.246222937559703,-6.651457969335036,72,0.3194444444444444,-0.004768942496373548,-7.84098790578437,86,0.3023255813953488,-0.005419210911714003
15,2.0,0.0,0.1,0.02,48,True,0.002,0,-12.009300878695901,-12.220151756524741,72,0.25,-0.008440392543391536,-11.798450000867062,87,0.28735632183908044,-0.007812800174498855
15,2.0,0.0,0.1,0.02,48,True,0.003,0,-14.864588963800674,-13.9770145503052,73,0.2465753424657534,-0.009498546459465186,-15.752163377296151,88,0.2727272727272727,-0.009966984006913343
15,2.0,0.0,0.1,0.03,12,False,0.001,0,-6.684303644274323,-3.9150449101899207,68,0.3235294117647059,-0.004348636161984299,-9.453562378358724,81,0.2716049382716049,-0.00895172331946403
15,2.0,0.0,0.1,0.03,12,False,0.002,0,-8.18199619505367,-5.45441645853626,69,0.2898550724637681,-0.0060035146647826046,-10.90957593157108,81,0.2716049382716049,-0.010246271299307656
15,2.0,0.0,0.1,0.03,12,False,0.003,0,-10.741853231652431,-9.097037549736537,69,0.2608695652173913,-0.00957298219379914,-12.386668913568325,81,0.2716049382716049,-0.011539612431848381
15,2.0,0.0,0.1,0.03,12,True,0.001,0,-6.535929530729744,-7.40652436705704,69,0.42028985507246375,-0.006249545599501652,-5.665334694402449,82,0.4024390243902439,-0.004925034544337762
15,2.0,0.0,0.1,0.03,12,True,0.002,0,-8.531110948290337,-9.64925408044093,70,0.37142857142857144,-0.008025421924558815,-7.412967816139743,82,0.4024390243902439,-0.006358423638802853
15,2.0,0.0,0.1,0.03,12,True,0.003,0,-11.397040225399527,-13.588855372018605,70,0.34285714285714286,-0.011003580244828046,-9.20522507878045,82,0.4024390243902439,-0.007790067186443908
15,2.0,0.0,0.1,0.03,24,False,0.001,0,-3.6929437436674797,0.09466357306652741,67,0.2835820895522388,0.00012509180400903751,-7.480551060401487,76,0.23684210526315788,-0.00855963708718918
15,2.0,0.0,0.1,0.03,24,False,0.002,0,-4.821239816586277,-1.1383824557786084,68,0.27941176470588236,-0.0014925018071016076,-8.504097177393946,76,0.23684210526315788,-0.00969975879801043
15,2.0,0.0,0.1,0.03,24,False,0.003,0,-6.6052530549404835,-3.6774609600238835,68,0.2647058823529412,-0.004686710816148189,-9.533045149857083,76,0.2236842105263158,-0.010839292324056676
15,2.0,0.0,0.1,0.03,24,True,0.001,0,-6.7236867738216075,-8.049390493701525,68,0.4117647058823529,-0.006824560692899976,-5.39798305394169,82,0.4146341463414634,-0.004702015337881162
15,2.0,0.0,0.1,0.03,24,True,0.002,0,-8.70133751487582,-10.26303086857187,69,0.36231884057971014,-0.00857394501917118,-7.139644161179773,82,0.4146341463414634,-0.006135850026835653
15,2.0,0.0,0.1,0.03,24,True,0.003,0,-11.571325837271752,-14.216595242699626,69,0.3333333333333333,-0.011551484772725062,-8.926056431843879,82,0.4024390243902439,-0.00756793828088542
15,2.0,0.0,0.1,0.03,48,False,0.001,0,-4.259594077000196,1.0426890440244554,62,0.2903225806451613,0.00145077623735326,-9.561877198024849,73,0.1643835616438356,-0.011413360958296844
15,2.0,0.0,0.1,0.03,48,False,0.002,0,-5.263625774889943,-0.11303352241972928,63,0.2857142857142857,-0.0001561486979317597,-10.414218027360157,73,0.1643835616438356,-0.012417134401573694
15,2.0,0.0,0.1,0.03,48,False,0.003,0,-7.0419788901694425,-2.8156494854755807,64,0.265625,-0.0037669870949368347,-11.268308294863305,73,0.1506849315068493,-0.013420853092337494
15,2.0,0.0,0.1,0.03,48,True,0.001,0,-6.7236867738216075,-8.049390493701525,68,0.4117647058823529,-0.006824560692899976,-5.39798305394169,82,0.4146341463414634,-0.004702015337881162
15,2.0,0.0,0.1,0.03,48,True,0.002,0,-8.70133751487582,-10.26303086857187,69,0.36231884057971014,-0.00857394501917118,-7.139644161179773,82,0.4146341463414634,-0.006135850026835653
15,2.0,0.0,0.1,0.03,48,True,0.003,0,-11.571325837271752,-14.216595242699626,69,0.3333333333333333,-0.011551484772725062,-8.926056431843879,82,0.4024390243902439,-0.00756793828088542
15,2.0,0.0,0.15,0.02,12,False,0.001,0,-5.987918295873504,-0.8717332584970491,72,0.25,-0.0009654126542901583,-11.10410333324996,86,0.18604651162790697,-0.008641274519175722
15,2.0,0.0,0.15,0.02,12,False,0.002,0,-8.256645922354245,-2.9632670708960878,72,0.20833333333333334,-0.003260474535056552,-13.550024773812401,87,0.1839080459770115,-0.010272825411499339
15,2.0,0.0,0.15,0.02,12,False,0.003,0,-12.213362150583603,-4.328090485764092,73,0.1917808219178082,-0.004707526169596554,-20.098633815403115,87,0.16091954022988506,-0.013546342243041612
15,2.0,0.0,0.15,0.02,12,True,0.001,0,-7.29133590602096,-7.368300397906743,72,0.3194444444444444,-0.0050771927938151485,-7.214371414135177,86,0.3023255813953488,-0.005205743473964234
15,2.0,0.0,0.15,0.02,12,True,0.002,0,-12.170005823411516,-13.339976959606984,72,0.25,-0.008778430112585441,-11.000034687216049,87,0.28735632183908044,-0.007614788610432376
15,2.0,0.0,0.15,0.02,12,True,0.003,0,-15.040805131473796,-15.31090401426456,73,0.2465753424657534,-0.00986121398669403,-14.770706248683032,88,0.2727272727272727,-0.009784026514591164
15,2.0,0.0,0.15,0.02,24,False,0.001,0,-2.0708465618608485,2.7765652244641412,70,0.21428571428571427,0.0038485673165543173,-6.918258348185838,84,0.13095238095238096,-0.007288367906250446
15,2.0,0.0,0.15,0.02,24,False,0.002,0,-5.292895504030191,0.22004863021199714,71,0.19718309859154928,0.00029117536972508726,-10.805839638272378,85,0.12941176470588237,-0.010251428099765788
15,2.0,0.0,0.15,0.02,24,False,0.003,0,-8.713413720996817,-0.8720082697754982,72,0.19444444444444445,-0.0011435420046957145,-16.554819172218135,86,0.10465116279069768,-0.013743111069244834
15,2.0,0.0,0.15,0.02,24,True,0.001,0,-7.227791445551791,-7.368300397906743,72,0.3194444444444444,-0.0050771927938151485,-7.08728249319684,86,0.3023255813953488,-0.005125029500143251
15,2.0,0.0,0.15,0.02,24,True,0.002,0,-12.099759339528983,-13.339976959606984,72,0.25,-0.008778430112585441,-10.859541719450984,87,0.28735632183908044,-0.007535161797075074
15,2.0,0.0,0.15,0.02,24,True,0.003,0,-14.962911714245918,-15.31090401426456,73,0.2465753424657534,-0.00986121398669403,-14.614919414227275,88,0.2727272727272727,-0.009705461839400319
15,2.0,0.0,0.15,0.02,48,False,0.001,0,-3.8895216218777664,2.2924386027366146,62,0.1774193548387097,0.0034119614104106562,-10.071481846492148,79,0.08860759493670886,-0.010262663728532665
15,2.0,0.0,0.15,0.02,48,False,0.002,0,-8.335525326124689,-1.8387115037323396,63,0.14285714285714285,-0.00251821615818296,-14.832339148517036,79,0.0759493670886076,-0.013440039993689807
15,2.0,0.0,0.15,0.02,48,False,0.003,0,-12.396633027902485,-2.841502947191482,64,0.140625,-0.003860799446312966,-21.951763108613488,81,0.04938271604938271,-0.01678127620728172
15,2.0,0.0,0.15,0.02,48,True,0.001,0,-7.227791445551791,-7.368300397906743,72,0.3194444444444444,-0.0050771927938151485,-7.08728249319684,86,0.3023255813953488,-0.005125029500143251
15,2.0,0.0,0.15,0.02,48,True,0.002,0,-12.099759339528983,-13.339976959606984,72,0.25,-0.008778430112585441,-10.859541719450984,87,0.28735632183908044,-0.007535161797075074
15,2.0,0.0,0.15,0.02,48,True,0.003,0,-14.962911714245918,-15.31090401426456,73,0.2465753424657534,-0.00986121398669403,-14.614919414227275,88,0.2727272727272727,-0.009705461839400319
15,2.0,0.0,0.15,0.03,12,False,0.001,0,-5.8026854975210105,-1.910813343667553,68,0.3235294117647059,-0.002395137450722445,-9.694557651374469,81,0.2716049382716049,-0.009203995958091675
15,2.0,0.0,0.15,0.03,12,False,0.002,0,-7.2805784807829195,-3.3421963322970156,69,0.2898550724637681,-0.004143461071091724,-11.218960629268823,81,0.2716049382716049,-0.010537963234609671
15,2.0,0.0,0.15,0.03,12,False,0.003,0,-9.602950401319614,-6.432417569668557,69,0.2608695652173913,-0.007715523469371372,-12.773483232970673,81,0.2716049382716049,-0.011870565133175094
15,2.0,0.0,0.15,0.03,12,True,0.001,0,-6.588752369668519,-8.025679306235798,69,0.42028985507246375,-0.006571198083788539,-5.15182543310124,82,0.4024390243902439,-0.004616502820007463
15,2.0,0.0,0.15,0.03,12,True,0.002,0,-8.63754755419643,-10.412393296554418,70,0.37142857142857144,-0.008373117710015403,-6.862701811838441,82,0.4024390243902439,-0.006063856092023964
15,2.0,0.0,0.15,0.03,12,True,0.003,0,-11.620853486785773,-14.621994164821132,70,0.34285714285714286,-0.011381790666080981,-8.619712808750414,82,0.4024390243902439,-0.0075094092505762705
15,2.0,0.0,0.15,0.03,24,False,0.001,0,-1.4827116773362377,3.3416394201311745,67,0.2835820895522388,0.00538786480675981,-6.30706277480365,76,0.23684210526315788,-0.007734126667791098
15,2.0,0.0,0.15,0.03,24,False,0.002,0,-2.5431758427632545,2.2669315706695774,68,0.27941176470588236,0.00362325526600107,-7.353283256196087,76,0.23684210526315788,-0.00896034289341579
15,2.0,0.0,0.15,0.03,24,False,0.003,0,-4.327443578730963,-0.24346837698878063,68,0.2647058823529412,-0.0003730390793484158,-8.411418780473147,76,0.2236842105263158,-0.010185630200960305
15,2.0,0.0,0.15,0.03,24,True,0.001,0,-6.794511396341981,-8.695024922658359,68,0.4117647058823529,-0.007150943360779319,-4.893997870025603,82,0.4146341463414634,-0.004393483613550861
15,2.0,0.0,0.15,0.03,24,True,0.002,0,-8.827477063273763,-11.055833658379749,69,0.36231884057971014,-0.008926679873982211,-6.599120468167777,82,0.4146341463414634,-0.005841282480056765
15,2.0,0.0,0.15,0.03,24,True,0.003,0,-11.819537887661518,-15.288613481602122,69,0.3333333333333333,-0.011935176504430937,-8.350462293720915,82,0.4024390243902439,-0.007287280345017782
15,2.0,0.0,0.15,0.03,48,False,0.001,0,-1.8643620473146902,3.473386339199454,56,0.26785714285714285,0.006035040346132986,-7.202110433828834,69,0.15942028985507245,-0.009992913217878385
15,2.0,0.0,0.15,0.03,48,False,0.002,0,-3.212212323813452,1.5673191328727254,56,0.25,0.002657901913600165,-7.99174378049963,69,0.15942028985507245,-0.011060159844816644
15,2.0,0.0,0.15,0.03,48,False,0.003,0,-5.558942006004669,-1.4896621469673827,57,0.22807017543859648,-0.0023997838339094822,-9.628221865041954,69,0.14492753623188406,-0.012842241543583129
15,2.0,0.0,0.15,0.03,48,True,0.001,0,-6.794511396341981,-8.695024922658359,68,0.4117647058823529,-0.007150943360779319,-4.893997870025603,82,0.4146341463414634,-0.004393483613550861
15,2.0,0.0,0.15,0.03,48,True,0.002,0,-8.827477063273763,-11.055833658379749,69,0.36231884057971014,-0.008926679873982211,-6.599120468167777,82,0.4146341463414634,-0.005841282480056765
15,2.0,0.0,0.15,0.03,48,True,0.003,0,-11.819537887661518,-15.288613481602122,69,0.3333333333333333,-0.011935176504430937,-8.350462293720915,82,0.4024390243902439,-0.007287280345017782
15,2.0,0.005,0.05,0.02,12,False,0.001,0,-6.217611883842485,-5.506774948386089,39,0.3076923076923077,-0.003973873755896035,-6.928448819298881,48,0.25,-0.0051326593099537896
15,2.0,0.005,0.05,0.02,12,False,0.002,0,-10.358067340282195,-10.026914944948263,39,0.2564102564102564,-0.006891728745831316,-10.689219735616128,48,0.22916666666666666,-0.007626108048887103
15,2.0,0.005,0.05,0.02,12,False,0.003,0,-16.064359386704897,-15.137837538569384,39,0.20512820512820512,-0.00980547471505148,-16.99088123484041,48,0.20833333333333334,-0.011059584547238247
15,2.0,0.005,0.05,0.02,12,True,0.001,0,-8.86455881050825,-7.392886063066555,39,0.3076923076923077,-0.0050001948382352585,-10.336231557949944,48,0.25,-0.006976813470026791
15,2.0,0.005,0.05,0.02,12,True,0.002,0,-13.822141739688902,-12.535020184120754,39,0.2564102564102564,-0.007969576823390726,-15.109263295257051,48,0.22916666666666666,-0.009609011977382466
15,2.0,0.005,0.05,0.02,12,True,0.003,0,-19.5230724943548,-18.580770540782513,39,0.23076923076923078,-0.01093463977657234,-20.46537444792709,48,0.20833333333333334,-0.012182302375804602
15,2.0,0.005,0.05,0.02,24,False,0.001,0,-5.817375543504628,-2.170950266121979,39,0.28205128205128205,-0.001756025641025601,-9.463800820887277,48,0.20833333333333334,-0.0069085416666666245
15,2.0,0.005,0.05,0.02,24,False,0.002,0,-9.574678634757655,-5.797952774498863,39,0.2564102564102564,-0.00454615384615381,-13.351404495016446,48,0.1875,-0.00935781249999996
15,2.0,0.005,0.05,0.02,24,False,0.003,0,-16.14195895366931,-11.826958861838607,39,0.20512820512820512,-0.008546079798831204,-20.456959045500014,48,0.14583333333333334,-0.012934279648815925
15,2.0,0.005,0.05,0.02,24,True,0.001,0,-8.733465115365867,-7.392886063066555,39,0.3076923076923077,-0.0050001948382352585,-10.07404416766518,48,0.25,-0.00683220093359753
15,2.0,0.005,0.05,0.02,24,True,0.002,0,-13.668044923565908,-12.535020184120754,39,0.2564102564102564,-0.007969576823390726,-14.801069663011061,48,0.22916666666666666,-0.009464688378172355
15,2.0,0.005,0.05,0.02,24,True,0.003,0,-19.337804856782412,-18.580770540782513,39,0.23076923076923078,-0.01093463977657234,-20.09483917278231,48,0.20833333333333334,-0.012038267137954715
15,2.0,0.005,0.05,0.02,48,False,0.001,0,-5.817375543504628,-2.170950266121979,39,0.28205128205128205,-0.001756025641025601,-9.463800820887277,48,0.20833333333333334,-0.0069085416666666245
15,2.0,0.005,0.05,0.02,48,False,0.002,0,-9.574678634757655,-5.797952774498863,39,0.2564102564102564,-0.00454615384615381,-13.351404495016446,48,0.1875,-0.00935781249999996
15,2.0,0.005,0.05,0.02,48,False,0.003,0,-16.76558185568771,-12.592013744474702,39,0.20512820512820512,-0.009121282051281996,-20.939149966900718,48,0.14583333333333334,-0.013257395833333296
15,2.0,0.005,0.05,0.02,48,True,0.001,0,-8.733465115365867,-7.392886063066555,39,0.3076923076923077,-0.0050001948382352585,-10.07404416766518,48,0.25,-0.00683220093359753
15,2.0,0.005,0.05,0.02,48,True,0.002,0,-13.668044923565908,-12.535020184120754,39,0.2564102564102564,-0.007969576823390726,-14.801069663011061,48,0.22916666666666666,-0.009464688378172355
15,2.0,0.005,0.05,0.02,48,True,0.003,0,-19.337804856782412,-18.580770540782513,39,0.23076923076923078,-0.01093463977657234,-20.09483917278231,48,0.20833333333333334,-0.012038267137954715
15,2.0,0.005,0.05,0.03,12,False,0.001,0,-6.988305996054098,-5.5082543551478285,39,0.38461538461538464,-0.004905148609921192,-8.468357636960368,47,0.2978723404255319,-0.007420749884583809
15,2.0,0.005,0.05,0.03,12,False,0.002,0,-8.317700216679201,-6.85718414915172,39,0.358974358974359,-0.006083060225946241,-9.778216284206684,47,0.2978723404255319,-0.008543352705849716
15,2.0,0.005,0.05,0.03,12,False,0.003,0,-13.082920497609308,-13.60423892862171,39,0.28205128205128205,-0.011348452400885525,-12.561602066596906,47,0.2978723404255319,-0.010628622014184828
15,2.0,0.005,0.05,0.03,12,True,0.001,0,-8.902672856244475,-6.090844497591915,39,0.41025641025641024,-0.005149808445662096,-11.714501214897036,47,0.2978723404255319,-0.009509427124231478
15,2.0,0.005,0.05,0.03,12,True,0.002,0,-10.510726964176573,-7.6208307480636055,39,0.358974358974359,-0.006405556569510143,-13.400623180289543,47,0.2978723404255319,-0.01077332167376288
15,2.0,0.005,0.05,0.03,12,True,0.003,0,-15.013031002293463,-15.030295098418986,39,0.3076923076923077,-0.011748473235418307,-14.99576690616794,47,0.2978723404255319,-0.011979693704830992
15,2.0,0.005,0.05,0.03,24,False,0.001,0,-6.972681879620234,-3.4499264772185088,38,0.34210526315789475,-0.00333865130765534,-10.495437282021959,47,0.2978723404255319,-0.009331788310779526
15,2.0,0.005,0.05,0.03,24,False,0.002,0,-8.105083490735181,-4.513046026411134,38,0.34210526315789475,-0.004362995121265741,-11.697120955059228,47,0.2978723404255319,-0.010387273129747503
15,2.0,0.005,0.05,0.03,24,False,0.003,0,-13.375354614274947,-12.09772972921324,38,0.2631578947368421,-0.01082834251227953,-14.652979499336652,47,0.2553191489361702,-0.012596662825289673
15,2.0,0.005,0.05,0.03,24,True,0.001,0,-8.906249875138547,-6.392022183905843,39,0.41025641025641024,-0.005433651522728077,-11.420477566371252,47,0.2978723404255319,-0.009309308507433932
15,2.0,0.005,0.05,0.03,24,True,0.002,0,-10.49374213980282,-7.888702542740633,39,0.358974358974359,-0.006664084779396873,-13.098781736865003,47,0.2978723404255319,-0.010573602895859426
15,2.0,0.005,0.05,0.03,24,True,0.003,0,-14.975819617756235,-15.26346484079651,39,0.3076923076923077,-0.011981786601368555,-14.68817439471596,47,0.2978723404255319,-0.011780373968932962
15,2.0,0.005,0.05,0.03,48,False,0.001,0,-6.76892352017199,-4.235265791867078,38,0.34210526315789475,-0.00412763157894732,-9.302581248476903,47,0.2978723404255319,-0.008531469811308284
15,2.0,0.005,0.05,0.03,48,False,0.002,0,-7.842826637740526,-5.263913918841616,38,0.34210526315789475,-0.0051249999999999655,-10.421739356639437,47,0.2978723404255319,-0.009545789308546122
15,2.0,0.005,0.05,0.03,48,False,0.003,0,-14.916537744114606,-13.752977073662306,38,0.2631578947368421,-0.0124160526315789,-16.08009841456691,47,0.2553191489361702,-0.013952363869810063
15,2.0,0.005,0.05,0.03,48,True,0.001,0,-8.906249875138547,-6.392022183905843,39,0.41025641025641024,-0.005433651522728077,-11.420477566371252,47,0.2978723404255319,-0.009309308507433932
15,2.0,0.005,0.05,0.03,48,True,0.002,0,-10.49374213980282,-7.888702542740633,39,0.358974358974359,-0.006664084779396873,-13.098781736865003,47,0.2978723404255319,-0.010573602895859426
15,2.0,0.005,0.05,0.03,48,True,0.003,0,-14.975819617756235,-15.26346484079651,39,0.3076923076923077,-0.011981786601368555,-14.68817439471596,47,0.2978723404255319,-0.011780373968932962
15,2.0,0.005,0.08,0.02,12,False,0.001,0,-6.59890929850928,-5.6994857986024225,39,0.2564102564102564,-0.004751009443910592,-7.498332798416139,48,0.22916666666666666,-0.005929997252829317
15,2.0,0.005,0.08,0.02,12,False,0.002,0,-8.949485019611707,-7.11679205675429,39,0.23076923076923078,-0.005904226154029196,-10.782177982469122,48,0.20833333333333334,-0.008300269844380627
15,2.0,0.005,0.08,0.02,12,False,0.003,0,-11.445061723121984,-8.545840721486735,39,0.20512820512820512,-0.007056817593533607,-14.344282724757234,48,0.1875,-0.010695257443481718
15,2.0,0.005,0.08,0.02,12,True,0.001,0,-8.730510230781999,-7.327391230994263,39,0.28205128205128205,-0.005407558990380139,-10.133629230569733,48,0.22916666666666666,-0.007298858845363586
15,2.0,0.005,0.08,0.02,12,True,0.002,0,-12.800725277076921,-11.381239785698641,39,0.23076923076923078,-0.008107856388616433,-14.2202107684552,48,0.20833333333333334,-0.009800522975577548
15,2.0,0.005,0.08,0.02,12,True,0.003,0,-16.281162333280168,-13.193232515216556,39,0.23076923076923078,-0.00931104320728976,-19.36909215134378,48,0.1875,-0.01248009051083182
15,2.0,0.005,0.08,0.02,24,False,0.001,0,-4.989815427816082,-1.8918795872314262,39,0.23076923076923078,-0.0018616698849772677,-8.087751268400739,48,0.14583333333333334,-0.007082856138474484
15,2.0,0.005,0.08,0.02,24,False,0.002,0,-7.744162200123316,-2.9645801525654063,39,0.23076923076923078,-0.0029129940711791337,-12.523744247681227,48,0.125,-0.010197918808293988
15,2.0,0.005,0.08,0.02,24,False,0.003,0,-11.335680728761453,-4.786405355735232,39,0.20512820512820512,-0.004561779361832008,-17.884956101787672,48,0.10416666666666667,-0.013308644864255667
15,2.0,0.005,0.08,0.02,24,True,0.001,0,-8.609153373505203,-7.327391230994263,39,0.28205128205128205,-0.005407558990380139,-9.890915516016143,48,0.22916666666666666,-0.007154246308934325
15,2.0,0.005,0.08,0.02,24,True,0.002,0,-12.663145847121282,-11.381239785698641,39,0.23076923076923078,-0.008107856388616433,-13.94505190854392,48,0.20833333333333334,-0.009656199376367436
15,2.0,0.005,0.08,0.02,24,True,0.003,0,-16.11673360921008,-13.193232515216556,39,0.23076923076923078,-0.00931104320728976,-19.040234703203602,48,0.1875,-0.012336055272981936
15,2.0,0.005,0.08,0.02,48,False,0.001,0,-5.254348076868973,-0.9527983232661901,39,0.20512820512820512,-0.0009879487179486723,-9.555897830471755,47,0.14893617021276595,-0.008187028722461097
15,2.0,0.005,0.08,0.02,48,False,0.002,0,-9.462684219860366,-4.617933836987871,39,0.1794871794871795,-0.004546153846153809,-14.307434602732862,47,0.1276595744680851,-0.01132395343223152
15,2.0,0.005,0.08,0.02,48,False,0.003,0,-12.908376155910497,-5.637290754933981,39,0.1794871794871795,-0.005544102564102504,-20.179461556887013,47,0.0851063829787234,-0.014456537781715725
15,2.0,0.005,0.08,0.02,48,True,0.001,0,-8.609153373505203,-7.327391230994263,39,0.28205128205128205,-0.005407558990380139,-9.890915516016143,48,0.22916666666666666,-0.007154246308934325
15,2.0,0.005,0.08,0.02,48,True,0.002,0,-12.663145847121282,-11.381239785698641,39,0.23076923076923078,-0.008107856388616433,-13.94505190854392,48,0.20833333333333334,-0.009656199376367436
15,2.0,0.005,0.08,0.02,48,True,0.003,0,-16.11673360921008,-13.193232515216556,39,0.23076923076923078,-0.00931104320728976,-19.040234703203602,48,0.1875,-0.012336055272981936
15,2.0,0.005,0.08,0.03,12,False,0.001,0,-7.567714422219193,-6.943983194422722,39,0.3076923076923077,-0.006944548249480158,-8.191445650015664,47,0.2765957446808511,-0.007810158847520518
15,2.0,0.005,0.08,0.03,12,False,0.002,0,-8.890800843432089,-8.205997916695539,39,0.28205128205128205,-0.008172217851563263,-9.575603770168641,47,0.2765957446808511,-0.00906451081864238
15,2.0,0.005,0.08,0.03,12,False,0.003,0,-12.056711039766071,-13.136126381176629,39,0.23076923076923078,-0.012209596913384285,-10.977295698355512,47,0.2765957446808511,-0.010317821135865855
15,2.0,0.005,0.08,0.03,12,True,0.001,0,-8.441837161482539,-6.283816916454511,39,0.38461538461538464,-0.00568477672272676,-10.599857406510568,47,0.2765957446808511,-0.00941343091180948
15,2.0,0.005,0.08,0.03,12,True,0.002,0,-10.027565262413347,-7.868816206846992,39,0.3333333333333333,-0.007047121426639353,-12.186314317979702,47,0.2765957446808511,-0.010710307762752959
15,2.0,0.005,0.08,0.03,12,True,0.003,0,-13.041982275715949,-12.125832624370384,39,0.3076923076923077,-0.010452662531822457,-13.958131927061515,47,0.2765957446808511,-0.01207618463311036
15,2.0,0.005,0.08,0.03,24,False,0.001,0,-6.920219388418736,-4.620707973315801,38,0.2631578947368421,-0.005286417768553109,-9.21973080352167,47,0.23404255319148937,-0.009584008171994693
15,2.0,0.005,0.08,0.03,24,False,0.002,0,-7.947272663348863,-5.568978936104617,38,0.2631578947368421,-0.006361857457475942,-10.325566390593108,47,0.23404255319148937,-0.010704617535274684
15,2.0,0.005,0.08,0.03,24,False,0.003,0,-10.873619780312238,-10.311186269539807,38,0.21052631578947367,-0.010934981537464578,-11.436053291084669,47,0.2127659574468085,-0.011824712586303927
15,2.0,0.005,0.08,0.03,24,True,0.001,0,-8.453056117190613,-6.567371231200751,39,0.38461538461538464,-0.00596861979979274,-10.338741003180475,47,0.2765957446808511,-0.009213312295011935
15,2.0,0.005,0.08,0.03,24,True,0.002,0,-10.02054536842323,-8.122573081489419,39,0.3333333333333333,-0.007305649636526084,-11.918517655357041,47,0.2765957446808511,-0.010510588984849505
15,2.0,0.005,0.08,0.03,24,True,0.003,0,-13.015541253891012,-12.349711151099761,39,0.3076923076923077,-0.010685975897772704,-13.681371356682261,47,0.2765957446808511,-0.01187686489721233
15,2.0,0.005,0.08,0.03,48,False,0.001,0,-9.15151348213788,-4.5311966203050265,38,0.23684210526315788,-0.005441447368421006,-13.771830343970734,46,0.17391304347826086,-0.013976094564253716
15,2.0,0.005,0.08,0.03,48,False,0.002,0,-10.07534662566383,-5.366002636907805,38,0.23684210526315788,-0.006437499999999959,-14.784690614419853,46,0.17391304347826086,-0.014985343724236539
15,2.0,0.005,0.08,0.03,48,False,0.003,0,-12.388945058203369,-8.978133169628821,38,0.21052631578947367,-0.010318157894736793,-15.799756946777919,46,0.15217391304347827,-0.015994505994361707
15,2.0,0.005,0.08,0.03,48,True,0.001,0,-8.453056117190613,-6.567371231200751,39,0.38461538461538464,-0.00596861979979274,-10.338741003180475,47,0.2765957446808511,-0.009213312295011935
15,2.0,0.005,0.08,0.03,48,True,0.002,0,-10.02054536842323,-8.122573081489419,39,0.3333333333333333,-0.007305649636526084,-11.918517655357041,47,0.2765957446808511,-0.010510588984849505
15,2.0,0.005,0.08,0.03,48,True,0.003,0,-13.015541253891012,-12.349711151099761,39,0.3076923076923077,-0.010685975897772704,-13.681371356682261,47,0.2765957446808511,-0.01187686489721233
15,2.0,0.005,0.1,0.02,12,False,0.001,0,-4.403081841523826,-3.505252644360837,39,0.2564102564102564,-0.0032799692462150676,-5.300911038686815,48,0.22916666666666666,-0.004681872252829317
15,2.0,0.005,0.1,0.02,12,False,0.002,0,-6.471781562116174,-4.794754614672924,39,0.23076923076923078,-0.004462148511629503,-8.148808509559423,48,0.20833333333333334,-0.007053394844380632
15,2.0,0.005,0.1,0.02,12,False,0.003,0,-8.637982117236684,-6.09695739758484,39,0.20512820512820512,-0.0056435926580960215,-11.179006836888526,48,0.1875,-0.009449632443481721
15,2.0,0.005,0.1,0.02,12,True,0.001,0,-7.228731841983805,-5.351385804473006,39,0.28205128205128205,-0.0043834564262775705,-9.106077879494604,48,0.22916666666666666,-0.006882817178696919
15,2.0,0.005,0.1,0.02,12,True,0.002,0,-10.898557319439158,-8.884593450857292,39,0.23076923076923078,-0.007084779465539506,-12.912521188021024,48,0.20833333333333334,-0.009384897975577549
15,2.0,0.005,0.1,0.02,12,True,0.003,0,-14.042576095813576,-10.472390768750087,39,0.23076923076923078,-0.008288991925238482,-17.612761422877067,48,0.1875,-0.012064882177498492
15,2.0,0.005,0.1,0.02,24,False,0.001,0,-4.150828441489487,-0.9641275035879909,39,0.23076923076923078,-0.001026647563327116,-7.3375293793909835,48,0.125,-0.00708285613847448
15,2.0,0.005,0.1,0.02,24,False,0.002,0,-7.036419913223764,-2.007937954806908,39,0.23076923076923078,-0.0021321972009124943,-12.06490187164062,48,0.10416666666666667,-0.010613543808293996
15,2.0,0.005,0.1,0.02,24,False,0.003,0,-8.163424703423829,-3.0570063283318873,39,0.20512820512820512,-0.0032373269524137026,-13.269843078515768,48,0.10416666666666667,-0.011647811530922337
15,2.0,0.005,0.1,0.02,24,True,0.001,0,-7.116278117195989,-5.351385804473006,39,0.28205128205128205,-0.0043834564262775705,-8.881170429918972,48,0.22916666666666666,-0.006738204642267658
15,2.0,0.005,0.1,0.02,24,True,0.002,0,-10.772898815502659,-8.884593450857292,39,0.23076923076923078,-0.007084779465539506,-12.661204180148026,48,0.20833333333333334,-0.009240574376367439
15,2.0,0.005,0.1,0.02,24,True,0.003,0,-13.895777139391551,-10.472390768750087,39,0.23076923076923078,-0.008288991925238482,-17.319163510033018,48,0.1875,-0.011920846939648606
15,2.0,0.005,0.1,0.02,48,False,0.001,0,-5.165796647199884,-1.7130886897656772,38,0.18421052631578946,-0.0019063034107232152,-8.618504604634092,47,0.1276595744680851,-0.008187028722461092
15,2.0,0.005,0.1,0.02,48,False,0.002,0,-9.683819877990267,-5.700858950522516,38,0.15789473684210525,-0.005928103182738409,-13.666780805458016,47,0.10638297872340426,-0.011748421517337909
15,2.0,0.005,0.1,0.02,48,False,0.003,0,-10.777578163485892,-6.692627475722603,38,0.15789473684210525,-0.006951044498293877,-14.862528851249179,47,0.0851063829787234,-0.012760367568949767
15,2.0,0.005,0.1,0.02,48,True,0.001,0,-7.116278117195989,-5.351385804473006,39,0.28205128205128205,-0.0043834564262775705,-8.881170429918972,48,0.22916666666666666,-0.006738204642267658
15,2.0,0.005,0.1,0.02,48,True,0.002,0,-10.772898815502659,-8.884593450857292,39,0.23076923076923078,-0.007084779465539506,-12.661204180148026,48,0.20833333333333334,-0.009240574376367439
15,2.0,0.005,0.1,0.02,48,True,0.003,0,-13.895777139391551,-10.472390768750087,39,0.23076923076923078,-0.008288991925238482,-17.319163510033018,48,0.1875,-0.011920846939648606
15,2.0,0.005,0.1,0.03,12,False,0.001,0,-5.102766510034885,-4.440253665195073,39,0.3076923076923077,-0.0049614567697333495,-5.765279354874698,47,0.2765957446808511,-0.0061105843794354115
15,2.0,0.005,0.1,0.03,12,False,0.002,0,-6.290394078039842,-5.590443050574097,39,0.28205128205128205,-0.006218601747625105,-6.990345105505588,47,0.2765957446808511,-0.00736663847821685
15,2.0,0.005,0.1,0.03,12,False,0.003,0,-9.385751353922512,-10.543855359847349,39,0.23076923076923078,-0.0107963719779467,-8.227647347997674,47,0.2765957446808511,-0.008621650923099897
15,2.0,0.005,0.1,0.03,12,True,0.001,0,-7.312166456627412,-4.794039350750648,39,0.38461538461538464,-0.004660674158624192,-9.830293562504176,47,0.2765957446808511,-0.009013216971004342
15,2.0,0.005,0.1,0.03,12,True,0.002,0,-8.82404600175384,-6.249978465404382,39,0.3333333333333333,-0.006024044503562426,-11.3981135381033,47,0.2765957446808511,-0.010333334159940583
15,2.0,0.005,0.1,0.03,12,True,0.003,0,-11.546033980813892,-10.09313208634504,39,0.3076923076923077,-0.009430611249771178,-12.998935875282742,47,0.2765957446808511,-0.011652142079918876
15,2.0,0.005,0.1,0.03,24,False,0.001,0,-5.74344667086385,-3.2948608149064933,38,0.2631578947368421,-0.004069287475656762,-8.192032526821208,47,0.2127659574468085,-0.009371561363484054
15,2.0,0.005,0.1,0.03,24,False,0.002,0,-6.721846026723739,-4.249978872407581,38,0.2631578947368421,-0.005229378453818496,-9.193713181039897,47,0.2127659574468085,-0.010492383492721503
15,2.0,0.005,0.1,0.03,24,False,0.003,0,-9.355608187495719,-8.512096656860242,38,0.21052631578947367,-0.009797898367171723,-10.199119718131197,47,0.19148936170212766,-0.01161269130970818
15,2.0,0.005,0.1,0.03,24,True,0.001,0,-7.323166178829508,-5.064804943810819,39,0.38461538461538464,-0.004944517235690173,-9.581527413848198,47,0.2765957446808511,-0.008813098354206796
15,2.0,0.005,0.1,0.03,24,True,0.002,0,-8.817866380575996,-6.492881550426281,39,0.3333333333333333,-0.006282572713449157,-11.142851210725711,47,0.2765957446808511,-0.01013361538203713
15,2.0,0.005,0.1,0.03,24,True,0.003,0,-11.522485274053878,-10.307736825553139,39,0.3076923076923077,-0.009663924615721424,-12.737233722554619,47,0.2765957446808511,-0.011452822344020844
15,2.0,0.005,0.1,0.03,48,False,0.001,0,-7.867881694776605,-3.4987336132314195,37,0.24324324324324326,-0.004536866684584587,-12.23702977632179,46,0.15217391304347827,-0.013759029346862408
15,2.0,0.005,0.1,0.03,48,False,0.002,0,-8.746988107308649,-4.34343184841148,37,0.24324324324324326,-0.005617929817744712,-13.150544366205818,46,0.15217391304347827,-0.01476849589814959
15,2.0,0.005,0.1,0.03,48,False,0.003,0,-11.224916498887202,-8.383830075123333,37,0.21621621621621623,-0.010199873082017419,-14.066002922651071,46,0.13043478260869565,-0.0157778755595791
15,2.0,0.005,0.1,0.03,48,True,0.001,0,-7.323166178829508,-5.064804943810819,39,0.38461538461538464,-0.004944517235690173,-9.581527413848198,47,0.2765957446808511,-0.008813098354206796
15,2.0,0.005,0.1,0.03,48,True,0.002,0,-8.817866380575996,-6.492881550426281,39,0.3333333333333333,-0.006282572713449157,-11.142851210725711,47,0.2765957446808511,-0.01013361538203713
15,2.0,0.005,0.1,0.03,48,True,0.003,0,-11.522485274053878,-10.307736825553139,39,0.3076923076923077,-0.009663924615721424,-12.737233722554619,47,0.2765957446808511,-0.011452822344020844
15,2.0,0.005,0.15,0.02,12,False,0.001,0,-2.681004870534252,-0.5659476984688206,39,0.2564102564102564,-0.0006476443734040055,-4.796062042599683,48,0.22916666666666666,-0.0044601126828124
15,2.0,0.005,0.15,0.02,12,False,0.002,0,-4.593059951345959,-1.6343490078401535,39,0.23076923076923078,-0.001860596189103158,-7.551770894851764,48,0.20833333333333334,-0.006876646618920491
15,2.0,0.005,0.15,0.02,12,False,0.003,0,-6.59914498694567,-2.7129332021351438,39,0.20512820512820512,-0.0030727004522202468,-10.485356771756196,48,0.1875,-0.009317716582984475
15,2.0,0.005,0.15,0.02,12,True,0.001,0,-7.132009035832308,-6.400686115499361,39,0.28205128205128205,-0.00495253389847745,-7.863331956165256,48,0.22916666666666666,-0.006355742149632655
15,2.0,0.005,0.15,0.02,12,True,0.002,0,-10.870481240637272,-10.34199529022519,39,0.23076923076923078,-0.007708848824051333,-11.398967191049351,48,0.20833333333333334,-0.008881678416496947
15,2.0,0.005,0.15,0.02,12,True,0.003,0,-13.951614057144793,-12.210118899523003,39,0.23076923076923078,-0.008967831142871955,-15.693109214766583,48,0.1875,-0.011585424870391275
15,2.0,0.005,0.15,0.02,24,False,0.001,0,0.4955255095503388,3.6569506952353055,39,0.23076923076923078,0.0053739934623138865,-2.665899676134628,48,0.125,-0.0033569148137826132
15,2.0,0.005,0.15,0.02,24,False,0.002,0,-3.1361066698054803,2.90529821601158,39,0.23076923076923078,0.004262033568318247,-9.17751155562254,48,0.10416666666666667,-0.00933354044001157
15,2.0,0.005,0.15,0.02,24,False,0.003,0,-4.066646141667409,2.151254120437799,39,0.20512820512820512,0.003150493560406778,-10.284546403772616,48,0.10416666666666667,-0.010413810452419228
15,2.0,0.005,0.15,0.02,24,True,0.001,0,-7.0301790316228,-6.400686115499361,39,0.28205128205128205,-0.00495253389847745,-7.659671947746239,48,0.22916666666666666,-0.0062111296132033944
15,2.0,0.005,0.15,0.02,24,True,0.002,0,-10.758050184290038,-10.34199529022519,39,0.23076923076923078,-0.007708848824051333,-11.174105078354886,48,0.20833333333333334,-0.008737354817286836
15,2.0,0.005,0.15,0.02,24,True,0.003,0,-13.822725409062633,-12.210118899523003,39,0.23076923076923078,-0.008967831142871955,-15.435331918602262,48,0.1875,-0.011441389632541389
15,2.0,0.005,0.15,0.02,48,False,0.001,0,-0.5662077386237052,3.0760052910127325,38,0.18421052631578946,0.004662775536645181,-4.208420768260143,47,0.1276595744680851,-0.005169702704151243
15,2.0,0.005,0.15,0.02,48,False,0.002,0,-5.181448198551598,0.4311592745562407,38,0.15789473684210525,0.00063439681726156,-10.794055671659436,47,0.10638297872340426,-0.010778939457253901
15,2.0,0.005,0.15,0.02,48,False,0.003,0,-6.082853553075365,-0.2688223140934469,38,0.15789473684210525,-0.0003951234456623292,-11.896884792057284,47,0.0851063829787234,-0.011837191728860252
15,2.0,0.005,0.15,0.02,48,True,0.001,0,-7.0301790316228,-6.400686115499361,39,0.28205128205128205,-0.00495253389847745,-7.659671947746239,48,0.22916666666666666,-0.0062111296132033944
15,2.0,0.005,0.15,0.02,48,True,0.002,0,-10.758050184290038,-10.34199529022519,39,0.23076923076923078,-0.007708848824051333,-11.174105078354886,48,0.20833333333333334,-0.008737354817286836
15,2.0,0.005,0.15,0.02,48,True,0.003,0,-13.822725409062633,-12.210118899523003,39,0.23076923076923078,-0.008967831142871955,-15.435331918602262,48,0.1875,-0.011441389632541389
15,2.0,0.005,0.15,0.03,12,False,0.001,0,-3.597400369534617,-1.8382878259839155,39,0.3076923076923077,-0.0023835307843433342,-5.356512913085319,47,0.2765957446808511,-0.005890760933947611
15,2.0,0.005,0.15,0.03,12,False,0.002,0,-4.744528716718659,-2.8691067498922926,39,0.28205128205128205,-0.0036994040772758766,-6.619950683545026,47,0.2765957446808511,-0.007216058295753297
15,2.0,0.005,0.15,0.03,12,False,0.003,0,-7.3190593739653265,-6.7340722342745805,39,0.23076923076923078,-0.008225479772070924,-7.9040465136560725,47,0.2765957446808511,-0.008540038184628784
15,2.0,0.005,0.15,0.03,12,True,0.001,0,-7.202866108908188,-5.598360752841139,39,0.38461538461538464,-0.005229751630824071,-8.807371464975237,47,0.2765957446808511,-0.008474927579619563
15,2.0,0.005,0.15,0.03,12,True,0.002,0,-8.772771992582651,-7.212545777541112,39,0.3333333333333333,-0.006648113862074254,-10.33299820762419,47,0.2765957446808511,-0.009819407801730604
15,2.0,0.005,0.15,0.03,12,True,0.003,0,-11.652765498103545,-11.410582062067613,39,0.3076923076923077,-0.01010945046740465,-11.894948934139478,47,0.2765957446808511,-0.011162483553511505
15,2.0,0.005,0.15,0.03,24,False,0.001,0,-1.3171234848721434,1.5492211582760655,38,0.2631578947368421,0.002499791471711628,-4.183468128020352,47,0.2127659574468085,-0.005844656017768378
15,2.0,0.005,0.15,0.03,24,False,0.002,0,-2.8048463746653445,0.8281106651141619,38,0.2631578947368421,0.0013331215461814718,-6.437803414444851,47,0.2127659574468085,-0.008425018580961395
15,2.0,0.005,0.15,0.03,24,False,0.003,0,-5.21939546412051,-3.0596201105259535,38,0.21052631578947367,-0.004553161525066486,-7.379170817715066,47,0.19148936170212766,-0.009616010797233138
15,2.0,0.005,0.15,0.03,24,True,0.001,0,-7.225780118014844,-5.876291432534383,39,0.38461538461538464,-0.005513594707890052,-8.575268803495305,47,0.2765957446808511,-0.008274808962822016
15,2.0,0.005,0.15,0.03,24,True,0.002,0,-8.778449717435773,-7.462141502672103,39,0.3333333333333333,-0.006906642071960984,-10.094757932199443,47,0.2765957446808511,-0.009619689023827155
15,2.0,0.005,0.15,0.03,24,True,0.003,0,-11.640994296898727,-11.631427551808267,39,0.3076923076923077,-0.010342763833354899,-11.650561041989187,47,0.2765957446808511,-0.010963163817613471
15,2.0,0.005,0.15,0.03,48,False,0.001,0,-2.66043954069751,2.05235552815008,37,0.24324324324324326,0.003559079261361324,-7.373234609545101,45,0.13333333333333333,-0.010703118887903816
15,2.0,0.005,0.15,0.03,48,False,0.002,0,-4.186483529213507,0.8050764429198202,37,0.24324324324324326,0.0013501755901929055,-9.178043501346833,45,0.13333333333333333,-0.012720458217058741
15,2.0,0.005,0.15,0.03,48,False,0.003,0,-6.455407001583647,-2.964502433336765,37,0.21621621621621623,-0.004615124428965093,-9.946311569830529,45,0.1111111111111111,-0.013756750270293504
15,2.0,0.005,0.15,0.03,48,True,0.001,0,-7.225780118014844,-5.876291432534383,39,0.38461538461538464,-0.005513594707890052,-8.575268803495305,47,0.2765957446808511,-0.008274808962822016
15,2.0,0.005,0.15,0.03,48,True,0.002,0,-8.778449717435773,-7.462141502672103,39,0.3333333333333333,-0.006906642071960984,-10.094757932199443,47,0.2765957446808511,-0.009619689023827155
15,2.0,0.005,0.15,0.03,48,True,0.003,0,-11.640994296898727,-11.631427551808267,39,0.3076923076923077,-0.010342763833354899,-11.650561041989187,47,0.2765957446808511,-0.010963163817613471
15,2.0,0.01,0.05,0.02,12,False,0.001,0,-14.81941426413284,-4.490844991856831,20,0.3,-0.0033603407740922355,-25.147983536408848,28,0.10714285714285714,-0.013981249999999962
15,2.0,0.01,0.05,0.02,12,False,0.002,0,-19.27793006454366,-11.604675087334188,20,0.25,-0.00795135509234202,-26.95118504175313,28,0.10714285714285714,-0.014968749999999956
15,2.0,0.01,0.05,0.02,12,False,0.003,0,-30.37420119003395,-20.81885319742251,20,0.15,-0.012534963303330668,-39.929549182645395,28,0.07142857142857142,-0.018447499999999957
15,2.0,0.01,0.05,0.02,12,True,0.001,0,-16.02773571113946,-3.76014967620387,20,0.3,-0.0028434743605444996,-28.29532174607505,28,0.10714285714285714,-0.01458567993463977
15,2.0,0.01,0.05,0.02,12,True,0.002,0,-21.019010432542302,-10.697059185097167,20,0.25,-0.007435521382790027,-31.340961679987437,28,0.10714285714285714,-0.015741519610031934
15,2.0,0.01,0.05,0.02,12,True,0.003,0,-34.723844006962864,-19.552820131941797,20,0.2,-0.01202016023957014,-49.89486788198393,28,0.07142857142857142,-0.019293202432401676
15,2.0,0.01,0.05,0.02,24,False,0.001,0,-12.878403276633072,-0.6088230168572986,20,0.3,-0.000501499999999944,-25.147983536408848,28,0.10714285714285714,-0.013981249999999962
15,2.0,0.01,0.05,0.02,24,False,0.002,0,-16.686746283663307,-6.422307525573485,20,0.25,-0.004993749999999952,-26.95118504175313,28,0.10714285714285714,-0.014968749999999956
15,2.0,0.01,0.05,0.02,24,False,0.003,0,-29.207571001342096,-18.4855928200388,20,0.15,-0.01184510560772089,-39.929549182645395,28,0.07142857142857142,-0.018447499999999957
15,2.0,0.01,0.05,0.02,24,True,0.001,0,-16.02773571113946,-3.76014967620387,20,0.3,-0.0028434743605444996,-28.29532174607505,28,0.10714285714285714,-0.01458567993463977
15,2.0,0.01,0.05,0.02,24,True,0.002,0,-21.019010432542302,-10.697059185097167,20,0.25,-0.007435521382790027,-31.340961679987437,28,0.10714285714285714,-0.015741519610031934
15,2.0,0.01,0.05,0.02,24,True,0.003,0,-34.723844006962864,-19.552820131941797,20,0.2,-0.01202016023957014,-49.89486788198393,28,0.07142857142857142,-0.019293202432401676
15,2.0,0.01,0.05,0.02,48,False,0.001,0,-12.878403276633072,-0.6088230168572986,20,0.3,-0.000501499999999944,-25.147983536408848,28,0.10714285714285714,-0.013981249999999962
15,2.0,0.01,0.05,0.02,48,False,0.002,0,-16.686746283663307,-6.422307525573485,20,0.25,-0.004993749999999952,-26.95118504175313,28,0.10714285714285714,-0.014968749999999956
15,2.0,0.01,0.05,0.02,48,False,0.003,0,-30.08631433432459,-20.243079486003783,20,0.15,-0.012966749999999935,-39.929549182645395,28,0.07142857142857142,-0.018447499999999957
15,2.0,0.01,0.05,0.02,48,True,0.001,0,-16.02773571113946,-3.76014967620387,20,0.3,-0.0028434743605444996,-28.29532174607505,28,0.10714285714285714,-0.01458567993463977
15,2.0,0.01,0.05,0.02,48,True,0.002,0,-21.019010432542302,-10.697059185097167,20,0.25,-0.007435521382790027,-31.340961679987437,28,0.10714285714285714,-0.015741519610031934
15,2.0,0.01,0.05,0.02,48,True,0.003,0,-34.723844006962864,-19.552820131941797,20,0.2,-0.01202016023957014,-49.89486788198393,28,0.07142857142857142,-0.019293202432401676
15,2.0,0.01,0.05,0.03,12,False,0.001,0,-13.25318900292569,-2.4923859945779103,20,0.4,-0.002361840774092221,-24.013992011273473,28,0.14285714285714285,-0.0172929952121224
15,2.0,0.01,0.05,0.03,12,False,0.002,0,-14.627937974683524,-3.663700664619946,20,0.4,-0.003462605092342033,-25.592175284747103,28,0.14285714285714285,-0.018383329685354204
15,2.0,0.01,0.05,0.03,12,False,0.003,0,-18.307625143205225,-9.440913068974853,20,0.3,-0.008548963303330673,-27.174337217435596,28,0.14285714285714285,-0.01947323997428459
15,2.0,0.01,0.05,0.03,12,True,0.001,0,-15.868419799303737,-1.9348415705202693,20,0.4,-0.0018449743605444854,-29.801998028087205,28,0.14285714285714285,-0.01890381904016272
15,2.0,0.01,0.05,0.03,12,True,0.002,0,-17.846903204308745,-3.0995353089888495,20,0.4,-0.002946771382790039,-32.59427109962864,28,0.14285714285714285,-0.020197795371825044
15,2.0,0.01,0.05,0.03,12,True,0.003,0,-21.88989796757399,-8.804546648446154,20,0.35,-0.008034160239570145,-34.975249286701825,28,0.14285714285714285,-0.02139579556963528
15,2.0,0.01,0.05,0.03,24,False,0.001,0,-10.479212668562578,0.49384265197704635,20,0.4,0.00049700000000007,-21.452267989102204,28,0.17857142857142858,-0.016815876845124807
15,2.0,0.01,0.05,0.03,24,False,0.002,0,-11.637012872177877,-0.5022948789137928,20,0.4,-0.0005049999999999655,-22.77173086544196,28,0.17857142857142858,-0.017835381562984375
15,2.0,0.01,0.05,0.03,24,False,0.003,0,-16.27271845186949,-8.453062428425175,20,0.3,-0.007859105607720896,-24.092374475313804,28,0.17857142857142858,-0.01885474704444992
15,2.0,0.01,0.05,0.03,24,True,0.001,0,-15.585028038450229,-1.9348415705202693,20,0.4,-0.0018449743605444854,-29.23521450638019,28,0.14285714285714285,-0.01863796688558563
15,2.0,0.01,0.05,0.03,24,True,0.002,0,-17.553318953876936,-3.0995353089888495,20,0.4,-0.002946771382790039,-32.00710259876502,28,0.14285714285714285,-0.019932474392373885
15,2.0,0.01,0.05,0.03,24,True,0.003,0,-21.592283815117067,-8.804546648446154,20,0.35,-0.008034160239570145,-34.38002098178798,28,0.14285714285714285,-0.021131004706665065
15,2.0,0.01,0.05,0.03,48,False,0.001,0,-10.677812462497243,0.49384265197704635,20,0.4,0.00049700000000007,-21.849467576971534,28,0.17857142857142858,-0.017190714285714247
15,2.0,0.01,0.05,0.03,48,False,0.002,0,-11.81297599230962,-0.5022948789137928,20,0.4,-0.0005049999999999655,-23.123657105705444,28,0.17857142857142858,-0.01817499999999994
15,2.0,0.01,0.05,0.03,48,False,0.003,0,-17.244857021216884,-10.089310078366642,20,0.3,-0.009478999999999942,-24.400403964067127,28,0.17857142857142858,-0.01915928571428568
15,2.0,0.01,0.05,0.03,48,True,0.001,0,-15.585028038450229,-1.9348415705202693,20,0.4,-0.0018449743605444854,-29.23521450638019,28,0.14285714285714285,-0.01863796688558563
15,2.0,0.01,0.05,0.03,48,True,0.002,0,-17.553318953876936,-3.0995353089888495,20,0.4,-0.002946771382790039,-32.00710259876502,28,0.14285714285714285,-0.019932474392373885
15,2.0,0.01,0.05,0.03,48,True,0.003,0,-21.592283815117067,-8.804546648446154,20,0.35,-0.008034160239570145,-34.38002098178798,28,0.14285714285714285,-0.021131004706665065
15,2.0,0.01,0.08,0.02,12,False,0.001,0,-20.2459814496427,-13.51253893488848,20,0.2,-0.009369005365720634,-26.979423964396915,28,0.10714285714285714,-0.014329425555317396
15,2.0,0.01,0.08,0.02,12,False,0.002,0,-22.415631824381137,-15.293594431518066,20,0.2,-0.010514475038327887,-29.537669217244204,28,0.10714285714285714,-0.015428168799999266
15,2.0,0.01,0.08,0.02,12,False,0.003,0,-29.68572042066213,-17.10153806400502,20,0.15,-0.011659331916370827,-42.26990277731924,28,0.07142857142857142,-0.018671042392410752
15,2.0,0.01,0.08,0.02,12,True,0.001,0,-17.265363749469035,-6.577478741603178,20,0.25,-0.005135584457227017,-27.953248757334894,28,0.10714285714285714,-0.01453602513854309
15,2.0,0.01,0.08,0.02,12,True,0.002,0,-21.52317358655969,-12.468458024961544,20,0.2,-0.009201416534980146,-30.577889148157837,28,0.10714285714285714,-0.015634355595298483
15,2.0,0.01,0.08,0.02,12,True,0.003,0,-32.02164874480172,-14.148429607619512,20,0.2,-0.010348896929469109,-49.89486788198393,28,0.07142857142857142,-0.019293202432401676
15,2.0,0.01,0.08,0.02,24,False,0.001,0,-18.311328139963067,-10.41702589044417,20,0.2,-0.008196256275705718,-26.205630389481964,28,0.07142857142857142,-0.015262605831075077
15,2.0,0.01,0.08,0.02,24,False,0.002,0,-19.986940087601333,-11.843959536901481,20,0.2,-0.009290338438799348,-28.129920638301186,28,0.07142857142857142,-0.016286280083938513
15,2.0,0.01,0.08,0.02,24,False,0.003,0,-37.12526083064007,-13.277846132711888,20,0.15,-0.010384017847208138,-60.97267552856825,28,0.03571428571428571,-0.020868733226468095
15,2.0,0.01,0.08,0.02,24,True,0.001,0,-17.265363749469035,-6.577478741603178,20,0.25,-0.005135584457227017,-27.953248757334894,28,0.10714285714285714,-0.01453602513854309
15,2.0,0.01,0.08,0.02,24,True,0.002,0,-21.52317358655969,-12.468458024961544,20,0.2,-0.009201416534980146,-30.577889148157837,28,0.10714285714285714,-0.015634355595298483
15,2.0,0.01,0.08,0.02,24,True,0.003,0,-32.02164874480172,-14.148429607619512,20,0.2,-0.010348896929469109,-49.89486788198393,28,0.07142857142857142,-0.019293202432401676
15,2.0,0.01,0.08,0.02,48,False,0.001,0,-20.993241534937894,-7.080838353499938,20,0.15,-0.006492499999999958,-34.90564471637585,28,0.07142857142857142,-0.017003941069845447
15,2.0,0.01,0.08,0.02,48,False,0.002,0,-26.66096874691459,-16.209972433278338,20,0.1,-0.012474999999999962,-37.111965060550844,28,0.07142857142857142,-0.018024136118388646
15,2.0,0.01,0.08,0.02,48,False,0.003,0,-111.0363687524194,-17.513932882101887,20,0.1,-0.013464999999999946,-204.55880462273691,28,0.0,-0.02260311699073714
15,2.0,0.01,0.08,0.02,48,True,0.001,0,-17.265363749469035,-6.577478741603178,20,0.25,-0.005135584457227017,-27.953248757334894,28,0.10714285714285714,-0.01453602513854309
15,2.0,0.01,0.08,0.02,48,True,0.002,0,-21.52317358655969,-12.468458024961544,20,0.2,-0.009201416534980146,-30.577889148157837,28,0.10714285714285714,-0.015634355595298483
15,2.0,0.01,0.08,0.02,48,True,0.003,0,-32.02164874480172,-14.148429607619512,20,0.2,-0.010348896929469109,-49.89486788198393,28,0.07142857142857142,-0.019293202432401676
15,2.0,0.01,0.08,0.03,12,False,0.001,0,-17.692914095041356,-11.531340697069604,20,0.25,-0.010831920071232227,-23.85448749301311,28,0.14285714285714285,-0.01727503644875319
15,2.0,0.01,0.08,0.03,12,False,0.002,0,-19.410996672499124,-12.868640013512081,20,0.25,-0.012025212462295229,-25.95335333148617,28,0.14285714285714285,-0.018514658674088726
15,2.0,0.01,0.08,0.03,12,False,0.003,0,-21.1647348828953,-14.217365048122636,20,0.2,-0.01321769510270327,-28.11210471766796,28,0.14285714285714285,-0.019753260227325858
15,2.0,0.01,0.08,0.03,12,True,0.001,0,-16.74060048437078,-3.939604069321863,20,0.35,-0.003969149448656671,-29.541596899419698,28,0.14285714285714285,-0.01885416424406604
15,2.0,0.01,0.08,0.03,12,True,0.002,0,-18.65476062872476,-5.2934813362863995,20,0.35,-0.00527814249855849,-32.01603992116312,28,0.14285714285714285,-0.020090631357091594
15,2.0,0.01,0.08,0.03,12,True,0.003,0,-20.622018959758748,-6.67395577383211,20,0.35,-0.0065858909185649685,-34.57008214568538,28,0.14285714285714285,-0.021326084086234598
15,2.0,0.01,0.08,0.03,24,False,0.001,0,-15.767759728915754,-10.49529465526648,20,0.25,-0.01069250627570571,-21.040224802565028,28,0.14285714285714285,-0.01786516977728333
15,2.0,0.01,0.08,0.03,24,False,0.002,0,-17.01771815157741,-11.594544860970403,20,0.25,-0.011784088438799366,-22.440891442184416,28,0.14285714285714285,-0.01895791465626808
15,2.0,0.01,0.08,0.03,24,False,0.003,0,-18.27554315440017,-12.697905233612104,20,0.2,-0.012875267847208147,-23.85318107518824,28,0.14285714285714285,-0.02005022342900956
15,2.0,0.01,0.08,0.03,24,True,0.001,0,-16.460335535473206,-3.939604069321863,20,0.35,-0.003969149448656671,-28.981067001624552,28,0.14285714285714285,-0.01858831208948895
15,2.0,0.01,0.08,0.03,24,True,0.002,0,-18.36793818429481,-5.2934813362863995,20,0.35,-0.00527814249855849,-31.442395032303224,28,0.14285714285714285,-0.01982531037764043
15,2.0,0.01,0.08,0.03,24,True,0.003,0,-20.329022420322204,-6.67395577383211,20,0.35,-0.0065858909185649685,-33.984089066812295,28,0.14285714285714285,-0.021061293223264384
15,2.0,0.01,0.08,0.03,48,False,0.001,0,-19.34713304919675,-8.39749620069796,20,0.2,-0.00948799999999995,-30.296769897695537,28,0.10714285714285714,-0.02235304821270258
15,2.0,0.01,0.08,0.03,48,False,0.002,0,-20.512053561037703,-9.28477935363649,20,0.2,-0.010479999999999972,-31.739327768438915,28,0.10714285714285714,-0.023367886118388633
15,2.0,0.01,0.08,0.03,48,False,0.003,0,-21.680078225273775,-10.173843305637096,20,0.2,-0.01147199999999995,-33.18631314491046,28,0.07142857142857142,-0.024382581276451428
15,2.0,0.01,0.08,0.03,48,True,0.001,0,-16.460335535473206,-3.939604069321863,20,0.35,-0.003969149448656671,-28.981067001624552,28,0.14285714285714285,-0.01858831208948895
15,2.0,0.01,0.08,0.03,48,True,0.002,0,-18.36793818429481,-5.2934813362863995,20,0.35,-0.00527814249855849,-31.442395032303224,28,0.14285714285714285,-0.01982531037764043
15,2.0,0.01,0.08,0.03,48,True,0.003,0,-20.329022420322204,-6.67395577383211,20,0.35,-0.0065858909185649685,-33.984089066812295,28,0.14285714285714285,-0.021061293223264384
15,2.0,0.01,0.1,0.02,12,False,0.001,0,-18.85203896703801,-10.724653969679105,20,0.2,-0.008370505365720635,-26.979423964396915,28,0.10714285714285714,-0.014329425555317396
15,2.0,0.01,0.1,0.02,12,False,0.002,0,-20.906710925334295,-12.275752633424384,20,0.2,-0.009516975038327883,-29.537669217244204,28,0.10714285714285714,-0.015428168799999266
15,2.0,0.01,0.1,0.02,12,False,0.003,0,-28.05755119100533,-13.845199604691427,20,0.15,-0.010662831916370815,-42.26990277731924,28,0.07142857142857142,-0.018671042392410752
15,2.0,0.01,0.1,0.02,12,True,0.001,0,-16.39360848182314,-4.833968206311384,20,0.25,-0.004137084457227016,-27.953248757334894,28,0.10714285714285714,-0.01453602513854309
15,2.0,0.01,0.1,0.02,12,True,0.002,0,-20.29563446708924,-10.013379786020645,20,0.2,-0.008203916534980142,-30.577889148157837,28,0.10714285714285714,-0.015634355595298483
15,2.0,0.01,0.1,0.02,12,True,0.003,0,-30.696434322906363,-11.498000763828799,20,0.2,-0.009352396929469098,-49.89486788198393,28,0.07142857142857142,-0.019293202432401676
15,2.0,0.01,0.1,0.02,24,False,0.001,0,-29.992688551956356,-6.640548664505343,20,0.2,-0.006199256275705714,-53.344828439407365,28,0.03571428571428571,-0.018828677259646504
15,2.0,0.01,0.1,0.02,24,False,0.002,0,-32.46737667729436,-7.832830778711713,20,0.2,-0.00729533843879934,-57.101922575877005,28,0.03571428571428571,-0.019848780083938523
15,2.0,0.01,0.1,0.02,24,False,0.003,0,-35.00112639161266,-9.02957725465706,20,0.15,-0.008391017847208127,-60.97267552856825,28,0.03571428571428571,-0.020868733226468095
15,2.0,0.01,0.1,0.02,24,True,0.001,0,-16.39360848182314,-4.833968206311384,20,0.25,-0.004137084457227016,-27.953248757334894,28,0.10714285714285714,-0.01453602513854309
15,2.0,0.01,0.1,0.02,24,True,0.002,0,-20.29563446708924,-10.013379786020645,20,0.2,-0.008203916534980142,-30.577889148157837,28,0.10714285714285714,-0.015634355595298483
15,2.0,0.01,0.1,0.02,24,True,0.003,0,-30.696434322906363,-11.498000763828799,20,0.2,-0.009352396929469098,-49.89486788198393,28,0.07142857142857142,-0.019293202432401676
15,2.0,0.01,0.1,0.02,48,False,0.001,0,-87.26933001719354,-3.5009009161025815,20,0.15,-0.0037903698084120934,-171.0377591182845,28,0.03571428571428571,-0.02057001249841687
15,2.0,0.01,0.1,0.02,48,False,0.002,0,-99.22644950336269,-11.348063596987485,20,0.1,-0.010479999999999955,-187.1048354097379,28,0.03571428571428571,-0.021586636118388652
15,2.0,0.01,0.1,0.02,48,False,0.003,0,-108.49675096663563,-12.434697310534359,20,0.1,-0.011471999999999937,-204.55880462273691,28,0.0,-0.02260311699073714
15,2.0,0.01,0.1,0.02,48,True,0.001,0,-16.39360848182314,-4.833968206311384,20,0.25,-0.004137084457227016,-27.953248757334894,28,0.10714285714285714,-0.01453602513854309
15,2.0,0.01,0.1,0.02,48,True,0.002,0,-20.29563446708924,-10.013379786020645,20,0.2,-0.008203916534980142,-30.577889148157837,28,0.10714285714285714,-0.015634355595298483
15,2.0,0.01,0.1,0.02,48,True,0.003,0,-30.696434322906363,-11.498000763828799,20,0.2,-0.009352396929469098,-49.89486788198393,28,0.07142857142857142,-0.019293202432401676
15,2.0,0.01,0.1,0.03,12,False,0.001,0,-16.061373907246633,-8.268260321480154,20,0.25,-0.00883492007123223,-23.85448749301311,28,0.14285714285714285,-0.01727503644875319
15,2.0,0.01,0.1,0.03,12,False,0.002,0,-17.689025718649027,-9.424698105811888,20,0.25,-0.010030212462295223,-25.95335333148617,28,0.14285714285714285,-0.018514658674088726
15,2.0,0.01,0.1,0.03,12,False,0.003,0,-19.350389949918295,-10.588675182168627,20,0.2,-0.01122469510270326,-28.11210471766796,28,0.14285714285714285,-0.019753260227325858
15,2.0,0.01,0.1,0.03,12,True,0.001,0,-16.16416617744885,-2.786735455478002,20,0.35,-0.002970649448656671,-29.541596899419698,28,0.14285714285714285,-0.01885416424406604
15,2.0,0.01,0.1,0.03,12,True,0.002,0,-18.034350863888633,-4.0526618066141475,20,0.35,-0.004280642498558487,-32.01603992116312,28,0.14285714285714285,-0.020090631357091594
15,2.0,0.01,0.1,0.03,12,True,0.003,0,-19.955255397947262,-5.3404286502091445,20,0.35,-0.005589390918564958,-34.57008214568538,28,0.14285714285714285,-0.021326084086234598
15,2.0,0.01,0.1,0.03,24,False,0.001,0,-16.828888177057596,-6.448984622600151,20,0.25,-0.007697006275705709,-27.208791731515042,28,0.10714285714285714,-0.021074634062997616
15,2.0,0.01,0.1,0.03,24,False,0.002,0,-18.088087181242226,-7.379949383269521,20,0.25,-0.008791588438799361,-28.79622497921493,28,0.10714285714285714,-0.02216416465626808
15,2.0,0.01,0.1,0.03,24,False,0.003,0,-19.356899209252013,-8.31370936262059,20,0.2,-0.00988576784720814,-30.400089055883434,28,0.10714285714285714,-0.023253259143295273
15,2.0,0.01,0.1,0.03,24,True,0.001,0,-15.883901228551277,-2.786735455478002,20,0.35,-0.002970649448656671,-28.981067001624552,28,0.14285714285714285,-0.01858831208948895
15,2.0,0.01,0.1,0.03,24,True,0.002,0,-17.747528419458686,-4.0526618066141475,20,0.35,-0.004280642498558487,-31.442395032303224,28,0.14285714285714285,-0.01982531037764043
15,2.0,0.01,0.1,0.03,24,True,0.003,0,-19.662258858510718,-5.3404286502091445,20,0.35,-0.005589390918564958,-33.984089066812295,28,0.14285714285714285,-0.021061293223264384
15,2.0,0.01,0.1,0.03,48,False,0.001,0,-22.29329143968053,-4.382631965461421,20,0.2,-0.00578736980841209,-40.20395091389964,28,0.07142857142857142,-0.02556251249841687
15,2.0,0.01,0.1,0.03,48,False,0.002,0,-23.550579967826188,-5.193569898597164,20,0.2,-0.006837509338538402,-41.907590037055215,28,0.07142857142857142,-0.026574136118388634
15,2.0,0.01,0.1,0.03,48,False,0.003,0,-24.813341347703254,-6.009119350402902,20,0.2,-0.007887431350916536,-43.6175633450036,28,0.03571428571428571,-0.027585616990737142
15,2.0,0.01,0.1,0.03,48,True,0.001,0,-15.883901228551277,-2.786735455478002,20,0.35,-0.002970649448656671,-28.981067001624552,28,0.14285714285714285,-0.01858831208948895
15,2.0,0.01,0.1,0.03,48,True,0.002,0,-17.747528419458686,-4.0526618066141475,20,0.35,-0.004280642498558487,-31.442395032303224,28,0.14285714285714285,-0.01982531037764043
15,2.0,0.01,0.1,0.03,48,True,0.003,0,-19.662258858510718,-5.3404286502091445,20,0.35,-0.005589390918564958,-33.984089066812295,28,0.14285714285714285,-0.021061293223264384
15,2.0,0.01,0.15,0.02,12,False,0.001,0,-16.370006378137727,-5.760588791878537,20,0.2,-0.005874255365720636,-26.979423964396915,28,0.10714285714285714,-0.014329425555317396
15,2.0,0.01,0.15,0.02,12,False,0.002,0,-18.226636352682515,-6.915603488120829,20,0.2,-0.007023225038327885,-29.537669217244204,28,0.10714285714285714,-0.015428168799999266
15,2.0,0.01,0.15,0.02,12,False,0.003,0,-25.174361585744208,-8.078820394169181,20,0.15,-0.008171581916370829,-42.26990277731924,28,0.07142857142857142,-0.018671042392410752
15,2.0,0.01,0.15,0.02,12,True,0.001,0,-18.631815313278462,-9.310381869222029,20,0.25,-0.006477368639842435,-27.953248757334894,28,0.10714285714285714,-0.01453602513854309
15,2.0,0.01,0.15,0.02,12,True,0.002,0,-23.56551992681883,-16.553150705479823,20,0.2,-0.010594250493391206,-30.577889148157837,28,0.10714285714285714,-0.015634355595298483
15,2.0,0.01,0.15,0.02,12,True,0.003,0,-34.318449056482606,-18.74203023098128,20,0.2,-0.011792571296907894,-49.89486788198393,28,0.07142857142857142,-0.019293202432401676
15,2.0,0.01,0.15,0.02,24,False,0.001,0,-27.13378890329067,-0.9227493671739777,20,0.2,-0.001206756275705732,-53.344828439407365,28,0.03571428571428571,-0.018828677259646504
15,2.0,0.01,0.15,0.02,24,False,0.002,0,-29.434615298138887,-1.7673080204007718,20,0.2,-0.0023078384387993566,-57.101922575877005,28,0.03571428571428571,-0.019848780083938523
15,2.0,0.01,0.15,0.02,24,False,0.003,0,-31.793320738445672,-2.6139659483230906,20,0.15,-0.0034085178472081485,-60.97267552856825,28,0.03571428571428571,-0.020868733226468095
15,2.0,0.01,0.15,0.02,24,True,0.001,0,-18.631815313278462,-9.310381869222029,20,0.25,-0.006477368639842435,-27.953248757334894,28,0.10714285714285714,-0.01453602513854309
15,2.0,0.01,0.15,0.02,24,True,0.002,0,-23.56551992681883,-16.553150705479823,20,0.2,-0.010594250493391206,-30.577889148157837,28,0.10714285714285714,-0.015634355595298483
15,2.0,0.01,0.15,0.02,24,True,0.003,0,-34.318449056482606,-18.74203023098128,20,0.2,-0.011792571296907894,-49.89486788198393,28,0.07142857142857142,-0.019293202432401676
15,2.0,0.01,0.15,0.02,48,False,0.001,0,-85.09333931889842,0.851080480487665,20,0.15,0.0012021301915878888,-171.0377591182845,28,0.03571428571428571,-0.02057001249841687
15,2.0,0.01,0.15,0.02,48,False,0.002,0,-95.6515164863111,-4.1981975628843164,20,0.1,-0.00549249999999997,-187.1048354097379,28,0.03571428571428571,-0.021586636118388652
15,2.0,0.01,0.15,0.02,48,False,0.003,0,-104.7620188772773,-4.96523313181768,20,0.1,-0.006489499999999958,-204.55880462273691,28,0.0,-0.02260311699073714
15,2.0,0.01,0.15,0.02,48,True,0.001,0,-18.631815313278462,-9.310381869222029,20,0.25,-0.006477368639842435,-27.953248757334894,28,0.10714285714285714,-0.01453602513854309
15,2.0,0.01,0.15,0.02,48,True,0.002,0,-23.56551992681883,-16.553150705479823,20,0.2,-0.010594250493391206,-30.577889148157837,28,0.10714285714285714,-0.015634355595298483
15,2.0,0.01,0.15,0.02,48,True,0.003,0,-34.318449056482606,-18.74203023098128,20,0.2,-0.011792571296907894,-49.89486788198393,28,0.07142857142857142,-0.019293202432401676
15,2.0,0.01,0.15,0.03,12,False,0.001,0,-14.422706065600398,-4.990924638187686,20,0.25,-0.0062782515706888975,-23.85448749301311,28,0.14285714285714285,-0.01727503644875319
15,2.0,0.01,0.15,0.03,12,False,0.002,0,-15.986224340895106,-6.019095350304044,20,0.25,-0.007530890364274486,-25.95335333148617,28,0.14285714285714285,-0.018514658674088726
15,2.0,0.01,0.15,0.03,12,False,0.003,0,-17.58457101114432,-7.057037304620678,20,0.2,-0.008782500480643019,-28.11210471766796,28,0.14285714285714285,-0.019753260227325858
15,2.0,0.01,0.15,0.03,12,True,0.001,0,-17.583183671026834,-5.624770442633968,20,0.35,-0.0053109336312720905,-29.541596899419698,28,0.14285714285714285,-0.01885416424406604
15,2.0,0.01,0.15,0.03,12,True,0.002,0,-19.591354059807234,-7.1666681984513465,20,0.35,-0.00667097645696955,-32.01603992116312,28,0.14285714285714285,-0.020090631357091594
15,2.0,0.01,0.15,0.03,12,True,0.003,0,-21.660723092429034,-8.751364039172687,20,0.35,-0.008029565286003754,-34.57008214568538,28,0.14285714285714285,-0.021326084086234598
15,2.0,0.01,0.15,0.03,24,False,0.001,0,-10.021077209078088,-0.12709065949610238,20,0.25,-0.0002082562757057288,-19.915063758660075,28,0.10714285714285714,-0.01929159834871191
15,2.0,0.01,0.15,0.03,24,False,0.002,0,-10.965895463661631,-0.8006736518841214,20,0.25,-0.0013103384387993875,-21.13111727543914,28,0.10714285714285714,-0.020382914656268094
15,2.0,0.01,0.15,0.03,24,False,0.003,0,-11.915583994810763,-1.4757050851915654,20,0.2,-0.002412017847208171,-22.35546290442996,28,0.10714285714285714,-0.021473794857580997
15,2.0,0.01,0.15,0.03,24,True,0.001,0,-17.30291872212926,-5.624770442633968,20,0.35,-0.0053109336312720905,-28.981067001624552,28,0.14285714285714285,-0.01858831208948895
15,2.0,0.01,0.15,0.03,24,True,0.002,0,-19.304531615377286,-7.1666681984513465,20,0.35,-0.00667097645696955,-31.442395032303224,28,0.14285714285714285,-0.01982531037764043
15,2.0,0.01,0.15,0.03,24,True,0.003,0,-21.36772655299249,-8.751364039172687,20,0.35,-0.008029565286003754,-33.984089066812295,28,0.14285714285714285,-0.021061293223264384
15,2.0,0.01,0.15,0.03,48,False,0.001,0,-13.206745299477078,0.9846708979450628,20,0.2,0.0017013801915878903,-27.398161496899217,28,0.07142857142857142,-0.02377947678413116
15,2.0,0.01,0.15,0.03,48,False,0.002,0,-14.122687212954206,0.3733443054952356,20,0.2,0.0006437406614615705,-28.618718731403646,28,0.07142857142857142,-0.024792886118388646
15,2.0,0.01,0.15,0.03,48,False,0.003,0,-15.041538216889842,-0.24041883170646497,20,0.2,-0.0004136813509165657,-29.84265760207322,28,0.03571428571428571,-0.025806152705022862
15,2.0,0.01,0.15,0.03,48,True,0.001,0,-17.30291872212926,-5.624770442633968,20,0.35,-0.0053109336312720905,-28.981067001624552,28,0.14285714285714285,-0.01858831208948895
15,2.0,0.01,0.15,0.03,48,True,0.002,0,-19.304531615377286,-7.1666681984513465,20,0.35,-0.00667097645696955,-31.442395032303224,28,0.14285714285714285,-0.01982531037764043
15,2.0,0.01,0.15,0.03,48,True,0.003,0,-21.36772655299249,-8.751364039172687,20,0.35,-0.008029565286003754,-33.984089066812295,28,0.14285714285714285,-0.021061293223264384
15,2.5,0.0,0.05,0.02,12,False,0.001,0,-3.8343919094038705,-4.338367768801323,20,0.35,-0.0030683107875942037,-3.3304160500064177,24,0.2916666666666667,-0.002587139812755467
15,2.5,0.0,0.05,0.02,12,False,0.002,0,-7.512147478642751,-6.077432166221235,20,0.3,-0.004269652350112402,-8.946862791064266,24,0.25,-0.006537459904082737
15,2.5,0.0,0.05,0.02,12,False,0.003,0,-17.299564181544632,-14.144542800131873,20,0.2,-0.008957933067463572,-20.454585562957394,24,0.20833333333333334,-0.01236800640423711
15,2.5,0.0,0.05,0.02,12,True,0.001,0,-7.222564659947929,-4.751479223037257,20,0.35,-0.0032016355558661417,-9.693650096858603,24,0.2916666666666667,-0.006307751285223276
15,2.5,0.0,0.05,0.02,12,True,0.002,0,-12.308640399787839,-6.684453513909797,20,0.35,-0.004454948888846491,-17.93282728566588,24,0.25,-0.010381232946079497
15,2.5,0.0,0.05,0.02,12,True,0.003,0,-22.705187459419065,-15.599498216784086,20,0.3,-0.009194993161870621,-29.810876702054045,24,0.20833333333333334,-0.0144482062561749
15,2.5,0.0,0.05,0.02,24,False,0.001,0,-2.8715647247410603,-0.6088230168573142,20,0.3,-0.0005014999999999568,-5.134306432624807,24,0.25,-0.003996249999999949
15,2.5,0.0,0.05,0.02,24,False,0.002,0,-6.331486638150473,-1.8258696550455753,20,0.3,-0.0015024999999999652,-10.83710362125537,24,0.20833333333333334,-0.007903124999999957
15,2.5,0.0,0.05,0.02,24,False,0.003,0,-17.7229767349047,-11.702568997054053,20,0.2,-0.008357355607720903,-23.74338447275535,24,0.125,-0.014064392630965214
15,2.5,0.0,0.05,0.02,24,True,0.001,0,-6.955073366533746,-4.751479223037257,20,0.35,-0.0032016355558661417,-9.158667510030236,24,0.2916666666666667,-0.006018526212364754
15,2.5,0.0,0.05,0.02,24,True,0.002,0,-11.942415779116784,-6.684453513909797,20,0.35,-0.004454948888846491,-17.20037804432377,24,0.25,-0.010092585747659278
15,2.5,0.0,0.05,0.02,24,True,0.003,0,-22.108590756293875,-15.599498216784086,20,0.3,-0.009194993161870621,-28.617683295803662,24,0.20833333333333334,-0.014160135780475128
15,2.5,0.0,0.05,0.02,48,False,0.001,0,-2.8715647247410603,-0.6088230168573142,20,0.3,-0.0005014999999999568,-5.134306432624807,24,0.25,-0.003996249999999949
15,2.5,0.0,0.05,0.02,48,False,0.002,0,-6.331486638150473,-1.8258696550455753,20,0.3,-0.0015024999999999652,-10.83710362125537,24,0.20833333333333334,-0.007903124999999957
15,2.5,0.0,0.05,0.02,48,False,0.003,0,-19.002746831626535,-13.210007643582484,20,0.2,-0.00947899999999995,-24.795486019670584,24,0.125,-0.014710624999999958
15,2.5,0.0,0.05,0.02,48,True,0.001,0,-6.955073366533746,-4.751479223037257,20,0.35,-0.0032016355558661417,-9.158667510030236,24,0.2916666666666667,-0.006018526212364754
15,2.5,0.0,0.05,0.02,48,True,0.002,0,-11.942415779116784,-6.684453513909797,20,0.35,-0.004454948888846491,-17.20037804432377,24,0.25,-0.010092585747659278
15,2.5,0.0,0.05,0.02,48,True,0.003,0,-22.108590756293875,-15.599498216784086,20,0.3,-0.009194993161870621,-28.617683295803662,24,0.20833333333333334,-0.014160135780475128
15,2.5,0.0,0.05,0.03,12,False,0.001,0,-7.683248428875599,-5.81405540971034,20,0.4,-0.00501106678731552,-9.552441448040858,24,0.2916666666666667,-0.008442848348925171
15,2.5,0.0,0.05,0.03,12,False,0.002,0,-9.043075489172107,-7.294930657125579,20,0.35,-0.00625927234083328,-10.791220321218635,24,0.2916666666666667,-0.009519356771336529
15,2.5,0.0,0.05,0.03,12,False,0.003,0,-18.054330012958168,-21.05374055891307,20,0.2,-0.015478472003860582,-15.05491946700327,24,0.2916666666666667,-0.012481759388661496
15,2.5,0.0,0.05,0.03,12,True,0.001,0,-11.121477194945204,-6.164870739143563,20,0.4,-0.005144391555587458,-16.078083650746844,24,0.2916666666666667,-0.012163459821392978
15,2.5,0.0,0.05,0.03,12,True,0.002,0,-12.78477053429906,-7.779021833658806,20,0.4,-0.00644456887956737,-17.790519234939314,24,0.2916666666666667,-0.01336312981333329
15,2.5,0.0,0.05,0.03,12,True,0.003,0,-21.046744199479917,-22.570543309525934,20,0.3,-0.01571553209826763,-19.522945089433904,24,0.2916666666666667,-0.014561959240599288
15,2.5,0.0,0.05,0.03,24,False,0.001,0,-7.266029211934565,-2.044041344596142,19,0.3684210526315789,-0.0020255263157894113,-12.488017079272987,24,0.25,-0.011047689652645592
15,2.5,0.0,0.05,0.03,24,False,0.002,0,-8.359028079540332,-3.055711367888163,19,0.3684210526315789,-0.003024999999999975,-13.662344791192501,24,0.25,-0.01207877849014847
15,2.5,0.0,0.05,0.03,24,False,0.003,0,-18.252904181784906,-17.87629209335237,19,0.21052631578947367,-0.014906690113390412,-18.62951627021744,24,0.20833333333333334,-0.015369930849490168
15,2.5,0.0,0.05,0.03,24,True,0.001,0,-11.153745880977219,-6.755745620814444,20,0.4,-0.005697885555866119,-15.551746141139994,24,0.2916666666666667,-0.011874234748534456
15,2.5,0.0,0.05,0.03,24,True,0.002,0,-12.776908527169695,-8.304497885437566,20,0.4,-0.006948698888846497,-17.249319168901824,24,0.2916666666666667,-0.01307448261491307
15,2.5,0.0,0.05,0.03,24,True,0.003,0,-21.003805894692576,-23.040185030837485,20,0.3,-0.01617049316187061,-18.96742675854767,24,0.2916666666666667,-0.014273888764899517
15,2.5,0.0,0.05,0.03,48,False,0.001,0,-7.477644184273002,-2.044041344596142,19,0.3684210526315789,-0.0020255263157894113,-12.911247023949862,24,0.25,-0.01148499999999994
15,2.5,0.0,0.05,0.03,48,False,0.002,0,-8.546979676301028,-3.055711367888163,19,0.3684210526315789,-0.003024999999999975,-14.038247984713895,24,0.25,-0.012474999999999967
15,2.5,0.0,0.05,0.03,48,False,0.003,0,-20.01817856221733,-19.874873011766564,19,0.21052631578947367,-0.01661184210526309,-20.1614841126681,24,0.20833333333333334,-0.016786666666666627
15,2.5,0.0,0.05,0.03,48,True,0.001,0,-11.153745880977219,-6.755745620814444,20,0.4,-0.005697885555866119,-15.551746141139994,24,0.2916666666666667,-0.011874234748534456
15,2.5,0.0,0.05,0.03,48,True,0.002,0,-12.776908527169695,-8.304497885437566,20,0.4,-0.006948698888846497,-17.249319168901824,24,0.2916666666666667,-0.01307448261491307
15,2.5,0.0,0.05,0.03,48,True,0.003,0,-21.003805894692576,-23.040185030837485,20,0.3,-0.01617049316187061,-18.96742675854767,24,0.2916666666666667,-0.014273888764899517
15,2.5,0.0,0.08,0.02,12,False,0.001,0,-10.109480297800275,-7.744495169815545,20,0.3,-0.0055822253792225844,-12.474465425785006,24,0.25,-0.008002037273582565
15,2.5,0.0,0.08,0.02,12,False,0.002,0,-14.737093947673202,-9.574964819136232,20,0.25,-0.006832772296098265,-19.89922307621017,24,0.20833333333333334,-0.011658571732458324
15,2.5,0.0,0.08,0.02,12,False,0.003,0,-20.71458104732519,-11.438861921673308,20,0.2,-0.008082301680503723,-29.990300172977076,24,0.16666666666666666,-0.015364881353201782
15,2.5,0.0,0.08,0.02,12,True,0.001,0,-13.19927807831892,-10.266062904593912,20,0.3,-0.006414479302074375,-16.13249325204393,24,0.25,-0.009333006139747777
15,2.5,0.0,0.08,0.02,12,True,0.002,0,-19.413857308982177,-12.59504474949638,20,0.3,-0.007717094041036608,-26.232669868467973,24,0.20833333333333334,-0.013165583262223802
15,2.5,0.0,0.08,0.02,12,True,0.003,0,-31.596507264855635,-15.014211802486862,20,0.3,-0.009018479851769592,-48.17880272722441,24,0.16666666666666666,-0.017354664589508233
15,2.5,0.0,0.08,0.02,24,False,0.001,0,-6.6186297529733364,-3.4859916846004144,20,0.25,-0.003203756275705706,-9.751267821346259,24,0.125,-0.008258505474028047
15,2.5,0.0,0.08,0.02,24,False,0.002,0,-11.83396068369861,-4.691871366794852,20,0.25,-0.0043028384387993526,-18.976050000602367,24,0.08333333333333333,-0.013449344185326373
15,2.5,0.0,0.08,0.02,24,False,0.003,0,-21.046026613181976,-5.9020164396045915,20,0.2,-0.0054015178472081385,-36.19003678675936,24,0.041666666666666664,-0.01863168429763188
15,2.5,0.0,0.08,0.02,24,True,0.001,0,-12.839931900887798,-10.266062904593912,20,0.3,-0.006414479302074375,-15.413800897181686,24,0.25,-0.009043781066889255
15,2.5,0.0,0.08,0.02,24,True,0.002,0,-18.873289621196538,-12.59504474949638,20,0.3,-0.007717094041036608,-25.151534492896698,24,0.20833333333333334,-0.01287693606380358
15,2.5,0.0,0.08,0.02,24,True,0.003,0,-30.2488532651256,-15.014211802486862,20,0.3,-0.009018479851769592,-45.48349472776434,24,0.16666666666666666,-0.017066594113808464
15,2.5,0.0,0.08,0.02,48,False,0.001,0,-6.022400973861541,-1.4603571563673359,20,0.2,-0.001499999999999946,-10.584444791355747,24,0.125,-0.008988749999999959
15,2.5,0.0,0.08,0.02,48,False,0.002,0,-14.056988030700506,-8.174189884350403,20,0.15,-0.007487499999999966,-19.939786177050607,24,0.08333333333333333,-0.01413749999999996
15,2.5,0.0,0.08,0.02,48,False,0.003,0,-23.457311191092266,-9.269735798542776,20,0.15,-0.008482499999999948,-37.64488658364176,24,0.041666666666666664,-0.019277916666666624
15,2.5,0.0,0.08,0.02,48,True,0.001,0,-12.839931900887798,-10.266062904593912,20,0.3,-0.006414479302074375,-15.413800897181686,24,0.25,-0.009043781066889255
15,2.5,0.0,0.08,0.02,48,True,0.002,0,-18.873289621196538,-12.59504474949638,20,0.3,-0.007717094041036608,-25.151534492896698,24,0.20833333333333334,-0.01287693606380358
15,2.5,0.0,0.08,0.02,48,True,0.003,0,-30.2488532651256,-15.014211802486862,20,0.3,-0.009018479851769592,-45.48349472776434,24,0.16666666666666666,-0.017066594113808464
15,2.5,0.0,0.08,0.03,12,False,0.001,0,-13.012151542369836,-6.848746918761076,20,0.35,-0.006526481378943903,-19.175556165978595,24,0.25,-0.014273787476418937
15,2.5,0.0,0.08,0.03,12,False,0.002,0,-14.75102439402411,-8.25917265626932,20,0.3,-0.007824892286819141,-21.2428761317789,24,0.25,-0.015559621312944036
15,2.5,0.0,0.08,0.03,12,False,0.003,0,-20.770168449515964,-18.165731915003754,20,0.2,-0.014602840616900734,-23.37460498402817,24,0.25,-0.016844261825097902
15,2.5,0.0,0.08,0.03,12,True,0.001,0,-16.87708222962374,-10.900961203373024,20,0.35,-0.00875070633442301,-22.85320325587445,24,0.25,-0.015604756342584148
15,2.5,0.0,0.08,0.03,12,True,0.002,0,-19.007279072658633,-12.845450408032189,20,0.35,-0.01015213456637821,-25.169107737285074,24,0.25,-0.016887930890693
15,2.5,0.0,0.08,0.03,12,True,0.003,0,-24.772904094907343,-21.982310417822234,20,0.3,-0.015539018788166603,-27.563497771992452,24,0.25,-0.018169917414457355
15,2.5,0.0,0.08,0.03,24,False,0.001,0,-10.342220993320733,-3.3398530367879515,19,0.3157894736842105,-0.003818953974427053,-17.344588949853517,24,0.125,-0.016142028460007025
15,2.5,0.0,0.08,0.03,24,False,0.002,0,-11.413370819202067,-4.312910953223388,19,0.3157894736842105,-0.004922724672420374,-18.513830685180746,24,0.125,-0.017209372675474878
15,2.5,0.0,0.08,0.03,24,False,0.003,0,-15.55218281442589,-11.419939647688883,19,0.21052631578947367,-0.011795281944429624,-19.6844259811629,24,0.125,-0.0182763891828235
15,2.5,0.0,0.08,0.03,24,True,0.001,0,-16.81401659470274,-11.480812684990859,20,0.35,-0.009304200334701671,-22.14722050441462,24,0.25,-0.015315531269725626
15,2.5,0.0,0.08,0.03,24,True,0.002,0,-18.893732285839885,-13.362753454108853,20,0.35,-0.010656264575657336,-24.424711117570915,24,0.25,-0.016599283692272784
15,2.5,0.0,0.08,0.03,24,True,0.003,0,-24.614396791131945,-22.449803597195633,20,0.3,-0.015993979851769584,-26.77898998506826,24,0.25,-0.017881846938757582
15,2.5,0.0,0.08,0.03,48,False,0.001,0,-10.512894337728998,-2.0509691691281122,19,0.2631578947368421,-0.002551052631578886,-18.974819506329883,24,0.125,-0.01772562499999995
15,2.5,0.0,0.08,0.03,48,False,0.002,0,-11.45246511023519,-2.8569538897613995,19,0.2631578947368421,-0.003549999999999958,-20.04797633070898,24,0.125,-0.01870937499999997
15,2.5,0.0,0.08,0.03,48,False,0.003,0,-15.05071008839435,-8.978133169628814,19,0.21052631578947367,-0.010318157894736783,-21.123287007159888,24,0.125,-0.019693124999999957
15,2.5,0.0,0.08,0.03,48,True,0.001,0,-16.81401659470274,-11.480812684990859,20,0.35,-0.009304200334701671,-22.14722050441462,24,0.25,-0.015315531269725626
15,2.5,0.0,0.08,0.03,48,True,0.002,0,-18.893732285839885,-13.362753454108853,20,0.35,-0.010656264575657336,-24.424711117570915,24,0.25,-0.016599283692272784
15,2.5,0.0,0.08,0.03,48,True,0.003,0,-24.614396791131945,-22.449803597195633,20,0.3,-0.015993979851769584,-26.77898998506826,24,0.25,-0.017881846938757582
15,2.5,0.0,0.1,0.02,12,False,0.001,0,-9.095427022366772,-5.71638861894854,20,0.3,-0.00458372537922259,-12.474465425785006,24,0.25,-0.008002037273582565
15,2.5,0.0,0.1,0.02,12,False,0.002,0,-13.61749561371342,-7.335768151216671,20,0.25,-0.005835272296098261,-19.89922307621017,24,0.20833333333333334,-0.011658571732458324
15,2.5,0.0,0.1,0.02,12,False,0.003,0,-19.484392437180905,-8.978484701384733,20,0.2,-0.007085801680503728,-29.990300172977076,24,0.16666666666666666,-0.015364881353201782
15,2.5,0.0,0.1,0.02,12,True,0.001,0,-13.19927807831892,-10.266062904593912,20,0.3,-0.006414479302074375,-16.13249325204393,24,0.25,-0.009333006139747777
15,2.5,0.0,0.1,0.02,12,True,0.002,0,-19.413857308982177,-12.59504474949638,20,0.3,-0.007717094041036608,-26.232669868467973,24,0.20833333333333334,-0.013165583262223802
15,2.5,0.0,0.1,0.02,12,True,0.003,0,-31.596507264855635,-15.014211802486862,20,0.3,-0.009018479851769592,-48.17880272722441,24,0.16666666666666666,-0.017354664589508233
15,2.5,0.0,0.1,0.02,24,False,0.001,0,-6.4156416593521115,-0.18999096851716318,20,0.25,-0.0002082562757057073,-12.64129235018706,24,0.08333333333333333,-0.010754755474028044
15,2.5,0.0,0.1,0.02,24,False,0.002,0,-14.185610640958345,-1.1973601601724815,20,0.25,-0.0013103384387993448,-27.173861121744206,24,0.041666666666666664,-0.01677434418532638
15,2.5,0.0,0.1,0.02,24,False,0.003,0,-15.547684859595131,-2.2075301692206715,20,0.2,-0.0024120178472081455,-28.88783954996959,24,0.041666666666666664,-0.017801267630965217
15,2.5,0.0,0.1,0.02,24,True,0.001,0,-12.839931900887798,-10.266062904593912,20,0.3,-0.006414479302074375,-15.413800897181686,24,0.25,-0.009043781066889255
15,2.5,0.0,0.1,0.02,24,True,0.002,0,-18.873289621196538,-12.59504474949638,20,0.3,-0.007717094041036608,-25.151534492896698,24,0.20833333333333334,-0.01287693606380358
15,2.5,0.0,0.1,0.02,24,True,0.003,0,-30.2488532651256,-15.014211802486862,20,0.3,-0.009018479851769592,-45.48349472776434,24,0.16666666666666666,-0.017066594113808464
15,2.5,0.0,0.1,0.02,48,False,0.001,0,-5.839178972185936,1.8069997426570896,20,0.2,0.002200630191587913,-13.48535768702896,24,0.08333333333333333,-0.011484999999999959
15,2.5,0.0,0.1,0.02,48,False,0.002,0,-16.23870668514374,-4.089369360276712,20,0.15,-0.004494999999999959,-28.38804401001077,24,0.041666666666666664,-0.017462499999999968
15,2.5,0.0,0.1,0.02,48,False,0.003,0,-17.51086779129047,-5.002324293142557,20,0.15,-0.005492999999999955,-30.01941128943838,24,0.041666666666666664,-0.01844749999999996
15,2.5,0.0,0.1,0.02,48,True,0.001,0,-12.839931900887798,-10.266062904593912,20,0.3,-0.006414479302074375,-15.413800897181686,24,0.25,-0.009043781066889255
15,2.5,0.0,0.1,0.02,48,True,0.002,0,-18.873289621196538,-12.59504474949638,20,0.3,-0.007717094041036608,-25.151534492896698,24,0.20833333333333334,-0.01287693606380358
15,2.5,0.0,0.1,0.02,48,True,0.003,0,-30.2488532651256,-15.014211802486862,20,0.3,-0.009018479851769592,-45.48349472776434,24,0.16666666666666666,-0.017066594113808464
15,2.5,0.0,0.1,0.03,12,False,0.001,0,-11.694056774994252,-4.212557384009907,20,0.35,-0.004529481378943899,-19.175556165978595,24,0.25,-0.014273787476418937
15,2.5,0.0,0.1,0.03,12,False,0.002,0,-13.344465263915339,-5.446054396051776,20,0.3,-0.005829892286819134,-21.2428761317789,24,0.25,-0.015559621312944036
15,2.5,0.0,0.1,0.03,12,False,0.003,0,-19.39830476189922,-15.422004539770265,20,0.2,-0.013606340616900739,-23.37460498402817,24,0.25,-0.016844261825097902
15,2.5,0.0,0.1,0.03,12,True,0.001,0,-16.87708222962374,-10.900961203373024,20,0.35,-0.00875070633442301,-22.85320325587445,24,0.25,-0.015604756342584148
15,2.5,0.0,0.1,0.03,12,True,0.002,0,-19.007279072658633,-12.845450408032189,20,0.35,-0.01015213456637821,-25.169107737285074,24,0.25,-0.016887930890693
15,2.5,0.0,0.1,0.03,12,True,0.003,0,-24.772904094907343,-21.982310417822234,20,0.3,-0.015539018788166603,-27.563497771992452,24,0.25,-0.018169917414457355
15,2.5,0.0,0.1,0.03,24,False,0.001,0,-10.308105252180258,0.04097937552078459,19,0.3157894736842105,5.4471319557435717e-05,-20.6571898798813,24,0.08333333333333333,-0.01905432012667369
15,2.5,0.0,0.1,0.03,24,False,0.002,0,-11.339981033494889,-0.8382613182583626,19,0.3157894736842105,-0.0011104549777580478,-21.841700748731416,24,0.08333333333333333,-0.02011874767547489
15,2.5,0.0,0.1,0.03,24,False,0.003,0,-15.344269520238306,-7.660719752120967,19,0.21052631578947367,-0.009092886338965706,-23.027819288355648,24,0.08333333333333333,-0.02118284751615684
15,2.5,0.0,0.1,0.03,24,True,0.001,0,-16.81401659470274,-11.480812684990859,20,0.35,-0.009304200334701671,-22.14722050441462,24,0.25,-0.015315531269725626
15,2.5,0.0,0.1,0.03,24,True,0.002,0,-18.893732285839885,-13.362753454108853,20,0.35,-0.010656264575657336,-24.424711117570915,24,0.25,-0.016599283692272784
15,2.5,0.0,0.1,0.03,24,True,0.003,0,-24.614396791131945,-22.449803597195633,20,0.3,-0.015993979851769584,-26.77898998506826,24,0.25,-0.017881846938757582
15,2.5,0.0,0.1,0.03,48,False,0.001,0,-10.362186422685559,1.6440425843777902,19,0.2631578947368421,0.0023954002016715117,-22.368415429748907,24,0.08333333333333333,-0.020637916666666613
15,2.5,0.0,0.1,0.03,48,False,0.002,0,-11.26844375784923,0.9180947885061206,19,0.2631578947368421,0.0013342006962753776,-23.45498230420458,24,0.08333333333333333,-0.02161874999999998
15,2.5,0.0,0.1,0.03,48,False,0.003,0,-14.718027891016167,-4.89232583700161,19,0.21052631578947367,-0.006544927737806876,-24.543729945030723,24,0.08333333333333333,-0.0225995833333333
15,2.5,0.0,0.1,0.03,48,True,0.001,0,-16.81401659470274,-11.480812684990859,20,0.35,-0.009304200334701671,-22.14722050441462,24,0.25,-0.015315531269725626
15,2.5,0.0,0.1,0.03,48,True,0.002,0,-18.893732285839885,-13.362753454108853,20,0.35,-0.010656264575657336,-24.424711117570915,24,0.25,-0.016599283692272784
15,2.5,0.0,0.1,0.03,48,True,0.003,0,-24.614396791131945,-22.449803597195633,20,0.3,-0.015993979851769584,-26.77898998506826,24,0.25,-0.017881846938757582
15,2.5,0.0,0.15,0.02,12,False,0.001,0,-7.250448006276841,-2.0264305867686767,20,0.3,-0.0020874753792225927,-12.474465425785006,24,0.25,-0.008002037273582565
15,2.5,0.0,0.15,0.02,12,False,0.002,0,-11.57938369502223,-3.2595443138342883,20,0.25,-0.003341522296098275,-19.89922307621017,24,0.20833333333333334,-0.011658571732458324
15,2.5,0.0,0.15,0.02,12,False,0.003,0,-17.24671448366668,-4.503128794356286,20,0.2,-0.004594551680503741,-29.990300172977076,24,0.16666666666666666,-0.015364881353201782
15,2.5,0.0,0.15,0.02,12,True,0.001,0,-13.19927807831892,-10.266062904593912,20,0.3,-0.006414479302074375,-16.13249325204393,24,0.25,-0.009333006139747777
15,2.5,0.0,0.15,0.02,12,True,0.002,0,-19.413857308982177,-12.59504474949638,20,0.3,-0.007717094041036608,-26.232669868467973,24,0.20833333333333334,-0.013165583262223802
15,2.5,0.0,0.15,0.02,12,True,0.003,0,-31.596507264855635,-15.014211802486862,20,0.3,-0.009018479851769592,-48.17880272722441,24,0.16666666666666666,-0.017354664589508233
15,2.5,0.0,0.15,0.02,24,False,0.001,0,-2.4686921036900324,4.711338102032435,20,0.25,0.007280493724294257,-9.6487223094125,24,0.08333333333333333,-0.009543497824644294
15,2.5,0.0,0.15,0.02,24,False,0.002,0,-15.4779607406004,3.9977301293984033,20,0.25,0.006170911561200618,-34.9536516105992,24,0.041666666666666664,-0.017687163435723737
15,2.5,0.0,0.15,0.02,24,False,0.003,0,-17.136308513835306,3.2827165627766504,20,0.2,0.0050617321527918185,-37.55533359044726,24,0.041666666666666664,-0.018757776669734046
15,2.5,0.0,0.15,0.02,24,True,0.001,0,-12.839931900887798,-10.266062904593912,20,0.3,-0.006414479302074375,-15.413800897181686,24,0.25,-0.009043781066889255
15,2.5,0.0,0.15,0.02,24,True,0.002,0,-18.873289621196538,-12.59504474949638,20,0.3,-0.007717094041036608,-25.151534492896698,24,0.20833333333333334,-0.01287693606380358
15,2.5,0.0,0.15,0.02,24,True,0.003,0,-30.2488532651256,-15.014211802486862,20,0.3,-0.009018479851769592,-45.48349472776434,24,0.16666666666666666,-0.017066594113808464
15,2.5,0.0,0.15,0.02,48,False,0.001,1,-3.4753968168223652,5.956929761553312,20,0.2,0.009689380191587882,-12.907723395198042,24,0.08333333333333333,-0.011816694880809822
15,2.5,0.0,0.15,0.02,48,False,0.002,0,-30.891972418672403,1.9177197151596437,20,0.15,0.002986250000000005,-63.70166455250445,24,0.041666666666666664,-0.019915188946803716
15,2.5,0.0,0.15,0.02,48,False,0.003,0,-33.46818422728171,1.2732809344804505,20,0.15,0.001980750000000008,-68.20964938904388,24,0.041666666666666664,-0.020940802045550957
15,2.5,0.0,0.15,0.02,48,True,0.001,0,-12.839931900887798,-10.266062904593912,20,0.3,-0.006414479302074375,-15.413800897181686,24,0.25,-0.009043781066889255
15,2.5,0.0,0.15,0.02,48,True,0.002,0,-18.873289621196538,-12.59504474949638,20,0.3,-0.007717094041036608,-25.151534492896698,24,0.20833333333333334,-0.01287693606380358
15,2.5,0.0,0.15,0.02,48,True,0.003,0,-30.2488532651256,-15.014211802486862,20,0.3,-0.009018479851769592,-45.48349472776434,24,0.16666666666666666,-0.017066594113808464
15,2.5,0.0,0.15,0.03,12,False,0.001,0,-10.444136377571272,-1.7127165891639504,20,0.35,-0.0021393092094149488,-19.175556165978595,24,0.25,-0.014273787476418937
15,2.5,0.0,0.15,0.03,12,False,0.002,0,-12.028918583367885,-2.8149610349568706,20,0.3,-0.003496733858564522,-21.2428761317789,24,0.25,-0.015559621312944036
15,2.5,0.0,0.15,0.03,12,False,0.003,0,-16.722858688512886,-10.071112392997598,20,0.2,-0.01111509061690075,-23.37460498402817,24,0.25,-0.016844261825097902
15,2.5,0.0,0.15,0.03,12,True,0.001,0,-16.87708222962374,-10.900961203373024,20,0.35,-0.00875070633442301,-22.85320325587445,24,0.25,-0.015604756342584148
15,2.5,0.0,0.15,0.03,12,True,0.002,0,-19.007279072658633,-12.845450408032189,20,0.35,-0.01015213456637821,-25.169107737285074,24,0.25,-0.016887930890693
15,2.5,0.0,0.15,0.03,12,True,0.003,0,-24.772904094907343,-21.982310417822234,20,0.3,-0.015539018788166603,-27.563497771992452,24,0.25,-0.018169917414457355
15,2.5,0.0,0.15,0.03,24,False,0.001,0,-6.148048846925496,4.574262561930496,19,0.3157894736842105,0.007937366056399492,-16.87036025578149,24,0.08333333333333333,-0.01784306247728994
15,2.5,0.0,0.15,0.03,24,False,0.002,0,-7.04056768020706,3.9066837763432187,19,0.3157894736842105,0.006764545022241909,-17.987819136757338,24,0.08333333333333333,-0.018953441925872252
15,2.5,0.0,0.15,0.03,24,False,0.003,0,-10.826418256953824,-2.5409285037762066,19,0.21052631578947367,-0.0038481494968604676,-19.11190801013144,24,0.08333333333333333,-0.020063314888259014
15,2.5,0.0,0.15,0.03,24,True,0.001,0,-16.81401659470274,-11.480812684990859,20,0.35,-0.009304200334701671,-22.14722050441462,24,0.25,-0.015315531269725626
15,2.5,0.0,0.15,0.03,24,True,0.002,0,-18.893732285839885,-13.362753454108853,20,0.35,-0.010656264575657336,-24.424711117570915,24,0.25,-0.016599283692272784
15,2.5,0.0,0.15,0.03,24,True,0.003,0,-24.614396791131945,-22.449803597195633,20,0.3,-0.015993979851769584,-26.77898998506826,24,0.25,-0.017881846938757582
15,2.5,0.0,0.15,0.03,48,False,0.001,1,-7.360185674445308,6.681604943235768,19,0.2631578947368421,0.012905926517460925,-21.401976292126385,24,0.08333333333333333,-0.02096961154747648
15,2.5,0.0,0.15,0.03,48,False,0.002,1,-8.631140766136596,5.24791091984843,19,0.2631578947368421,0.009653669122259179,-22.510192452121622,24,0.08333333333333333,-0.021993313946803733
15,2.5,0.0,0.15,0.03,48,False,0.003,0,-12.089581179233996,-0.5554493751796382,19,0.21052631578947367,-0.0009141014134417926,-23.623712983288353,24,0.08333333333333333,-0.02301684371221764
15,2.5,0.0,0.15,0.03,48,True,0.001,0,-16.81401659470274,-11.480812684990859,20,0.35,-0.009304200334701671,-22.14722050441462,24,0.25,-0.015315531269725626
15,2.5,0.0,0.15,0.03,48,True,0.002,0,-18.893732285839885,-13.362753454108853,20,0.35,-0.010656264575657336,-24.424711117570915,24,0.25,-0.016599283692272784
15,2.5,0.0,0.15,0.03,48,True,0.003,0,-24.614396791131945,-22.449803597195633,20,0.3,-0.015993979851769584,-26.77898998506826,24,0.25,-0.017881846938757582
15,2.5,0.005,0.05,0.02,12,False,0.001,0,-19.885405891914733,,3,,,-19.885405891914733,15,0.13333333333333333,-0.012150666666666627
15,2.5,0.005,0.05,0.02,12,False,0.002,0,-21.52607669112055,,3,,,-21.52607669112055,15,0.13333333333333333,-0.013139999999999954
15,2.5,0.005,0.05,0.02,12,False,0.003,0,-41.96774632905744,,3,,,-41.96774632905744,15,0.06666666666666667,-0.01877966666666662
15,2.5,0.005,0.05,0.02,12,True,0.001,0,-24.459048996033275,,3,,,-24.459048996033275,15,0.13333333333333333,-0.01327893587799427
15,2.5,0.005,0.05,0.02,12,True,0.002,0,-26.614051206469757,,3,,,-26.614051206469757,15,0.13333333333333333,-0.014335665791561897
15,2.5,0.005,0.05,0.02,12,True,0.003,0,-61.48620916356061,,3,,,-61.48620916356061,15,0.06666666666666667,-0.020042455203723945
15,2.5,0.005,0.05,0.02,24,False,0.001,0,-19.885405891914733,,3,,,-19.885405891914733,15,0.13333333333333333,-0.012150666666666627
15,2.5,0.005,0.05,0.02,24,False,0.002,0,-21.52607669112055,,3,,,-21.52607669112055,15,0.13333333333333333,-0.013139999999999954
15,2.5,0.005,0.05,0.02,24,False,0.003,0,-41.96774632905744,,3,,,-41.96774632905744,15,0.06666666666666667,-0.01877966666666662
15,2.5,0.005,0.05,0.02,24,True,0.001,0,-24.459048996033275,,3,,,-24.459048996033275,15,0.13333333333333333,-0.01327893587799427
15,2.5,0.005,0.05,0.02,24,True,0.002,0,-26.614051206469757,,3,,,-26.614051206469757,15,0.13333333333333333,-0.014335665791561897
15,2.5,0.005,0.05,0.02,24,True,0.003,0,-61.48620916356061,,3,,,-61.48620916356061,15,0.06666666666666667,-0.020042455203723945
15,2.5,0.005,0.05,0.02,48,False,0.001,0,-19.885405891914733,,3,,,-19.885405891914733,15,0.13333333333333333,-0.012150666666666627
15,2.5,0.005,0.05,0.02,48,False,0.002,0,-21.52607669112055,,3,,,-21.52607669112055,15,0.13333333333333333,-0.013139999999999954
15,2.5,0.005,0.05,0.02,48,False,0.003,0,-41.96774632905744,,3,,,-41.96774632905744,15,0.06666666666666667,-0.01877966666666662
15,2.5,0.005,0.05,0.02,48,True,0.001,0,-24.459048996033275,,3,,,-24.459048996033275,15,0.13333333333333333,-0.01327893587799427
15,2.5,0.005,0.05,0.02,48,True,0.002,0,-26.614051206469757,,3,,,-26.614051206469757,15,0.13333333333333333,-0.014335665791561897
15,2.5,0.005,0.05,0.02,48,True,0.003,0,-61.48620916356061,,3,,,-61.48620916356061,15,0.06666666666666667,-0.020042455203723945
15,2.5,0.005,0.05,0.03,12,False,0.001,0,-17.462595557657103,,3,,,-17.462595557657103,15,0.2,-0.014221945931976074
15,2.5,0.005,0.05,0.03,12,False,0.002,0,-18.775589998513983,,3,,,-18.775589998513983,15,0.2,-0.015274801677575552
15,2.5,0.005,0.05,0.03,12,False,0.003,0,-20.089885820929464,,3,,,-20.089885820929464,15,0.2,-0.01632739529579633
15,2.5,0.005,0.05,0.03,12,True,0.001,0,-25.519899998669,,3,,,-25.519899998669,15,0.2,-0.017228817077651337
15,2.5,0.005,0.05,0.03,12,True,0.002,0,-27.549457568724616,,3,,,-27.549457568724616,15,0.2,-0.018414966811823367
15,2.5,0.005,0.05,0.03,12,True,0.003,0,-29.612863508067765,,3,,,-29.612863508067765,15,0.2,-0.019600309737025066
15,2.5,0.005,0.05,0.03,24,False,0.001,0,-18.837390234931775,,3,,,-18.837390234931775,15,0.2,-0.01547899999999999
15,2.5,0.005,0.05,0.03,24,False,0.002,0,-20.057404559470744,,3,,,-20.057404559470744,15,0.2,-0.01646499999999996
15,2.5,0.005,0.05,0.03,24,False,0.003,0,-21.279867482677645,,3,,,-21.279867482677645,15,0.2,-0.01745099999999997
15,2.5,0.005,0.05,0.03,24,True,0.001,0,-24.94474299767496,,3,,,-24.94474299767496,15,0.2,-0.016896837938499446
15,2.5,0.005,0.05,0.03,24,True,0.002,0,-26.97240687889614,,3,,,-26.97240687889614,15,0.2,-0.018083650970139673
15,2.5,0.005,0.05,0.03,24,True,0.003,0,-29.03551398353082,,3,,,-29.03551398353082,15,0.2,-0.019269655870841524
15,2.5,0.005,0.05,0.03,48,False,0.001,0,-18.837390234931775,,3,,,-18.837390234931775,15,0.2,-0.01547899999999999
15,2.5,0.005,0.05,0.03,48,False,0.002,0,-20.057404559470744,,3,,,-20.057404559470744,15,0.2,-0.01646499999999996
15,2.5,0.005,0.05,0.03,48,False,0.003,0,-21.279867482677645,,3,,,-21.279867482677645,15,0.2,-0.01745099999999997
15,2.5,0.005,0.05,0.03,48,True,0.001,0,-24.94474299767496,,3,,,-24.94474299767496,15,0.2,-0.016896837938499446
15,2.5,0.005,0.05,0.03,48,True,0.002,0,-26.97240687889614,,3,,,-26.97240687889614,15,0.2,-0.018083650970139673
15,2.5,0.005,0.05,0.03,48,True,0.003,0,-29.03551398353082,,3,,,-29.03551398353082,15,0.2,-0.019269655870841524
15,2.5,0.005,0.08,0.02,12,False,0.001,0,-23.04451759583575,,3,,,-23.04451759583575,15,0.13333333333333333,-0.012921948890047493
15,2.5,0.005,0.08,0.02,12,False,0.002,0,-25.492830749508357,,3,,,-25.492830749508357,15,0.13333333333333333,-0.014049042939820323
15,2.5,0.005,0.08,0.02,12,False,0.003,0,-46.883583736176995,,3,,,-46.883583736176995,15,0.06666666666666667,-0.019178792449531135
15,2.5,0.005,0.08,0.02,12,True,0.001,0,-23.08752905387239,,3,,,-23.08752905387239,15,0.13333333333333333,-0.013008705588325823
15,2.5,0.005,0.08,0.02,12,True,0.002,0,-25.51858826400576,,3,,,-25.51858826400576,15,0.13333333333333333,-0.014135626297392784
15,2.5,0.005,0.08,0.02,12,True,0.003,0,-61.48620916356061,,3,,,-61.48620916356061,15,0.06666666666666667,-0.020042455203723945
15,2.5,0.005,0.08,0.02,24,False,0.001,0,-23.126390024426698,,3,,,-23.126390024426698,15,0.06666666666666667,-0.014813333333333302
15,2.5,0.005,0.08,0.02,24,False,0.002,0,-24.69149021931586,,3,,,-24.69149021931586,15,0.06666666666666667,-0.015799999999999956
15,2.5,0.005,0.08,0.02,24,False,0.003,0,-911062467.408639,,3,,,-911062467.408639,15,0.0,-0.023429999999999958
15,2.5,0.005,0.08,0.02,24,True,0.001,0,-23.08752905387239,,3,,,-23.08752905387239,15,0.13333333333333333,-0.013008705588325823
15,2.5,0.005,0.08,0.02,24,True,0.002,0,-25.51858826400576,,3,,,-25.51858826400576,15,0.13333333333333333,-0.014135626297392784
15,2.5,0.005,0.08,0.02,24,True,0.003,0,-61.48620916356061,,3,,,-61.48620916356061,15,0.06666666666666667,-0.020042455203723945
15,2.5,0.005,0.08,0.02,48,False,0.001,0,-23.126390024426698,,3,,,-23.126390024426698,15,0.06666666666666667,-0.014813333333333302
15,2.5,0.005,0.08,0.02,48,False,0.002,0,-24.69149021931586,,3,,,-24.69149021931586,15,0.06666666666666667,-0.015799999999999956
15,2.5,0.005,0.08,0.02,48,False,0.003,0,-911062467.408639,,3,,,-911062467.408639,15,0.0,-0.023429999999999958
15,2.5,0.005,0.08,0.02,48,True,0.001,0,-23.08752905387239,,3,,,-23.08752905387239,15,0.13333333333333333,-0.013008705588325823
15,2.5,0.005,0.08,0.02,48,True,0.002,0,-25.51858826400576,,3,,,-25.51858826400576,15,0.13333333333333333,-0.014135626297392784
15,2.5,0.005,0.08,0.02,48,True,0.003,0,-61.48620916356061,,3,,,-61.48620916356061,15,0.06666666666666667,-0.020042455203723945
15,2.5,0.005,0.08,0.03,12,False,0.001,0,-17.562381195019427,,3,,,-17.562381195019427,15,0.2,-0.014309777427141871
15,2.5,0.005,0.08,0.03,12,False,0.002,0,-19.383492601558356,,3,,,-19.383492601558356,15,0.2,-0.015571410303034983
15,2.5,0.005,0.08,0.03,12,False,0.003,0,-21.254002292697397,,3,,,-21.254002292697397,15,0.2,-0.01683194641850438
15,2.5,0.005,0.08,0.03,12,True,0.001,0,-24.479612129152734,,3,,,-24.479612129152734,15,0.2,-0.016958586787982892
15,2.5,0.005,0.08,0.03,12,True,0.002,0,-26.72369681614931,,3,,,-26.72369681614931,15,0.2,-0.018214927317654252
15,2.5,0.005,0.08,0.03,12,True,0.003,0,-29.03746875437628,,3,,,-29.03746875437628,15,0.2,-0.019470181634677126
15,2.5,0.005,0.08,0.03,24,False,0.001,0,-17.507173665950667,,3,,,-17.507173665950667,15,0.13333333333333333,-0.016810333333333323
15,2.5,0.005,0.08,0.03,24,False,0.002,0,-18.55123691786787,,3,,,-18.55123691786787,15,0.13333333333333333,-0.017794999999999957
15,2.5,0.005,0.08,0.03,24,False,0.003,0,-19.59739563034489,,3,,,-19.59739563034489,15,0.13333333333333333,-0.018779666666666625
15,2.5,0.005,0.08,0.03,24,True,0.001,0,-23.927354267482443,,3,,,-23.927354267482443,15,0.2,-0.016626607648831
15,2.5,0.005,0.08,0.03,24,True,0.002,0,-26.164140161687197,,3,,,-26.164140161687197,15,0.2,-0.01788361147597056
15,2.5,0.005,0.08,0.03,24,True,0.003,0,-28.47180895438487,,3,,,-28.47180895438487,15,0.2,-0.019139527768493588
15,2.5,0.005,0.08,0.03,48,False,0.001,0,-17.507173665950667,,3,,,-17.507173665950667,15,0.13333333333333333,-0.016810333333333323
15,2.5,0.005,0.08,0.03,48,False,0.002,0,-18.55123691786787,,3,,,-18.55123691786787,15,0.13333333333333333,-0.017794999999999957
15,2.5,0.005,0.08,0.03,48,False,0.003,0,-19.59739563034489,,3,,,-19.59739563034489,15,0.13333333333333333,-0.018779666666666625
15,2.5,0.005,0.08,0.03,48,True,0.001,0,-23.927354267482443,,3,,,-23.927354267482443,15,0.2,-0.016626607648831
15,2.5,0.005,0.08,0.03,48,True,0.002,0,-26.164140161687197,,3,,,-26.164140161687197,15,0.2,-0.01788361147597056
15,2.5,0.005,0.08,0.03,48,True,0.003,0,-28.47180895438487,,3,,,-28.47180895438487,15,0.2,-0.019139527768493588
15,2.5,0.005,0.1,0.02,12,False,0.001,0,-23.04451759583575,,3,,,-23.04451759583575,15,0.13333333333333333,-0.012921948890047493
15,2.5,0.005,0.1,0.02,12,False,0.002,0,-25.492830749508357,,3,,,-25.492830749508357,15,0.13333333333333333,-0.014049042939820323
15,2.5,0.005,0.1,0.02,12,False,0.003,0,-46.883583736176995,,3,,,-46.883583736176995,15,0.06666666666666667,-0.019178792449531135
15,2.5,0.005,0.1,0.02,12,True,0.001,0,-23.08752905387239,,3,,,-23.08752905387239,15,0.13333333333333333,-0.013008705588325823
15,2.5,0.005,0.1,0.02,12,True,0.002,0,-25.51858826400576,,3,,,-25.51858826400576,15,0.13333333333333333,-0.014135626297392784
15,2.5,0.005,0.1,0.02,12,True,0.003,0,-61.48620916356061,,3,,,-61.48620916356061,15,0.06666666666666667,-0.020042455203723945
15,2.5,0.005,0.1,0.02,24,False,0.001,0,-834848983.6933573,,3,,,-834848983.6933573,15,0.0,-0.021469999999999972
15,2.5,0.005,0.1,0.02,24,False,0.002,0,-872955727.5289758,,3,,,-872955727.5289758,15,0.0,-0.022449999999999973
15,2.5,0.005,0.1,0.02,24,False,0.003,0,-911062467.408639,,3,,,-911062467.408639,15,0.0,-0.023429999999999958
15,2.5,0.005,0.1,0.02,24,True,0.001,0,-23.08752905387239,,3,,,-23.08752905387239,15,0.13333333333333333,-0.013008705588325823
15,2.5,0.005,0.1,0.02,24,True,0.002,0,-25.51858826400576,,3,,,-25.51858826400576,15,0.13333333333333333,-0.014135626297392784
15,2.5,0.005,0.1,0.02,24,True,0.003,0,-61.48620916356061,,3,,,-61.48620916356061,15,0.06666666666666667,-0.020042455203723945
15,2.5,0.005,0.1,0.02,48,False,0.001,0,-834848983.6933573,,3,,,-834848983.6933573,15,0.0,-0.021469999999999972
15,2.5,0.005,0.1,0.02,48,False,0.002,0,-872955727.5289758,,3,,,-872955727.5289758,15,0.0,-0.022449999999999973
15,2.5,0.005,0.1,0.02,48,False,0.003,0,-911062467.408639,,3,,,-911062467.408639,15,0.0,-0.023429999999999958
15,2.5,0.005,0.1,0.02,48,True,0.001,0,-23.08752905387239,,3,,,-23.08752905387239,15,0.13333333333333333,-0.013008705588325823
15,2.5,0.005,0.1,0.02,48,True,0.002,0,-25.51858826400576,,3,,,-25.51858826400576,15,0.13333333333333333,-0.014135626297392784
15,2.5,0.005,0.1,0.02,48,True,0.003,0,-61.48620916356061,,3,,,-61.48620916356061,15,0.06666666666666667,-0.020042455203723945
15,2.5,0.005,0.1,0.03,12,False,0.001,0,-17.562381195019427,,3,,,-17.562381195019427,15,0.2,-0.014309777427141871
15,2.5,0.005,0.1,0.03,12,False,0.002,0,-19.383492601558356,,3,,,-19.383492601558356,15,0.2,-0.015571410303034983
15,2.5,0.005,0.1,0.03,12,False,0.003,0,-21.254002292697397,,3,,,-21.254002292697397,15,0.2,-0.01683194641850438
15,2.5,0.005,0.1,0.03,12,True,0.001,0,-24.479612129152734,,3,,,-24.479612129152734,15,0.2,-0.016958586787982892
15,2.5,0.005,0.1,0.03,12,True,0.002,0,-26.72369681614931,,3,,,-26.72369681614931,15,0.2,-0.018214927317654252
15,2.5,0.005,0.1,0.03,12,True,0.003,0,-29.03746875437628,,3,,,-29.03746875437628,15,0.2,-0.019470181634677126
15,2.5,0.005,0.1,0.03,24,False,0.001,0,-27.382427436957876,,3,,,-27.382427436957876,15,0.06666666666666667,-0.02280133333333333
15,2.5,0.005,0.1,0.03,24,False,0.002,0,-28.58635067482972,,3,,,-28.58635067482972,15,0.06666666666666667,-0.023779999999999957
15,2.5,0.005,0.1,0.03,24,False,0.003,0,-29.792690216165013,,3,,,-29.792690216165013,15,0.06666666666666667,-0.02475866666666662
15,2.5,0.005,0.1,0.03,24,True,0.001,0,-23.927354267482443,,3,,,-23.927354267482443,15,0.2,-0.016626607648831
15,2.5,0.005,0.1,0.03,24,True,0.002,0,-26.164140161687197,,3,,,-26.164140161687197,15,0.2,-0.01788361147597056
15,2.5,0.005,0.1,0.03,24,True,0.003,0,-28.47180895438487,,3,,,-28.47180895438487,15,0.2,-0.019139527768493588
15,2.5,0.005,0.1,0.03,48,False,0.001,0,-27.382427436957876,,3,,,-27.382427436957876,15,0.06666666666666667,-0.02280133333333333
15,2.5,0.005,0.1,0.03,48,False,0.002,0,-28.58635067482972,,3,,,-28.58635067482972,15,0.06666666666666667,-0.023779999999999957
15,2.5,0.005,0.1,0.03,48,False,0.003,0,-29.792690216165013,,3,,,-29.792690216165013,15,0.06666666666666667,-0.02475866666666662
15,2.5,0.005,0.1,0.03,48,True,0.001,0,-23.927354267482443,,3,,,-23.927354267482443,15,0.2,-0.016626607648831
15,2.5,0.005,0.1,0.03,48,True,0.002,0,-26.164140161687197,,3,,,-26.164140161687197,15,0.2,-0.01788361147597056
15,2.5,0.005,0.1,0.03,48,True,0.003,0,-28.47180895438487,,3,,,-28.47180895438487,15,0.2,-0.019139527768493588
15,2.5,0.005,0.15,0.02,12,False,0.001,0,-23.04451759583575,,3,,,-23.04451759583575,15,0.13333333333333333,-0.012921948890047493
15,2.5,0.005,0.15,0.02,12,False,0.002,0,-25.492830749508357,,3,,,-25.492830749508357,15,0.13333333333333333,-0.014049042939820323
15,2.5,0.005,0.15,0.02,12,False,0.003,0,-46.883583736176995,,3,,,-46.883583736176995,15,0.06666666666666667,-0.019178792449531135
15,2.5,0.005,0.15,0.02,12,True,0.001,0,-23.08752905387239,,3,,,-23.08752905387239,15,0.13333333333333333,-0.013008705588325823
15,2.5,0.005,0.15,0.02,12,True,0.002,0,-25.51858826400576,,3,,,-25.51858826400576,15,0.13333333333333333,-0.014135626297392784
15,2.5,0.005,0.15,0.02,12,True,0.003,0,-61.48620916356061,,3,,,-61.48620916356061,15,0.06666666666666667,-0.020042455203723945
15,2.5,0.005,0.15,0.02,24,False,0.001,0,-834848983.6933573,,3,,,-834848983.6933573,15,0.0,-0.021469999999999972
15,2.5,0.005,0.15,0.02,24,False,0.002,0,-872955727.5289758,,3,,,-872955727.5289758,15,0.0,-0.022449999999999973
15,2.5,0.005,0.15,0.02,24,False,0.003,0,-911062467.408639,,3,,,-911062467.408639,15,0.0,-0.023429999999999958
15,2.5,0.005,0.15,0.02,24,True,0.001,0,-23.08752905387239,,3,,,-23.08752905387239,15,0.13333333333333333,-0.013008705588325823
15,2.5,0.005,0.15,0.02,24,True,0.002,0,-25.51858826400576,,3,,,-25.51858826400576,15,0.13333333333333333,-0.014135626297392784
15,2.5,0.005,0.15,0.02,24,True,0.003,0,-61.48620916356061,,3,,,-61.48620916356061,15,0.06666666666666667,-0.020042455203723945
15,2.5,0.005,0.15,0.02,48,False,0.001,0,-834848983.6933573,,3,,,-834848983.6933573,15,0.0,-0.021469999999999972
15,2.5,0.005,0.15,0.02,48,False,0.002,0,-872955727.5289758,,3,,,-872955727.5289758,15,0.0,-0.022449999999999973
15,2.5,0.005,0.15,0.02,48,False,0.003,0,-911062467.408639,,3,,,-911062467.408639,15,0.0,-0.023429999999999958
15,2.5,0.005,0.15,0.02,48,True,0.001,0,-23.08752905387239,,3,,,-23.08752905387239,15,0.13333333333333333,-0.013008705588325823
15,2.5,0.005,0.15,0.02,48,True,0.002,0,-25.51858826400576,,3,,,-25.51858826400576,15,0.13333333333333333,-0.014135626297392784
15,2.5,0.005,0.15,0.02,48,True,0.003,0,-61.48620916356061,,3,,,-61.48620916356061,15,0.06666666666666667,-0.020042455203723945
15,2.5,0.005,0.15,0.03,12,False,0.001,0,-17.562381195019427,,3,,,-17.562381195019427,15,0.2,-0.014309777427141871
15,2.5,0.005,0.15,0.03,12,False,0.002,0,-19.383492601558356,,3,,,-19.383492601558356,15,0.2,-0.015571410303034983
15,2.5,0.005,0.15,0.03,12,False,0.003,0,-21.254002292697397,,3,,,-21.254002292697397,15,0.2,-0.01683194641850438
15,2.5,0.005,0.15,0.03,12,True,0.001,0,-24.479612129152734,,3,,,-24.479612129152734,15,0.2,-0.016958586787982892
15,2.5,0.005,0.15,0.03,12,True,0.002,0,-26.72369681614931,,3,,,-26.72369681614931,15,0.2,-0.018214927317654252
15,2.5,0.005,0.15,0.03,12,True,0.003,0,-29.03746875437628,,3,,,-29.03746875437628,15,0.2,-0.019470181634677126
15,2.5,0.005,0.15,0.03,24,False,0.001,0,-16.8894464814587,,3,,,-16.8894464814587,15,0.06666666666666667,-0.019473000000000008
15,2.5,0.005,0.15,0.03,24,False,0.002,0,-17.758946605401018,,3,,,-17.758946605401018,15,0.06666666666666667,-0.020454999999999984
15,2.5,0.005,0.15,0.03,24,False,0.003,0,-18.630191837430647,,3,,,-18.630191837430647,15,0.06666666666666667,-0.02143699999999997
15,2.5,0.005,0.15,0.03,24,True,0.001,0,-23.927354267482443,,3,,,-23.927354267482443,15,0.2,-0.016626607648831
15,2.5,0.005,0.15,0.03,24,True,0.002,0,-26.164140161687197,,3,,,-26.164140161687197,15,0.2,-0.01788361147597056
15,2.5,0.005,0.15,0.03,24,True,0.003,0,-28.47180895438487,,3,,,-28.47180895438487,15,0.2,-0.019139527768493588
15,2.5,0.005,0.15,0.03,48,False,0.001,0,-16.8894464814587,,3,,,-16.8894464814587,15,0.06666666666666667,-0.019473000000000008
15,2.5,0.005,0.15,0.03,48,False,0.002,0,-17.758946605401018,,3,,,-17.758946605401018,15,0.06666666666666667,-0.020454999999999984
15,2.5,0.005,0.15,0.03,48,False,0.003,0,-18.630191837430647,,3,,,-18.630191837430647,15,0.06666666666666667,-0.02143699999999997
15,2.5,0.005,0.15,0.03,48,True,0.001,0,-23.927354267482443,,3,,,-23.927354267482443,15,0.2,-0.016626607648831
15,2.5,0.005,0.15,0.03,48,True,0.002,0,-26.164140161687197,,3,,,-26.164140161687197,15,0.2,-0.01788361147597056
15,2.5,0.005,0.15,0.03,48,True,0.003,0,-28.47180895438487,,3,,,-28.47180895438487,15,0.2,-0.019139527768493588
15,2.5,0.01,0.05,0.02,12,False,0.001,0,,,1,,,,5,,
15,2.5,0.01,0.05,0.02,12,False,0.002,0,,,1,,,,5,,
15,2.5,0.01,0.05,0.02,12,False,0.003,0,,,1,,,,5,,
15,2.5,0.01,0.05,0.02,12,True,0.001,0,,,1,,,,5,,
15,2.5,0.01,0.05,0.02,12,True,0.002,0,,,1,,,,5,,
15,2.5,0.01,0.05,0.02,12,True,0.003,0,,,1,,,,5,,
15,2.5,0.01,0.05,0.02,24,False,0.001,0,,,1,,,,5,,
15,2.5,0.01,0.05,0.02,24,False,0.002,0,,,1,,,,5,,
15,2.5,0.01,0.05,0.02,24,False,0.003,0,,,1,,,,5,,
15,2.5,0.01,0.05,0.02,24,True,0.001,0,,,1,,,,5,,
15,2.5,0.01,0.05,0.02,24,True,0.002,0,,,1,,,,5,,
15,2.5,0.01,0.05,0.02,24,True,0.003,0,,,1,,,,5,,
15,2.5,0.01,0.05,0.02,48,False,0.001,0,,,1,,,,5,,
15,2.5,0.01,0.05,0.02,48,False,0.002,0,,,1,,,,5,,
15,2.5,0.01,0.05,0.02,48,False,0.003,0,,,1,,,,5,,
15,2.5,0.01,0.05,0.02,48,True,0.001,0,,,1,,,,5,,
15,2.5,0.01,0.05,0.02,48,True,0.002,0,,,1,,,,5,,
15,2.5,0.01,0.05,0.02,48,True,0.003,0,,,1,,,,5,,
15,2.5,0.01,0.05,0.03,12,False,0.001,0,,,1,,,,5,,
15,2.5,0.01,0.05,0.03,12,False,0.002,0,,,1,,,,5,,
15,2.5,0.01,0.05,0.03,12,False,0.003,0,,,1,,,,5,,
15,2.5,0.01,0.05,0.03,12,True,0.001,0,,,1,,,,5,,
15,2.5,0.01,0.05,0.03,12,True,0.002,0,,,1,,,,5,,
15,2.5,0.01,0.05,0.03,12,True,0.003,0,,,1,,,,5,,
15,2.5,0.01,0.05,0.03,24,False,0.001,0,,,1,,,,5,,
15,2.5,0.01,0.05,0.03,24,False,0.002,0,,,1,,,,5,,
15,2.5,0.01,0.05,0.03,24,False,0.003,0,,,1,,,,5,,
15,2.5,0.01,0.05,0.03,24,True,0.001,0,,,1,,,,5,,
15,2.5,0.01,0.05,0.03,24,True,0.002,0,,,1,,,,5,,
15,2.5,0.01,0.05,0.03,24,True,0.003,0,,,1,,,,5,,
15,2.5,0.01,0.05,0.03,48,False,0.001,0,,,1,,,,5,,
15,2.5,0.01,0.05,0.03,48,False,0.002,0,,,1,,,,5,,
15,2.5,0.01,0.05,0.03,48,False,0.003,0,,,1,,,,5,,
15,2.5,0.01,0.05,0.03,48,True,0.001,0,,,1,,,,5,,
15,2.5,0.01,0.05,0.03,48,True,0.002,0,,,1,,,,5,,
15,2.5,0.01,0.05,0.03,48,True,0.003,0,,,1,,,,5,,
15,2.5,0.01,0.08,0.02,12,False,0.001,0,,,1,,,,5,,
15,2.5,0.01,0.08,0.02,12,False,0.002,0,,,1,,,,5,,
15,2.5,0.01,0.08,0.02,12,False,0.003,0,,,1,,,,5,,
15,2.5,0.01,0.08,0.02,12,True,0.001,0,,,1,,,,5,,
15,2.5,0.01,0.08,0.02,12,True,0.002,0,,,1,,,,5,,
15,2.5,0.01,0.08,0.02,12,True,0.003,0,,,1,,,,5,,
15,2.5,0.01,0.08,0.02,24,False,0.001,0,,,1,,,,5,,
15,2.5,0.01,0.08,0.02,24,False,0.002,0,,,1,,,,5,,
15,2.5,0.01,0.08,0.02,24,False,0.003,0,,,1,,,,5,,
15,2.5,0.01,0.08,0.02,24,True,0.001,0,,,1,,,,5,,
15,2.5,0.01,0.08,0.02,24,True,0.002,0,,,1,,,,5,,
15,2.5,0.01,0.08,0.02,24,True,0.003,0,,,1,,,,5,,
15,2.5,0.01,0.08,0.02,48,False,0.001,0,,,1,,,,5,,
15,2.5,0.01,0.08,0.02,48,False,0.002,0,,,1,,,,5,,
15,2.5,0.01,0.08,0.02,48,False,0.003,0,,,1,,,,5,,
15,2.5,0.01,0.08,0.02,48,True,0.001,0,,,1,,,,5,,
15,2.5,0.01,0.08,0.02,48,True,0.002,0,,,1,,,,5,,
15,2.5,0.01,0.08,0.02,48,True,0.003,0,,,1,,,,5,,
15,2.5,0.01,0.08,0.03,12,False,0.001,0,,,1,,,,5,,
15,2.5,0.01,0.08,0.03,12,False,0.002,0,,,1,,,,5,,
15,2.5,0.01,0.08,0.03,12,False,0.003,0,,,1,,,,5,,
15,2.5,0.01,0.08,0.03,12,True,0.001,0,,,1,,,,5,,
15,2.5,0.01,0.08,0.03,12,True,0.002,0,,,1,,,,5,,
15,2.5,0.01,0.08,0.03,12,True,0.003,0,,,1,,,,5,,
15,2.5,0.01,0.08,0.03,24,False,0.001,0,,,1,,,,5,,
15,2.5,0.01,0.08,0.03,24,False,0.002,0,,,1,,,,5,,
15,2.5,0.01,0.08,0.03,24,False,0.003,0,,,1,,,,5,,
15,2.5,0.01,0.08,0.03,24,True,0.001,0,,,1,,,,5,,
15,2.5,0.01,0.08,0.03,24,True,0.002,0,,,1,,,,5,,
15,2.5,0.01,0.08,0.03,24,True,0.003,0,,,1,,,,5,,
15,2.5,0.01,0.08,0.03,48,False,0.001,0,,,1,,,,5,,
15,2.5,0.01,0.08,0.03,48,False,0.002,0,,,1,,,,5,,
15,2.5,0.01,0.08,0.03,48,False,0.003,0,,,1,,,,5,,
15,2.5,0.01,0.08,0.03,48,True,0.001,0,,,1,,,,5,,
15,2.5,0.01,0.08,0.03,48,True,0.002,0,,,1,,,,5,,
15,2.5,0.01,0.08,0.03,48,True,0.003,0,,,1,,,,5,,
15,2.5,0.01,0.1,0.02,12,False,0.001,0,,,1,,,,5,,
15,2.5,0.01,0.1,0.02,12,False,0.002,0,,,1,,,,5,,
15,2.5,0.01,0.1,0.02,12,False,0.003,0,,,1,,,,5,,
15,2.5,0.01,0.1,0.02,12,True,0.001,0,,,1,,,,5,,
15,2.5,0.01,0.1,0.02,12,True,0.002,0,,,1,,,,5,,
15,2.5,0.01,0.1,0.02,12,True,0.003,0,,,1,,,,5,,
15,2.5,0.01,0.1,0.02,24,False,0.001,0,,,1,,,,5,,
15,2.5,0.01,0.1,0.02,24,False,0.002,0,,,1,,,,5,,
15,2.5,0.01,0.1,0.02,24,False,0.003,0,,,1,,,,5,,
15,2.5,0.01,0.1,0.02,24,True,0.001,0,,,1,,,,5,,
15,2.5,0.01,0.1,0.02,24,True,0.002,0,,,1,,,,5,,
15,2.5,0.01,0.1,0.02,24,True,0.003,0,,,1,,,,5,,
15,2.5,0.01,0.1,0.02,48,False,0.001,0,,,1,,,,5,,
15,2.5,0.01,0.1,0.02,48,False,0.002,0,,,1,,,,5,,
15,2.5,0.01,0.1,0.02,48,False,0.003,0,,,1,,,,5,,
15,2.5,0.01,0.1,0.02,48,True,0.001,0,,,1,,,,5,,
15,2.5,0.01,0.1,0.02,48,True,0.002,0,,,1,,,,5,,
15,2.5,0.01,0.1,0.02,48,True,0.003,0,,,1,,,,5,,
15,2.5,0.01,0.1,0.03,12,False,0.001,0,,,1,,,,5,,
15,2.5,0.01,0.1,0.03,12,False,0.002,0,,,1,,,,5,,
15,2.5,0.01,0.1,0.03,12,False,0.003,0,,,1,,,,5,,
15,2.5,0.01,0.1,0.03,12,True,0.001,0,,,1,,,,5,,
15,2.5,0.01,0.1,0.03,12,True,0.002,0,,,1,,,,5,,
15,2.5,0.01,0.1,0.03,12,True,0.003,0,,,1,,,,5,,
15,2.5,0.01,0.1,0.03,24,False,0.001,0,,,1,,,,5,,
15,2.5,0.01,0.1,0.03,24,False,0.002,0,,,1,,,,5,,
15,2.5,0.01,0.1,0.03,24,False,0.003,0,,,1,,,,5,,
15,2.5,0.01,0.1,0.03,24,True,0.001,0,,,1,,,,5,,
15,2.5,0.01,0.1,0.03,24,True,0.002,0,,,1,,,,5,,
15,2.5,0.01,0.1,0.03,24,True,0.003,0,,,1,,,,5,,
15,2.5,0.01,0.1,0.03,48,False,0.001,0,,,1,,,,5,,
15,2.5,0.01,0.1,0.03,48,False,0.002,0,,,1,,,,5,,
15,2.5,0.01,0.1,0.03,48,False,0.003,0,,,1,,,,5,,
15,2.5,0.01,0.1,0.03,48,True,0.001,0,,,1,,,,5,,
15,2.5,0.01,0.1,0.03,48,True,0.002,0,,,1,,,,5,,
15,2.5,0.01,0.1,0.03,48,True,0.003,0,,,1,,,,5,,
15,2.5,0.01,0.15,0.02,12,False,0.001,0,,,1,,,,5,,
15,2.5,0.01,0.15,0.02,12,False,0.002,0,,,1,,,,5,,
15,2.5,0.01,0.15,0.02,12,False,0.003,0,,,1,,,,5,,
15,2.5,0.01,0.15,0.02,12,True,0.001,0,,,1,,,,5,,
15,2.5,0.01,0.15,0.02,12,True,0.002,0,,,1,,,,5,,
15,2.5,0.01,0.15,0.02,12,True,0.003,0,,,1,,,,5,,
15,2.5,0.01,0.15,0.02,24,False,0.001,0,,,1,,,,5,,
15,2.5,0.01,0.15,0.02,24,False,0.002,0,,,1,,,,5,,
15,2.5,0.01,0.15,0.02,24,False,0.003,0,,,1,,,,5,,
15,2.5,0.01,0.15,0.02,24,True,0.001,0,,,1,,,,5,,
15,2.5,0.01,0.15,0.02,24,True,0.002,0,,,1,,,,5,,
15,2.5,0.01,0.15,0.02,24,True,0.003,0,,,1,,,,5,,
15,2.5,0.01,0.15,0.02,48,False,0.001,0,,,1,,,,5,,
15,2.5,0.01,0.15,0.02,48,False,0.002,0,,,1,,,,5,,
15,2.5,0.01,0.15,0.02,48,False,0.003,0,,,1,,,,5,,
15,2.5,0.01,0.15,0.02,48,True,0.001,0,,,1,,,,5,,
15,2.5,0.01,0.15,0.02,48,True,0.002,0,,,1,,,,5,,
15,2.5,0.01,0.15,0.02,48,True,0.003,0,,,1,,,,5,,
15,2.5,0.01,0.15,0.03,12,False,0.001,0,,,1,,,,5,,
15,2.5,0.01,0.15,0.03,12,False,0.002,0,,,1,,,,5,,
15,2.5,0.01,0.15,0.03,12,False,0.003,0,,,1,,,,5,,
15,2.5,0.01,0.15,0.03,12,True,0.001,0,,,1,,,,5,,
15,2.5,0.01,0.15,0.03,12,True,0.002,0,,,1,,,,5,,
15,2.5,0.01,0.15,0.03,12,True,0.003,0,,,1,,,,5,,
15,2.5,0.01,0.15,0.03,24,False,0.001,0,,,1,,,,5,,
15,2.5,0.01,0.15,0.03,24,False,0.002,0,,,1,,,,5,,
15,2.5,0.01,0.15,0.03,24,False,0.003,0,,,1,,,,5,,
15,2.5,0.01,0.15,0.03,24,True,0.001,0,,,1,,,,5,,
15,2.5,0.01,0.15,0.03,24,True,0.002,0,,,1,,,,5,,
15,2.5,0.01,0.15,0.03,24,True,0.003,0,,,1,,,,5,,
15,2.5,0.01,0.15,0.03,48,False,0.001,0,,,1,,,,5,,
15,2.5,0.01,0.15,0.03,48,False,0.002,0,,,1,,,,5,,
15,2.5,0.01,0.15,0.03,48,False,0.003,0,,,1,,,,5,,
15,2.5,0.01,0.15,0.03,48,True,0.001,0,,,1,,,,5,,
15,2.5,0.01,0.15,0.03,48,True,0.002,0,,,1,,,,5,,
15,2.5,0.01,0.15,0.03,48,True,0.003,0,,,1,,,,5,,
20,2.0,0.0,0.05,0.02,12,False,0.001,0,-2.7737110246284704,-1.2011730001835208,65,0.3230769230769231,-0.0009413237993305698,-4.34624904907342,79,0.2911392405063291,-0.0032871120965969076
20,2.0,0.0,0.05,0.02,12,False,0.002,0,-6.884937656024328,-4.902221962215032,65,0.27692307692307694,-0.0037545147409839335,-8.867653349833624,79,0.26582278481012656,-0.006357591833582908
20,2.0,0.0,0.05,0.02,12,False,0.003,0,-10.279755643121902,-6.731690918427383,66,0.2727272727272727,-0.005113547275627152,-13.827820367816422,80,0.2375,-0.009382848606506834
20,2.0,0.0,0.05,0.02,12,True,0.001,0,-3.444136533073693,-2.0923224756143433,65,0.35384615384615387,-0.0014943358610766148,-4.795950590533042,79,0.3037974683544304,-0.0034693810522722535
20,2.0,0.0,0.05,0.02,12,True,0.002,0,-6.926282178263776,-5.870451065745051,65,0.3230769230769231,-0.004101584981719466,-7.9821132907825,79,0.2911392405063291,-0.005587770332412462
20,2.0,0.0,0.05,0.02,12,True,0.003,0,-9.870018845716427,-7.493377485015571,66,0.3333333333333333,-0.005159743927637498,-12.246660206417282,80,0.2625,-0.008260665117655011
20,2.0,0.0,0.05,0.02,24,False,0.001,0,-2.6986524250576744,-0.8766213816012429,64,0.296875,-0.0007199218749999385,-4.520683468514106,78,0.2564102564102564,-0.003548205128205085
20,2.0,0.0,0.05,0.02,24,False,0.002,0,-6.125226661547917,-3.8751655797239004,65,0.27692307692307694,-0.0031138461538461125,-8.375287743371935,78,0.23076923076923078,-0.006336538461538421
20,2.0,0.0,0.05,0.02,24,False,0.003,0,-10.187821826368792,-6.1571377554644116,65,0.26153846153846155,-0.004841263263914096,-14.218505897273172,79,0.189873417721519,-0.009989055989153965
20,2.0,0.0,0.05,0.02,24,True,0.001,0,-3.251349728392429,-1.8102545352859236,65,0.35384615384615387,-0.0013065728378564652,-4.692444921498934,79,0.3037974683544304,-0.003400013279967743
20,2.0,0.0,0.05,0.02,24,True,0.002,0,-6.690597885375486,-5.511650307672694,65,0.3230769230769231,-0.00389812383245767,-7.869545463078278,79,0.2911392405063291,-0.005518541157574835
20,2.0,0.0,0.05,0.02,24,True,0.003,0,-9.816207081047313,-7.510039680100736,66,0.3333333333333333,-0.005168802220510986,-12.122374481993889,80,0.2625,-0.008192437899726117
20,2.0,0.0,0.05,0.02,48,False,0.001,0,-2.6986524250576744,-0.8766213816012429,64,0.296875,-0.0007199218749999385,-4.520683468514106,78,0.2564102564102564,-0.003548205128205085
20,2.0,0.0,0.05,0.02,48,False,0.002,0,-6.125226661547917,-3.8751655797239004,65,0.27692307692307694,-0.0031138461538461125,-8.375287743371935,78,0.23076923076923078,-0.006336538461538421
20,2.0,0.0,0.05,0.02,48,False,0.003,0,-10.527644792861693,-6.578600837040918,65,0.26153846153846155,-0.005186384615384571,-14.476688748682468,79,0.189873417721519,-0.010185379746835407
20,2.0,0.0,0.05,0.02,48,True,0.001,0,-3.251349728392429,-1.8102545352859236,65,0.35384615384615387,-0.0013065728378564652,-4.692444921498934,79,0.3037974683544304,-0.003400013279967743
20,2.0,0.0,0.05,0.02,48,True,0.002,0,-6.690597885375486,-5.511650307672694,65,0.3230769230769231,-0.00389812383245767,-7.869545463078278,79,0.2911392405063291,-0.005518541157574835
20,2.0,0.0,0.05,0.02,48,True,0.003,0,-9.816207081047313,-7.510039680100736,66,0.3333333333333333,-0.005168802220510986,-12.122374481993889,80,0.2625,-0.008192437899726117
20,2.0,0.0,0.05,0.03,12,False,0.001,0,-3.40063597647249,-3.021147184652348,62,0.3870967741935484,-0.0027926862444973407,-3.780124768292632,75,0.38666666666666666,-0.0034045128326743385
20,2.0,0.0,0.05,0.03,12,False,0.002,0,-6.461459448415428,-4.758650363318292,62,0.3709677419354839,-0.004331039699734225,-8.164268533512564,75,0.36,-0.007072605921674366
20,2.0,0.0,0.05,0.03,12,False,0.003,0,-9.012342991904056,-7.595892387306809,62,0.3548387096774194,-0.006794654901886552,-10.428793596501304,75,0.36,-0.008845807028221983
20,2.0,0.0,0.05,0.03,12,True,0.001,0,-3.864246559699601,-3.80627185231449,63,0.42857142857142855,-0.0032239041197441084,-3.9222212670847116,75,0.4,-0.003415672573397907
20,2.0,0.0,0.05,0.03,12,True,0.002,0,-6.261391654680509,-5.678625718648984,63,0.42857142857142855,-0.004732590058662635,-6.844157590712034,75,0.38666666666666666,-0.005827518108051597
20,2.0,0.0,0.05,0.03,12,True,0.003,0,-8.693388790782183,-8.97139401440013,63,0.4126984126984127,-0.007301206071256099,-8.415383567164238,75,0.38666666666666666,-0.007108714339071427
20,2.0,0.0,0.05,0.03,24,False,0.001,0,-3.167464339072967,-3.073010880984935,60,0.35,-0.0029973124948483505,-3.2619177971609994,72,0.3611111111111111,-0.0031412376178327826
20,2.0,0.0,0.05,0.03,24,False,0.002,0,-4.836218344852064,-4.117904853953136,60,0.35,-0.004012396910134956,-5.554531835750993,72,0.3472222222222222,-0.005289823538352991
20,2.0,0.0,0.05,0.03,24,False,0.003,0,-7.303410284171877,-7.051399580033025,59,0.3220338983050847,-0.006699864668925786,-7.555420988310728,72,0.3194444444444444,-0.00708220624998777
20,2.0,0.0,0.05,0.03,24,True,0.001,0,-3.589942519782618,-3.7410799203095526,63,0.42857142857142855,-0.0032058927466689273,-3.4388051192556834,75,0.4266666666666667,-0.0030240211087009146
20,2.0,0.0,0.05,0.03,24,True,0.002,0,-5.801697322586119,-5.549589190806102,63,0.42857142857142855,-0.0046827110980843115,-6.053805454366136,75,0.4,-0.005229729487413159
20,2.0,0.0,0.05,0.03,24,True,0.003,0,-8.361496535417345,-9.135665138077785,63,0.4126984126984127,-0.007455127795092765,-7.587327932756905,75,0.4,-0.006499276995970413
20,2.0,0.0,0.05,0.03,48,False,0.001,0,-3.106762501226836,-3.5689688693348227,60,0.35,-0.003496999999999938,-2.6445561331188485,72,0.3611111111111111,-0.0026094444444443783
20,2.0,0.0,0.05,0.03,48,False,0.002,0,-4.7098004353230305,-4.592106888507289,60,0.35,-0.0044949999999999634,-4.827493982138771,72,0.3472222222222222,-0.004716666666666621
20,2.0,0.0,0.05,0.03,48,False,0.003,0,-8.177951497464722,-8.061379069380735,59,0.3220338983050847,-0.007722457627118599,-8.29452392554871,72,0.3194444444444444,-0.00792888888888884
20,2.0,0.0,0.05,0.03,48,True,0.001,0,-3.589942519782618,-3.7410799203095526,63,0.42857142857142855,-0.0032058927466689273,-3.4388051192556834,75,0.4266666666666667,-0.0030240211087009146
20,2.0,0.0,0.05,0.03,48,True,0.002,0,-5.801697322586119,-5.549589190806102,63,0.42857142857142855,-0.0046827110980843115,-6.053805454366136,75,0.4,-0.005229729487413159
20,2.0,0.0,0.05,0.03,48,True,0.003,0,-8.361496535417345,-9.135665138077785,63,0.4126984126984127,-0.007455127795092765,-7.587327932756905,75,0.4,-0.006499276995970413
20,2.0,0.0,0.08,0.02,12,False,0.001,0,-3.2349639395057475,1.3079856956082632,65,0.3076923076923077,0.0012413092492434717,-7.777913574619758,79,0.26582278481012656,-0.005749014852644541
20,2.0,0.0,0.08,0.02,12,False,0.002,0,-6.028211202636942,-1.371497831426067,65,0.26153846153846155,-0.0012949425118034628,-10.684924573847816,79,0.25316455696202533,-0.007709714784379918
20,2.0,0.0,0.08,0.02,12,False,0.003,0,-8.747432173148436,-2.9470564965654766,66,0.25757575757575757,-0.0027562644046952396,-14.547807849731397,80,0.225,-0.010171317748175134
20,2.0,0.0,0.08,0.02,12,True,0.001,0,-2.7685720481301646,-0.3425082255992797,65,0.3384615384615385,-0.00028381169761339053,-5.19463587066105,79,0.2911392405063291,-0.0038836199307103365
20,2.0,0.0,0.08,0.02,12,True,0.002,0,-5.768064199050574,-3.3387204282208467,65,0.3076923076923077,-0.0027429120998124037,-8.197407969880302,79,0.27848101265822783,-0.005954227929315557
20,2.0,0.0,0.08,0.02,12,True,0.003,0,-8.929294498840303,-4.784114167053003,66,0.3181818181818182,-0.0038705212033154964,-13.074474830627604,80,0.25,-0.008928037507219263
20,2.0,0.0,0.08,0.02,24,False,0.001,0,-1.7275277420603614,1.9273311496369618,63,0.2698412698412698,0.0020133807359504242,-5.382386633757685,77,0.19480519480519481,-0.004909634927504231
20,2.0,0.0,0.08,0.02,24,False,0.002,0,-4.624759936134906,-0.9699470743062069,64,0.25,-0.0009790610531240865,-8.279572797963604,77,0.16883116883116883,-0.007267281750865108
20,2.0,0.0,0.08,0.02,24,False,0.003,0,-8.316633660347478,-2.368547865362822,65,0.23076923076923078,-0.0023731768070415662,-14.264719455332132,78,0.1282051282051282,-0.011385342823105264
20,2.0,0.0,0.08,0.02,24,True,0.001,0,-2.7238528943245885,-0.353766535774699,65,0.3384615384615385,-0.0002930462133662735,-5.0939392528744785,79,0.2911392405063291,-0.003814252158405826
20,2.0,0.0,0.08,0.02,24,True,0.002,0,-5.719915525252597,-3.351046128617353,65,0.3076923076923077,-0.002752128164915242,-8.088784921887841,79,0.27848101265822783,-0.0058849987544779304
20,2.0,0.0,0.08,0.02,24,True,0.003,0,-8.873242998711445,-4.796876483415034,66,0.3181818181818182,-0.0038795794961889846,-12.949609514007856,80,0.25,-0.00885981028929037
20,2.0,0.0,0.08,0.02,48,False,0.001,0,-2.9419065166078013,1.0029043325123423,62,0.22580645161290322,0.0010767741935484485,-6.886717365727945,74,0.16216216216216217,-0.006286896621022572
20,2.0,0.0,0.08,0.02,48,False,0.002,0,-6.6425820141883145,-3.4248922564491533,63,0.19047619047619047,-0.0034499999999999583,-9.860271771927476,74,0.14864864864864866,-0.00864359204479568
20,2.0,0.0,0.08,0.02,48,False,0.003,0,-10.265623326510497,-4.744382308107356,64,0.1875,-0.004745624999999951,-15.786864344913637,75,0.10666666666666667,-0.012491963676541845
20,2.0,0.0,0.08,0.02,48,True,0.001,0,-2.7238528943245885,-0.353766535774699,65,0.3384615384615385,-0.0002930462133662735,-5.0939392528744785,79,0.2911392405063291,-0.003814252158405826
20,2.0,0.0,0.08,0.02,48,True,0.002,0,-5.719915525252597,-3.351046128617353,65,0.3076923076923077,-0.002752128164915242,-8.088784921887841,79,0.27848101265822783,-0.0058849987544779304
20,2.0,0.0,0.08,0.02,48,True,0.003,0,-8.873242998711445,-4.796876483415034,66,0.3181818181818182,-0.0038795794961889846,-12.949609514007856,80,0.25,-0.00885981028929037
20,2.0,0.0,0.08,0.03,12,False,0.001,0,-3.6405960532785135,-0.16600214878883388,62,0.3709677419354839,-0.00018234514518584513,-7.115189957768194,75,0.36,-0.006367210936252578
20,2.0,0.0,0.08,0.03,12,False,0.002,0,-5.43540845761563,-1.308158823690552,62,0.3548387096774194,-0.0014306817175288914,-9.562658091540708,75,0.3466666666666667,-0.008454708654780136
20,2.0,0.0,0.08,0.03,12,False,0.003,0,-7.683424229456726,-4.187111100044083,62,0.3387096774193548,-0.004446015071539677,-11.17973735886937,75,0.3466666666666667,-0.009787853914232075
20,2.0,0.0,0.08,0.03,12,True,0.001,0,-3.179447738738742,-2.2015113788617056,63,0.4126984126984127,-0.0020998620566875506,-4.157384098615778,75,0.38666666666666666,-0.0037813579535276175
20,2.0,0.0,0.08,0.03,12,True,0.002,0,-5.061913407985031,-3.6710688218992504,63,0.4126984126984127,-0.0034721880486381133,-6.4527579940708115,75,0.37333333333333335,-0.005807808673819906
20,2.0,0.0,0.08,0.03,12,True,0.003,0,-7.381020710708514,-6.588123734732908,63,0.3968253968253968,-0.006108766391807654,-8.173917686684119,75,0.37333333333333335,-0.007244531118616028
20,2.0,0.0,0.08,0.03,24,False,0.001,0,-1.4520578906730215,0.5950528300613651,59,0.3220338983050847,0.0007288853673554561,-3.499168611407408,72,0.3055555555555556,-0.003890976057768707
20,2.0,0.0,0.08,0.03,24,False,0.002,0,-2.6386858577186336,-0.293891229207894,59,0.3220338983050847,-0.00035938511878035815,-4.983480486229373,72,0.2916666666666667,-0.005539030177662147
20,2.0,0.0,0.08,0.03,24,False,0.003,0,-4.3962368013397946,-2.7683753795859296,59,0.288135593220339,-0.0033119708144959256,-6.0240982230936595,72,0.2777777777777778,-0.006676808756269913
20,2.0,0.0,0.08,0.03,24,True,0.001,0,-2.70566296991874,-2.389117202542751,63,0.4126984126984127,-0.0022851021127115287,-3.0222087372947284,75,0.41333333333333333,-0.0028325260781888674
20,2.0,0.0,0.08,0.03,24,True,0.002,0,-4.533246273268427,-3.8405255567876124,63,0.4126984126984127,-0.0036417379600233043,-5.225966989749241,75,0.38666666666666666,-0.004848003745635728
20,2.0,0.0,0.08,0.03,24,True,0.003,0,-6.803112555351923,-6.739042539118985,63,0.3968253968253968,-0.00626268811564432,-6.867182571584862,75,0.38666666666666666,-0.006273800783597746
20,2.0,0.0,0.08,0.03,48,False,0.001,0,-4.062449783929268,-0.4917316038085933,57,0.2807017543859649,-0.0006241228070174824,-7.633167964049943,69,0.21739130434782608,-0.00865971521674883
20,2.0,0.0,0.08,0.03,48,False,0.002,0,-4.905981992775345,-1.2815825887176433,57,0.2807017543859649,-0.0016249999999999496,-8.530381396833047,69,0.21739130434782608,-0.009667040743693909
20,2.0,0.0,0.08,0.03,48,False,0.003,0,-6.546993924069067,-3.6645562415114488,57,0.2631578947368421,-0.004548947368421008,-9.429431606626686,69,0.2028985507246377,-0.010674308344067211
20,2.0,0.0,0.08,0.03,48,True,0.001,0,-2.70566296991874,-2.389117202542751,63,0.4126984126984127,-0.0022851021127115287,-3.0222087372947284,75,0.41333333333333333,-0.0028325260781888674
20,2.0,0.0,0.08,0.03,48,True,0.002,0,-4.533246273268427,-3.8405255567876124,63,0.4126984126984127,-0.0036417379600233043,-5.225966989749241,75,0.38666666666666666,-0.004848003745635728
20,2.0,0.0,0.08,0.03,48,True,0.003,0,-6.803112555351923,-6.739042539118985,63,0.3968253968253968,-0.00626268811564432,-6.867182571584862,75,0.38666666666666666,-0.006273800783597746
20,2.0,0.0,0.1,0.02,12,False,0.001,0,-1.5045534446332112,3.227446400209553,65,0.3076923076923077,0.0034760130410247878,-6.236553289475975,79,0.26582278481012656,-0.004990660422264794
20,2.0,0.0,0.1,0.02,12,False,0.002,0,-4.002052746683119,0.8577377933740483,65,0.26153846153846155,0.0009212130672051124,-8.861843286740285,79,0.25316455696202533,-0.006952119847671061
20,2.0,0.0,0.1,0.02,12,False,0.003,0,-6.445495442075075,-0.5562330457425059,66,0.25757575757575757,-0.0005918899312793427,-12.334757838407645,80,0.225,-0.009423942748175134
20,2.0,0.0,0.1,0.02,12,True,0.001,0,-1.6908038898474582,1.3463767546542857,65,0.3384615384615385,0.0012523421485404562,-4.727984534349202,79,0.2911392405063291,-0.003630835120583756
20,2.0,0.0,0.1,0.02,12,True,0.002,0,-4.467014068846358,-1.3058975866721336,65,0.3076923076923077,-0.0012082967151970166,-7.628130551020582,79,0.27848101265822783,-0.0057016962837459365
20,2.0,0.0,0.1,0.02,12,True,0.003,0,-7.445043031171586,-2.586680958124597,66,0.3181818181818182,-0.002360672718467006,-12.303405104218577,80,0.25,-0.008678912507219265
20,2.0,0.0,0.1,0.02,24,False,0.001,0,0.02675814219439676,3.9148272799277635,63,0.2698412698412698,0.004674817788591447,-3.86131099553897,77,0.18181818181818182,-0.003957302742711625
20,2.0,0.0,0.1,0.02,24,False,0.002,0,-2.8156509067534072,1.127251816729875,64,0.25,0.0012936764907706894,-6.7585536302366895,77,0.15584415584415584,-0.006603079947594964
20,2.0,0.0,0.1,0.02,24,False,0.003,0,-5.36369049748904,-0.14916847617074303,65,0.23076923076923078,-0.00016981907426445852,-10.578212518807337,78,0.1282051282051282,-0.009735905114042258
20,2.0,0.0,0.1,0.02,24,True,0.001,0,-1.6470764921568892,1.3367760724667743,65,0.3384615384615385,0.0012431076327875732,-4.630929056780553,79,0.2911392405063291,-0.0035614673482792453
20,2.0,0.0,0.1,0.02,24,True,0.002,0,-4.420079380523707,-1.3161867022744755,65,0.3076923076923077,-0.001217512780299854,-7.523972058772938,79,0.27848101265822783,-0.00563246710890831
20,2.0,0.0,0.1,0.02,24,True,0.003,0,-7.391100805121389,-2.597244549144072,66,0.3181818181818182,-0.002369731011340495,-12.184957061098705,80,0.25,-0.008610685289290371
20,2.0,0.0,0.1,0.02,48,False,0.001,0,-0.5192674038582219,3.652121741111443,61,0.22950819672131148,0.0045383328245274844,-4.690656548827887,74,0.14864864864864866,-0.004937572296698243
20,2.0,0.0,0.1,0.02,48,False,0.002,0,-4.057674005238818,-0.5921753427696278,62,0.1935483870967742,-0.000687472415572365,-7.523172667708009,74,0.13513513513513514,-0.007565213666417307
20,2.0,0.0,0.1,0.02,48,False,0.003,0,-6.3592524538984065,-1.7954859173206963,63,0.19047619047619047,-0.002067680467441963,-10.923018990476116,75,0.10666666666666667,-0.010366097009875182
20,2.0,0.0,0.1,0.02,48,True,0.001,0,-1.6470764921568892,1.3367760724667743,65,0.3384615384615385,0.0012431076327875732,-4.630929056780553,79,0.2911392405063291,-0.0035614673482792453
20,2.0,0.0,0.1,0.02,48,True,0.002,0,-4.420079380523707,-1.3161867022744755,65,0.3076923076923077,-0.001217512780299854,-7.523972058772938,79,0.27848101265822783,-0.00563246710890831
20,2.0,0.0,0.1,0.02,48,True,0.003,0,-7.391100805121389,-2.597244549144072,66,0.3181818181818182,-0.002369731011340495,-12.184957061098705,80,0.25,-0.008610685289290371
20,2.0,0.0,0.1,0.03,12,False,0.001,0,-1.7368239782986126,2.014065068087815,62,0.3709677419354839,0.0024825862494236013,-5.48771302468504,75,0.36,-0.005302144269585911
20,2.0,0.0,0.1,0.03,12,False,0.002,0,-3.367208777175864,0.989075928473233,62,0.3548387096774194,0.0012144813894962299,-7.723493482824961,75,0.3466666666666667,-0.007390708654780139
20,2.0,0.0,0.1,0.03,12,False,0.003,0,-5.499694783157937,-1.8060368754401237,62,0.3387096774193548,-0.0021420035353227535,-9.19335269087575,75,0.3466666666666667,-0.00872492058089874
20,2.0,0.0,0.1,0.03,12,True,0.001,0,-2.1514705655250403,-0.4914733261040285,63,0.4126984126984127,-0.0005149414217669152,-3.811467804946052,75,0.38666666666666666,-0.0035305572172897315
20,2.0,0.0,0.1,0.03,12,True,0.002,0,-3.947829217232861,-1.8150459725936055,63,0.4126984126984127,-0.0018888547153047797,-6.080612461872117,75,0.37333333333333335,-0.005571571882724151
20,2.0,0.0,0.1,0.03,12,True,0.003,0,-6.065030378754324,-4.415355084058955,63,0.3968253968253968,-0.004527020360061617,-7.714705673449692,75,0.37333333333333335,-0.006978797785282696
20,2.0,0.0,0.1,0.03,24,False,0.001,0,0.40390591730588543,2.7875013294667137,59,0.3220338983050847,0.00383240502123914,-1.9796894948549428,72,0.2916666666666667,-0.0024564680268099504
20,2.0,0.0,0.1,0.03,24,False,0.002,0,-0.6951653543758571,1.9471894366683973,59,0.3220338983050847,0.0026687887391295363,-3.3375201454201116,72,0.2777777777777778,-0.0041359949158315795
20,2.0,0.0,0.1,0.03,24,False,0.003,0,-2.406732719014906,-0.5175071640575348,59,0.288135593220339,-0.0006898730325581851,-4.2959582739722775,72,0.2638888888888889,-0.005305126238118326
20,2.0,0.0,0.1,0.03,24,True,0.001,0,-1.6873666472064976,-0.666626705824785,63,0.4126984126984127,-0.0007001814777908935,-2.7081065885882105,75,0.41333333333333333,-0.002581725341950981
20,2.0,0.0,0.1,0.03,24,True,0.002,0,-3.4312911293685207,-1.9734850500689864,63,0.4126984126984127,-0.00205840462668997,-4.889097208668055,75,0.38666666666666666,-0.004611766954539972
20,2.0,0.0,0.1,0.03,24,True,0.003,0,-5.504260324650941,-4.556442038762209,63,0.3968253968253968,-0.004680942083898283,-6.452078610539674,75,0.38666666666666666,-0.006008067450264414
20,2.0,0.0,0.1,0.03,48,False,0.001,0,-1.1148527026895416,2.7483830485474865,56,0.2857142857142857,0.004007648255288868,-4.97808845392657,69,0.2028985507246377,-0.00648906304283578
20,2.0,0.0,0.1,0.03,48,False,0.002,0,-1.8672834468364004,2.0240429021616935,56,0.2857142857142857,0.002945116490424022,-5.758609795834494,69,0.2028985507246377,-0.00749856248282435
20,2.0,0.0,0.1,0.03,48,False,0.003,0,-3.422005269990529,-0.3033091608664527,56,0.26785714285714285,-0.0004304910083424231,-6.540701379114605,69,0.18840579710144928,-0.008508003996241128
20,2.0,0.0,0.1,0.03,48,True,0.001,0,-1.6873666472064976,-0.666626705824785,63,0.4126984126984127,-0.0007001814777908935,-2.7081065885882105,75,0.41333333333333333,-0.002581725341950981
20,2.0,0.0,0.1,0.03,48,True,0.002,0,-3.4312911293685207,-1.9734850500689864,63,0.4126984126984127,-0.00205840462668997,-4.889097208668055,75,0.38666666666666666,-0.004611766954539972
20,2.0,0.0,0.1,0.03,48,True,0.003,0,-5.504260324650941,-4.556442038762209,63,0.3968253968253968,-0.004680942083898283,-6.452078610539674,75,0.38666666666666666,-0.006008067450264414
20,2.0,0.0,0.15,0.02,12,False,0.001,0,-0.5711143264189795,4.695534510163765,65,0.3076923076923077,0.005918011165882152,-5.837763163001724,79,0.26582278481012656,-0.004855920430355781
20,2.0,0.0,0.15,0.02,12,False,0.002,0,-2.8890428024849375,2.6216246318696372,65,0.26153846153846155,0.0032940389432809737,-8.399710236839512,79,0.25316455696202533,-0.006844728520809201
20,2.0,0.0,0.15,0.02,12,False,0.003,0,-5.217550002872765,1.349386530821165,66,0.25757575757575757,0.0016771224551663784,-11.784486536566696,80,0.225,-0.009344793231876787
20,2.0,0.0,0.15,0.02,12,True,0.001,0,-1.9018459393113143,0.34027225277895573,65,0.3384615384615385,0.0002980598136155051,-4.143964131401584,79,0.2911392405063291,-0.0033105870016586336
20,2.0,0.0,0.15,0.02,12,True,0.002,0,-4.766889850389493,-2.597360713503194,65,0.3076923076923077,-0.0022448657477142793,-6.9364189872757915,79,0.27848101265822783,-0.005395942627595698
20,2.0,0.0,0.15,0.02,12,True,0.003,0,-7.745564699428827,-4.091223151688519,66,0.3181818181818182,-0.0034622484891036033,-11.399906247169135,80,0.25,-0.008391238122954935
20,2.0,0.0,0.15,0.02,24,False,0.001,1,2.9342034951080187,7.234864688699718,63,0.2698412698412698,0.01128081184977993,-1.36645769848368,77,0.18181818181818182,-0.0016622997061021669
20,2.0,0.0,0.15,0.02,24,False,0.002,0,-0.3997218070879365,4.691119947498144,64,0.25,0.006959075910336004,-5.490563561674017,77,0.15584415584415584,-0.005860545002619299
20,2.0,0.0,0.15,0.02,24,False,0.003,0,-3.248429855293433,3.6403373717573344,65,0.23076923076923078,0.0053522068921602215,-10.137197082344201,78,0.1282051282051282,-0.009697243577409746
20,2.0,0.0,0.15,0.02,24,True,0.001,0,-1.7385704556089183,0.5746481690821809,65,0.3384615384615385,0.0005086813777670491,-4.051789080300018,79,0.2911392405063291,-0.0032412192293541234
20,2.0,0.0,0.15,0.02,24,True,0.002,0,-4.583319836423274,-2.328738118074861,65,0.3076923076923077,-0.002034665007445244,-6.837901554771688,79,0.27848101265822783,-0.005326713452758072
20,2.0,0.0,0.15,0.02,24,True,0.003,0,-7.547078417400179,-3.8051593239719845,66,0.3181818181818182,-0.003255646230294184,-11.288997510828374,80,0.25,-0.00832301090502604
20,2.0,0.0,0.15,0.02,48,False,0.001,1,1.099098371167228,5.968993951142115,60,0.21666666666666667,0.009535393717641947,-3.7707972088076587,73,0.136986301369863,-0.004611216953511676
20,2.0,0.0,0.15,0.02,48,False,0.002,0,-2.734997412239191,2.491964153099484,60,0.18333333333333332,0.0037483964298061223,-7.961958977577867,73,0.1232876712328767,-0.008606481025094346
20,2.0,0.0,0.15,0.02,48,False,0.003,0,-5.545718190802201,1.516169173675069,61,0.18032786885245902,0.002261706768116171,-12.60760555527947,74,0.0945945945945946,-0.012146727434417796
20,2.0,0.0,0.15,0.02,48,True,0.001,0,-1.7385704556089183,0.5746481690821809,65,0.3384615384615385,0.0005086813777670491,-4.051789080300018,79,0.2911392405063291,-0.0032412192293541234
20,2.0,0.0,0.15,0.02,48,True,0.002,0,-4.583319836423274,-2.328738118074861,65,0.3076923076923077,-0.002034665007445244,-6.837901554771688,79,0.27848101265822783,-0.005326713452758072
20,2.0,0.0,0.15,0.02,48,True,0.003,0,-7.547078417400179,-3.8051593239719845,66,0.3181818181818182,-0.003255646230294184,-11.288997510828374,80,0.25,-0.00832301090502604
20,2.0,0.0,0.15,0.03,12,False,0.001,0,-0.8134516794011231,3.5706027870418495,62,0.3709677419354839,0.005008526918880181,-5.197506145844096,75,0.36,-0.005164388243746891
20,2.0,0.0,0.15,0.03,12,False,0.002,0,-2.406678799727113,2.6166467857237317,62,0.3548387096774194,0.003650317688044995,-7.430004385177957,75,0.3466666666666667,-0.007296345073769647
20,2.0,0.0,0.15,0.03,12,False,0.003,0,-4.362833126083993,0.2009831415324337,62,0.3387096774193548,0.0002733967470226891,-8.926649393700421,75,0.3466666666666667,-0.00867377659812351
20,2.0,0.0,0.15,0.03,12,True,0.001,0,-2.426427192545203,-1.5037055726301218,63,0.4126984126984127,-0.0014995184339910723,-3.349148812460284,75,0.38666666666666666,-0.003193229198688602
20,2.0,0.0,0.15,0.03,12,True,0.002,0,-4.286967360931444,-3.004632562744505,63,0.4126984126984127,-0.0029583307012352885,-5.569302159118383,75,0.37333333333333335,-0.005249511364912566
20,2.0,0.0,0.15,0.03,12,True,0.003,0,-6.539803410844008,-5.904999334833168,63,0.3968253968253968,-0.00568105211977615,-7.174607486854847,75,0.37333333333333335,-0.0066719451087340785
20,2.0,0.0,0.15,0.03,24,False,0.001,1,3.050743820474707,6.317499150185814,59,0.3220338983050847,0.010886263086575993,-0.2160115092363997,72,0.2916666666666667,-0.00030218840683397883
20,2.0,0.0,0.15,0.03,24,False,0.002,1,1.7031003600185879,5.623944453030543,59,0.3220338983050847,0.009659645736624109,-2.217743732993367,72,0.2777777777777778,-0.002979088897163439
20,2.0,0.0,0.15,0.03,24,False,0.003,0,0.04462382639731999,3.2628589186068724,59,0.288135593220339,0.005393714896553754,-3.1736112658122324,72,0.2638888888888889,-0.004238800577041383
20,2.0,0.0,0.15,0.03,24,True,0.001,0,-1.8683395409584902,-1.4453409877469765,63,0.4126984126984127,-0.0014579228520184187,-2.291338094170004,75,0.41333333333333333,-0.002244397323349852
20,2.0,0.0,0.15,0.03,24,True,0.002,0,-3.6711035826824823,-2.9135632440584964,63,0.4126984126984127,-0.0029014981943796562,-4.428643921306468,75,0.38666666666666666,-0.004289706436728387
20,2.0,0.0,0.15,0.03,24,True,0.003,0,-5.864524059900594,-5.762951351050418,63,0.3968253968253968,-0.005609043741849768,-5.966096768750771,75,0.38666666666666666,-0.005701214773715796
20,2.0,0.0,0.15,0.03,48,False,0.001,0,1.062916063382673,4.255305046309217,54,0.25925925925925924,0.007582576900987148,-2.1294729195438706,66,0.19696969696969696,-0.0033978474465389515
20,2.0,0.0,0.15,0.03,48,False,0.002,0,-0.015411184902063058,3.27417440989555,54,0.25925925925925924,0.005707838893243165,-3.304996779699676,66,0.19696969696969696,-0.005142747367534177
20,2.0,0.0,0.15,0.03,48,False,0.003,0,-1.9270080625957031,0.7542521628127619,54,0.24074074074074073,0.0012594367586559328,-4.608268288004168,66,0.18181818181818182,-0.006966208144445844
20,2.0,0.0,0.15,0.03,48,True,0.001,0,-1.8683395409584902,-1.4453409877469765,63,0.4126984126984127,-0.0014579228520184187,-2.291338094170004,75,0.41333333333333333,-0.002244397323349852
20,2.0,0.0,0.15,0.03,48,True,0.002,0,-3.6711035826824823,-2.9135632440584964,63,0.4126984126984127,-0.0029014981943796562,-4.428643921306468,75,0.38666666666666666,-0.004289706436728387
20,2.0,0.0,0.15,0.03,48,True,0.003,0,-5.864524059900594,-5.762951351050418,63,0.3968253968253968,-0.005609043741849768,-5.966096768750771,75,0.38666666666666666,-0.005701214773715796
20,2.0,0.005,0.05,0.02,12,False,0.001,0,-12.424032849937635,-14.286744172514732,44,0.18181818181818182,-0.00943563870656066,-10.561321527360537,54,0.2222222222222222,-0.007396094023515119
20,2.0,0.005,0.05,0.02,12,False,0.002,0,-16.16982378590456,-19.49272721932847,44,0.1590909090909091,-0.012061440729138244,-12.846920352480646,54,0.2222222222222222,-0.008779394053188637
20,2.0,0.005,0.05,0.02,12,False,0.003,0,-20.618112430916533,-21.26415861385693,44,0.1590909090909091,-0.013098532938833894,-19.97206624797613,54,0.18518518518518517,-0.012425330958637711
20,2.0,0.005,0.05,0.02,12,True,0.001,0,-13.112802835585933,-15.013766777585198,44,0.20454545454545456,-0.009448916286448367,-11.211838893586668,54,0.24074074074074073,-0.007456258985817109
20,2.0,0.005,0.05,0.02,12,True,0.002,0,-17.00519248442752,-20.74466221054871,44,0.18181818181818182,-0.012120598037379996,-13.26572275830633,54,0.24074074074074073,-0.008682111665796221
20,2.0,0.005,0.05,0.02,12,True,0.003,0,-20.904019879209947,-22.755825153659643,44,0.18181818181818182,-0.013203386585111804,-19.05221460476025,54,0.2037037037037037,-0.011733079849616298
20,2.0,0.005,0.05,0.02,24,False,0.001,0,-11.313957632983723,-12.638060779636154,44,0.18181818181818182,-0.008761818181818148,-9.989854486331291,54,0.2037037037037037,-0.0072321296296295875
20,2.0,0.005,0.05,0.02,24,False,0.002,0,-14.321222954916895,-17.26781374036191,44,0.1590909090909091,-0.011341477272727244,-11.374632169471878,54,0.2037037037037037,-0.008226388888888858
20,2.0,0.005,0.05,0.02,24,False,0.003,0,-20.938230108174466,-21.75174958657667,44,0.13636363636363635,-0.013408116185327655,-20.12471062977226,54,0.14814814814814814,-0.01280871153968822
20,2.0,0.005,0.05,0.02,24,True,0.001,0,-12.629114386228533,-14.236547580363258,44,0.20454545454545456,-0.009171539093054964,-11.021681192093807,54,0.24074074074074073,-0.0073547765041123625
20,2.0,0.005,0.05,0.02,24,True,0.002,0,-16.351486683717617,-19.636249657760153,44,0.18181818181818182,-0.011820030430515972,-13.066723709675085,54,0.24074074074074073,-0.008580831947052284
20,2.0,0.005,0.05,0.02,24,True,0.003,0,-20.809774424372,-22.80665152575119,44,0.18181818181818182,-0.013216974024422035,-18.81289732299281,54,0.2037037037037037,-0.011632002489721639
20,2.0,0.005,0.05,0.02,48,False,0.001,0,-11.313957632983723,-12.638060779636154,44,0.18181818181818182,-0.008761818181818148,-9.989854486331291,54,0.2037037037037037,-0.0072321296296295875
20,2.0,0.005,0.05,0.02,48,False,0.002,0,-14.321222954916895,-17.26781374036191,44,0.1590909090909091,-0.011341477272727244,-11.374632169471878,54,0.2037037037037037,-0.008226388888888858
20,2.0,0.005,0.05,0.02,48,False,0.003,0,-21.57885169175203,-22.607950893431404,44,0.13636363636363635,-0.013917954545454492,-20.549752490072652,54,0.14814814814814814,-0.01309592592592588
20,2.0,0.005,0.05,0.02,48,True,0.001,0,-12.629114386228533,-14.236547580363258,44,0.20454545454545456,-0.009171539093054964,-11.021681192093807,54,0.24074074074074073,-0.0073547765041123625
20,2.0,0.005,0.05,0.02,48,True,0.002,0,-16.351486683717617,-19.636249657760153,44,0.18181818181818182,-0.011820030430515972,-13.066723709675085,54,0.24074074074074073,-0.008580831947052284
20,2.0,0.005,0.05,0.02,48,True,0.003,0,-20.809774424372,-22.80665152575119,44,0.18181818181818182,-0.013216974024422035,-18.81289732299281,54,0.2037037037037037,-0.011632002489721639
20,2.0,0.005,0.05,0.03,12,False,0.001,0,-8.98650461871289,-11.388299063167322,43,0.27906976744186046,-0.010000414474317446,-6.5847101742584595,53,0.33962264150943394,-0.005840715900095281
20,2.0,0.005,0.05,0.03,12,False,0.002,0,-11.437356333504397,-12.668031791508586,43,0.27906976744186046,-0.011086402786199169,-10.206680875500208,54,0.3148148148148148,-0.008836932445712462
20,2.0,0.005,0.05,0.03,12,False,0.003,0,-14.738062867873913,-16.61285043329389,43,0.2558139534883721,-0.014025966954795806,-12.863275302453935,54,0.3148148148148148,-0.010817432809818235
20,2.0,0.005,0.05,0.03,12,True,0.001,0,-9.680735894659094,-11.459653070698515,43,0.3023255813953488,-0.00975789538805563,-7.901818718619674,53,0.3584905660377358,-0.006572371433916161
20,2.0,0.005,0.05,0.03,12,True,0.002,0,-12.072717118326791,-12.848504243055531,43,0.3023255813953488,-0.01089111070158159,-11.29692999359805,54,0.3333333333333333,-0.00924792956660591
20,2.0,0.005,0.05,0.03,12,True,0.003,0,-14.977838743544922,-17.023454581695482,43,0.27906976744186046,-0.013877714121457064,-12.932222905394363,54,0.3333333333333333,-0.01050366702438428
20,2.0,0.005,0.05,0.03,24,False,0.001,0,-8.972589390185911,-11.555907346273633,43,0.2558139534883721,-0.010323343016067509,-6.389271434098189,53,0.33962264150943394,-0.00598413350504279
20,2.0,0.005,0.05,0.03,24,False,0.002,0,-11.256469367845487,-12.706078014978122,43,0.2558139534883721,-0.011337646851351113,-9.806860720712853,54,0.3148148148148148,-0.008965703865463236
20,2.0,0.005,0.05,0.03,24,False,0.003,0,-15.37565065266751,-18.406791518540977,43,0.20930232558139536,-0.015306325941084248,-12.344509786794042,54,0.2777777777777778,-0.011000728981102296
20,2.0,0.005,0.05,0.03,24,True,0.001,0,-9.094145001453679,-11.236164095963785,43,0.3023255813953488,-0.00973150663215478,-6.952125906943573,53,0.39622641509433965,-0.0058837401959056426
20,2.0,0.005,0.05,0.03,24,True,0.002,0,-11.402839411488825,-12.536413001500724,43,0.3023255813953488,-0.010818032224455211,-10.269265821476926,54,0.37037037037037035,-0.008555527799070805
20,2.0,0.005,0.05,0.03,24,True,0.003,0,-14.55748870222482,-17.257083949444418,43,0.27906976744186046,-0.014103227344752644,-11.857893455005224,54,0.37037037037037035,-0.009794811028277213
20,2.0,0.005,0.05,0.03,48,False,0.001,0,-8.820432588248712,-12.295309270946586,43,0.2558139534883721,-0.011020581395348795,-5.34555590555084,53,0.33962264150943394,-0.0051076086190082245
20,2.0,0.005,0.05,0.03,48,False,0.002,0,-11.034171854318771,-13.41377336426137,43,0.2558139534883721,-0.012011046511627866,-8.65457034437617,54,0.3148148148148148,-0.008087782330550701
20,2.0,0.005,0.05,0.03,48,False,0.003,0,-16.41361249275697,-19.390574400615584,42,0.21428571428571427,-0.016312142857142824,-13.43665058489836,54,0.2777777777777778,-0.012053300462014008
20,2.0,0.005,0.05,0.03,48,True,0.001,0,-9.094145001453679,-11.236164095963785,43,0.3023255813953488,-0.00973150663215478,-6.952125906943573,53,0.39622641509433965,-0.0058837401959056426
20,2.0,0.005,0.05,0.03,48,True,0.002,0,-11.402839411488825,-12.536413001500724,43,0.3023255813953488,-0.010818032224455211,-10.269265821476926,54,0.37037037037037035,-0.008555527799070805
20,2.0,0.005,0.05,0.03,48,True,0.003,0,-14.55748870222482,-17.257083949444418,43,0.27906976744186046,-0.014103227344752644,-11.857893455005224,54,0.37037037037037035,-0.009794811028277213
20,2.0,0.005,0.08,0.02,12,False,0.001,0,-12.852158584168263,-12.19701968144705,44,0.1590909090909091,-0.009249361507631336,-13.507297486889476,54,0.2037037037037037,-0.00925063079567309
20,2.0,0.005,0.08,0.02,12,False,0.002,0,-14.539377554348535,-13.713141646866175,44,0.1590909090909091,-0.010335640848708909,-15.365613461830895,54,0.2037037037037037,-0.010413878683096168
20,2.0,0.005,0.08,0.02,12,False,0.003,0,-17.759292069282992,-15.245997251052632,44,0.1590909090909091,-0.011421544400910782,-20.272586887513356,54,0.16666666666666666,-0.01315450642396775
20,2.0,0.005,0.08,0.02,12,True,0.001,0,-11.869638654027163,-13.627825931417084,44,0.18181818181818182,-0.009538729445879243,-10.111451376637245,54,0.2222222222222222,-0.007362912236459362
20,2.0,0.005,0.08,0.02,12,True,0.002,0,-13.653668002373323,-15.38393794761299,44,0.18181818181818182,-0.010671015301749055,-11.923398057133653,54,0.2222222222222222,-0.008567889686535194
20,2.0,0.005,0.08,0.02,12,True,0.003,0,-17.691968465352694,-17.16900916441497,44,0.18181818181818182,-0.01180274036685654,-18.21492776629042,54,0.18518518518518517,-0.011995507966466368
20,2.0,0.005,0.08,0.02,24,False,0.001,0,-10.034683985665145,-9.657654767976476,44,0.1590909090909091,-0.008097050007100046,-10.411713203353814,54,0.12962962962962962,-0.008681427678643982
20,2.0,0.005,0.08,0.02,24,False,0.002,0,-11.29847159956128,-10.923556369121034,44,0.1590909090909091,-0.009136785610831553,-11.673386830001526,54,0.12962962962962962,-0.009712038940705773
20,2.0,0.005,0.08,0.02,24,False,0.003,0,-16.314535062240903,-12.194673315593787,44,0.13636363636363635,-0.010176336027872603,-20.434396808888017,54,0.09259259259259259,-0.014433239879338363
20,2.0,0.005,0.08,0.02,24,True,0.001,0,-11.801343425624657,-13.658757134770882,44,0.18181818181818182,-0.009552371344150547,-9.943929716478431,54,0.2222222222222222,-0.007261429754754615
20,2.0,0.005,0.08,0.02,24,True,0.002,0,-13.583013969626721,-15.416417825553383,44,0.18181818181818182,-0.01068462994337825,-11.74961011370006,54,0.2222222222222222,-0.008466609967791259
20,2.0,0.005,0.08,0.02,24,True,0.003,0,-17.60042120907089,-17.20304110635614,44,0.18181818181818182,-0.011816327806166775,-17.997801311785643,54,0.18518518518518517,-0.011894430606571709
20,2.0,0.005,0.08,0.02,48,False,0.001,0,-11.941238686930264,-11.977767970445646,43,0.11627906976744186,-0.009859534883720891,-11.904709403414882,53,0.1320754716981132,-0.009690761319918327
20,2.0,0.005,0.08,0.02,48,False,0.002,0,-13.179158893338855,-13.195653760859011,43,0.11627906976744186,-0.010851162790697647,-13.1626640258187,53,0.1320754716981132,-0.010701430402167575
20,2.0,0.005,0.08,0.02,48,False,0.003,0,-18.60854728442871,-14.415983877920167,43,0.11627906976744186,-0.01184279069767437,-22.801110690937254,53,0.07547169811320754,-0.015472401429068656
20,2.0,0.005,0.08,0.02,48,True,0.001,0,-11.801343425624657,-13.658757134770882,44,0.18181818181818182,-0.009552371344150547,-9.943929716478431,54,0.2222222222222222,-0.007261429754754615
20,2.0,0.005,0.08,0.02,48,True,0.002,0,-13.583013969626721,-15.416417825553383,44,0.18181818181818182,-0.01068462994337825,-11.74961011370006,54,0.2222222222222222,-0.008466609967791259
20,2.0,0.005,0.08,0.02,48,True,0.003,0,-17.60042120907089,-17.20304110635614,44,0.18181818181818182,-0.011816327806166775,-17.997801311785643,54,0.18518518518518517,-0.011894430606571709
20,2.0,0.005,0.08,0.03,12,False,0.001,0,-8.963916448882502,-10.019694226138933,43,0.23255813953488372,-0.010025812087278879,-7.908138671626072,53,0.32075471698113206,-0.0072344390524016365
20,2.0,0.005,0.08,0.03,12,False,0.002,0,-11.194497668432804,-11.226827646638768,43,0.23255813953488372,-0.011183020315046983,-11.162167690226841,54,0.2962962962962963,-0.010024092451953185
20,2.0,0.005,0.08,0.03,12,False,0.003,0,-14.362497254159113,-16.00549597405628,43,0.20930232558139536,-0.014888752258470965,-12.719498534261945,54,0.2962962962962963,-0.011318183991172081
20,2.0,0.005,0.08,0.03,12,True,0.001,0,-8.832469787782237,-10.900491009119095,43,0.27906976744186046,-0.00996347347923324,-6.764448566445378,53,0.33962264150943394,-0.0061748879968145385
20,2.0,0.005,0.08,0.03,12,True,0.002,0,-11.1230500604456,-12.396198546989966,43,0.27906976744186046,-0.011218224922777109,-9.849901573901231,54,0.3148148148148148,-0.008856503606556118
20,2.0,0.005,0.08,0.03,12,True,0.003,0,-14.037350646279988,-16.497786091867017,43,0.2558139534883721,-0.014326384559066959,-11.576915200692959,54,0.3148148148148148,-0.010251741844810456
20,2.0,0.005,0.08,0.03,24,False,0.001,0,-8.296141166948166,-9.762216217186818,43,0.20930232558139536,-0.010339743023332706,-6.8300661167095145,53,0.2641509433962264,-0.0073993247061962635
20,2.0,0.005,0.08,0.03,24,False,0.002,0,-9.859946322699773,-10.786730719814088,43,0.20930232558139536,-0.011401450732202039,-8.93316192558546,54,0.24074074074074073,-0.00961135547768134
20,2.0,0.005,0.08,0.03,24,False,0.003,0,-12.511334543029374,-15.055703825347209,43,0.16279069767441862,-0.015012062524153498,-9.966965260711541,54,0.2222222222222222,-0.01069792043976285
20,2.0,0.005,0.08,0.03,24,True,0.001,0,-8.204014455489173,-11.167127641622152,43,0.27906976744186046,-0.010234871700849768,-5.2409012693561925,53,0.37735849056603776,-0.004972943927239713
20,2.0,0.005,0.08,0.03,24,True,0.002,0,-10.415606171436664,-12.638769071505452,43,0.27906976744186046,-0.011466635258062387,-8.192443271367877,54,0.35185185185185186,-0.007661301411874147
20,2.0,0.005,0.08,0.03,24,True,0.003,0,-13.268757286273,-16.722232089820057,43,0.2558139534883721,-0.014551897782362539,-9.815282482725943,54,0.35185185185185186,-0.009041090026596069
20,2.0,0.005,0.08,0.03,48,False,0.001,0,-11.486057546832615,-11.951597717027695,41,0.17073170731707318,-0.012702682926829224,-11.020517376637535,52,0.19230769230769232,-0.011768468268378275
20,2.0,0.005,0.08,0.03,48,False,0.002,0,-12.656714779278941,-12.894827715057357,41,0.17073170731707318,-0.01369146341463411,-12.418601843500525,53,0.18867924528301888,-0.013148128515375097
20,2.0,0.005,0.08,0.03,48,False,0.003,0,-15.40169874053276,-17.417034222685842,41,0.14634146341463414,-0.017353780487804848,-13.386363258379678,53,0.16981132075471697,-0.014156269353596942
20,2.0,0.005,0.08,0.03,48,True,0.001,0,-8.204014455489173,-11.167127641622152,43,0.27906976744186046,-0.010234871700849768,-5.2409012693561925,53,0.37735849056603776,-0.004972943927239713
20,2.0,0.005,0.08,0.03,48,True,0.002,0,-10.415606171436664,-12.638769071505452,43,0.27906976744186046,-0.011466635258062387,-8.192443271367877,54,0.35185185185185186,-0.007661301411874147
20,2.0,0.005,0.08,0.03,48,True,0.003,0,-13.268757286273,-16.722232089820057,43,0.2558139534883721,-0.014551897782362539,-9.815282482725943,54,0.35185185185185186,-0.009041090026596069
20,2.0,0.005,0.1,0.02,12,False,0.001,0,-11.014537204226718,-10.697937365186451,44,0.1590909090909091,-0.008671276360681662,-11.331137043266985,54,0.2037037037037037,-0.008511001166043461
20,2.0,0.005,0.1,0.02,12,False,0.002,0,-12.574495565783467,-12.155662254089913,44,0.1590909090909091,-0.009782229197900788,-12.99332887747702,54,0.2037037037037037,-0.009674989794207282
20,2.0,0.005,0.1,0.02,12,False,0.003,0,-15.444787559998755,-13.632654630599955,44,0.1590909090909091,-0.01089270996351421,-17.256920489397555,54,0.16666666666666666,-0.012416358275819602
20,2.0,0.005,0.1,0.02,12,True,0.001,0,-10.142591776008421,-11.078771434295698,44,0.18181818181818182,-0.008631002173151969,-9.206412117721145,54,0.2222222222222222,-0.006993097421644546
20,2.0,0.005,0.1,0.02,12,True,0.002,0,-11.775546019848518,-12.625663407936978,44,0.18181818181818182,-0.009764197119930871,-10.925428631760058,54,0.2222222222222222,-0.008198445242090749
20,2.0,0.005,0.1,0.02,12,True,0.003,0,-15.473791720969297,-14.193021560270083,44,0.18181818181818182,-0.010896831275947446,-16.75456188166851,54,0.18518518518518517,-0.011626433892392296
20,2.0,0.005,0.1,0.02,24,False,0.001,0,-8.923460369904564,-8.027776616897023,44,0.1590909090909091,-0.00737486319499683,-9.819144122912105,54,0.1111111111111111,-0.008870984752294144
20,2.0,0.005,0.1,0.02,24,False,0.002,0,-10.116506278358976,-9.211421340910643,44,0.1590909090909091,-0.00843865565457354,-11.02159121580731,54,0.1111111111111111,-0.009921486050038376
20,2.0,0.005,0.1,0.02,24,False,0.003,0,-13.299475251478874,-10.400810377093956,44,0.13636363636363635,-0.009502169685549332,-16.198140125863794,54,0.09259259259259259,-0.01318620048808489
20,2.0,0.005,0.1,0.02,24,True,0.001,0,-10.076643557864788,-11.103639523705452,44,0.18181818181818182,-0.008644644071423275,-9.049647592024124,54,0.2222222222222222,-0.0068916149399397995
20,2.0,0.005,0.1,0.02,24,True,0.002,0,-11.707460168553013,-12.651579386098524,44,0.18181818181818182,-0.009777811761560064,-10.7633409510075,54,0.2222222222222222,-0.008097165523346814
20,2.0,0.005,0.1,0.02,24,True,0.003,0,-15.38849185534231,-14.219976409545065,44,0.18181818181818182,-0.01091041871525768,-16.557007301139553,54,0.18518518518518517,-0.011525356532497637
20,2.0,0.005,0.1,0.02,48,False,0.001,0,-10.317603736756315,-9.880548824107983,43,0.11627906976744186,-0.009002392470345781,-10.754658649404648,53,0.11320754716981132,-0.009690761319918327
20,2.0,0.005,0.1,0.02,48,False,0.002,0,-11.453505898522957,-11.016456090993682,43,0.11627906976744186,-0.010018872780849248,-11.890555706052233,53,0.11320754716981132,-0.010701430402167585
20,2.0,0.005,0.1,0.02,48,False,0.003,0,-14.666923584840632,-12.156186692960754,43,0.11627906976744186,-0.0110352572105007,-17.177660476720508,53,0.07547169811320754,-0.013968250485672438
20,2.0,0.005,0.1,0.02,48,True,0.001,0,-10.076643557864788,-11.103639523705452,44,0.18181818181818182,-0.008644644071423275,-9.049647592024124,54,0.2222222222222222,-0.0068916149399397995
20,2.0,0.005,0.1,0.02,48,True,0.002,0,-11.707460168553013,-12.651579386098524,44,0.18181818181818182,-0.009777811761560064,-10.7633409510075,54,0.2222222222222222,-0.008097165523346814
20,2.0,0.005,0.1,0.02,48,True,0.003,0,-15.38849185534231,-14.219976409545065,44,0.18181818181818182,-0.01091041871525768,-16.557007301139553,54,0.18518518518518517,-0.011525356532497637
20,2.0,0.005,0.1,0.03,12,False,0.001,0,-7.815465111543823,-9.461660525185925,43,0.23255813953488372,-0.00978625333865837,-6.16926969790172,53,0.32075471698113206,-0.006104061693911071
20,2.0,0.005,0.1,0.03,12,False,0.002,0,-9.924734042374624,-10.693953716128199,43,0.23255813953488372,-0.010992533839276546,-9.155514368621049,54,0.2962962962962963,-0.008915759118619856
20,2.0,0.005,0.1,0.03,12,False,0.003,0,-13.46494724508487,-16.363111422813713,43,0.20930232558139536,-0.015210631291655268,-10.566783067356027,54,0.2962962962962963,-0.010210961768949858
20,2.0,0.005,0.1,0.03,12,True,0.001,0,-7.726604164031205,-9.241633428850806,43,0.27906976744186046,-0.009034636269930915,-6.211574899211604,53,0.33962264150943394,-0.005819981294591114
20,2.0,0.005,0.1,0.03,12,True,0.002,0,-9.932026272306565,-10.617627630647966,43,0.27906976744186046,-0.010290317946032919,-9.246424913965164,54,0.3148148148148148,-0.008528396952256458
20,2.0,0.005,0.1,0.03,12,True,0.003,0,-12.5751194895883,-14.31016493211677,43,0.2558139534883721,-0.013399407814880908,-10.840074047059831,54,0.3148148148148148,-0.009882667770736382
20,2.0,0.005,0.1,0.03,24,False,0.001,0,-6.446663679454062,-7.360465862984061,43,0.20930232558139536,-0.008671923959785225,-5.532861495924063,53,0.24528301886792453,-0.006650477196330398
20,2.0,0.005,0.1,0.03,24,False,0.002,0,-7.881644932854522,-8.301815286903029,43,0.20930232558139536,-0.009759178218821744,-7.4614745788060155,54,0.2222222222222222,-0.008897191475902828
20,2.0,0.005,0.1,0.03,24,False,0.003,0,-10.529027154254166,-12.642813433702209,43,0.16279069767441862,-0.01385872952270643,-8.415240874806125,54,0.2037037037037037,-0.01000449215962049
20,2.0,0.005,0.1,0.03,24,True,0.001,0,-7.123559990352387,-9.49508260634148,43,0.27906976744186046,-0.009306034491547443,-4.752037374363294,53,0.37735849056603776,-0.004618037225016288
20,2.0,0.005,0.1,0.03,24,True,0.002,0,-9.254598060228998,-10.848287152136853,43,0.27906976744186046,-0.010538728281318197,-7.660908968321144,54,0.35185185185185186,-0.007333194757574489
20,2.0,0.005,0.1,0.03,24,True,0.003,0,-11.84483628971604,-14.522389027348153,43,0.2558139534883721,-0.013624921038176486,-9.167283552083928,54,0.35185185185185186,-0.008672015952521995
20,2.0,0.005,0.1,0.03,48,False,0.001,0,-9.03235076668863,-9.083365662613888,41,0.17073170731707318,-0.010829582346948006,-8.981335870763374,52,0.17307692307692307,-0.010808372114532125
20,2.0,0.005,0.1,0.03,48,False,0.002,0,-10.092076411775647,-9.950679890656728,41,0.17073170731707318,-0.011845403160402862,-10.233472932894568,53,0.16981132075471697,-0.012207090779526046
20,2.0,0.005,0.1,0.03,48,False,0.003,0,-12.794413879723358,-14.496993692576714,41,0.14634146341463414,-0.016020757562232462,-11.091834066870002,53,0.1509433962264151,-0.013216175013974308
20,2.0,0.005,0.1,0.03,48,True,0.001,0,-7.123559990352387,-9.49508260634148,43,0.27906976744186046,-0.009306034491547443,-4.752037374363294,53,0.37735849056603776,-0.004618037225016288
20,2.0,0.005,0.1,0.03,48,True,0.002,0,-9.254598060228998,-10.848287152136853,43,0.27906976744186046,-0.010538728281318197,-7.660908968321144,54,0.35185185185185186,-0.007333194757574489
20,2.0,0.005,0.1,0.03,48,True,0.003,0,-11.84483628971604,-14.522389027348153,43,0.2558139534883721,-0.013624921038176486,-9.167283552083928,54,0.35185185185185186,-0.008672015952521995
20,2.0,0.005,0.15,0.02,12,False,0.001,0,-8.495715046553396,-8.042630468547076,44,0.1590909090909091,-0.007472738405235485,-8.948799624559717,54,0.2037037037037037,-0.007605052567413539
20,2.0,0.005,0.15,0.02,12,False,0.002,0,-9.886515815939308,-9.337972659383135,44,0.1590909090909091,-0.008609830548388792,-10.435058972495481,54,0.2037037037037037,-0.008790198754140237
20,2.0,0.005,0.15,0.02,12,False,0.003,0,-12.3736717817067,-10.65195470896148,44,0.1590909090909091,-0.009746350962851588,-14.095388854451919,54,0.16666666666666666,-0.011552643873532156
20,2.0,0.005,0.15,0.02,12,True,0.001,0,-9.748858592320907,-11.40468128971773,44,0.18181818181818182,-0.008756819086823337,-8.093035894924085,54,0.2222222222222222,-0.006524586284698535
20,2.0,0.005,0.15,0.02,12,True,0.002,0,-11.43323033829319,-13.120303259388962,44,0.18181818181818182,-0.009939513273657004,-9.74615741719742,54,0.2222222222222222,-0.007751138967352438
20,2.0,0.005,0.15,0.02,12,True,0.003,0,-15.00083397725033,-14.88079768059773,44,0.18181818181818182,-0.011121448365313666,-15.12087027390293,54,0.18518518518518517,-0.011200249619408102
20,2.0,0.005,0.15,0.02,24,False,0.001,0,-4.479062031956323,-3.154249645905186,44,0.1590909090909091,-0.0037970531969908285,-5.80387441800746,54,0.1111111111111111,-0.006483573945160629
20,2.0,0.005,0.15,0.02,24,False,0.002,0,-6.342093314980673,-4.074690150557545,44,0.1590909090909091,-0.004889477378630905,-8.609496479403802,54,0.1111111111111111,-0.008783705278231775
20,2.0,0.005,0.15,0.02,24,False,0.003,0,-10.122997326533405,-5.00047701469278,44,0.13636363636363635,-0.005981523036740011,-15.24551763837403,54,0.09259259259259259,-0.013011995825711751
20,2.0,0.005,0.15,0.02,24,True,0.001,0,-9.689871997544351,-11.43026721547851,44,0.18181818181818182,-0.008770460985094644,-7.949476779610192,54,0.2222222222222222,-0.006423103802993789
20,2.0,0.005,0.15,0.02,24,True,0.002,0,-11.3725216023677,-13.14731213027256,44,0.18181818181818182,-0.009953127915286197,-9.597731074462839,54,0.2222222222222222,-0.007649859248608499
20,2.0,0.005,0.15,0.02,24,True,0.003,0,-14.926671718324412,-14.909275068700742,44,0.18181818181818182,-0.011135035804623898,-14.944068367948082,54,0.18518518518518517,-0.011099172259513445
20,2.0,0.005,0.15,0.02,48,False,0.001,0,-6.6915300800667685,-3.414968803565413,43,0.11627906976744186,-0.004358206423834165,-9.968091356568124,53,0.09433962264150944,-0.01021775522820959
20,2.0,0.005,0.15,0.02,48,False,0.002,0,-8.51150635191003,-4.220939081173012,43,0.11627906976744186,-0.005379337897128328,-12.802073622647049,53,0.09433962264150944,-0.012100191594168558
20,2.0,0.005,0.15,0.02,48,False,0.003,0,-13.383505350319334,-5.029014153695993,43,0.11627906976744186,-0.006400373489570491,-21.737996546942675,53,0.05660377358490566,-0.01634590587276286
20,2.0,0.005,0.15,0.02,48,True,0.001,0,-9.689871997544351,-11.43026721547851,44,0.18181818181818182,-0.008770460985094644,-7.949476779610192,54,0.2222222222222222,-0.006423103802993789
20,2.0,0.005,0.15,0.02,48,True,0.002,0,-11.3725216023677,-13.14731213027256,44,0.18181818181818182,-0.009953127915286197,-9.597731074462839,54,0.2222222222222222,-0.007649859248608499
20,2.0,0.005,0.15,0.02,48,True,0.003,0,-14.926671718324412,-14.909275068700742,44,0.18181818181818182,-0.011135035804623898,-14.944068367948082,54,0.18518518518518517,-0.011099172259513445
20,2.0,0.005,0.15,0.03,12,False,0.001,0,-6.244066872771024,-7.622130423880386,43,0.23255813953488372,-0.00860918093330463,-4.866003321661662,53,0.32075471698113206,-0.0051869208089463485
20,2.0,0.005,0.15,0.03,12,False,0.002,0,-8.246396303531501,-8.807102504667577,43,0.23255813953488372,-0.009867563859192352,-7.685690102395426,54,0.2962962962962963,-0.00805701708311392
20,2.0,0.005,0.15,0.03,12,False,0.003,0,-11.293777688708712,-13.544337010019408,43,0.20930232558139536,-0.014037612779349324,-9.043218367398017,54,0.2962962962962963,-0.00939347259991659
20,2.0,0.005,0.15,0.03,12,True,0.001,0,-7.469592569557513,-9.46208581114279,43,0.27906976744186046,-0.00916337915833883,-5.477099327972235,53,0.33962264150943394,-0.005342630324872536
20,2.0,0.005,0.15,0.03,12,True,0.002,0,-9.68613787923383,-10.948625066004583,43,0.27906976744186046,-0.010469711219613147,-8.423650692463076,54,0.3148148148148148,-0.008081090677518145
20,2.0,0.005,0.15,0.03,12,True,0.003,0,-12.40751880835877,-14.832041722581607,43,0.2558139534883721,-0.013629248557488203,-9.98299589413593,54,0.3148148148148148,-0.009456483497752188
20,2.0,0.005,0.15,0.03,24,False,0.001,0,-2.4438558206764336,-2.272384847757384,43,0.20930232558139536,-0.0034252088198942583,-2.615326793595483,53,0.24528301886792453,-0.003683720924546408
20,2.0,0.005,0.15,0.03,24,False,0.002,0,-4.269152644631534,-3.0414716639550523,43,0.20930232558139536,-0.00456922571524809,-5.496833625308017,54,0.2222222222222222,-0.007275669174818821
20,2.0,0.005,0.15,0.03,24,False,0.003,0,-6.810491112820235,-7.192513966229489,43,0.16279069767441862,-0.009884054757552638,-6.42846825941098,54,0.2037037037037037,-0.008464364390947273
20,2.0,0.005,0.15,0.03,24,True,0.001,0,-6.911397053183089,-9.717366882735964,43,0.27906976744186046,-0.009434777379955355,-4.105427223630213,53,0.37735849056603776,-0.004140686255297709
20,2.0,0.005,0.15,0.03,24,True,0.002,0,-9.05956489105063,-11.181599477290238,43,0.27906976744186046,-0.010718121554898428,-6.937530304811023,54,0.35185185185185186,-0.006885888482836174
20,2.0,0.005,0.15,0.03,24,True,0.003,0,-11.730857851670997,-15.04727905321473,43,0.2558139534883721,-0.013854761780783782,-8.414436650127264,54,0.35185185185185186,-0.008245831679537803
20,2.0,0.005,0.15,0.03,48,False,0.001,0,-3.772364193248041,-2.151303763966347,41,0.17073170731707318,-0.0035234847859724233,-5.393424622529736,50,0.16,-0.008104502419206534
20,2.0,0.005,0.15,0.03,48,False,0.002,0,-5.043305951365013,-2.7794377338508602,41,0.17073170731707318,-0.004546622672598007,-7.307174168879166,51,0.1568627450980392,-0.010481046390515714
20,2.0,0.005,0.15,0.03,48,False,0.003,0,-7.840476564675825,-6.559187190301185,41,0.14634146341463414,-0.009944538050037364,-9.121765939050464,51,0.13725490196078433,-0.012501567032214516
20,2.0,0.005,0.15,0.03,48,True,0.001,0,-6.911397053183089,-9.717366882735964,43,0.27906976744186046,-0.009434777379955355,-4.105427223630213,53,0.37735849056603776,-0.004140686255297709
20,2.0,0.005,0.15,0.03,48,True,0.002,0,-9.05956489105063,-11.181599477290238,43,0.27906976744186046,-0.010718121554898428,-6.937530304811023,54,0.35185185185185186,-0.006885888482836174
20,2.0,0.005,0.15,0.03,48,True,0.003,0,-11.730857851670997,-15.04727905321473,43,0.2558139534883721,-0.013854761780783782,-8.414436650127264,54,0.35185185185185186,-0.008245831679537803
20,2.0,0.01,0.05,0.02,12,False,0.001,0,-13.068910000431778,-17.52570000894963,29,0.1724137931034483,-0.01091641578525656,-8.612119991913925,39,0.23076923076923078,-0.006265419371952073
20,2.0,0.01,0.05,0.02,12,False,0.002,0,-17.868091835682105,-27.843389774870968,29,0.10344827586206896,-0.015226724137931004,-7.892793896493243,40,0.25,-0.0059199759424496375
20,2.0,0.01,0.05,0.02,12,False,0.003,0,-22.020800025065046,-29.678399304442465,29,0.10344827586206896,-0.01621396551724134,-14.363200745687626,40,0.225,-0.00981730384254225
20,2.0,0.01,0.05,0.02,12,True,0.001,0,-14.534687523637459,-17.52570000894963,29,0.1724137931034483,-0.01091641578525656,-11.543675038325286,39,0.23076923076923078,-0.007708087043065446
20,2.0,0.01,0.05,0.02,12,True,0.002,0,-19.36561116324632,-27.843389774870968,29,0.10344827586206896,-0.015226724137931004,-10.887832551621672,40,0.25,-0.007494687806796467
20,2.0,0.01,0.05,0.02,12,True,0.003,0,-22.84515443542324,-29.678399304442465,29,0.10344827586206896,-0.01621396551724134,-16.01190956640401,40,0.225,-0.010361400338791729
20,2.0,0.01,0.05,0.02,24,False,0.001,0,-14.455814550311777,-19.084781495205945,29,0.13793103448275862,-0.01182931034482756,-9.826847605417608,39,0.20512820512820512,-0.007132564102564062
20,2.0,0.01,0.05,0.02,24,False,0.002,0,-18.41548157030241,-27.843389774870968,29,0.10344827586206896,-0.015226724137931004,-8.987573365733857,40,0.225,-0.006739374999999969
20,2.0,0.01,0.05,0.02,24,False,0.003,0,-22.807679673354365,-29.678399304442465,29,0.10344827586206896,-0.01621396551724134,-15.936960042266268,40,0.175,-0.010835135578579114
20,2.0,0.01,0.05,0.02,24,True,0.001,0,-14.222945388669546,-17.16595679665201,29,0.1724137931034483,-0.010748218792669321,-11.27993398068708,39,0.23076923076923078,-0.007567572837628105
20,2.0,0.01,0.05,0.02,24,True,0.002,0,-19.24552172713057,-27.843389774870968,29,0.10344827586206896,-0.015226724137931004,-10.647653679390173,40,0.25,-0.007357960186492152
20,2.0,0.01,0.05,0.02,24,True,0.003,0,-22.703650459883555,-29.678399304442465,29,0.10344827586206896,-0.01621396551724134,-15.728901615324645,40,0.225,-0.01022494590293394
20,2.0,0.01,0.05,0.02,48,False,0.001,0,-14.455814550311777,-19.084781495205945,29,0.13793103448275862,-0.01182931034482756,-9.826847605417608,39,0.20512820512820512,-0.007132564102564062
20,2.0,0.01,0.05,0.02,48,False,0.002,0,-18.41548157030241,-27.843389774870968,29,0.10344827586206896,-0.015226724137931004,-8.987573365733857,40,0.225,-0.006739374999999969
20,2.0,0.01,0.05,0.02,48,False,0.003,0,-23.071641424574103,-29.678399304442465,29,0.10344827586206896,-0.01621396551724134,-16.464883544705742,40,0.175,-0.01122287499999996
20,2.0,0.01,0.05,0.02,48,True,0.001,0,-14.222945388669546,-17.16595679665201,29,0.1724137931034483,-0.010748218792669321,-11.27993398068708,39,0.23076923076923078,-0.007567572837628105
20,2.0,0.01,0.05,0.02,48,True,0.002,0,-19.24552172713057,-27.843389774870968,29,0.10344827586206896,-0.015226724137931004,-10.647653679390173,40,0.25,-0.007357960186492152
20,2.0,0.01,0.05,0.02,48,True,0.003,0,-22.703650459883555,-29.678399304442465,29,0.10344827586206896,-0.01621396551724134,-15.728901615324645,40,0.225,-0.01022494590293394
20,2.0,0.01,0.05,0.03,12,False,0.001,0,-8.980917305961585,-9.438313076542565,29,0.3103448275862069,-0.00838140610618694,-8.523521535380604,39,0.3076923076923077,-0.007662981806157438
20,2.0,0.01,0.05,0.03,12,False,0.002,0,-10.216658535380823,-10.696681569050654,29,0.3103448275862069,-0.009478137686344756,-9.736635501710994,39,0.3076923076923077,-0.008734351210007311
20,2.0,0.01,0.05,0.03,12,False,0.003,0,-14.214699576501324,-15.757899663914495,29,0.27586206896551724,-0.013323420700908008,-12.671499489088154,39,0.3076923076923077,-0.01096616626896369
20,2.0,0.01,0.05,0.03,12,True,0.001,0,-9.752590804911549,-7.501414460569078,29,0.3448275862068966,-0.006665531006032466,-12.003767149254019,39,0.3076923076923077,-0.009883165495210415
20,2.0,0.01,0.05,0.03,12,True,0.002,0,-11.252831279384743,-8.801208435442357,29,0.3448275862068966,-0.0077989723724556865,-13.70445412332713,39,0.3076923076923077,-0.0111521916324453
20,2.0,0.01,0.05,0.03,12,True,0.003,0,-14.531534966099322,-13.765300942808645,29,0.3103448275862069,-0.011680825346553627,-15.297768989389997,39,0.3076923076923077,-0.01235209664814125
20,2.0,0.01,0.05,0.03,24,False,0.001,0,-10.728561331825166,-12.72645935949234,29,0.2413793103448276,-0.011139784472100124,-8.73066330415799,39,0.3076923076923077,-0.008039245358136805
20,2.0,0.01,0.05,0.03,24,False,0.002,0,-11.882066093980391,-13.914783622550669,29,0.2413793103448276,-0.012164441883037874,-9.849348565410116,39,0.3076923076923077,-0.009058326440584451
20,2.0,0.01,0.05,0.03,24,False,0.003,0,-16.079168869365724,-19.24460096217055,29,0.20689655172413793,-0.01593792770042083,-12.913736776560896,39,0.2564102564102564,-0.011468213389671595
20,2.0,0.01,0.05,0.03,24,True,0.001,0,-9.168274601354948,-7.679567000222734,29,0.3448275862068966,-0.0068790540136374105,-10.656982202487162,39,0.3333333333333333,-0.008952852174106359
20,2.0,0.01,0.05,0.03,24,True,0.002,0,-10.626260168268589,-8.936540643838267,29,0.3448275862068966,-0.00797878730752302,-12.31597969269891,39,0.3333333333333333,-0.01022373708617902
20,2.0,0.01,0.05,0.03,24,True,0.003,0,-13.857751592335251,-13.837532619633972,29,0.3103448275862069,-0.011827066053325324,-13.877970565036529,39,0.3333333333333333,-0.01142549717212911
20,2.0,0.01,0.05,0.03,48,False,0.001,0,-10.550481106183753,-13.848260672307672,29,0.2413793103448276,-0.012173620689655131,-7.2527015400598325,39,0.3076923076923077,-0.006876538461538412
20,2.0,0.01,0.05,0.03,48,False,0.002,0,-11.64936100806414,-14.988674723403005,29,0.2413793103448276,-0.013162931034482718,-8.310047292725274,39,0.3076923076923077,-0.007871153846153792
20,2.0,0.01,0.05,0.03,48,False,0.003,0,-17.410621809787756,-20.35095364276398,29,0.20689655172413793,-0.016901206896551696,-14.470289976811532,39,0.2564102564102564,-0.01295397435897431
20,2.0,0.01,0.05,0.03,48,True,0.001,0,-9.168274601354948,-7.679567000222734,29,0.3448275862068966,-0.0068790540136374105,-10.656982202487162,39,0.3333333333333333,-0.008952852174106359
20,2.0,0.01,0.05,0.03,48,True,0.002,0,-10.626260168268589,-8.936540643838267,29,0.3448275862068966,-0.00797878730752302,-12.31597969269891,39,0.3333333333333333,-0.01022373708617902
20,2.0,0.01,0.05,0.03,48,True,0.003,0,-13.857751592335251,-13.837532619633972,29,0.3103448275862069,-0.011827066053325324,-13.877970565036529,39,0.3333333333333333,-0.01142549717212911
20,2.0,0.01,0.08,0.02,12,False,0.001,0,-13.735186222687318,-17.933490232519485,29,0.13793103448275862,-0.012138862223708156,-9.536882212855152,39,0.23076923076923078,-0.006998912908814949
20,2.0,0.01,0.08,0.02,12,False,0.002,0,-14.309266989290727,-20.97422532901421,29,0.10344827586206896,-0.014075338917390804,-7.644308649567244,40,0.25,-0.006067665533820136
20,2.0,0.01,0.08,0.02,12,False,0.003,0,-16.996814926079907,-22.562012672879465,29,0.10344827586206896,-0.015098780585760849,-11.431617179280344,40,0.225,-0.008771268811550388
20,2.0,0.01,0.08,0.02,12,True,0.001,0,-12.68602155133411,-17.933490232519485,29,0.13793103448275862,-0.012138862223708156,-7.438552870148734,39,0.23076923076923078,-0.005817977500025278
20,2.0,0.01,0.08,0.02,12,True,0.002,0,-13.433510084355191,-20.97422532901421,29,0.10344827586206896,-0.014075338917390804,-5.892794839696173,40,0.25,-0.0049185540423922
20,2.0,0.01,0.08,0.02,12,True,0.003,0,-16.615506436752554,-22.562012672879465,29,0.10344827586206896,-0.015098780585760849,-10.669000200625646,40,0.225,-0.008296100714556305
20,2.0,0.01,0.08,0.02,24,False,0.001,0,-16.63488018133509,-22.41297061118217,29,0.06896551724137931,-0.014583793103448255,-10.856789751488014,39,0.1282051282051282,-0.008883258837096817
20,2.0,0.01,0.08,0.02,24,False,0.002,0,-16.38609323336148,-23.953663303174814,29,0.06896551724137931,-0.015570689655172392,-8.818523163548141,40,0.15,-0.0077475025699528036
20,2.0,0.01,0.08,0.02,24,False,0.003,0,-19.756673341776867,-25.497448203157333,29,0.06896551724137931,-0.016557586206896516,-14.015898480396398,40,0.125,-0.011284373837106804
20,2.0,0.01,0.08,0.02,24,True,0.001,0,-12.19295668142914,-17.149882933830394,29,0.13793103448275862,-0.011781341517412208,-7.236030429027885,39,0.23076923076923078,-0.005677463294587937
20,2.0,0.01,0.08,0.02,24,True,0.002,0,-13.097804734124656,-20.479896979566576,29,0.10344827586206896,-0.013886393474257451,-5.715712488682736,40,0.25,-0.004781826422087886
20,2.0,0.01,0.08,0.02,24,True,0.003,0,-16.259977000013098,-22.05648056095705,29,0.10344827586206896,-0.014910212659300365,-10.46347343906915,40,0.225,-0.008159646278698517
20,2.0,0.01,0.08,0.02,48,False,0.001,0,-17.988810288535856,-22.41297061118217,29,0.06896551724137931,-0.014583793103448255,-13.564649965889542,39,0.1282051282051282,-0.010582829486042875
20,2.0,0.01,0.08,0.02,48,False,0.002,0,-17.505213107247457,-23.953663303174814,29,0.06896551724137931,-0.015570689655172392,-11.056762911320103,40,0.15,-0.00937689528287205
20,2.0,0.01,0.08,0.02,48,False,0.003,0,-21.122090053323305,-25.497448203157333,29,0.06896551724137931,-0.016557586206896516,-16.746731903489273,40,0.1,-0.01288618189351598
20,2.0,0.01,0.08,0.02,48,True,0.001,0,-12.19295668142914,-17.149882933830394,29,0.13793103448275862,-0.011781341517412208,-7.236030429027885,39,0.23076923076923078,-0.005677463294587937
20,2.0,0.01,0.08,0.02,48,True,0.002,0,-13.097804734124656,-20.479896979566576,29,0.10344827586206896,-0.013886393474257451,-5.715712488682736,40,0.25,-0.004781826422087886
20,2.0,0.01,0.08,0.02,48,True,0.003,0,-16.259977000013098,-22.05648056095705,29,0.10344827586206896,-0.014910212659300365,-10.46347343906915,40,0.225,-0.008159646278698517
20,2.0,0.01,0.08,0.03,12,False,0.001,0,-8.839578565758522,-9.957991673011614,29,0.2413793103448276,-0.009924138548439638,-7.72116545850543,39,0.3076923076923077,-0.007365532755245285
20,2.0,0.01,0.08,0.03,12,False,0.002,0,-10.157446018643244,-11.157304122146021,29,0.2413793103448276,-0.01108846793060961,-9.157587915140466,39,0.3076923076923077,-0.00865027605460747
20,2.0,0.01,0.08,0.03,12,False,0.003,0,-14.246389072842415,-17.8725744603802,29,0.20689655172413793,-0.016031934518622296,-10.620203685304629,39,0.3076923076923077,-0.009933858034552892
20,2.0,0.01,0.08,0.03,12,True,0.001,0,-8.037220149140143,-8.54737567374199,29,0.3103448275862069,-0.008056531889507468,-7.527064624538297,39,0.3076923076923077,-0.0072249790290933235
20,2.0,0.01,0.08,0.03,12,True,0.002,0,-9.467773457766246,-9.982308802423708,29,0.3103448275862069,-0.009331985492576467,-8.953238113108782,39,0.3076923076923077,-0.008510003156133235
20,2.0,0.01,0.08,0.03,12,True,0.003,0,-12.776516650012473,-15.001339657806675,29,0.27586206896551724,-0.013356028774399243,-10.551693642218272,39,0.3076923076923077,-0.00987848712137356
20,2.0,0.01,0.08,0.03,24,False,0.001,0,-11.55706882695251,-14.52255930185255,29,0.1724137931034483,-0.014135245553168517,-8.591578352052467,39,0.23076923076923078,-0.009111279549857647
20,2.0,0.01,0.08,0.03,24,False,0.002,0,-13.20533580844717,-16.756903842174307,29,0.13793103448275862,-0.016292028089934435,-9.653767774720032,39,0.23076923076923078,-0.010208074826732595
20,2.0,0.01,0.08,0.03,24,False,0.003,0,-17.622088853692954,-24.523077537784513,29,0.10344827586206896,-0.021092238045248426,-10.721100169601398,39,0.20512820512820512,-0.011304452845252869
20,2.0,0.01,0.08,0.03,24,True,0.001,0,-7.472940575184294,-8.473853260556297,29,0.3103448275862069,-0.008080731183403703,-6.472027889812293,39,0.3333333333333333,-0.006294665707989265
20,2.0,0.01,0.08,0.03,24,True,0.002,0,-8.867695531898306,-9.861327004539188,29,0.3103448275862069,-0.009322854984510449,-7.8740640592574245,39,0.3333333333333333,-0.007581548609866957
20,2.0,0.01,0.08,0.03,24,True,0.003,0,-12.10946206495087,-14.778954227867745,29,0.27586206896551724,-0.013313701554710452,-9.439969902033996,39,0.3333333333333333,-0.008951887645361423
20,2.0,0.01,0.08,0.03,48,False,0.001,0,-15.068568966505063,-16.740295326813207,29,0.13793103448275862,-0.016305344827586176,-13.39684260619692,39,0.1794871794871795,-0.013655137178350544
20,2.0,0.01,0.08,0.03,48,False,0.002,0,-16.089548119888274,-17.76954378024894,29,0.13793103448275862,-0.01729051724137928,-14.409552459527605,39,0.1794871794871795,-0.014668610546535411
20,2.0,0.01,0.08,0.03,48,False,0.003,0,-20.557534948400544,-25.69057579882587,29,0.10344827586206896,-0.022055517241379288,-15.42449409797522,39,0.15384615384615385,-0.015681981429247153
20,2.0,0.01,0.08,0.03,48,True,0.001,0,-7.472940575184294,-8.473853260556297,29,0.3103448275862069,-0.008080731183403703,-6.472027889812293,39,0.3333333333333333,-0.006294665707989265
20,2.0,0.01,0.08,0.03,48,True,0.002,0,-8.867695531898306,-9.861327004539188,29,0.3103448275862069,-0.009322854984510449,-7.8740640592574245,39,0.3333333333333333,-0.007581548609866957
20,2.0,0.01,0.08,0.03,48,True,0.003,0,-12.10946206495087,-14.778954227867745,29,0.27586206896551724,-0.013313701554710452,-9.439969902033996,39,0.3333333333333333,-0.008951887645361423
20,2.0,0.01,0.1,0.02,12,False,0.001,0,-10.902808344995503,-13.451943401655852,29,0.13793103448275862,-0.010761620844397813,-8.353673288335152,39,0.23076923076923078,-0.006486861626763667
20,2.0,0.01,0.1,0.02,12,False,0.002,0,-10.899831425827683,-15.955030584398283,29,0.10344827586206896,-0.012699476848425281,-5.844632267257082,40,0.25,-0.005070165533820141
20,2.0,0.01,0.1,0.02,12,False,0.003,0,-13.243447418437931,-17.28084645088507,29,0.10344827586206896,-0.013724297827140153,-9.206048385990796,40,0.225,-0.007774768811550389
20,2.0,0.01,0.1,0.02,12,True,0.001,0,-9.954197969277013,-13.451943401655852,29,0.13793103448275862,-0.010761620844397813,-6.456452536898174,39,0.23076923076923078,-0.005305926217973998
20,2.0,0.01,0.1,0.02,12,True,0.002,0,-10.482685645875026,-15.955030584398283,29,0.10344827586206896,-0.012699476848425281,-5.010340707351771,40,0.25,-0.004374483142976718
20,2.0,0.01,0.1,0.02,12,True,0.003,0,-13.396709468160473,-17.28084645088507,29,0.10344827586206896,-0.013724297827140153,-9.51257248543588,40,0.225,-0.007779432026372763
20,2.0,0.01,0.1,0.02,24,False,0.001,0,-14.215562850892994,-16.913641483068382,29,0.06896551724137931,-0.01320655172413791,-11.517484218717607,39,0.10256410256410256,-0.009907361401199386
20,2.0,0.01,0.1,0.02,24,False,0.002,0,-13.42952148571348,-18.19755206837635,29,0.06896551724137931,-0.01419482758620687,-8.661490903050607,40,0.125,-0.008246252569952808
20,2.0,0.01,0.1,0.02,24,False,0.003,0,-14.632129864754686,-19.484039493710267,29,0.06896551724137931,-0.01518310344827582,-9.780220235799106,40,0.125,-0.009291373837106808
20,2.0,0.01,0.1,0.02,24,True,0.001,0,-9.570972030519842,-12.873979900182764,29,0.13793103448275862,-0.010404100138101864,-6.267964160856921,39,0.23076923076923078,-0.005165412012536657
20,2.0,0.01,0.1,0.02,24,True,0.002,0,-10.225097939085128,-15.606425665423082,29,0.10344827586206896,-0.012510531405291929,-4.843770212747172,40,0.25,-0.004237755522672404
20,2.0,0.01,0.1,0.02,24,True,0.003,0,-13.124024462036552,-16.925884093075524,29,0.10344827586206896,-0.013535729900679668,-9.32216483099758,40,0.225,-0.007642977590514974
20,2.0,0.01,0.1,0.02,48,False,0.001,0,-15.510993447868302,-16.913641483068382,29,0.06896551724137931,-0.01320655172413791,-14.10834541266822,39,0.10256410256410256,-0.011606932050145444
20,2.0,0.01,0.1,0.02,48,False,0.002,0,-14.446064826412616,-18.19755206837635,29,0.06896551724137931,-0.01419482758620687,-10.694577584448881,40,0.125,-0.009875645282872053
20,2.0,0.01,0.1,0.02,48,False,0.003,0,-15.647455567680758,-19.484039493710267,29,0.06896551724137931,-0.01518310344827582,-11.81087164165125,40,0.1,-0.010893181893515985
20,2.0,0.01,0.1,0.02,48,True,0.001,0,-9.570972030519842,-12.873979900182764,29,0.13793103448275862,-0.010404100138101864,-6.267964160856921,39,0.23076923076923078,-0.005165412012536657
20,2.0,0.01,0.1,0.02,48,True,0.002,0,-10.225097939085128,-15.606425665423082,29,0.10344827586206896,-0.012510531405291929,-4.843770212747172,40,0.25,-0.004237755522672404
20,2.0,0.01,0.1,0.02,48,True,0.003,0,-13.124024462036552,-16.925884093075524,29,0.10344827586206896,-0.013535729900679668,-9.32216483099758,40,0.225,-0.007642977590514974
20,2.0,0.01,0.1,0.03,12,False,0.001,0,-7.342627643432666,-8.463945712680655,29,0.2413793103448276,-0.009068784075167357,-6.221309574184676,39,0.3076923076923077,-0.006341430191142723
20,2.0,0.01,0.1,0.03,12,False,0.002,0,-8.582867977023447,-9.618839265369294,29,0.2413793103448276,-0.01026981945396921,-7.546896688677599,39,0.3076923076923077,-0.007627199131530547
20,2.0,0.01,0.1,0.03,12,False,0.003,0,-13.01087316230127,-17.128497603884156,29,0.20689655172413793,-0.015937090162497267,-8.893248720718384,39,0.3076923076923077,-0.008911806752501607
20,2.0,0.01,0.1,0.03,12,True,0.001,0,-6.640474951985655,-6.4788072754435815,29,0.3103448275862069,-0.006679290510197124,-6.802142628527728,39,0.3076923076923077,-0.006742669920943541
20,2.0,0.01,0.1,0.03,12,True,0.002,0,-7.9922070653786,-7.769880115212471,29,0.3103448275862069,-0.007956123423610942,-8.214534015544729,39,0.3076923076923077,-0.008055701634795246
20,2.0,0.01,0.1,0.03,12,True,0.003,0,-10.902936064103542,-12.150394998970281,29,0.27586206896551724,-0.011981546015778548,-9.655477129236806,39,0.3076923076923077,-0.009367461480347922
20,2.0,0.01,0.1,0.03,24,False,0.001,0,-9.016835109402333,-9.92143058968309,29,0.1724137931034483,-0.011380762794547822,-8.112239629121577,39,0.20512820512820512,-0.009367305190883298
20,2.0,0.01,0.1,0.03,24,False,0.002,0,-10.441616614193011,-11.797639193566695,29,0.13793103448275862,-0.013540303952003396,-9.085594034819326,39,0.20512820512820512,-0.010463844057501821
20,2.0,0.01,0.1,0.03,24,False,0.003,0,-14.409448247691536,-18.75571725795545,29,0.10344827586206896,-0.019030513907317387,-10.06317923742762,39,0.1794871794871795,-0.011559965665765694
20,2.0,0.01,0.1,0.03,24,True,0.001,0,-6.1161830040395095,-6.4390797968952365,29,0.3103448275862069,-0.006703489804093358,-5.793286211183783,39,0.3333333333333333,-0.005812356599839483
20,2.0,0.01,0.1,0.03,24,True,0.002,0,-7.4353843886821895,-7.688680896528196,29,0.3103448275862069,-0.007946992915544926,-7.182087880836182,39,0.3333333333333333,-0.007127247088528965
20,2.0,0.01,0.1,0.03,24,True,0.003,0,-10.295929863073724,-11.992163768007392,29,0.27586206896551724,-0.011939218796089756,-8.599695958140057,39,0.3333333333333333,-0.008440862004335784
20,2.0,0.01,0.1,0.03,48,False,0.001,0,-12.116936395094708,-11.771976514274177,29,0.13793103448275862,-0.013550862068965478,-12.461896275915237,39,0.15384615384615385,-0.013911162819376193
20,2.0,0.01,0.1,0.03,48,False,0.002,0,-13.014483636881842,-12.64287905544919,29,0.13793103448275862,-0.01453879310344824,-13.386088218314491,39,0.15384615384615385,-0.014924379777304639
20,2.0,0.01,0.1,0.03,48,False,0.003,0,-17.009196968174646,-19.706119836434773,29,0.10344827586206896,-0.01999379310344825,-14.31227409991452,39,0.1282051282051282,-0.015937494249759977
20,2.0,0.01,0.1,0.03,48,True,0.001,0,-6.1161830040395095,-6.4390797968952365,29,0.3103448275862069,-0.006703489804093358,-5.793286211183783,39,0.3333333333333333,-0.005812356599839483
20,2.0,0.01,0.1,0.03,48,True,0.002,0,-7.4353843886821895,-7.688680896528196,29,0.3103448275862069,-0.007946992915544926,-7.182087880836182,39,0.3333333333333333,-0.007127247088528965
20,2.0,0.01,0.1,0.03,48,True,0.003,0,-10.295929863073724,-11.992163768007392,29,0.27586206896551724,-0.011939218796089756,-8.599695958140057,39,0.3333333333333333,-0.008440862004335784
20,2.0,0.01,0.15,0.02,12,False,0.001,0,-7.442173422191644,-9.140423109381153,29,0.13793103448275862,-0.008943149463720856,-5.7439237350021335,39,0.23076923076923078,-0.005206733421635463
20,2.0,0.01,0.15,0.02,12,False,0.002,0,-7.5228014506939385,-11.222390591714356,29,0.10344827586206896,-0.010920665104338112,-3.8232123096735204,40,0.25,-0.0037642330220923315
20,2.0,0.01,0.15,0.02,12,False,0.003,0,-9.557858855881376,-12.373770604536032,29,0.10344827586206896,-0.011984994515789967,-6.74194710722672,40,0.225,-0.006497512469280558
20,2.0,0.01,0.15,0.02,12,True,0.001,0,-9.639193324672718,-13.987731867673773,29,0.13793103448275862,-0.010952515472037131,-5.290654781671662,39,0.23076923076923078,-0.004657218489894904
20,2.0,0.01,0.15,0.02,12,True,0.002,0,-10.440025395922147,-16.797119940560993,29,0.10344827586206896,-0.012965473771320103,-4.0829308512833,40,0.25,-0.003770619672079996
20,2.0,0.01,0.15,0.02,12,True,0.003,0,-13.35538025484372,-18.4276803316171,29,0.10344827586206896,-0.01406509616962683,-8.283080178070339,40,0.225,-0.007204083257844103
20,2.0,0.01,0.15,0.02,24,False,0.001,0,-9.922136748729518,-8.826392633639728,29,0.06896551724137931,-0.009763448275862048,-11.017880863819306,39,0.10256410256410256,-0.009890022295234118
20,2.0,0.01,0.15,0.02,24,False,0.002,0,-9.807101208710328,-9.732682467539611,29,0.06896551724137931,-0.010755172413793085,-9.881519949881046,40,0.125,-0.009169934258136826
20,2.0,0.01,0.15,0.02,24,False,0.003,0,-10.905728099915368,-10.640791247375837,29,0.06896551724137931,-0.011746896551724114,-11.170664952454898,40,0.125,-0.01029389322498213
20,2.0,0.01,0.15,0.02,24,True,0.001,0,-9.253437241373307,-13.387910652269836,29,0.13793103448275862,-0.010594994765741182,-5.118963830476778,39,0.23076923076923078,-0.004516704284457563
20,2.0,0.01,0.15,0.02,24,True,0.002,0,-10.177436462371233,-16.426969507639757,29,0.10344827586206896,-0.012776528328186751,-3.927903417102709,40,0.25,-0.003633892051775682
20,2.0,0.01,0.15,0.02,24,True,0.003,0,-13.076166118419124,-18.04370502191488,29,0.10344827586206896,-0.013876528243166344,-8.108627214923368,40,0.225,-0.007067628821986314
20,2.0,0.01,0.15,0.02,48,False,0.001,0,-11.38028565743383,-8.826392633639728,29,0.06896551724137931,-0.009763448275862048,-13.934178681227934,39,0.10256410256410256,-0.011915584686800821
20,2.0,0.01,0.15,0.02,48,False,0.002,0,-10.686726185432587,-9.732682467539611,29,0.06896551724137931,-0.010755172413793085,-11.64076990332556,40,0.125,-0.01068289135077245
20,2.0,0.01,0.15,0.02,48,False,0.003,0,-11.778960789376036,-10.640791247375837,29,0.06896551724137931,-0.011746896551724114,-12.917130331376233,40,0.1,-0.011779498301743218
20,2.0,0.01,0.15,0.02,48,True,0.001,0,-9.253437241373307,-13.387910652269836,29,0.13793103448275862,-0.010594994765741182,-5.118963830476778,39,0.23076923076923078,-0.004516704284457563
20,2.0,0.01,0.15,0.02,48,True,0.002,0,-10.177436462371233,-16.426969507639757,29,0.10344827586206896,-0.012776528328186751,-3.927903417102709,40,0.25,-0.003633892051775682
20,2.0,0.01,0.15,0.02,48,True,0.003,0,-13.076166118419124,-18.04370502191488,29,0.10344827586206896,-0.013876528243166344,-8.108627214923368,40,0.225,-0.007067628821986314
20,2.0,0.01,0.15,0.03,12,False,0.001,0,-5.301053899066281,-6.0794443910300755,29,0.2413793103448276,-0.007323469818953191,-4.522663407102487,39,0.3076923076923077,-0.005069321407114148
20,2.0,0.01,0.15,0.03,12,False,0.002,0,-6.46610035461843,-7.187219316500176,29,0.2413793103448276,-0.0086017605179823,-5.744981392736684,39,0.3076923076923077,-0.00638442083015362
20,2.0,0.01,0.15,0.03,12,False,0.003,0,-10.033335246684345,-13.07997117333321,29,0.20689655172413793,-0.014197786851147082,-6.9866993200354806,39,0.3076923076923077,-0.00769824681905868
20,2.0,0.01,0.15,0.03,12,True,0.001,0,-6.300729988084765,-6.746599320434504,29,0.3103448275862069,-0.006870185137836444,-5.854860655735027,39,0.3076923076923077,-0.006093962192864446
20,2.0,0.01,0.15,0.03,12,True,0.002,0,-7.70119141627274,-8.171414685755915,29,0.3103448275862069,-0.008222120346505764,-7.230968146789567,39,0.3076923076923077,-0.007436354485157581
20,2.0,0.01,0.15,0.03,12,True,0.003,0,-10.725426310555202,-12.81209206493756,29,0.27586206896551724,-0.012322344358265224,-8.638760556172844,39,0.3076923076923077,-0.008777360179292886
20,2.0,0.01,0.15,0.03,24,False,0.001,0,-5.181915564987198,-3.673412103293294,29,0.1724137931034483,-0.005586448618580668,-6.690419026681103,39,0.20512820512820512,-0.008405238708932724
20,2.0,0.01,0.15,0.03,24,False,0.002,0,-6.3952192801211005,-5.120087439444571,29,0.13793103448275862,-0.007790162106755435,-7.670351120797629,39,0.20512820512820512,-0.009585341842229885
20,2.0,0.01,0.15,0.03,24,False,0.003,0,-10.022372055875547,-11.385158103024555,29,0.10344827586206896,-0.015042494515800064,-8.659586008726539,39,0.1794871794871795,-0.0107646976413403
20,2.0,0.01,0.15,0.03,24,True,0.001,0,-5.805855796481156,-6.70295900501874,29,0.3103448275862069,-0.006894384431732677,-4.908752587943572,39,0.3333333333333333,-0.005163648871760389
20,2.0,0.01,0.15,0.03,24,True,0.002,0,-7.173024500678034,-8.08363823219542,29,0.3103448275862069,-0.008212989838439749,-6.262410769160648,39,0.3333333333333333,-0.0065078999388913
20,2.0,0.01,0.15,0.03,24,True,0.003,0,-10.14398928297522,-12.640219320731022,29,0.27586206896551724,-0.012280017138576434,-7.647759245219416,39,0.3333333333333333,-0.007850760703280748
20,2.0,0.01,0.15,0.03,48,False,0.001,0,-7.00370396729366,-4.1814893616232505,29,0.13793103448275862,-0.006664655172413777,-9.825918572964069,38,0.13157894736842105,-0.01303124014857356
20,2.0,0.01,0.15,0.03,48,False,0.002,0,-7.723916351120404,-4.810474534279761,29,0.13793103448275862,-0.007659482758620682,-10.637358167961047,38,0.13157894736842105,-0.014074709349584914
20,2.0,0.01,0.15,0.03,48,False,0.003,0,-11.007665657899043,-10.56320089849379,29,0.10344827586206896,-0.014839482758620678,-11.452130417304295,38,0.10526315789473684,-0.015117958697469645
20,2.0,0.01,0.15,0.03,48,True,0.001,0,-5.805855796481156,-6.70295900501874,29,0.3103448275862069,-0.006894384431732677,-4.908752587943572,39,0.3333333333333333,-0.005163648871760389
20,2.0,0.01,0.15,0.03,48,True,0.002,0,-7.173024500678034,-8.08363823219542,29,0.3103448275862069,-0.008212989838439749,-6.262410769160648,39,0.3333333333333333,-0.0065078999388913
20,2.0,0.01,0.15,0.03,48,True,0.003,0,-10.14398928297522,-12.640219320731022,29,0.27586206896551724,-0.012280017138576434,-7.647759245219416,39,0.3333333333333333,-0.007850760703280748
20,2.5,0.0,0.05,0.02,12,False,0.001,0,-15.659059191434123,-18.14716326965635,24,0.16666666666666666,-0.010860273521347113,-13.170955113211896,36,0.19444444444444445,-0.008881426541836978
20,2.5,0.0,0.05,0.02,12,False,0.002,0,-23.298659341431225,-31.88561717888323,24,0.08333333333333333,-0.01590364713216954,-14.711701503979219,36,0.19444444444444445,-0.009902056602721821
20,2.5,0.0,0.05,0.02,12,False,0.003,0,-30.506752396098626,-36.42775049957934,24,0.08333333333333333,-0.017233608047029638,-24.58575429261791,36,0.16666666666666666,-0.014117698713935842
20,2.5,0.0,0.05,0.02,12,True,0.001,0,-23.48912906689811,-29.54238007408172,24,0.16666666666666666,-0.013402416600719877,-17.435878059714494,36,0.19444444444444445,-0.010444316518876465
20,2.5,0.0,0.05,0.02,12,True,0.002,0,-42.83021738445017,-65.82345538597333,24,0.08333333333333333,-0.018527774576584898,-19.836979382927012,36,0.19444444444444445,-0.011651736451996075
20,2.5,0.0,0.05,0.02,12,True,0.003,0,-50.05769807453937,-71.9103894582597,24,0.08333333333333333,-0.019637256750102198,-28.20500669081903,36,0.16666666666666666,-0.014722250376435264
20,2.5,0.0,0.05,0.02,24,False,0.001,0,-18.039836765941086,-21.41932285751058,24,0.125,-0.012733124999999984,-14.66035067437159,36,0.16666666666666666,-0.0098208333333333
20,2.5,0.0,0.05,0.02,24,False,0.002,0,-24.833447779097988,-33.51002285733805,24,0.08333333333333333,-0.01663124999999996,-16.15687270085792,36,0.16666666666666666,-0.010812499999999968
20,2.5,0.0,0.05,0.02,24,False,0.003,0,-31.292350408870888,-35.53198271280164,24,0.08333333333333333,-0.017617083333333294,-27.05271810494013,36,0.1111111111111111,-0.015248622865087914
20,2.5,0.0,0.05,0.02,24,True,0.001,0,-21.487498544267737,-25.914668233127003,24,0.20833333333333334,-0.012439579559472612,-17.060328855408468,36,0.19444444444444445,-0.010292092796319346
20,2.5,0.0,0.05,0.02,24,True,0.002,0,-37.600972008343106,-55.76258226386446,24,0.125,-0.017769693254069588,-19.43936175282176,36,0.19444444444444445,-0.01149981687388017
20,2.5,0.0,0.05,0.02,24,True,0.003,0,-44.30360035376656,-60.95283652028206,24,0.125,-0.01888069008882397,-27.65436418725106,36,0.16666666666666666,-0.014570634336593277
20,2.5,0.0,0.05,0.02,48,False,0.001,0,-18.039836765941086,-21.41932285751058,24,0.125,-0.012733124999999984,-14.66035067437159,36,0.16666666666666666,-0.0098208333333333
20,2.5,0.0,0.05,0.02,48,False,0.002,0,-24.833447779097988,-33.51002285733805,24,0.08333333333333333,-0.01663124999999996,-16.15687270085792,36,0.16666666666666666,-0.010812499999999968
20,2.5,0.0,0.05,0.02,48,False,0.003,0,-31.671879243179873,-35.53198271280164,24,0.08333333333333333,-0.017617083333333294,-27.8117757735581,36,0.1111111111111111,-0.01567944444444441
20,2.5,0.0,0.05,0.02,48,True,0.001,0,-21.487498544267737,-25.914668233127003,24,0.20833333333333334,-0.012439579559472612,-17.060328855408468,36,0.19444444444444445,-0.010292092796319346
20,2.5,0.0,0.05,0.02,48,True,0.002,0,-37.600972008343106,-55.76258226386446,24,0.125,-0.017769693254069588,-19.43936175282176,36,0.19444444444444445,-0.01149981687388017
20,2.5,0.0,0.05,0.02,48,True,0.003,0,-44.30360035376656,-60.95283652028206,24,0.125,-0.01888069008882397,-27.65436418725106,36,0.16666666666666666,-0.014570634336593277
20,2.5,0.0,0.05,0.03,12,False,0.001,0,-11.342925927190564,-9.427380361971622,23,0.30434782608695654,-0.008070925383448337,-13.258471492409504,35,0.2571428571428571,-0.011041065633286266
20,2.5,0.0,0.05,0.03,12,False,0.002,0,-13.763779731691928,-12.087064499005557,24,0.2916666666666667,-0.01020431350316951,-15.4404949643783,36,0.25,-0.01270953588242548
20,2.5,0.0,0.05,0.03,12,False,0.003,0,-19.317169916806087,-19.34414233505595,24,0.25,-0.014986491393960183,-19.29019749855623,36,0.25,-0.015067991822434802
20,2.5,0.0,0.05,0.03,12,True,0.001,0,-16.669815381593622,-14.892053519327927,23,0.30434782608695654,-0.011164685422499673,-18.44757724385932,35,0.2571428571428571,-0.013514984601088157
20,2.5,0.0,0.05,0.03,12,True,0.002,0,-19.73839788482932,-17.991864181783892,24,0.2916666666666667,-0.013250306659798865,-21.484931587874748,36,0.25,-0.015328863006733298
20,2.5,0.0,0.05,0.03,12,True,0.003,0,-25.238471173495558,-26.96944649106204,24,0.25,-0.017811162913342875,-23.507495855929076,36,0.25,-0.01656941639987716
20,2.5,0.0,0.05,0.03,24,False,0.001,0,-14.04664318673048,-15.145079853301187,23,0.21739130434782608,-0.01278624998656105,-12.948206520159772,35,0.2857142857142857,-0.011143116450493405
20,2.5,0.0,0.05,0.03,24,False,0.002,0,-15.685157843400884,-16.390964116947053,23,0.21739130434782608,-0.013818209330786906,-14.979351569854714,36,0.2777777777777778,-0.012752722464861548
20,2.5,0.0,0.05,0.03,24,False,0.003,0,-21.248310192523746,-23.58596451770652,23,0.17391304347826086,-0.018316082752704518,-18.91065586734097,36,0.2222222222222222,-0.015304704582764592
20,2.5,0.0,0.05,0.03,24,True,0.001,0,-14.910965015465905,-13.799899009733553,23,0.34782608695652173,-0.010641285031875275,-16.02203102119826,35,0.3142857142857143,-0.01217699618818083
20,2.5,0.0,0.05,0.03,24,True,0.002,0,-17.872205095077902,-16.798014985278137,24,0.3333333333333333,-0.012709501717156587,-18.946395204877668,36,0.3055555555555556,-0.014030639993456788
20,2.5,0.0,0.05,0.03,24,True,0.003,0,-23.04947484038015,-25.212872853039457,24,0.2916666666666667,-0.017231303772747116,-20.886076827720846,36,0.3055555555555556,-0.015273787261448755
20,2.5,0.0,0.05,0.03,48,False,0.001,0,-13.789679926106752,-16.628332494671145,23,0.21739130434782608,-0.01408978260869562,-10.951027357542358,35,0.2857142857142857,-0.009815807337355348
20,2.5,0.0,0.05,0.03,48,False,0.002,0,-15.350070318124386,-17.81145986922205,23,0.21739130434782608,-0.015077173913043451,-12.888680767026724,36,0.2777777777777778,-0.011435840162492751
20,2.5,0.0,0.05,0.03,48,False,0.003,0,-22.947543667775,-25.13311837246052,23,0.17391304347826086,-0.019530652173912998,-20.76196896308948,36,0.2222222222222222,-0.016883561804132162
20,2.5,0.0,0.05,0.03,48,True,0.001,0,-14.910965015465905,-13.799899009733553,23,0.34782608695652173,-0.010641285031875275,-16.02203102119826,35,0.3142857142857143,-0.01217699618818083
20,2.5,0.0,0.05,0.03,48,True,0.002,0,-17.872205095077902,-16.798014985278137,24,0.3333333333333333,-0.012709501717156587,-18.946395204877668,36,0.3055555555555556,-0.014030639993456788
20,2.5,0.0,0.05,0.03,48,True,0.003,0,-23.04947484038015,-25.212872853039457,24,0.2916666666666667,-0.017231303772747116,-20.886076827720846,36,0.3055555555555556,-0.015273787261448755
20,2.5,0.0,0.08,0.02,12,False,0.001,0,-19.400065214370272,-25.16715083068326,24,0.125,-0.0134854004065397,-13.63297959805729,36,0.19444444444444445,-0.009359904798609391
20,2.5,0.0,0.08,0.02,12,False,0.002,0,-22.86965520243687,-30.230745769911476,24,0.08333333333333333,-0.0157041196996745,-15.508564634962266,36,0.19444444444444445,-0.010523855663379853
20,2.5,0.0,0.08,0.02,12,False,0.003,0,-26.9111886437126,-32.905450640530084,24,0.08333333333333333,-0.016819243590593242,-20.91692664689511,36,0.16666666666666666,-0.01335512368670492
20,2.5,0.0,0.08,0.02,12,True,0.001,0,-32.82744354108557,-52.47625736644737,24,0.125,-0.01631470826738655,-13.178629715723776,36,0.19444444444444445,-0.009149499936247878
20,2.5,0.0,0.08,0.02,12,True,0.002,0,-40.42713656667801,-65.82345538597333,24,0.08333333333333333,-0.018527774576584898,-15.030817747382688,36,0.19444444444444445,-0.010313871191928616
20,2.5,0.0,0.08,0.02,12,True,0.003,0,-47.605171988683495,-71.9103894582597,24,0.08333333333333333,-0.019637256750102198,-23.299954519107292,36,0.16666666666666666,-0.013891833709768597
20,2.5,0.0,0.08,0.02,24,False,0.001,0,-16.24260688968178,-18.52724925194239,24,0.08333333333333333,-0.013149166666666656,-13.95796452742117,36,0.1111111111111111,-0.010607974851299332
20,2.5,0.0,0.08,0.02,24,False,0.002,0,-17.663376171242273,-19.939786177050625,24,0.08333333333333333,-0.01413749999999996,-15.386966165433924,36,0.1111111111111111,-0.011655558411058673
20,2.5,0.0,0.08,0.02,24,False,0.003,0,-22.58715327006099,-21.355158098393364,24,0.08333333333333333,-0.015125833333333297,-23.81914844172862,36,0.08333333333333333,-0.015470970930118684
20,2.5,0.0,0.08,0.02,24,True,0.001,0,-28.160505412228474,-43.42655051226215,24,0.16666666666666666,-0.015351871226139284,-12.894460312194798,36,0.19444444444444445,-0.008997276213690758
20,2.5,0.0,0.08,0.02,24,True,0.002,0,-35.24945859823058,-55.76258226386446,24,0.125,-0.017769693254069588,-14.736334932596707,36,0.19444444444444445,-0.010161951613812711
20,2.5,0.0,0.08,0.02,24,True,0.003,0,-41.91930530762418,-60.95283652028206,24,0.125,-0.01888069008882397,-22.885774094966294,36,0.16666666666666666,-0.013740217669926611
20,2.5,0.0,0.08,0.02,48,False,0.001,0,-17.71479632276524,-18.52724925194239,24,0.08333333333333333,-0.013149166666666656,-16.902343393588083,35,0.11428571428571428,-0.012191438570162062
20,2.5,0.0,0.08,0.02,48,False,0.002,0,-19.140986961056164,-19.939786177050625,24,0.08333333333333333,-0.01413749999999996,-18.342187745061704,35,0.11428571428571428,-0.013209308894710916
20,2.5,0.0,0.08,0.02,48,False,0.003,0,-24.931835249308158,-21.355158098393364,24,0.08333333333333333,-0.015125833333333297,-28.508512400222948,35,0.05714285714285714,-0.01707420787830399
20,2.5,0.0,0.08,0.02,48,True,0.001,0,-28.160505412228474,-43.42655051226215,24,0.16666666666666666,-0.015351871226139284,-12.894460312194798,36,0.19444444444444445,-0.008997276213690758
20,2.5,0.0,0.08,0.02,48,True,0.002,0,-35.24945859823058,-55.76258226386446,24,0.125,-0.017769693254069588,-14.736334932596707,36,0.19444444444444445,-0.010161951613812711
20,2.5,0.0,0.08,0.02,48,True,0.003,0,-41.91930530762418,-60.95283652028206,24,0.125,-0.01888069008882397,-22.885774094966294,36,0.16666666666666666,-0.013740217669926611
20,2.5,0.0,0.08,0.03,12,False,0.001,0,-14.023747574810379,-14.930914313473837,23,0.21739130434782608,-0.012516418398876775,-13.11658083614692,35,0.2571428571428571,-0.011240307242445723
20,2.5,0.0,0.08,0.03,12,False,0.002,0,-16.697825428825595,-17.818640489576175,24,0.20833333333333334,-0.014588733923980574,-15.577010368075017,36,0.25,-0.013076153978766452
20,2.5,0.0,0.08,0.03,12,False,0.003,0,-24.43329842454931,-31.572701574476113,24,0.16666666666666666,-0.020438054592800823,-17.293895274622507,36,0.25,-0.014349344020138691
20,2.5,0.0,0.08,0.03,12,True,0.001,0,-17.83035172205079,-20.763395507630314,23,0.2608695652173913,-0.014419970677798434,-14.897307936471263,35,0.2571428571428571,-0.012183173258955895
20,2.5,0.0,0.08,0.03,12,True,0.002,0,-20.94121869954919,-24.41256535905784,24,0.25,-0.016454102241685697,-17.469872040040542,36,0.25,-0.013990997746665838
20,2.5,0.0,0.08,0.03,12,True,0.003,0,-28.143833061386168,-37.00156831780515,24,0.20833333333333334,-0.02109966457554388,-19.28609780496718,36,0.25,-0.015262359912384013
20,2.5,0.0,0.08,0.03,24,False,0.001,0,-14.401751734752835,-16.635288567160227,23,0.13043478260869565,-0.015825163030039315,-12.168214902345442,35,0.22857142857142856,-0.01176709740698234
20,2.5,0.0,0.08,0.03,24,False,0.002,0,-15.923551293912741,-17.742431186630206,23,0.13043478260869565,-0.016854078896004304,-14.104671401195278,36,0.2222222222222222,-0.013444116549855369
20,2.5,0.0,0.08,0.03,24,False,0.003,0,-21.863915387244624,-28.375631227899323,23,0.08695652173913043,-0.022648691448356708,-15.352199546589924,36,0.19444444444444445,-0.014573686215199864
20,2.5,0.0,0.08,0.03,24,True,0.001,0,-16.109746201575177,-19.324584273636688,23,0.30434782608695654,-0.01389657028717404,-12.894908129513668,35,0.3142857142857143,-0.010845184846048567
20,2.5,0.0,0.08,0.03,24,True,0.002,0,-19.110603835411133,-22.81140440506366,24,0.2916666666666667,-0.01591329729904342,-15.409803265758605,36,0.3055555555555556,-0.01269277473338933
20,2.5,0.0,0.08,0.03,24,True,0.003,0,-25.715794032265443,-34.26549428448321,24,0.25,-0.020519805434948125,-17.16609378004767,36,0.3055555555555556,-0.013966730773955612
20,2.5,0.0,0.08,0.03,48,False,0.001,0,-18.583780906669407,-18.00576729508706,23,0.13043478260869565,-0.017128695652173887,-19.161794518251753,34,0.14705882352941177,-0.017498392645755045
20,2.5,0.0,0.08,0.03,48,False,0.002,0,-20.026935296823552,-19.059606705227832,23,0.13043478260869565,-0.01811304347826085,-20.99426388841927,35,0.14285714285714285,-0.018909308894710892
20,2.5,0.0,0.08,0.03,48,False,0.003,0,-26.096581797420498,-30.04269391396401,23,0.08695652173913043,-0.023863260869565188,-22.15046968087699,35,0.11428571428571428,-0.019921350735446836
20,2.5,0.0,0.08,0.03,48,True,0.001,0,-16.109746201575177,-19.324584273636688,23,0.30434782608695654,-0.01389657028717404,-12.894908129513668,35,0.3142857142857143,-0.010845184846048567
20,2.5,0.0,0.08,0.03,48,True,0.002,0,-19.110603835411133,-22.81140440506366,24,0.2916666666666667,-0.01591329729904342,-15.409803265758605,36,0.3055555555555556,-0.01269277473338933
20,2.5,0.0,0.08,0.03,48,True,0.003,0,-25.715794032265443,-34.26549428448321,24,0.25,-0.020519805434948125,-17.16609378004767,36,0.3055555555555556,-0.013966730773955612
20,2.5,0.0,0.1,0.02,12,False,0.001,0,-18.55887248088701,-25.16715083068326,24,0.125,-0.0134854004065397,-11.950594131090767,36,0.19444444444444445,-0.00880518257638717
20,2.5,0.0,0.1,0.02,12,False,0.002,0,-21.949948531031293,-30.230745769911476,24,0.08333333333333333,-0.0157041196996745,-13.669151292151108,36,0.19444444444444445,-0.009969688996713187
20,2.5,0.0,0.1,0.02,12,False,0.003,0,-25.688041518519345,-32.905450640530084,24,0.08333333333333333,-0.016819243590593242,-18.470632396508606,36,0.16666666666666666,-0.012801512575593811
20,2.5,0.0,0.1,0.02,12,True,0.001,0,-32.015125015403065,-52.47625736644737,24,0.125,-0.01631470826738655,-11.553992664358757,36,0.19444444444444445,-0.008594777714025656
20,2.5,0.0,0.1,0.02,12,True,0.002,0,-39.53901887442958,-65.82345538597333,24,0.08333333333333333,-0.018527774576584898,-13.254582362885824,36,0.19444444444444445,-0.009759704525261951
20,2.5,0.0,0.1,0.02,12,True,0.003,0,-46.14259603945506,-71.9103894582597,24,0.08333333333333333,-0.019637256750102198,-20.374802620650414,36,0.16666666666666666,-0.013338222598657488
20,2.5,0.0,0.1,0.02,24,False,0.001,0,-14.81582431664604,-13.485357687028992,24,0.08333333333333333,-0.011484999999999987,-16.14629094626309,36,0.08333333333333333,-0.012272141517966
20,2.5,0.0,0.1,0.02,24,False,0.002,0,-16.12228408713955,-14.662471798554536,24,0.08333333333333333,-0.012474999999999958,-17.582096375724564,36,0.08333333333333333,-0.013318058411058679
20,2.5,0.0,0.1,0.02,24,False,0.003,0,-17.434046586922285,-15.84194840697103,24,0.08333333333333333,-0.013464999999999954,-19.026144766873543,36,0.08333333333333333,-0.014363748707896466
20,2.5,0.0,0.1,0.02,24,True,0.001,0,-27.363736767176047,-43.42655051226215,24,0.16666666666666666,-0.015351871226139284,-11.300923022089938,36,0.19444444444444445,-0.008442553991468538
20,2.5,0.0,0.1,0.02,24,True,0.002,0,-34.3780956430105,-55.76258226386446,24,0.125,-0.017769693254069588,-12.993609022156537,36,0.19444444444444445,-0.009607784947146047
20,2.5,0.0,0.1,0.02,24,True,0.003,0,-40.49124061258821,-60.95283652028206,24,0.125,-0.01888069008882397,-20.029644704894356,36,0.16666666666666666,-0.0131866065588155
20,2.5,0.0,0.1,0.02,48,False,0.001,0,-16.413352626687686,-13.485357687028992,24,0.08333333333333333,-0.011484999999999987,-19.341347566346382,35,0.08571428571428572,-0.01390315285587635
20,2.5,0.0,0.1,0.02,48,False,0.002,0,-17.725652919596925,-14.662471798554536,24,0.08333333333333333,-0.012474999999999958,-20.788834040639316,35,0.08571428571428572,-0.014919308894710924
20,2.5,0.0,0.1,0.02,48,False,0.003,0,-19.04100086847699,-15.84194840697103,24,0.08333333333333333,-0.013464999999999954,-22.240053329982945,35,0.05714285714285714,-0.01593535073544685
20,2.5,0.0,0.1,0.02,48,True,0.001,0,-27.363736767176047,-43.42655051226215,24,0.16666666666666666,-0.015351871226139284,-11.300923022089938,36,0.19444444444444445,-0.008442553991468538
20,2.5,0.0,0.1,0.02,48,True,0.002,0,-34.3780956430105,-55.76258226386446,24,0.125,-0.017769693254069588,-12.993609022156537,36,0.19444444444444445,-0.009607784947146047
20,2.5,0.0,0.1,0.02,48,True,0.003,0,-40.49124061258821,-60.95283652028206,24,0.125,-0.01888069008882397,-20.029644704894356,36,0.16666666666666666,-0.0131866065588155
20,2.5,0.0,0.1,0.03,12,False,0.001,0,-12.369204054432565,-12.878236163812174,23,0.21739130434782608,-0.01164815752931155,-11.860171945052958,35,0.2571428571428571,-0.010669735813874294
20,2.5,0.0,0.1,0.03,12,False,0.002,0,-14.877430739036129,-15.55862419693382,24,0.20833333333333334,-0.013757483923980572,-14.196237281138439,36,0.25,-0.012521987312099787
20,2.5,0.0,0.1,0.03,12,False,0.003,0,-23.688992748183157,-31.572701574476113,24,0.16666666666666666,-0.020438054592800823,-15.805283921890199,36,0.25,-0.013795732909027582
20,2.5,0.0,0.1,0.03,12,True,0.001,0,-17.11102522238313,-20.763395507630314,23,0.2608695652173913,-0.014419970677798434,-13.458654937135945,35,0.2571428571428571,-0.011612601830384468
20,2.5,0.0,0.1,0.03,12,True,0.002,0,-20.149364401736893,-24.41256535905784,24,0.25,-0.016454102241685697,-15.886163444415946,36,0.25,-0.013436831079999172
20,2.5,0.0,0.1,0.03,12,True,0.003,0,-27.288770355689024,-37.00156831780515,24,0.20833333333333334,-0.02109966457554388,-17.575972393572894,36,0.25,-0.014708748801272903
20,2.5,0.0,0.1,0.03,24,False,0.001,0,-12.440187059937386,-11.780124536944724,23,0.13043478260869565,-0.013220380421343653,-13.100249582930047,35,0.2,-0.013193525978410916
20,2.5,0.0,0.1,0.03,24,False,0.002,0,-13.832109808603601,-12.715263042517678,23,0.13043478260869565,-0.01425190498296082,-14.948956574689522,36,0.19444444444444445,-0.014829533216522035
20,2.5,0.0,0.1,0.03,24,False,0.003,0,-19.194274563877237,-22.238308404294056,23,0.08695652173913043,-0.020915647970095822,-16.150240723460414,36,0.16666666666666666,-0.015957713992977643
20,2.5,0.0,0.1,0.03,24,True,0.001,0,-15.471643974664627,-19.324584273636688,23,0.30434782608695654,-0.01389657028717404,-11.618703675692565,35,0.3142857142857143,-0.010274613417477142
20,2.5,0.0,0.1,0.03,24,True,0.002,0,-18.406805128492294,-22.81140440506366,24,0.2916666666666667,-0.01591329729904342,-14.002205851920932,36,0.3055555555555556,-0.012138608066722663
20,2.5,0.0,0.1,0.03,24,True,0.003,0,-24.95479901195823,-34.26549428448321,24,0.25,-0.020519805434948125,-15.644103739433252,36,0.3055555555555556,-0.013413119662844504
20,2.5,0.0,0.1,0.03,48,False,0.001,0,-16.432457614471353,-12.918744677191,23,0.13043478260869565,-0.014523913043478226,-19.946170551751706,34,0.11764705882352941,-0.018966774998696225
20,2.5,0.0,0.1,0.03,48,False,0.002,0,-17.751964791698338,-13.810454951139198,23,0.13043478260869565,-0.015510869565217363,-21.693474632257477,35,0.11428571428571428,-0.020334308894710895
20,2.5,0.0,0.1,0.03,48,False,0.003,0,-23.189821085481498,-23.574587335167866,23,0.08695652173913043,-0.022130217391304302,-22.805054835795133,35,0.08571428571428572,-0.02134492216401827
20,2.5,0.0,0.1,0.03,48,True,0.001,0,-15.471643974664627,-19.324584273636688,23,0.30434782608695654,-0.01389657028717404,-11.618703675692565,35,0.3142857142857143,-0.010274613417477142
20,2.5,0.0,0.1,0.03,48,True,0.002,0,-18.406805128492294,-22.81140440506366,24,0.2916666666666667,-0.01591329729904342,-14.002205851920932,36,0.3055555555555556,-0.012138608066722663
20,2.5,0.0,0.1,0.03,48,True,0.003,0,-24.95479901195823,-34.26549428448321,24,0.25,-0.020519805434948125,-15.644103739433252,36,0.3055555555555556,-0.013413119662844504
20,2.5,0.0,0.15,0.02,12,False,0.001,0,-16.77279190786711,-25.16715083068326,24,0.125,-0.0134854004065397,-8.378432985050958,36,0.19444444444444445,-0.007418377020831618
20,2.5,0.0,0.15,0.02,12,False,0.002,0,-19.997599870049363,-30.230745769911476,24,0.08333333333333333,-0.0157041196996745,-9.764453970187251,36,0.19444444444444445,-0.008584272330046524
20,2.5,0.0,0.15,0.02,12,False,0.003,0,-23.161224748543574,-32.905450640530084,24,0.08333333333333333,-0.016819243590593242,-13.416998856557068,36,0.16666666666666666,-0.01141748479781604
20,2.5,0.0,0.15,0.02,12,True,0.001,0,-31.07993196827198,-52.47625736644737,24,0.125,-0.01631470826738655,-9.683606570096583,36,0.19444444444444445,-0.007892011008606639
20,2.5,0.0,0.15,0.02,12,True,0.002,0,-38.558891153335544,-65.82345538597333,24,0.08333333333333333,-0.018527774576584898,-11.294326920697758,36,0.19444444444444445,-0.009088745113154481
20,2.5,0.0,0.15,0.02,12,True,0.003,0,-44.67192425611173,-71.9103894582597,24,0.08333333333333333,-0.019637256750102198,-17.433459053963762,36,0.16666666666666666,-0.012698946189181198
20,2.5,0.0,0.15,0.02,24,False,0.001,0,-10.876953086386946,-8.508611330902244,24,0.08333333333333333,-0.009086098336988974,-13.245294841871647,36,0.08333333333333333,-0.011464636418376827
20,2.5,0.0,0.15,0.02,24,False,0.002,0,-12.041766473080504,-9.519566391087611,24,0.08333333333333333,-0.010124423160771785,-14.563966555073398,36,0.08333333333333333,-0.012541187911323587
20,2.5,0.0,0.15,0.02,24,False,0.003,0,-13.216532988485561,-10.53828867544974,24,0.08333333333333333,-0.011162564477182835,-15.894777301521382,36,0.08333333333333333,-0.013617393622631249
20,2.5,0.0,0.15,0.02,24,True,0.001,0,-26.44528816888426,-43.42655051226215,24,0.16666666666666666,-0.015351871226139284,-9.464025825506365,36,0.19444444444444445,-0.007739787286049519
20,2.5,0.0,0.15,0.02,24,True,0.002,0,-33.41514122149111,-55.76258226386446,24,0.125,-0.017769693254069588,-11.067700179117757,36,0.19444444444444445,-0.008936825535038577
20,2.5,0.0,0.15,0.02,24,True,0.003,0,-39.05082327868719,-60.95283652028206,24,0.125,-0.01888069008882397,-17.148810037092318,36,0.16666666666666666,-0.01254733014933921
20,2.5,0.0,0.15,0.02,48,False,0.001,0,-12.207811065804915,-6.070811157409321,24,0.08333333333333333,-0.007324583333333329,-18.34481097420051,35,0.08571428571428572,-0.014130600774145964
20,2.5,0.0,0.15,0.02,48,False,0.002,0,-13.335008534649795,-6.90171524367858,24,0.08333333333333333,-0.008318749999999969,-19.76830182562101,35,0.08571428571428572,-0.015176152743947782
20,2.5,0.0,0.15,0.02,48,False,0.003,0,-14.466973769942003,-7.734286974842028,24,0.08333333333333333,-0.00931291666666663,-21.199660565041977,35,0.05714285714285714,-0.0162214721381104
20,2.5,0.0,0.15,0.02,48,True,0.001,0,-26.44528816888426,-43.42655051226215,24,0.16666666666666666,-0.015351871226139284,-9.464025825506365,36,0.19444444444444445,-0.007739787286049519
20,2.5,0.0,0.15,0.02,48,True,0.002,0,-33.41514122149111,-55.76258226386446,24,0.125,-0.017769693254069588,-11.067700179117757,36,0.19444444444444445,-0.008936825535038577
20,2.5,0.0,0.15,0.02,48,True,0.003,0,-39.05082327868719,-60.95283652028206,24,0.125,-0.01888069008882397,-17.148810037092318,36,0.16666666666666666,-0.01254733014933921
20,2.5,0.0,0.15,0.03,12,False,0.001,0,-11.030796893570333,-13.087013562979772,23,0.21739130434782608,-0.011740399121025502,-8.974580224160894,35,0.2571428571428571,-0.009243307242445726
20,2.5,0.0,0.15,0.03,12,False,0.002,0,-13.457810342433017,-15.908345003278681,24,0.20833333333333334,-0.013891310233768384,-11.007275681587354,36,0.25,-0.01113657064543312
20,2.5,0.0,0.15,0.03,12,False,0.003,0,-21.96906592687644,-31.572701574476113,24,0.16666666666666666,-0.020438054592800823,-12.365430279276762,36,0.25,-0.012411705131249812
20,2.5,0.0,0.15,0.03,12,True,0.001,0,-16.24837490406925,-20.763395507630314,23,0.2608695652173913,-0.014419970677798434,-11.733354300508191,35,0.2571428571428571,-0.010889756076239192
20,2.5,0.0,0.15,0.03,12,True,0.002,0,-19.237636483834923,-24.41256535905784,24,0.25,-0.016454102241685697,-14.062707608612003,36,0.25,-0.012765871667891702
20,2.5,0.0,0.15,0.03,12,True,0.003,0,-26.348471585769765,-37.00156831780515,24,0.20833333333333334,-0.02109966457554388,-15.695374853734377,36,0.25,-0.014069472391796616
20,2.5,0.0,0.15,0.03,24,False,0.001,0,-7.509976993497066,-5.926208436749778,23,0.13043478260869565,-0.00854652651211478,-9.093745550244355,35,0.2,-0.0109365207331192
20,2.5,0.0,0.15,0.03,24,False,0.002,0,-8.697950872804078,-6.696911860574051,23,0.13043478260869565,-0.009630650889853177,-10.698989885034107,36,0.19444444444444445,-0.012667246050120286
20,2.5,0.0,0.15,0.03,24,False,0.003,0,-13.905340478453835,-16.08296308456485,23,0.08695652173913043,-0.018513106554982308,-11.727717872342822,36,0.16666666666666666,-0.013827331129934657
20,2.5,0.0,0.15,0.03,24,True,0.001,0,-14.703167452611405,-19.324584273636688,23,0.30434782608695654,-0.01389657028717404,-10.081750631586122,35,0.3142857142857143,-0.009551767663331866
20,2.5,0.0,0.15,0.03,24,True,0.002,0,-17.592125860022453,-22.81140440506366,24,0.2916666666666667,-0.01591329729904342,-12.372847314981245,36,0.3055555555555556,-0.011467648654615192
20,2.5,0.0,0.15,0.03,24,True,0.003,0,-24.112980965345127,-34.26549428448321,24,0.25,-0.020519805434948125,-13.960467646207043,36,0.3055555555555556,-0.012773843253368215
20,2.5,0.0,0.15,0.03,48,False,0.001,0,-10.481946505097053,-5.146904484809221,23,0.13043478260869565,-0.008011956521739116,-15.816988525384884,34,0.11764705882352941,-0.017732530208679657
20,2.5,0.0,0.15,0.03,48,False,0.002,0,-11.575508464830492,-5.7909174646634645,23,0.13043478260869565,-0.009005434782608691,-17.360099464997518,35,0.11428571428571428,-0.019166152743947763
20,2.5,0.0,0.15,0.03,48,False,0.003,0,-16.01851128146576,-13.69275771536329,23,0.08695652173913043,-0.017797608695652143,-18.34426484756823,35,0.08571428571428572,-0.020207472138110392
20,2.5,0.0,0.15,0.03,48,True,0.001,0,-14.703167452611405,-19.324584273636688,23,0.30434782608695654,-0.01389657028717404,-10.081750631586122,35,0.3142857142857143,-0.009551767663331866
20,2.5,0.0,0.15,0.03,48,True,0.002,0,-17.592125860022453,-22.81140440506366,24,0.2916666666666667,-0.01591329729904342,-12.372847314981245,36,0.3055555555555556,-0.011467648654615192
20,2.5,0.0,0.15,0.03,48,True,0.003,0,-24.112980965345127,-34.26549428448321,24,0.25,-0.020519805434948125,-13.960467646207043,36,0.3055555555555556,-0.012773843253368215
20,2.5,0.005,0.05,0.02,12,False,0.001,0,-17.424716939876127,-27.33748779415296,14,0.14285714285714285,-0.013266897465166478,-7.511946085599292,24,0.25,-0.005499431479422143
20,2.5,0.005,0.05,0.02,12,False,0.002,0,-96.13500192799785,-183.32314106493143,14,0.0,-0.021202680798004945,-8.946862791064268,24,0.25,-0.006537459904082741
20,2.5,0.005,0.05,0.02,12,False,0.003,0,-112.33091926775353,-204.2072529725497,14,0.0,-0.022254684675065788,-20.454585562957373,24,0.20833333333333334,-0.012368006404237094
20,2.5,0.005,0.05,0.02,12,True,0.001,0,-19.12876130453325,-27.33748779415296,14,0.14285714285714285,-0.013266897465166478,-10.920034814913542,24,0.25,-0.007244197861012911
20,2.5,0.005,0.05,0.02,12,True,0.002,0,-98.2097043093555,-183.32314106493143,14,0.0,-0.021202680798004945,-13.096267553779574,24,0.25,-0.008520077242230938
20,2.5,0.005,0.05,0.02,12,True,0.003,0,-113.09911259821283,-204.2072529725497,14,0.0,-0.022254684675065788,-21.990972223875964,24,0.20833333333333334,-0.012590769177646658
20,2.5,0.005,0.05,0.02,24,False,0.001,0,-22.528926881627356,-35.59405294236743,14,0.07142857142857142,-0.01647749999999997,-9.463800820887275,24,0.20833333333333334,-0.006908541666666625
20,2.5,0.005,0.05,0.02,24,False,0.002,0,-436477860.31890064,-872955709.8006977,14,0.0,-0.02244999999999995,-10.837103621255372,24,0.20833333333333334,-0.00790312499999996
20,2.5,0.005,0.05,0.02,24,False,0.003,0,-455531255.1346076,-911062486.5258307,14,0.0,-0.02342999999999996,-23.743384472755334,24,0.125,-0.0140643926309652
20,2.5,0.005,0.05,0.02,24,True,0.001,0,-16.290678253923996,-22.08524308791877,14,0.21428571428571427,-0.011616319680171166,-10.496113419929223,24,0.25,-0.007015862277177231
20,2.5,0.005,0.05,0.02,24,True,0.002,0,-48.463953255915825,-84.2782422007978,14,0.07142857142857142,-0.019903112816550134,-12.649664311033844,24,0.25,-0.00829219787505708
20,2.5,0.005,0.05,0.02,24,True,0.003,0,-56.393083361966106,-91.42168560996863,14,0.07142857142857142,-0.020957713255731685,-21.364481113963578,24,0.20833333333333334,-0.012363345117883678
20,2.5,0.005,0.05,0.02,48,False,0.001,0,-22.528926881627356,-35.59405294236743,14,0.07142857142857142,-0.01647749999999997,-9.463800820887275,24,0.20833333333333334,-0.006908541666666625
20,2.5,0.005,0.05,0.02,48,False,0.002,0,-436477860.31890064,-872955709.8006977,14,0.0,-0.02244999999999995,-10.837103621255372,24,0.20833333333333334,-0.00790312499999996
20,2.5,0.005,0.05,0.02,48,False,0.003,0,-455531255.66065836,-911062486.5258307,14,0.0,-0.02342999999999996,-24.795486019670562,24,0.125,-0.014710624999999942
20,2.5,0.005,0.05,0.02,48,True,0.001,0,-16.290678253923996,-22.08524308791877,14,0.21428571428571427,-0.011616319680171166,-10.496113419929223,24,0.25,-0.007015862277177231
20,2.5,0.005,0.05,0.02,48,True,0.002,0,-48.463953255915825,-84.2782422007978,14,0.07142857142857142,-0.019903112816550134,-12.649664311033844,24,0.25,-0.00829219787505708
20,2.5,0.005,0.05,0.02,48,True,0.003,0,-56.393083361966106,-91.42168560996863,14,0.07142857142857142,-0.020957713255731685,-21.364481113963578,24,0.20833333333333334,-0.012363345117883678
20,2.5,0.005,0.05,0.03,12,False,0.001,0,-10.611690712693516,-11.658363194799408,14,0.2857142857142857,-0.009700826036595039,-9.565018230587622,24,0.2916666666666667,-0.008453501149910224
20,2.5,0.005,0.05,0.03,12,False,0.002,0,-11.928344780738627,-13.052913863391009,14,0.2857142857142857,-0.01083511402511332,-10.803775698086245,24,0.2916666666666667,-0.009529988287924172
20,2.5,0.005,0.05,0.03,12,False,0.003,0,-14.760215331301021,-14.451770587967921,14,0.2857142857142857,-0.011968832573551889,-15.06866007463412,24,0.2916666666666667,-0.012492369663272085
20,2.5,0.005,0.05,0.03,12,True,0.001,0,-13.119655319362877,-11.658363194799408,14,0.2857142857142857,-0.009700826036595039,-14.580947443926345,24,0.2916666666666667,-0.011372393740468256
20,2.5,0.005,0.05,0.03,12,True,0.002,0,-14.83011264136669,-13.052913863391009,14,0.2857142857142857,-0.01083511402511332,-16.60731141934237,24,0.2916666666666667,-0.012727917715251036
20,2.5,0.005,0.05,0.03,12,True,0.003,0,-16.435631620523893,-14.451770587967921,14,0.2857142857142857,-0.011968832573551889,-18.41949265307986,24,0.2916666666666667,-0.01397146112678878
20,2.5,0.005,0.05,0.03,24,False,0.001,0,-12.872536580825397,-17.00956240015337,14,0.21428571428571427,-0.01433785714285711,-8.735510761497421,24,0.2916666666666667,-0.008156666666666623
20,2.5,0.005,0.05,0.03,24,False,0.002,0,-14.004017781129736,-18.198874910696407,14,0.21428571428571427,-0.015324999999999978,-9.809160651563067,24,0.2916666666666667,-0.009149999999999959
20,2.5,0.005,0.05,0.03,24,False,0.003,0,-16.729781060050964,-19.39057440061556,14,0.21428571428571427,-0.016312142857142796,-14.068987719486369,24,0.25,-0.012403559297631895
20,2.5,0.005,0.05,0.03,24,True,0.001,0,-10.812161783650168,-9.449811327483728,14,0.35714285714285715,-0.008050248251599727,-12.174512239816611,24,0.3333333333333333,-0.009860634593674164
20,2.5,0.005,0.05,0.03,24,True,0.002,0,-12.4595059085902,-10.824749149711975,14,0.35714285714285715,-0.00918783411018495,-14.094262667468426,24,0.3333333333333333,-0.01121917907756833
20,2.5,0.005,0.05,0.03,24,True,0.003,0,-14.019819789954642,-12.207690369100257,14,0.35714285714285715,-0.010324843955954899,-15.831949210809025,24,0.3333333333333333,-0.012465736978269056
20,2.5,0.005,0.05,0.03,48,False,0.001,0,-12.872536580825397,-17.00956240015337,14,0.21428571428571427,-0.01433785714285711,-8.735510761497421,24,0.2916666666666667,-0.008156666666666623
20,2.5,0.005,0.05,0.03,48,False,0.002,0,-14.004017781129736,-18.198874910696407,14,0.21428571428571427,-0.015324999999999978,-9.809160651563067,24,0.2916666666666667,-0.009149999999999959
20,2.5,0.005,0.05,0.03,48,False,0.003,0,-17.279042632332352,-19.39057440061556,14,0.21428571428571427,-0.016312142857142796,-15.167510864049147,24,0.25,-0.013464999999999968
20,2.5,0.005,0.05,0.03,48,True,0.001,0,-10.812161783650168,-9.449811327483728,14,0.35714285714285715,-0.008050248251599727,-12.174512239816611,24,0.3333333333333333,-0.009860634593674164
20,2.5,0.005,0.05,0.03,48,True,0.002,0,-12.4595059085902,-10.824749149711975,14,0.35714285714285715,-0.00918783411018495,-14.094262667468426,24,0.3333333333333333,-0.01121917907756833
20,2.5,0.005,0.05,0.03,48,True,0.003,0,-14.019819789954642,-12.207690369100257,14,0.35714285714285715,-0.010324843955954899,-15.831949210809025,24,0.3333333333333333,-0.012465736978269056
20,2.5,0.005,0.08,0.02,12,False,0.001,0,-48.70652245773573,-88.6585839658789,14,0.07142857142857142,-0.01825939746516649,-8.75446094959256,24,0.25,-0.006464061182593526
20,2.5,0.005,0.08,0.02,12,False,0.002,0,-96.91337888747786,-183.32314106493143,14,0.0,-0.021202680798004945,-10.5036167100243,24,0.25,-0.0076730456844184385
20,2.5,0.005,0.08,0.02,12,False,0.003,0,-110.43188884255372,-204.2072529725497,14,0.0,-0.022254684675065788,-16.656524712557744,24,0.20833333333333334,-0.01138318086204969
20,2.5,0.005,0.08,0.02,12,True,0.001,0,-47.70746846146065,-88.6585839658789,14,0.07142857142857142,-0.01825939746516649,-6.75635295704239,24,0.25,-0.005301972987070036
20,2.5,0.005,0.08,0.02,12,True,0.002,0,-95.85610211665083,-183.32314106493143,14,0.0,-0.021202680798004945,-8.389063168370228,24,0.25,-0.006513279352129746
20,2.5,0.005,0.08,0.02,12,True,0.003,0,-110.57411675600864,-204.2072529725497,14,0.0,-0.022254684675065788,-16.94098053946758,24,0.20833333333333334,-0.011345144177646656
20,2.5,0.005,0.08,0.02,24,False,0.001,0,-417424491.5192537,-834848971.0962551,14,0.0,-0.021469999999999982,-11.9422522429367,24,0.125,-0.009337378943615686
20,2.5,0.005,0.08,0.02,24,False,0.002,0,-436477861.58793813,-872955709.8006977,14,0.0,-0.02244999999999995,-13.375178627036536,24,0.125,-0.010414587616588018
20,2.5,0.005,0.08,0.02,24,False,0.003,0,-455531255.919763,-911062486.5258307,14,0.0,-0.02342999999999996,-25.313695307160053,24,0.08333333333333333,-0.01564353972851136
20,2.5,0.005,0.08,0.02,24,True,0.001,0,-30.237988160430437,-54.0425040023397,14,0.14285714285714285,-0.016608819680171173,-6.433472318521173,24,0.25,-0.005073637403234357
20,2.5,0.005,0.08,0.02,24,True,0.002,0,-46.16734751793139,-84.2782422007978,14,0.07142857142857142,-0.019903112816550134,-8.056452835064981,24,0.25,-0.006285399984955888
20,2.5,0.005,0.08,0.02,24,True,0.003,0,-53.95022832456084,-91.42168560996863,14,0.07142857142857142,-0.020957713255731685,-16.478771039153038,24,0.20833333333333334,-0.011117720117883674
20,2.5,0.005,0.08,0.02,48,False,0.001,0,-417424494.0282587,-834848971.0962551,14,0.0,-0.021469999999999982,-16.960262325769474,24,0.125,-0.012099181248153028
20,2.5,0.005,0.08,0.02,48,False,0.002,0,-436477864.12003607,-872955709.8006977,14,0.0,-0.02244999999999995,-18.439374482940863,24,0.125,-0.013130242138120094
20,2.5,0.005,0.08,0.02,48,False,0.003,0,-455531260.8489064,-911062486.5258307,14,0.0,-0.02342999999999996,-35.17198202703382,24,0.041666666666666664,-0.018313219822526653
20,2.5,0.005,0.08,0.02,48,True,0.001,0,-30.237988160430437,-54.0425040023397,14,0.14285714285714285,-0.016608819680171173,-6.433472318521173,24,0.25,-0.005073637403234357
20,2.5,0.005,0.08,0.02,48,True,0.002,0,-46.16734751793139,-84.2782422007978,14,0.07142857142857142,-0.019903112816550134,-8.056452835064981,24,0.25,-0.006285399984955888
20,2.5,0.005,0.08,0.02,48,True,0.003,0,-53.95022832456084,-91.42168560996863,14,0.07142857142857142,-0.020957713255731685,-16.478771039153038,24,0.20833333333333334,-0.011117720117883674
20,2.5,0.005,0.08,0.03,12,False,0.001,0,-16.624945883237206,-23.333212506402862,14,0.14285714285714285,-0.017496418473040187,-9.91667926007155,24,0.2916666666666667,-0.00899097414794719
20,2.5,0.005,0.08,0.03,12,False,0.002,0,-18.252475586606597,-25.043819028157632,14,0.14285714285714285,-0.01869331034506664,-11.46113214505556,24,0.2916666666666667,-0.010282802621784283
20,2.5,0.005,0.08,0.03,12,False,0.003,0,-19.899605178146107,-26.763714531735623,14,0.14285714285714285,-0.019889351411169657,-13.035495824556593,24,0.2916666666666667,-0.011573434958486895
20,2.5,0.005,0.08,0.03,12,True,0.001,0,-14.474486126218306,-18.37035858932524,14,0.21428571428571427,-0.014453418881494567,-10.578613663111371,24,0.2916666666666667,-0.009430168866525382
20,2.5,0.005,0.08,0.03,12,True,0.002,0,-16.22258188940914,-20.291068451581328,14,0.21428571428571427,-0.015733148800300033,-12.15409532723695,24,0.2916666666666667,-0.010721119825149844
20,2.5,0.005,0.08,0.03,12,True,0.003,0,-18.012675765348874,-22.2652615620503,14,0.21428571428571427,-0.01701170906733465,-13.760089968647447,24,0.2916666666666667,-0.012010876395549062
20,2.5,0.005,0.08,0.03,24,False,0.001,0,-21.28879877553597,-32.45494690273065,14,0.07142857142857142,-0.02360964285714284,-10.122650648341292,24,0.20833333333333334,-0.010314763894879668
20,2.5,0.005,0.08,0.03,24,False,0.002,0,-22.550261995319552,-33.833040073827995,14,0.07142857142857142,-0.024587499999999984,-11.267483916811111,24,0.20833333333333334,-0.01143396612749069
20,2.5,0.005,0.08,0.03,24,False,0.003,0,-23.817140228045595,-35.21389911170355,14,0.07142857142857142,-0.025565357142857088,-12.420381344387645,24,0.20833333333333334,-0.012552656746284807
20,2.5,0.005,0.08,0.03,24,True,0.001,0,-12.187068571668094,-15.726514178238205,14,0.2857142857142857,-0.012802841096499259,-8.647622965097984,24,0.3333333333333333,-0.00791840971973129
20,2.5,0.005,0.08,0.03,24,True,0.002,0,-13.866984363013046,-17.562772474320578,14,0.2857142857142857,-0.014085868885371663,-10.171196251705513,24,0.3333333333333333,-0.009212381187467138
20,2.5,0.005,0.08,0.03,24,True,0.003,0,-15.588923189644834,-19.451992466641666,14,0.2857142857142857,-0.015367720449737662,-11.725853912648002,24,0.3333333333333333,-0.010505152247029338
20,2.5,0.005,0.08,0.03,48,False,0.001,0,-24.900103753498698,-32.45494690273065,14,0.07142857142857142,-0.02360964285714284,-17.345260604266752,24,0.16666666666666666,-0.01625959791481969
20,2.5,0.005,0.08,0.03,48,False,0.002,0,-26.151783078915397,-33.833040073827995,14,0.07142857142857142,-0.024587499999999984,-18.4705260840028,24,0.16666666666666666,-0.017286492138120096
20,2.5,0.005,0.08,0.03,48,False,0.003,0,-27.406262448597523,-35.21389911170355,14,0.07142857142857142,-0.025565357142857088,-19.598625785491496,24,0.125,-0.01831321982252667
20,2.5,0.005,0.08,0.03,48,True,0.001,0,-12.187068571668094,-15.726514178238205,14,0.2857142857142857,-0.012802841096499259,-8.647622965097984,24,0.3333333333333333,-0.00791840971973129
20,2.5,0.005,0.08,0.03,48,True,0.002,0,-13.866984363013046,-17.562772474320578,14,0.2857142857142857,-0.014085868885371663,-10.171196251705513,24,0.3333333333333333,-0.009212381187467138
20,2.5,0.005,0.08,0.03,48,True,0.003,0,-15.588923189644834,-19.451992466641666,14,0.2857142857142857,-0.015367720449737662,-11.725853912648002,24,0.3333333333333333,-0.010505152247029338
20,2.5,0.005,0.1,0.02,12,False,0.001,0,-47.82449011603001,-88.6585839658789,14,0.07142857142857142,-0.01825939746516649,-6.99039626618112,24,0.25,-0.005631977849260196
20,2.5,0.005,0.1,0.02,12,False,0.002,0,-95.94575493112373,-183.32314106493143,14,0.0,-0.021202680798004945,-8.568368797316033,24,0.25,-0.006841795684418432
20,2.5,0.005,0.1,0.02,12,False,0.003,0,-109.06942240878858,-204.2072529725497,14,0.0,-0.022254684675065788,-13.931591845027482,24,0.20833333333333334,-0.010552764195383021
20,2.5,0.005,0.1,0.02,12,True,0.001,0,-46.96603797157387,-88.6585839658789,14,0.07142857142857142,-0.01825939746516649,-5.273491977268839,24,0.25,-0.004469889653736706
20,2.5,0.005,0.1,0.02,12,True,0.002,0,-95.04405292883659,-183.32314106493143,14,0.0,-0.021202680798004945,-6.764964792741741,24,0.25,-0.005682029352129738
20,2.5,0.005,0.1,0.02,12,True,0.003,0,-109.15966879837158,-204.2072529725497,14,0.0,-0.022254684675065788,-14.112084624193464,24,0.20833333333333334,-0.010514727510979987
20,2.5,0.005,0.1,0.02,24,False,0.001,0,-417424494.4724058,-834848971.0962551,14,0.0,-0.021469999999999982,-17.848556562103813,24,0.08333333333333333,-0.012665712276949022
20,2.5,0.005,0.1,0.02,24,False,0.002,0,-436477864.6316024,-872955709.8006977,14,0.0,-0.02244999999999995,-19.462507069427456,24,0.08333333333333333,-0.013739587616588021
20,2.5,0.005,0.1,0.02,24,False,0.003,0,-455531253.8082233,-911062486.5258307,14,0.0,-0.02342999999999996,-21.090615915257075,24,0.08333333333333333,-0.014813123061844692
20,2.5,0.005,0.1,0.02,24,True,0.001,0,-29.51314100699146,-54.0425040023397,14,0.14285714285714285,-0.016608819680171173,-4.983778011643224,24,0.25,-0.004241554069901027
20,2.5,0.005,0.1,0.02,24,True,0.002,0,-45.37310311311715,-84.2782422007978,14,0.07142857142857142,-0.019903112816550134,-6.467964025436499,24,0.25,-0.00545414998495588
20,2.5,0.005,0.1,0.02,24,True,0.003,0,-52.57451863478141,-91.42168560996863,14,0.07142857142857142,-0.020957713255731685,-13.727351659594198,24,0.20833333333333334,-0.010287303451217008
20,2.5,0.005,0.1,0.02,48,False,0.001,0,-417424497.91609037,-834848971.0962551,14,0.0,-0.021469999999999982,-24.735925673933824,24,0.08333333333333333,-0.015427514581486364
20,2.5,0.005,0.1,0.02,48,False,0.002,0,-436477868.1229764,-872955709.8006977,14,0.0,-0.02244999999999995,-26.445255109407913,24,0.08333333333333333,-0.016455242138120097
20,2.5,0.005,0.1,0.02,48,False,0.003,0,-455531257.3430572,-911062486.5258307,14,0.0,-0.02342999999999996,-28.160283680257045,24,0.041666666666666664,-0.017482803155859986
20,2.5,0.005,0.1,0.02,48,True,0.001,0,-29.51314100699146,-54.0425040023397,14,0.14285714285714285,-0.016608819680171173,-4.983778011643224,24,0.25,-0.004241554069901027
20,2.5,0.005,0.1,0.02,48,True,0.002,0,-45.37310311311715,-84.2782422007978,14,0.07142857142857142,-0.019903112816550134,-6.467964025436499,24,0.25,-0.00545414998495588
20,2.5,0.005,0.1,0.02,48,True,0.003,0,-52.57451863478141,-91.42168560996863,14,0.07142857142857142,-0.020957713255731685,-13.727351659594198,24,0.20833333333333334,-0.010287303451217008
20,2.5,0.005,0.1,0.03,12,False,0.001,0,-13.445826770761137,-18.425418758024552,14,0.14285714285714285,-0.016069989901611622,-8.466234783497722,24,0.2916666666666667,-0.00815889081461386
20,2.5,0.005,0.1,0.03,12,False,0.002,0,-14.882369847282078,-19.866386031609625,14,0.14285714285714285,-0.01726831034506664,-9.89835366295453,24,0.2916666666666667,-0.009451552621784275
20,2.5,0.005,0.1,0.03,12,False,0.003,0,-16.333758772689308,-21.312968430036253,14,0.14285714285714285,-0.018465779982598234,-11.354549115342358,24,0.2916666666666667,-0.010743018291820226
20,2.5,0.005,0.1,0.03,12,True,0.001,0,-13.712144482039765,-18.37035858932524,14,0.21428571428571427,-0.014453418881494567,-9.053930374754293,24,0.2916666666666667,-0.008598085533192051
20,2.5,0.005,0.1,0.03,12,True,0.002,0,-15.400775003615607,-20.291068451581328,14,0.21428571428571427,-0.015733148800300033,-10.510481555649886,24,0.2916666666666667,-0.009889869825149836
20,2.5,0.005,0.1,0.03,12,True,0.003,0,-17.12832556600502,-22.2652615620503,14,0.21428571428571427,-0.01701170906733465,-11.991389569959741,24,0.2916666666666667,-0.011180459728882394
20,2.5,0.005,0.1,0.03,24,False,0.001,0,-19.369500346190428,-25.802708438028176,14,0.07142857142857142,-0.02218321428571427,-12.936292254352681,24,0.16666666666666666,-0.01322705556154634
20,2.5,0.005,0.1,0.03,24,False,0.002,0,-20.52898734743119,-26.968787281658418,14,0.07142857142857142,-0.02316249999999998,-14.08918741320396,24,0.16666666666666666,-0.014343341127490685
20,2.5,0.005,0.1,0.03,24,False,0.003,0,-21.69386231764415,-28.137206474126952,14,0.07142857142857142,-0.024141785714285664,-15.250518161161347,24,0.16666666666666666,-0.015459115079618136
20,2.5,0.005,0.1,0.03,24,True,0.001,0,-11.510047248755713,-15.726514178238205,14,0.2857142857142857,-0.012802841096499259,-7.293580319273222,24,0.3333333333333333,-0.007086326386397959
20,2.5,0.005,0.1,0.03,24,True,0.002,0,-13.136209670890864,-17.562772474320578,14,0.2857142857142857,-0.014085868885371663,-8.709646867461148,24,0.3333333333333333,-0.00838113118746713
20,2.5,0.005,0.1,0.03,24,True,0.003,0,-14.801448554911548,-19.451992466641666,14,0.2857142857142857,-0.015367720449737662,-10.15090464318143,24,0.3333333333333333,-0.00967473558036267
20,2.5,0.005,0.1,0.03,48,False,0.001,0,-23.220310656353753,-25.802708438028176,14,0.07142857142857142,-0.02218321428571427,-20.637912874679333,24,0.125,-0.01917188958148636
20,2.5,0.005,0.1,0.03,48,False,0.002,0,-24.373195282645423,-26.968787281658418,14,0.07142857142857142,-0.02316249999999998,-21.777603283632427,24,0.125,-0.02019586713812009
20,2.5,0.005,0.1,0.03,48,False,0.003,0,-25.52874622708591,-28.137206474126952,14,0.07142857142857142,-0.024141785714285664,-22.920285980044873,24,0.08333333333333333,-0.02121967815586
20,2.5,0.005,0.1,0.03,48,True,0.001,0,-11.510047248755713,-15.726514178238205,14,0.2857142857142857,-0.012802841096499259,-7.293580319273222,24,0.3333333333333333,-0.007086326386397959
20,2.5,0.005,0.1,0.03,48,True,0.002,0,-13.136209670890864,-17.562772474320578,14,0.2857142857142857,-0.014085868885371663,-8.709646867461148,24,0.3333333333333333,-0.00838113118746713
20,2.5,0.005,0.1,0.03,48,True,0.003,0,-14.801448554911548,-19.451992466641666,14,0.2857142857142857,-0.015367720449737662,-10.15090464318143,24,0.3333333333333333,-0.00967473558036267
20,2.5,0.005,0.15,0.02,12,False,0.001,0,-51.066865559594696,-88.6585839658789,14,0.07142857142857142,-0.01825939746516649,-13.475147153310493,24,0.25,-0.008375020756880559
20,2.5,0.005,0.15,0.02,12,False,0.002,0,-99.54965808104858,-183.32314106493143,14,0.0,-0.021202680798004945,-15.776175097165732,24,0.25,-0.009624962704451581
20,2.5,0.005,0.15,0.02,12,False,0.003,0,-114.38512718312613,-204.2072529725497,14,0.0,-0.022254684675065788,-24.56300139370256,24,0.20833333333333334,-0.013375884012540945
20,2.5,0.005,0.15,0.02,12,True,0.001,0,-46.69835080055787,-88.6585839658789,14,0.07142857142857142,-0.01825939746516649,-4.7381176352368275,24,0.25,-0.004142928712270511
20,2.5,0.005,0.15,0.02,12,True,0.002,0,-94.79072083445008,-183.32314106493143,14,0.0,-0.021202680798004945,-6.258300603968727,24,0.25,-0.005401326419879814
20,2.5,0.005,0.15,0.02,12,True,0.003,0,-108.8005354889768,-204.2072529725497,14,0.0,-0.022254684675065788,-13.39381800540392,24,0.20833333333333334,-0.010280099047652235
20,2.5,0.005,0.15,0.02,24,False,0.001,0,-417424491.20677793,-834848971.0962551,14,0.0,-0.021469999999999982,-11.317300765092785,24,0.08333333333333333,-0.010585503943615689
20,2.5,0.005,0.15,0.02,24,False,0.002,0,-436477861.15459204,-872955709.8006977,14,0.0,-0.02244999999999995,-12.508486360060946,24,0.08333333333333333,-0.011661462616588033
20,2.5,0.005,0.15,0.02,24,False,0.003,0,-455531250.1160406,-911062486.5258307,14,0.0,-0.02342999999999996,-13.70625045350873,24,0.08333333333333333,-0.012737081395178035
20,2.5,0.005,0.15,0.02,24,True,0.001,0,-29.251335976491585,-54.0425040023397,14,0.14285714285714285,-0.016608819680171173,-4.460167950643472,24,0.25,-0.003914593128434832
20,2.5,0.005,0.15,0.02,24,True,0.002,0,-45.12518915602048,-84.2782422007978,14,0.07142857142857142,-0.019903112816550134,-5.972136111243154,24,0.25,-0.005173447052705956
20,2.5,0.005,0.15,0.02,24,True,0.003,0,-52.224430288626145,-91.42168560996863,14,0.07142857142857142,-0.020957713255731685,-13.027174967283653,24,0.20833333333333334,-0.010052674987889254
20,2.5,0.005,0.15,0.02,48,False,0.001,0,-417424493.16394097,-834848971.0962551,14,0.0,-0.021469999999999982,-15.23162691130654,24,0.08333333333333333,-0.01334730624815303
20,2.5,0.005,0.15,0.02,48,False,0.002,0,-436477863.11688554,-872955709.8006977,14,0.0,-0.02244999999999995,-16.43307340545934,24,0.08333333333333333,-0.014377117138120107
20,2.5,0.005,0.15,0.02,48,False,0.003,0,-455531252.0816836,-911062486.5258307,14,0.0,-0.02342999999999996,-17.637536462908397,24,0.041666666666666664,-0.015406761489193331
20,2.5,0.005,0.15,0.02,48,True,0.001,0,-29.251335976491585,-54.0425040023397,14,0.14285714285714285,-0.016608819680171173,-4.460167950643472,24,0.25,-0.003914593128434832
20,2.5,0.005,0.15,0.02,48,True,0.002,0,-45.12518915602048,-84.2782422007978,14,0.07142857142857142,-0.019903112816550134,-5.972136111243154,24,0.25,-0.005173447052705956
20,2.5,0.005,0.15,0.02,48,True,0.003,0,-52.224430288626145,-91.42168560996863,14,0.07142857142857142,-0.020957713255731685,-13.027174967283653,24,0.20833333333333334,-0.010052674987889254
20,2.5,0.005,0.15,0.03,12,False,0.001,0,-15.81159615566605,-18.170338245007873,14,0.14285714285714285,-0.015983677757978293,-13.452854066324228,24,0.2916666666666667,-0.010901933722234221
20,2.5,0.005,0.15,0.03,12,False,0.002,0,-17.58674131741777,-19.841394757644313,14,0.14285714285714285,-0.017260350205037012,-15.332087877191228,24,0.2916666666666667,-0.012234719641817424
20,2.5,0.005,0.15,0.03,12,False,0.003,0,-19.4067862747552,-21.546263409005878,14,0.14285714285714285,-0.018535859093940725,-17.267309140504516,24,0.2916666666666667,-0.013566138108978146
20,2.5,0.005,0.15,0.03,12,True,0.001,0,-13.428803496246733,-18.37035858932524,14,0.21428571428571427,-0.014453418881494567,-8.487248403168227,24,0.2916666666666667,-0.008271124591725857
20,2.5,0.005,0.15,0.03,12,True,0.002,0,-15.137400676237444,-20.291068451581328,14,0.21428571428571427,-0.015733148800300033,-9.983732900893562,24,0.2916666666666667,-0.009609166892899913
20,2.5,0.005,0.15,0.03,12,True,0.003,0,-16.890503658229868,-22.2652615620503,14,0.21428571428571427,-0.01701170906733465,-11.515745754409435,24,0.2916666666666667,-0.010945831265554639
20,2.5,0.005,0.15,0.03,24,False,0.001,0,-11.212493483561516,-15.639566199453757,14,0.07142857142857142,-0.01861714285714285,-6.785420767669274,24,0.16666666666666666,-0.009066638894879681
20,2.5,0.005,0.15,0.03,24,False,0.002,0,-12.063387717691231,-16.481734260411667,14,0.07142857142857142,-0.0196,-7.645041174970798,24,0.16666666666666666,-0.01018709112749071
20,2.5,0.005,0.15,0.03,24,False,0.003,0,-12.917119173011365,-17.32559257333687,14,0.07142857142857142,-0.020582857142857104,-8.50864577268586,24,0.16666666666666666,-0.011307031746284823
20,2.5,0.005,0.15,0.03,24,True,0.001,0,-11.257906352330599,-15.726514178238205,14,0.2857142857142857,-0.012802841096499259,-6.789298526422992,24,0.3333333333333333,-0.006759365444931764
20,2.5,0.005,0.15,0.03,24,True,0.002,0,-12.901397595985788,-17.562772474320578,14,0.2857142857142857,-0.014085868885371663,-8.240022717651,24,0.3333333333333333,-0.008100428255217207
20,2.5,0.005,0.15,0.03,24,True,0.003,0,-14.589026129258201,-19.451992466641666,14,0.2857142857142857,-0.015367720449737662,-9.726059791874734,24,0.3333333333333333,-0.009440107117034914
20,2.5,0.005,0.15,0.03,48,False,0.001,0,-13.688572463928018,-15.639566199453757,14,0.07142857142857142,-0.01861714285714285,-11.73757872840228,24,0.125,-0.015011472914819699
20,2.5,0.005,0.15,0.03,48,False,0.002,0,-14.519834138621764,-16.481734260411667,14,0.07142857142857142,-0.0196,-12.557934016831863,24,0.125,-0.01603961713812012
20,2.5,0.005,0.15,0.03,48,False,0.003,0,-15.352836851522014,-17.32559257333687,14,0.07142857142857142,-0.020582857142857104,-13.380081129707156,24,0.08333333333333333,-0.017067594822526688
20,2.5,0.005,0.15,0.03,48,True,0.001,0,-11.257906352330599,-15.726514178238205,14,0.2857142857142857,-0.012802841096499259,-6.789298526422992,24,0.3333333333333333,-0.006759365444931764
20,2.5,0.005,0.15,0.03,48,True,0.002,0,-12.901397595985788,-17.562772474320578,14,0.2857142857142857,-0.014085868885371663,-8.240022717651,24,0.3333333333333333,-0.008100428255217207
20,2.5,0.005,0.15,0.03,48,True,0.003,0,-14.589026129258201,-19.451992466641666,14,0.2857142857142857,-0.015367720449737662,-9.726059791874734,24,0.3333333333333333,-0.009440107117034914
20,2.5,0.01,0.05,0.02,12,False,0.001,0,-10.418605086631104,,5,,,-10.418605086631104,15,0.2,-0.007490999999999955
20,2.5,0.01,0.05,0.02,12,False,0.002,0,-11.81290716588025,,5,,,-11.81290716588025,15,0.2,-0.00848499999999996
20,2.5,0.01,0.05,0.02,12,False,0.003,0,-23.170040356819158,,5,,,-23.170040356819158,15,0.13333333333333333,-0.01412933333333329
20,2.5,0.01,0.05,0.02,12,True,0.001,0,-11.897339422411317,,5,,,-11.897339422411317,15,0.2,-0.008166856508770547
20,2.5,0.01,0.05,0.02,12,True,0.002,0,-13.518722031932647,,5,,,-13.518722031932647,15,0.2,-0.009229157013874811
20,2.5,0.01,0.05,0.02,12,True,0.003,0,-26.70557490422623,,5,,,-26.70557490422623,15,0.13333333333333333,-0.014941515216029143
20,2.5,0.01,0.05,0.02,24,False,0.001,0,-10.418605086631104,,5,,,-10.418605086631104,15,0.2,-0.007490999999999955
20,2.5,0.01,0.05,0.02,24,False,0.002,0,-11.81290716588025,,5,,,-11.81290716588025,15,0.2,-0.00848499999999996
20,2.5,0.01,0.05,0.02,24,False,0.003,0,-23.170040356819158,,5,,,-23.170040356819158,15,0.13333333333333333,-0.01412933333333329
20,2.5,0.01,0.05,0.02,24,True,0.001,0,-11.897339422411317,,5,,,-11.897339422411317,15,0.2,-0.008166856508770547
20,2.5,0.01,0.05,0.02,24,True,0.002,0,-13.518722031932647,,5,,,-13.518722031932647,15,0.2,-0.009229157013874811
20,2.5,0.01,0.05,0.02,24,True,0.003,0,-26.70557490422623,,5,,,-26.70557490422623,15,0.13333333333333333,-0.014941515216029143
20,2.5,0.01,0.05,0.02,48,False,0.001,0,-10.418605086631104,,5,,,-10.418605086631104,15,0.2,-0.007490999999999955
20,2.5,0.01,0.05,0.02,48,False,0.002,0,-11.81290716588025,,5,,,-11.81290716588025,15,0.2,-0.00848499999999996
20,2.5,0.01,0.05,0.02,48,False,0.003,0,-23.170040356819158,,5,,,-23.170040356819158,15,0.13333333333333333,-0.01412933333333329
20,2.5,0.01,0.05,0.02,48,True,0.001,0,-11.897339422411317,,5,,,-11.897339422411317,15,0.2,-0.008166856508770547
20,2.5,0.01,0.05,0.02,48,True,0.002,0,-13.518722031932647,,5,,,-13.518722031932647,15,0.2,-0.009229157013874811
20,2.5,0.01,0.05,0.02,48,True,0.003,0,-26.70557490422623,,5,,,-26.70557490422623,15,0.13333333333333333,-0.014941515216029143
20,2.5,0.01,0.05,0.03,12,False,0.001,0,-9.918986001283475,,5,,,-9.918986001283475,15,0.26666666666666666,-0.008896612598642722
20,2.5,0.01,0.05,0.03,12,False,0.002,0,-11.107410355719264,,5,,,-11.107410355719264,15,0.26666666666666666,-0.009954801677575557
20,2.5,0.01,0.05,0.03,12,False,0.003,0,-12.296795674184825,,5,,,-12.296795674184825,15,0.26666666666666666,-0.011012728629129657
20,2.5,0.01,0.05,0.03,12,True,0.001,0,-14.246971607542244,,5,,,-14.246971607542244,15,0.26666666666666666,-0.011451071041760939
20,2.5,0.01,0.05,0.03,12,True,0.002,0,-15.834489334071563,,5,,,-15.834489334071563,15,0.26666666666666666,-0.012643458034136279
20,2.5,0.01,0.05,0.03,12,True,0.003,0,-17.43928797126894,,5,,,-17.43928797126894,15,0.26666666666666666,-0.013835036415996923
20,2.5,0.01,0.05,0.03,24,False,0.001,0,-11.177010265559428,,5,,,-11.177010265559428,15,0.26666666666666666,-0.010153666666666639
20,2.5,0.01,0.05,0.03,24,False,0.002,0,-12.280554747264949,,5,,,-12.280554747264949,15,0.26666666666666666,-0.011144999999999964
20,2.5,0.01,0.05,0.03,24,False,0.003,0,-13.38631406981423,,5,,,-13.38631406981423,15,0.26666666666666666,-0.012136333333333301
20,2.5,0.01,0.05,0.03,24,True,0.001,0,-15.612346817986083,,5,,,-15.612346817986083,15,0.26666666666666666,-0.012708125109784854
20,2.5,0.01,0.05,0.03,24,True,0.002,0,-17.109696305798604,,5,,,-17.109696305798604,15,0.26666666666666666,-0.013833656356560687
20,2.5,0.01,0.05,0.03,24,True,0.003,0,-18.624573300509322,,5,,,-18.624573300509322,15,0.26666666666666666,-0.014958641120200563
20,2.5,0.01,0.05,0.03,48,False,0.001,0,-11.177010265559428,,5,,,-11.177010265559428,15,0.26666666666666666,-0.010153666666666639
20,2.5,0.01,0.05,0.03,48,False,0.002,0,-12.280554747264949,,5,,,-12.280554747264949,15,0.26666666666666666,-0.011144999999999964
20,2.5,0.01,0.05,0.03,48,False,0.003,0,-13.38631406981423,,5,,,-13.38631406981423,15,0.26666666666666666,-0.012136333333333301
20,2.5,0.01,0.05,0.03,48,True,0.001,0,-15.612346817986083,,5,,,-15.612346817986083,15,0.26666666666666666,-0.012708125109784854
20,2.5,0.01,0.05,0.03,48,True,0.002,0,-17.109696305798604,,5,,,-17.109696305798604,15,0.26666666666666666,-0.013833656356560687
20,2.5,0.01,0.05,0.03,48,True,0.003,0,-18.624573300509322,,5,,,-18.624573300509322,15,0.26666666666666666,-0.014958641120200563
20,2.5,0.01,0.08,0.02,12,False,0.001,0,-7.774415259496772,,5,,,-7.774415259496772,15,0.2,-0.006265282223380826
20,2.5,0.01,0.08,0.02,12,False,0.002,0,-9.25401715781022,,5,,,-9.25401715781022,15,0.2,-0.007399042939820317
20,2.5,0.01,0.08,0.02,12,False,0.003,0,-17.08027825773939,,5,,,-17.08027825773939,15,0.13333333333333333,-0.012535459116197798
20,2.5,0.01,0.08,0.02,12,True,0.001,0,-5.577767157788048,,5,,,-5.577767157788048,15,0.2,-0.004881755373507305
20,2.5,0.01,0.08,0.02,12,True,0.002,0,-6.931716022190024,,5,,,-6.931716022190024,15,0.2,-0.006018280389712903
20,2.5,0.01,0.08,0.02,12,True,0.003,0,-18.10810614598487,,5,,,-18.10810614598487,15,0.13333333333333333,-0.012948515216029138
20,2.5,0.01,0.08,0.02,24,False,0.001,0,-9.344264287923227,,5,,,-9.344264287923227,15,0.13333333333333333,-0.008156666666666638
20,2.5,0.01,0.08,0.02,24,False,0.002,0,-10.492733862194193,,5,,,-10.492733862194193,15,0.13333333333333333,-0.009149999999999952
20,2.5,0.01,0.08,0.02,24,False,0.003,0,-26.259731608649503,,5,,,-26.259731608649503,15,0.06666666666666667,-0.01678666666666662
20,2.5,0.01,0.08,0.02,24,True,0.001,0,-5.577767157788048,,5,,,-5.577767157788048,15,0.2,-0.004881755373507305
20,2.5,0.01,0.08,0.02,24,True,0.002,0,-6.931716022190024,,5,,,-6.931716022190024,15,0.2,-0.006018280389712903
20,2.5,0.01,0.08,0.02,24,True,0.003,0,-18.10810614598487,,5,,,-18.10810614598487,15,0.13333333333333333,-0.012948515216029138
20,2.5,0.01,0.08,0.02,48,False,0.001,0,-9.344264287923227,,5,,,-9.344264287923227,15,0.13333333333333333,-0.008156666666666638
20,2.5,0.01,0.08,0.02,48,False,0.002,0,-10.492733862194193,,5,,,-10.492733862194193,15,0.13333333333333333,-0.009149999999999952
20,2.5,0.01,0.08,0.02,48,False,0.003,0,-26.259731608649503,,5,,,-26.259731608649503,15,0.06666666666666667,-0.01678666666666662
20,2.5,0.01,0.08,0.02,48,True,0.001,0,-5.577767157788048,,5,,,-5.577767157788048,15,0.2,-0.004881755373507305
20,2.5,0.01,0.08,0.02,48,True,0.002,0,-6.931716022190024,,5,,,-6.931716022190024,15,0.2,-0.006018280389712903
20,2.5,0.01,0.08,0.02,48,True,0.003,0,-18.10810614598487,,5,,,-18.10810614598487,15,0.13333333333333333,-0.012948515216029138
20,2.5,0.01,0.08,0.03,12,False,0.001,0,-7.007507972113474,,5,,,-7.007507972113474,15,0.26666666666666666,-0.0069874440938085276
20,2.5,0.01,0.08,0.03,12,False,0.002,0,-8.34992483726527,,5,,,-8.34992483726527,15,0.26666666666666666,-0.008256410303034974
20,2.5,0.01,0.08,0.03,12,False,0.003,0,-9.712922662240972,,5,,,-9.712922662240972,15,0.26666666666666666,-0.009524279751837708
20,2.5,0.01,0.08,0.03,12,True,0.001,0,-8.355745115333582,,5,,,-8.355745115333582,15,0.26666666666666666,-0.008165969906497697
20,2.5,0.01,0.08,0.03,12,True,0.002,0,-9.729970854756488,,5,,,-9.729970854756488,15,0.26666666666666666,-0.009432581409974371
20,2.5,0.01,0.08,0.03,12,True,0.003,0,-11.124124892075056,,5,,,-11.124124892075056,15,0.26666666666666666,-0.010698100846013374
20,2.5,0.01,0.08,0.03,24,False,0.001,0,-8.397496200697985,,5,,,-8.397496200697985,15,0.2,-0.009487999999999979
20,2.5,0.01,0.08,0.03,24,False,0.002,0,-9.284779353636468,,5,,,-9.284779353636468,15,0.2,-0.01047999999999995
20,2.5,0.01,0.08,0.03,24,False,0.003,0,-10.173843305637106,,5,,,-10.173843305637106,15,0.2,-0.011471999999999953
20,2.5,0.01,0.08,0.03,24,True,0.001,0,-9.532832555036387,,5,,,-9.532832555036387,15,0.26666666666666666,-0.00942302397452161
20,2.5,0.01,0.08,0.03,24,True,0.002,0,-10.836112034585764,,5,,,-10.836112034585764,15,0.26666666666666666,-0.01062277973239878
20,2.5,0.01,0.08,0.03,24,True,0.003,0,-12.159278060930703,,5,,,-12.159278060930703,15,0.26666666666666666,-0.011821705550217014
20,2.5,0.01,0.08,0.03,48,False,0.001,0,-8.397496200697985,,5,,,-8.397496200697985,15,0.2,-0.009487999999999979
20,2.5,0.01,0.08,0.03,48,False,0.002,0,-9.284779353636468,,5,,,-9.284779353636468,15,0.2,-0.01047999999999995
20,2.5,0.01,0.08,0.03,48,False,0.003,0,-10.173843305637106,,5,,,-10.173843305637106,15,0.2,-0.011471999999999953
20,2.5,0.01,0.08,0.03,48,True,0.001,0,-9.532832555036387,,5,,,-9.532832555036387,15,0.26666666666666666,-0.00942302397452161
20,2.5,0.01,0.08,0.03,48,True,0.002,0,-10.836112034585764,,5,,,-10.836112034585764,15,0.26666666666666666,-0.01062277973239878
20,2.5,0.01,0.08,0.03,48,True,0.003,0,-12.159278060930703,,5,,,-12.159278060930703,15,0.26666666666666666,-0.011821705550217014
20,2.5,0.01,0.1,0.02,12,False,0.001,0,-5.465578015598259,,5,,,-5.465578015598259,15,0.2,-0.004933948890047497
20,2.5,0.01,0.1,0.02,12,False,0.002,0,-6.765697175316597,,5,,,-6.765697175316597,15,0.2,-0.006069042939820307
20,2.5,0.01,0.1,0.02,12,False,0.003,0,-13.291002442664217,,5,,,-13.291002442664217,15,0.13333333333333333,-0.011206792449531128
20,2.5,0.01,0.1,0.02,12,True,0.001,0,-3.683514195915405,,5,,,-3.683514195915405,15,0.2,-0.0035504220401739754
20,2.5,0.01,0.1,0.02,12,True,0.002,0,-4.896474197610755,,5,,,-4.896474197610755,15,0.2,-0.0046882803897128926
20,2.5,0.01,0.1,0.02,12,True,0.003,0,-14.045967818238108,,5,,,-14.045967818238108,15,0.13333333333333333,-0.011619848549362467
20,2.5,0.01,0.1,0.02,24,False,0.001,0,-17.539941066363916,,5,,,-17.539941066363916,15,0.06666666666666667,-0.013481999999999975
20,2.5,0.01,0.1,0.02,24,False,0.002,0,-18.844191237695142,,5,,,-18.844191237695142,15,0.06666666666666667,-0.014469999999999952
20,2.5,0.01,0.1,0.02,24,False,0.003,0,-20.15105907109891,,5,,,-20.15105907109891,15,0.06666666666666667,-0.015457999999999951
20,2.5,0.01,0.1,0.02,24,True,0.001,0,-3.683514195915405,,5,,,-3.683514195915405,15,0.2,-0.0035504220401739754
20,2.5,0.01,0.1,0.02,24,True,0.002,0,-4.896474197610755,,5,,,-4.896474197610755,15,0.2,-0.0046882803897128926
20,2.5,0.01,0.1,0.02,24,True,0.003,0,-14.045967818238108,,5,,,-14.045967818238108,15,0.13333333333333333,-0.011619848549362467
20,2.5,0.01,0.1,0.02,48,False,0.001,0,-17.539941066363916,,5,,,-17.539941066363916,15,0.06666666666666667,-0.013481999999999975
20,2.5,0.01,0.1,0.02,48,False,0.002,0,-18.844191237695142,,5,,,-18.844191237695142,15,0.06666666666666667,-0.014469999999999952
20,2.5,0.01,0.1,0.02,48,False,0.003,0,-20.15105907109891,,5,,,-20.15105907109891,15,0.06666666666666667,-0.015457999999999951
20,2.5,0.01,0.1,0.02,48,True,0.001,0,-3.683514195915405,,5,,,-3.683514195915405,15,0.2,-0.0035504220401739754
20,2.5,0.01,0.1,0.02,48,True,0.002,0,-4.896474197610755,,5,,,-4.896474197610755,15,0.2,-0.0046882803897128926
20,2.5,0.01,0.1,0.02,48,True,0.003,0,-14.045967818238108,,5,,,-14.045967818238108,15,0.13333333333333333,-0.011619848549362467
20,2.5,0.01,0.1,0.03,12,False,0.001,0,-5.249242931689898,,5,,,-5.249242931689898,15,0.26666666666666666,-0.005656110760475198
20,2.5,0.01,0.1,0.03,12,False,0.002,0,-6.474069111902693,,5,,,-6.474069111902693,15,0.26666666666666666,-0.0069264103030349635
20,2.5,0.01,0.1,0.03,12,False,0.003,0,-7.714651519854835,,5,,,-7.714651519854835,15,0.26666666666666666,-0.00819561308517104
20,2.5,0.01,0.1,0.03,12,True,0.001,0,-6.446872617215557,,5,,,-6.446872617215557,15,0.26666666666666666,-0.006834636573164366
20,2.5,0.01,0.1,0.03,12,True,0.002,0,-7.694896437624567,,5,,,-7.694896437624567,15,0.26666666666666666,-0.00810258140997436
20,2.5,0.01,0.1,0.03,12,True,0.003,0,-8.957966656041844,,5,,,-8.957966656041844,15,0.26666666666666666,-0.009369434179346704
20,2.5,0.01,0.1,0.03,24,False,0.001,0,-12.467341858751201,,5,,,-12.467341858751201,15,0.13333333333333333,-0.014147666666666659
20,2.5,0.01,0.1,0.03,24,False,0.002,0,-13.350779998747166,,5,,,-13.350779998747166,15,0.13333333333333333,-0.015134999999999938
20,2.5,0.01,0.1,0.03,24,False,0.003,0,-14.235991220770174,,5,,,-14.235991220770174,15,0.13333333333333333,-0.01612233333333328
20,2.5,0.01,0.1,0.03,24,True,0.001,0,-7.551684701156366,,5,,,-7.551684701156366,15,0.26666666666666666,-0.008091690641188282
20,2.5,0.01,0.1,0.03,24,True,0.002,0,-8.733912239669461,,5,,,-8.733912239669461,15,0.26666666666666666,-0.00929277973239877
20,2.5,0.01,0.1,0.03,24,True,0.003,0,-9.93129909340456,,5,,,-9.93129909340456,15,0.26666666666666666,-0.010493038883550347
20,2.5,0.01,0.1,0.03,48,False,0.001,0,-12.467341858751201,,5,,,-12.467341858751201,15,0.13333333333333333,-0.014147666666666659
20,2.5,0.01,0.1,0.03,48,False,0.002,0,-13.350779998747166,,5,,,-13.350779998747166,15,0.13333333333333333,-0.015134999999999938
20,2.5,0.01,0.1,0.03,48,False,0.003,0,-14.235991220770174,,5,,,-14.235991220770174,15,0.13333333333333333,-0.01612233333333328
20,2.5,0.01,0.1,0.03,48,True,0.001,0,-7.551684701156366,,5,,,-7.551684701156366,15,0.26666666666666666,-0.008091690641188282
20,2.5,0.01,0.1,0.03,48,True,0.002,0,-8.733912239669461,,5,,,-8.733912239669461,15,0.26666666666666666,-0.00929277973239877
20,2.5,0.01,0.1,0.03,48,True,0.003,0,-9.93129909340456,,5,,,-9.93129909340456,15,0.26666666666666666,-0.010493038883550347
20,2.5,0.01,0.15,0.02,12,False,0.001,0,-14.85862011369683,,5,,,-14.85862011369683,15,0.2,-0.009322817542240076
20,2.5,0.01,0.15,0.02,12,False,0.002,0,-17.075982886043306,,5,,,-17.075982886043306,15,0.2,-0.010522110171873347
20,2.5,0.01,0.15,0.02,12,False,0.003,0,-30.92977847331585,,5,,,-30.92977847331585,15,0.13333333333333333,-0.015723784156983802
20,2.5,0.01,0.15,0.02,12,True,0.001,0,-3.0241275216411716,,5,,,-3.0241275216411716,15,0.2,-0.0030272845338280624
20,2.5,0.01,0.15,0.02,12,True,0.002,0,-4.2839496912446675,,5,,,-4.2839496912446675,15,0.2,-0.004239155698113014
20,2.5,0.01,0.15,0.02,12,True,0.003,0,-13.078467009295826,,5,,,-13.078467009295826,15,0.13333333333333333,-0.011244443008038063
20,2.5,0.01,0.15,0.02,24,False,0.001,0,-9.324574815748338,,5,,,-9.324574815748338,15,0.06666666666666667,-0.01015366666666664
20,2.5,0.01,0.15,0.02,24,False,0.002,0,-10.245222004774861,,5,,,-10.245222004774861,15,0.06666666666666667,-0.011144999999999971
20,2.5,0.01,0.15,0.02,24,False,0.003,0,-11.16771695530112,,5,,,-11.16771695530112,15,0.06666666666666667,-0.012136333333333305
20,2.5,0.01,0.15,0.02,24,True,0.001,0,-3.0241275216411716,,5,,,-3.0241275216411716,15,0.2,-0.0030272845338280624
20,2.5,0.01,0.15,0.02,24,True,0.002,0,-4.2839496912446675,,5,,,-4.2839496912446675,15,0.2,-0.004239155698113014
20,2.5,0.01,0.15,0.02,24,True,0.003,0,-13.078467009295826,,5,,,-13.078467009295826,15,0.13333333333333333,-0.011244443008038063
20,2.5,0.01,0.15,0.02,48,False,0.001,0,-9.324574815748338,,5,,,-9.324574815748338,15,0.06666666666666667,-0.01015366666666664
20,2.5,0.01,0.15,0.02,48,False,0.002,0,-10.245222004774861,,5,,,-10.245222004774861,15,0.06666666666666667,-0.011144999999999971
20,2.5,0.01,0.15,0.02,48,False,0.003,0,-11.16771695530112,,5,,,-11.16771695530112,15,0.06666666666666667,-0.012136333333333305
20,2.5,0.01,0.15,0.02,48,True,0.001,0,-3.0241275216411716,,5,,,-3.0241275216411716,15,0.2,-0.0030272845338280624
20,2.5,0.01,0.15,0.02,48,True,0.002,0,-4.2839496912446675,,5,,,-4.2839496912446675,15,0.2,-0.004239155698113014
20,2.5,0.01,0.15,0.02,48,True,0.003,0,-13.078467009295826,,5,,,-13.078467009295826,15,0.13333333333333333,-0.011244443008038063
20,2.5,0.01,0.15,0.03,12,False,0.001,0,-11.712037112537772,,5,,,-11.712037112537772,15,0.26666666666666666,-0.01004497941266778
20,2.5,0.01,0.15,0.03,12,False,0.002,0,-13.461417263985778,,5,,,-13.461417263985778,15,0.26666666666666666,-0.011379477535088004
20,2.5,0.01,0.15,0.03,12,False,0.003,0,-15.259535510990778,,5,,,-15.259535510990778,15,0.26666666666666666,-0.012712604792623716
20,2.5,0.01,0.15,0.03,12,True,0.001,0,-5.763426906861114,,5,,,-5.763426906861114,15,0.26666666666666666,-0.006311499066818454
20,2.5,0.01,0.15,0.03,12,True,0.002,0,-7.065891550011889,,5,,,-7.065891550011889,15,0.26666666666666666,-0.007653456718374479
20,2.5,0.01,0.15,0.03,12,True,0.003,0,-8.39545270400579,,5,,,-8.39545270400579,15,0.26666666666666666,-0.0089940286380223
20,2.5,0.01,0.15,0.03,24,False,0.001,0,-4.767598739775842,,5,,,-4.767598739775842,15,0.13333333333333333,-0.007490999999999998
20,2.5,0.01,0.15,0.03,24,False,0.002,0,-5.405637400586592,,5,,,-5.405637400586592,15,0.13333333333333333,-0.00848499999999998
20,2.5,0.01,0.15,0.03,24,False,0.003,0,-6.04495662065545,,5,,,-6.04495662065545,15,0.13333333333333333,-0.009478999999999982
20,2.5,0.01,0.15,0.03,24,True,0.001,0,-6.84014902528307,,5,,,-6.84014902528307,15,0.26666666666666666,-0.007568553134842369
20,2.5,0.01,0.15,0.03,24,True,0.002,0,-8.082437292716294,,5,,,-8.082437292716294,15,0.26666666666666666,-0.00884365504079889
20,2.5,0.01,0.15,0.03,24,True,0.003,0,-9.351418155136649,,5,,,-9.351418155136649,15,0.26666666666666666,-0.01011763334222594
20,2.5,0.01,0.15,0.03,48,False,0.001,0,-4.767598739775842,,5,,,-4.767598739775842,15,0.13333333333333333,-0.007490999999999998
20,2.5,0.01,0.15,0.03,48,False,0.002,0,-5.405637400586592,,5,,,-5.405637400586592,15,0.13333333333333333,-0.00848499999999998
20,2.5,0.01,0.15,0.03,48,False,0.003,0,-6.04495662065545,,5,,,-6.04495662065545,15,0.13333333333333333,-0.009478999999999982
20,2.5,0.01,0.15,0.03,48,True,0.001,0,-6.84014902528307,,5,,,-6.84014902528307,15,0.26666666666666666,-0.007568553134842369
20,2.5,0.01,0.15,0.03,48,True,0.002,0,-8.082437292716294,,5,,,-8.082437292716294,15,0.26666666666666666,-0.00884365504079889
20,2.5,0.01,0.15,0.03,48,True,0.003,0,-9.351418155136649,,5,,,-9.351418155136649,15,0.26666666666666666,-0.01011763334222594
25,2.0,0.0,0.05,0.02,12,False,0.001,0,-7.214460352680485,-6.806883091024134,60,0.25,-0.004924504559130763,-7.622037614336835,68,0.25,-0.005538008862592053
25,2.0,0.0,0.05,0.02,12,False,0.002,0,-10.044731785976772,-8.354736938537927,60,0.23333333333333334,-0.006022304511185285,-11.734726633415619,69,0.2318840579710145,-0.008110080441350875
25,2.0,0.0,0.05,0.02,12,False,0.003,0,-14.104109645701401,-10.340918761390764,61,0.22950819672131148,-0.00738708191391475,-17.867300530012038,70,0.2,-0.011493069511337578
25,2.0,0.0,0.05,0.02,12,True,0.001,0,-8.274869691740577,-8.264178813259674,60,0.25,-0.005790054879071091,-8.285560570221481,68,0.25,-0.0058604050551891475
25,2.0,0.0,0.05,0.02,12,True,0.002,0,-12.009631407359741,-10.380442816062383,60,0.23333333333333334,-0.0071349769980777215,-13.638819998657102,69,0.2318840579710145,-0.008883074682684565
25,2.0,0.0,0.05,0.02,12,True,0.003,0,-15.446510373968056,-11.862615785815844,61,0.2459016393442623,-0.008061080764537095,-19.03040496212027,70,0.2,-0.011780470426966368
25,2.0,0.0,0.05,0.02,24,False,0.001,0,-7.317240915464396,-6.788689916780794,60,0.23333333333333334,-0.00516116666666661,-7.8457919141479975,68,0.22058823529411764,-0.005835332569963012
25,2.0,0.0,0.05,0.02,24,False,0.002,0,-9.788298758976534,-8.10732669318244,60,0.23333333333333334,-0.006157499999999941,-11.46927082477063,69,0.2028985507246377,-0.00828260869565213
25,2.0,0.0,0.05,0.02,24,False,0.003,0,-14.773586614877697,-10.76700298484901,60,0.21666666666666667,-0.007942535202573604,-18.780170244906383,70,0.15714285714285714,-0.012246934616330913
25,2.0,0.0,0.05,0.02,24,True,0.001,0,-8.843122204553836,-9.227114811385853,60,0.23333333333333334,-0.0065939651581497965,-8.459129597721821,68,0.25,-0.005996105775036946
25,2.0,0.0,0.05,0.02,24,True,0.002,0,-12.160671326537283,-11.20829437788428,60,0.23333333333333334,-0.007871112727618234,-13.113048275190284,69,0.2318840579710145,-0.008726959943251145
25,2.0,0.0,0.05,0.02,24,True,0.003,0,-16.009624260605882,-13.100421243619616,61,0.2459016393442623,-0.00896201193597247,-18.918827277592147,70,0.18571428571428572,-0.011947993188400709
25,2.0,0.0,0.05,0.02,48,False,0.001,0,-6.688976304334073,-6.788689916780794,60,0.23333333333333334,-0.00516116666666661,-6.589262691887352,68,0.23529411764705882,-0.00502411764705877
25,2.0,0.0,0.05,0.02,48,False,0.002,0,-9.788298758976534,-8.10732669318244,60,0.23333333333333334,-0.006157499999999941,-11.46927082477063,69,0.2028985507246377,-0.00828260869565213
25,2.0,0.0,0.05,0.02,48,False,0.003,0,-15.175544407154053,-11.25297678145458,60,0.21666666666666667,-0.008316416666666618,-19.09811203285353,70,0.15714285714285714,-0.012468499999999967
25,2.0,0.0,0.05,0.02,48,True,0.001,0,-8.843122204553836,-9.227114811385853,60,0.23333333333333334,-0.0065939651581497965,-8.459129597721821,68,0.25,-0.005996105775036946
25,2.0,0.0,0.05,0.02,48,True,0.002,0,-12.160671326537283,-11.20829437788428,60,0.23333333333333334,-0.007871112727618234,-13.113048275190284,69,0.2318840579710145,-0.008726959943251145
25,2.0,0.0,0.05,0.02,48,True,0.003,0,-16.009624260605882,-13.100421243619616,61,0.2459016393442623,-0.00896201193597247,-18.918827277592147,70,0.18571428571428572,-0.011947993188400709
25,2.0,0.0,0.05,0.03,12,False,0.001,0,-6.42273481161271,-5.971648477511192,57,0.3508771929824561,-0.005309900795281507,-6.873821145714226,64,0.34375,-0.006004350641114356
25,2.0,0.0,0.05,0.03,12,False,0.002,0,-9.189189686589796,-7.85422032426075,58,0.3103448275862069,-0.00693058152088693,-10.524159048918843,64,0.328125,-0.008865614391061809
25,2.0,0.0,0.05,0.03,12,False,0.003,0,-12.046306905162664,-10.976012326258758,58,0.29310344827586204,-0.009474271441590533,-13.116601484066571,65,0.3230769230769231,-0.010675369244887403
25,2.0,0.0,0.05,0.03,12,True,0.001,0,-6.689571460654298,-5.7724969862867175,57,0.38596491228070173,-0.00493340591091368,-7.606645935021879,64,0.34375,-0.00649008981796996
25,2.0,0.0,0.05,0.03,12,True,0.002,0,-9.835673556685848,-8.19280618157262,58,0.3448275862068966,-0.0068700444390714785,-11.478540931799076,64,0.328125,-0.0093993563263859
25,2.0,0.0,0.05,0.03,12,True,0.003,0,-12.348041098955031,-11.632684239743348,58,0.3275862068965517,-0.009501001766974755,-13.063397958166714,65,0.3230769230769231,-0.010551519927750804
25,2.0,0.0,0.05,0.03,24,False,0.001,0,-6.325157043563057,-5.997233554818715,57,0.3157894736842105,-0.0057037499945772245,-6.653080532307399,63,0.31746031746031744,-0.006213129171641189
25,2.0,0.0,0.05,0.03,24,False,0.002,0,-8.421648849677329,-7.5708552491026495,58,0.3103448275862069,-0.007160238182898227,-9.272442450252008,63,0.30158730158730157,-0.008522182785301978
25,2.0,0.0,0.05,0.03,24,False,0.003,0,-11.26327638695454,-10.880215972169513,57,0.2807017543859649,-0.009958982727484588,-11.64633680173957,64,0.265625,-0.010398683883043129
25,2.0,0.0,0.05,0.03,24,True,0.001,0,-7.1448558292755795,-7.0499595135246755,57,0.3684210526315789,-0.006215549318083045,-7.239752145026483,64,0.359375,-0.006342400641718561
25,2.0,0.0,0.05,0.03,24,True,0.002,0,-9.716487714492795,-9.297909954892074,58,0.3620689655172414,-0.008042988298730446,-10.135065474093516,64,0.34375,-0.008697428564791897
25,2.0,0.0,0.05,0.03,24,True,0.003,0,-12.104287500905615,-13.020248377812807,58,0.3448275862068966,-0.010843041088634297,-11.188326623998423,65,0.35384615384615387,-0.009508308414917987
25,2.0,0.0,0.05,0.03,48,False,0.001,0,-5.754936246687493,-6.523998143450467,57,0.3157894736842105,-0.006229736842105211,-4.9858743499245195,63,0.3333333333333333,-0.004828333333333279
25,2.0,0.0,0.05,0.03,48,False,0.002,0,-7.7454889612918425,-8.067410958790624,58,0.3103448275862069,-0.007659482758620649,-7.42356696379306,63,0.31746031746031744,-0.007091666666666615
25,2.0,0.0,0.05,0.03,48,False,0.003,0,-11.684583932137343,-11.464193595570215,56,0.2857142857142857,-0.010617857142857096,-11.904974268704473,64,0.28125,-0.010973749999999952
25,2.0,0.0,0.05,0.03,48,True,0.001,0,-7.250950071717589,-7.0499595135246755,57,0.3684210526315789,-0.006215549318083045,-7.451940629910502,64,0.359375,-0.006549682609084613
25,2.0,0.0,0.05,0.03,48,True,0.002,0,-9.812695517446127,-9.297909954892074,58,0.3620689655172414,-0.008042988298730446,-10.327481080000181,64,0.34375,-0.008889215723090808
25,2.0,0.0,0.05,0.03,48,True,0.003,0,-12.190073102143959,-13.020248377812807,58,0.3448275862068966,-0.010843041088634297,-11.359897826475112,65,0.35384615384615387,-0.009681948722650498
25,2.0,0.0,0.08,0.02,12,False,0.001,0,-7.281683626122219,-2.7622811744138303,60,0.23333333333333334,-0.002514839420344047,-11.801086077830607,68,0.23529411764705882,-0.007942508557135412
25,2.0,0.0,0.08,0.02,12,False,0.002,0,-9.910804081402942,-4.022701503828404,60,0.21666666666666667,-0.0036494601406108175,-15.79890665897748,69,0.21739130434782608,-0.01020668288192099
25,2.0,0.0,0.08,0.02,12,False,0.003,0,-13.3096407810949,-5.662705172545333,61,0.21311475409836064,-0.0050892185407958096,-20.956576389644468,70,0.18571428571428572,-0.012919736249879462
25,2.0,0.0,0.08,0.02,12,True,0.001,0,-8.250221823192387,-5.813459843010628,60,0.23333333333333334,-0.004780309740346053,-10.686983803374146,68,0.23529411764705882,-0.007283204293274343
25,2.0,0.0,0.08,0.02,12,True,0.002,0,-12.304075514435471,-7.299309642644256,60,0.21666666666666667,-0.005964134702746596,-17.308841386226685,69,0.21739130434782608,-0.010465088879393021
25,2.0,0.0,0.08,0.02,12,True,0.003,0,-16.981690640753737,-8.635584172472457,61,0.22950819672131148,-0.00696171042313484,-25.327797109035014,70,0.18571428571428572,-0.01368715832000663
25,2.0,0.0,0.08,0.02,24,False,0.001,0,-4.785946509375161,-2.2233359095788154,59,0.22033898305084745,-0.0021716094851105777,-7.348557109171506,68,0.17647058823529413,-0.0063561151798794254
25,2.0,0.0,0.08,0.02,24,False,0.002,0,-7.3422658371950025,-3.306202539094537,59,0.22033898305084745,-0.0032228852115114936,-11.378329135295468,69,0.14492753623188406,-0.009302779358615058
25,2.0,0.0,0.08,0.02,24,False,0.003,0,-11.991953074980833,-4.750858079715695,60,0.2,-0.004593220794465954,-19.23304807024597,70,0.1,-0.01374717750024398
25,2.0,0.0,0.08,0.02,24,True,0.001,0,-8.204254761054052,-6.3100855948222865,60,0.21666666666666667,-0.005322497026594903,-10.09842392728582,68,0.23529411764705882,-0.007065739483950555
25,2.0,0.0,0.08,0.02,24,True,0.002,0,-12.045072160684239,-7.704198858605186,60,0.21666666666666667,-0.0064564830826833505,-16.385945462763292,69,0.21739130434782608,-0.010237071872517897
25,2.0,0.0,0.08,0.02,24,True,0.003,0,-16.828903827167274,-8.947453367807935,61,0.22950819672131148,-0.007397159402129662,-24.710354286526613,70,0.17142857142857143,-0.013798842965280325
25,2.0,0.0,0.08,0.02,48,False,0.001,0,-6.434441775796545,-4.386134627659145,58,0.1724137931034483,-0.004254482758620636,-8.482748923933944,66,0.15151515151515152,-0.007472278029631366
25,2.0,0.0,0.08,0.02,48,False,0.002,0,-8.828141907971816,-5.419662719118035,58,0.1724137931034483,-0.005251724137930975,-12.236621096825596,67,0.13432835820895522,-0.010178743452460896
25,2.0,0.0,0.08,0.02,48,False,0.003,0,-13.224484042399641,-6.802077189539988,59,0.1694915254237288,-0.0065401694915253735,-19.646890895259293,68,0.08823529411764706,-0.014296871702068219
25,2.0,0.0,0.08,0.02,48,True,0.001,0,-8.204254761054052,-6.3100855948222865,60,0.21666666666666667,-0.005322497026594903,-10.09842392728582,68,0.23529411764705882,-0.007065739483950555
25,2.0,0.0,0.08,0.02,48,True,0.002,0,-12.045072160684239,-7.704198858605186,60,0.21666666666666667,-0.0064564830826833505,-16.385945462763292,69,0.21739130434782608,-0.010237071872517897
25,2.0,0.0,0.08,0.02,48,True,0.003,0,-16.828903827167274,-8.947453367807935,61,0.22950819672131148,-0.007397159402129662,-24.710354286526613,70,0.17142857142857143,-0.013798842965280325
25,2.0,0.0,0.08,0.03,12,False,0.001,0,-7.386733763954528,-3.249793530456041,57,0.3157894736842105,-0.0034618900195451732,-11.523673997453015,64,0.328125,-0.00930416344220113
25,2.0,0.0,0.08,0.03,12,False,0.002,0,-9.736753914455104,-4.892848601686412,58,0.27586206896551724,-0.0051688416285572475,-14.580659227223798,64,0.3125,-0.011544216895269736
25,2.0,0.0,0.08,0.03,12,False,0.003,0,-12.315468415796873,-8.135464379517156,58,0.25862068965517243,-0.008282161061700764,-16.49547245207659,65,0.3076923076923077,-0.012788256272813938
25,2.0,0.0,0.08,0.03,12,True,0.001,0,-7.458019286064687,-4.755954328508757,57,0.3684210526315789,-0.004483350692464014,-10.160084243620616,64,0.328125,-0.008387072322702978
25,2.0,0.0,0.08,0.03,12,True,0.002,0,-9.960837605147146,-6.764452894193828,58,0.3275862068965517,-0.006296605753647622,-13.157222316100464,64,0.3125,-0.010645748967936639
25,2.0,0.0,0.08,0.03,12,True,0.003,0,-12.501517414752406,-9.9294049107352,58,0.3103448275862069,-0.009018285371583144,-15.073629918769615,65,0.3076923076923077,-0.011921877950173484
25,2.0,0.0,0.08,0.03,24,False,0.001,0,-5.0309615398854906,-2.4364634466816164,57,0.2807017543859649,-0.0028954159528496322,-7.625459633089364,63,0.2698412698412698,-0.007878975567170009
25,2.0,0.0,0.08,0.03,24,False,0.002,0,-6.331134367239973,-3.3424397772985657,57,0.2807017543859649,-0.003965246352408395,-9.31982895718138,63,0.25396825396825395,-0.009615008196610585
25,2.0,0.0,0.08,0.03,24,False,0.003,0,-8.278882366771203,-6.034406260500814,57,0.24561403508771928,-0.006964877776587975,-10.52335847304159,64,0.21875,-0.010737035678117873
25,2.0,0.0,0.08,0.03,24,True,0.001,0,-6.864525998795129,-5.6280340907580575,57,0.3508771929824561,-0.005489996212444059,-8.101017906832201,64,0.34375,-0.007211198977985956
25,2.0,0.0,0.08,0.03,24,True,0.002,0,-9.148911170151047,-7.500162957365552,58,0.3448275862068966,-0.007217355803371672,-10.797659382936542,64,0.328125,-0.009442063713851884
25,2.0,0.0,0.08,0.03,24,True,0.003,0,-11.313565581527605,-10.515037877078017,58,0.3275862068965517,-0.009870765835675895,-12.112093285977194,65,0.3384615384615385,-0.01040165655234005
25,2.0,0.0,0.08,0.03,48,False,0.001,0,-8.19762993815688,-3.7145273346900862,53,0.24528301886792453,-0.004514339622641457,-12.680732541623673,62,0.1774193548387097,-0.013172183063801133
25,2.0,0.0,0.08,0.03,48,False,0.002,0,-9.101509718732682,-4.539418069072624,53,0.24528301886792453,-0.005511320754716933,-13.663601368392742,62,0.1774193548387097,-0.014176625988949679
25,2.0,0.0,0.08,0.03,48,False,0.003,0,-11.366644709221784,-7.710205473771622,54,0.2222222222222222,-0.00903611111111106,-15.023083944671948,63,0.15873015873015872,-0.015470115487946638
25,2.0,0.0,0.08,0.03,48,True,0.001,0,-6.968391355896333,-5.6280340907580575,57,0.3508771929824561,-0.005489996212444059,-8.30874862103461,64,0.34375,-0.007418480945352008
25,2.0,0.0,0.08,0.03,48,True,0.002,0,-9.243330547796573,-7.500162957365552,58,0.3448275862068966,-0.007217355803371672,-10.986498138227594,64,0.328125,-0.009633850872150794
25,2.0,0.0,0.08,0.03,48,True,0.003,0,-11.39817744874456,-10.515037877078017,58,0.3275862068965517,-0.009870765835675895,-12.281317020411104,65,0.3384615384615385,-0.01057529686007256
25,2.0,0.0,0.1,0.02,12,False,0.001,0,-5.666710020914763,-0.41015833522337725,60,0.23333333333333334,-0.00042674364591428114,-10.92326170660615,68,0.23529411764705882,-0.0076488320865471734
25,2.0,0.0,0.1,0.02,12,False,0.002,0,-8.979362740602996,-2.8768197929980306,60,0.21666666666666667,-0.00283687996809867,-15.081905688207963,69,0.21739130434782608,-0.010016147994167033
25,2.0,0.0,0.1,0.02,12,False,0.003,0,-12.271591170668067,-4.4305915102051046,61,0.21311475409836064,-0.004324765631204944,-20.11259083113103,70,0.18571428571428572,-0.012747619491154692
25,2.0,0.0,0.1,0.02,12,True,0.001,0,-7.005009224859216,-3.3230346463442864,60,0.23333333333333334,-0.0031161430736793842,-10.686983803374146,68,0.23529411764705882,-0.007283204293274343
25,2.0,0.0,0.1,0.02,12,True,0.002,0,-10.959233387743058,-4.60962538925943,60,0.21666666666666667,-0.004301634702746593,-17.308841386226685,69,0.21739130434782608,-0.010465088879393021
25,2.0,0.0,0.1,0.02,12,True,0.003,0,-15.554464373863796,-5.781131638692578,61,0.22950819672131148,-0.005328103865757792,-25.327797109035014,70,0.18571428571428572,-0.01368715832000663
25,2.0,0.0,0.1,0.02,24,False,0.001,0,-3.8454831835468677,0.0529809530299558,59,0.22033898305084745,5.934339171216348e-05,-7.7439473201236915,68,0.16176470588235295,-0.006951819895046039
25,2.0,0.0,0.1,0.02,24,False,0.002,0,-7.094817360203642,-1.8045980506054533,59,0.22033898305084745,-0.0019451051595137771,-12.385036669801831,69,0.13043478260869565,-0.010224818866878104
25,2.0,0.0,0.1,0.02,24,False,0.003,0,-10.695227793431066,-3.156699443342542,60,0.2,-0.003372348369409865,-18.23375614351959,70,0.1,-0.013561902224542817
25,2.0,0.0,0.1,0.02,24,True,0.001,0,-6.960536320664492,-3.8226487140431638,60,0.21666666666666667,-0.0036583303599282344,-10.09842392728582,68,0.23529411764705882,-0.007065739483950555
25,2.0,0.0,0.1,0.02,24,True,0.002,0,-10.71038523331632,-5.034825003869349,60,0.21666666666666667,-0.004793983082683347,-16.385945462763292,69,0.21739130434782608,-0.010237071872517897
25,2.0,0.0,0.1,0.02,24,True,0.003,0,-15.420305723293875,-6.130257160061136,61,0.22950819672131148,-0.005763552844752614,-24.710354286526613,70,0.17142857142857143,-0.013798842965280325
25,2.0,0.0,0.1,0.02,48,False,0.001,0,-5.127867360525725,-1.6925023458535386,58,0.1724137931034483,-0.0018974633831873604,-8.563232375197911,65,0.12307692307692308,-0.008178620768548764
25,2.0,0.0,0.1,0.02,48,False,0.002,0,-7.628767821581177,-2.603499077181463,58,0.1724137931034483,-0.0029148539582157856,-12.654036565980892,66,0.10606060606060606,-0.011201906232043646
25,2.0,0.0,0.1,0.02,48,False,0.003,0,-10.67287105900911,-3.838607528091077,59,0.1694915254237288,-0.004262645085619147,-17.50713458992714,67,0.07462686567164178,-0.014160556354337894
25,2.0,0.0,0.1,0.02,48,True,0.001,0,-6.960536320664492,-3.8226487140431638,60,0.21666666666666667,-0.0036583303599282344,-10.09842392728582,68,0.23529411764705882,-0.007065739483950555
25,2.0,0.0,0.1,0.02,48,True,0.002,0,-10.71038523331632,-5.034825003869349,60,0.21666666666666667,-0.004793983082683347,-16.385945462763292,69,0.21739130434782608,-0.010237071872517897
25,2.0,0.0,0.1,0.02,48,True,0.003,0,-15.420305723293875,-6.130257160061136,61,0.22950819672131148,-0.005763552844752614,-24.710354286526613,70,0.17142857142857143,-0.013798842965280325
25,2.0,0.0,0.1,0.03,12,False,0.001,0,-6.039657897742781,-1.2707711119032894,57,0.3157894736842105,-0.0014939517381273519,-10.808544683582271,64,0.328125,-0.008992132192201128
25,2.0,0.0,0.1,0.03,12,False,0.002,0,-8.920340154195742,-4.092813890317403,58,0.27586206896551724,-0.004572408302934851,-13.747866418074082,64,0.3125,-0.011232498145269734
25,2.0,0.0,0.1,0.03,12,False,0.003,0,-11.6082413344976,-7.627881049591764,58,0.25862068965517243,-0.008083957976185142,-15.588601619403438,65,0.3076923076923077,-0.012481640888198553
25,2.0,0.0,0.1,0.03,12,True,0.001,0,-6.577146906061644,-2.9942095685026713,57,0.3684210526315789,-0.0030819471836920818,-10.160084243620616,64,0.328125,-0.008387072322702978
25,2.0,0.0,0.1,0.03,12,True,0.002,0,-8.996441444401997,-4.835660572703531,58,0.3275862068965517,-0.004920743684682105,-13.157222316100464,64,0.3125,-0.010645748967936639
25,2.0,0.0,0.1,0.03,12,True,0.003,0,-11.364961425501914,-7.656292932234212,58,0.3103448275862069,-0.007643802612962454,-15.073629918769615,65,0.3076923076923077,-0.011921877950173484
25,2.0,0.0,0.1,0.03,24,False,0.001,0,-3.848041964080414,0.02610510559054041,57,0.2807017543859649,3.499360847133056e-05,-7.722189033751368,63,0.25396825396825395,-0.008363466370841911
25,2.0,0.0,0.1,0.03,24,False,0.002,0,-5.4956315111552465,-1.5821028346224657,57,0.2807017543859649,-0.0020600520037192126,-9.409160187688027,63,0.23809523809523808,-0.01014986099137487
25,2.0,0.0,0.1,0.03,24,False,0.003,0,-7.494806632107496,-4.3625384163208265,57,0.24561403508771928,-0.005478248618567277,-10.627074847894164,64,0.203125,-0.011312906470319732
25,2.0,0.0,0.1,0.03,24,True,0.001,0,-5.97855100841498,-3.8560841099977594,57,0.3508771929824561,-0.004088592703672127,-8.101017906832201,64,0.34375,-0.007211198977985956
25,2.0,0.0,0.1,0.03,24,True,0.002,0,-8.187807341874702,-5.57795530081286,58,0.3448275862068966,-0.005841493734406153,-10.797659382936542,64,0.328125,-0.009442063713851884
25,2.0,0.0,0.1,0.03,24,True,0.003,0,-10.192755586938155,-8.273417887899116,58,0.3275862068965517,-0.008496283077055205,-12.112093285977194,65,0.3384615384615385,-0.01040165655234005
25,2.0,0.0,0.1,0.03,48,False,0.001,0,-6.434470973592736,-0.5750706246263373,53,0.24528301886792453,-0.000804582570280507,-12.293871322559136,61,0.14754098360655737,-0.013854595900912621
25,2.0,0.0,0.1,0.03,48,False,0.002,0,-7.252889205249347,-1.3058403509108463,53,0.24528301886792453,-0.001824745841066343,-13.199938059587847,61,0.14754098360655737,-0.014858619857620995
25,2.0,0.0,0.1,0.03,48,False,0.003,0,-9.388765052913147,-4.3196412313530335,54,0.2222222222222222,-0.005809556667620923,-14.45788887447326,62,0.12903225806451613,-0.01614535928613933
25,2.0,0.0,0.1,0.03,48,True,0.001,0,-6.082416365516185,-3.8560841099977594,57,0.3508771929824561,-0.004088592703672127,-8.30874862103461,64,0.34375,-0.007418480945352008
25,2.0,0.0,0.1,0.03,48,True,0.002,0,-8.282226719520228,-5.57795530081286,58,0.3448275862068966,-0.005841493734406153,-10.986498138227594,64,0.328125,-0.009633850872150794
25,2.0,0.0,0.1,0.03,48,True,0.003,0,-10.27736745415511,-8.273417887899116,58,0.3275862068965517,-0.008496283077055205,-12.281317020411104,65,0.3384615384615385,-0.01057529686007256
25,2.0,0.0,0.15,0.02,12,False,0.001,0,-4.290850240930326,0.22012965925516523,60,0.23333333333333334,0.00025489818020738123,-8.801830141115818,68,0.23529411764705882,-0.00691464091007659
25,2.0,0.0,0.15,0.02,12,False,0.002,0,-7.962667909551851,-0.8434301308957409,60,0.21666666666666667,-0.0009713250806044967,-15.081905688207963,69,0.21739130434782608,-0.010016147994167033
25,2.0,0.0,0.15,0.02,12,False,0.003,0,-11.17425583734717,-2.2359208435633096,61,0.21311475409836064,-0.002544739050133993,-20.11259083113103,70,0.18571428571428572,-0.012747619491154692
25,2.0,0.0,0.15,0.02,12,True,0.001,0,-6.939824255302726,-3.1926647072313066,60,0.23333333333333334,-0.003071845318462521,-10.686983803374146,68,0.23529411764705882,-0.007283204293274343
25,2.0,0.0,0.15,0.02,12,True,0.002,0,-10.940257185436131,-4.571672984645579,60,0.21666666666666667,-0.0043486349311739805,-17.308841386226685,69,0.21739130434782608,-0.010465088879393021
25,2.0,0.0,0.15,0.02,12,True,0.003,0,-15.59146121744473,-5.855125325854444,61,0.22950819672131148,-0.005463776218928141,-25.327797109035014,70,0.18571428571428572,-0.01368715832000663
25,2.0,0.0,0.15,0.02,24,False,0.001,0,-1.3631754671382317,2.1106103461458696,59,0.22033898305084745,0.002820417969275776,-4.836961280422333,68,0.16176470588235295,-0.005151910807946188
25,2.0,0.0,0.15,0.02,24,False,0.002,0,-4.261183929814848,1.2572271851612515,59,0.22033898305084745,0.0016740018031968945,-9.779595044790948,69,0.13043478260869565,-0.00919106506878351
25,2.0,0.0,0.15,0.02,24,False,0.003,0,-8.330768762563244,0.09776021256943937,60,0.2,0.00012885087413431982,-16.759297737695928,70,0.1,-0.01327092406883462
25,2.0,0.0,0.15,0.02,24,True,0.001,0,-6.752831057154386,-3.4072381870229513,60,0.21666666666666667,-0.0033758551848149096,-10.09842392728582,68,0.23529411764705882,-0.007065739483950555
25,2.0,0.0,0.15,0.02,24,True,0.002,0,-10.54255713355858,-4.699168804353868,60,0.21666666666666667,-0.0046032817719578725,-16.385945462763292,69,0.21739130434782608,-0.010237071872517897
25,2.0,0.0,0.15,0.02,24,True,0.003,0,-15.30294395557414,-5.895533624621668,61,0.22950819672131148,-0.005665887551839816,-24.710354286526613,70,0.17142857142857143,-0.013798842965280325
25,2.0,0.0,0.15,0.02,48,False,0.001,0,-4.857151281044557,-1.8575059815305432,55,0.14545454545454545,-0.0023905566495779867,-7.856796580558571,64,0.109375,-0.008512705632295557
25,2.0,0.0,0.15,0.02,48,False,0.002,0,-7.85792082127202,-2.6835589624359817,55,0.14545454545454545,-0.0034464880321389674,-13.03228268010806,65,0.09230769230769231,-0.01236098110239747
25,2.0,0.0,0.15,0.02,48,False,0.003,0,-12.100788482292984,-3.8057888686363968,56,0.14285714285714285,-0.004840188911910892,-20.39578809594957,66,0.06060606060606061,-0.01611700143380492
25,2.0,0.0,0.15,0.02,48,True,0.001,0,-6.752831057154386,-3.4072381870229513,60,0.21666666666666667,-0.0033758551848149096,-10.09842392728582,68,0.23529411764705882,-0.007065739483950555
25,2.0,0.0,0.15,0.02,48,True,0.002,0,-10.54255713355858,-4.699168804353868,60,0.21666666666666667,-0.0046032817719578725,-16.385945462763292,69,0.21739130434782608,-0.010237071872517897
25,2.0,0.0,0.15,0.02,48,True,0.003,0,-15.30294395557414,-5.895533624621668,61,0.22950819672131148,-0.005665887551839816,-24.710354286526613,70,0.17142857142857143,-0.013798842965280325
25,2.0,0.0,0.15,0.03,12,False,0.001,0,-4.9012353654313054,-0.7790590619822659,57,0.3157894736842105,-0.0009932310748650961,-9.023411668880344,64,0.328125,-0.008212054067201132
25,2.0,0.0,0.15,0.03,12,False,0.002,0,-6.958822609759766,-2.2646259942840086,58,0.27586206896551724,-0.0028551574106220104,-11.653019225235523,64,0.3125,-0.01045320127026974
25,2.0,0.0,0.15,0.03,12,False,0.003,0,-9.264817672887325,-5.231795129627975,58,0.25862068965517243,-0.006349970700382438,-13.297840216146676,65,0.3076923076923077,-0.011715102426660094
25,2.0,0.0,0.15,0.03,12,True,0.001,0,-6.569586085905765,-2.979087928190914,57,0.3684210526315789,-0.0031197902014853196,-10.160084243620616,64,0.328125,-0.008387072322702978
25,2.0,0.0,0.15,0.03,12,True,0.002,0,-9.020955276989188,-4.884688237877911,58,0.3275862068965517,-0.005033343634107598,-13.157222316100464,64,0.3125,-0.010645748967936639
25,2.0,0.0,0.15,0.03,12,True,0.003,0,-11.428294857177983,-7.78295979558635,58,0.3103448275862069,-0.00783151047211838,-15.073629918769615,65,0.3076923076923077,-0.011921877950173484
25,2.0,0.0,0.15,0.03,24,False,0.001,0,-1.7599986035111428,1.8098018322761835,57,0.2807017543859649,0.002763006922635421,-5.329799039298469,63,0.25396825396825395,-0.006556048131497397
25,2.0,0.0,0.15,0.03,24,False,0.002,0,-2.913672091595635,1.0113157403864983,57,0.2807017543859649,0.0015371577235546766,-6.838659923577769,63,0.23809523809523808,-0.008378431380671094
25,2.0,0.0,0.15,0.03,24,False,0.003,0,-4.962394822135088,-1.979539123887526,57,0.24561403508771928,-0.0028346481393307964,-7.94525052038265,64,0.203125,-0.009604447309044736
25,2.0,0.0,0.15,0.03,24,True,0.001,0,-5.8329769328335495,-3.5649359588348988,57,0.3508771929824561,-0.0038757226478901416,-8.101017906832201,64,0.34375,-0.007211198977985956
25,2.0,0.0,0.15,0.03,24,True,0.002,0,-8.068490348415523,-5.339321313894502,58,0.3448275862068966,-0.00570819553988041,-10.797659382936542,64,0.328125,-0.009442063713851884
25,2.0,0.0,0.15,0.03,24,True,0.003,0,-10.09667162755274,-8.081249969128285,58,0.3275862068965517,-0.00843858410153748,-12.112093285977194,65,0.3384615384615385,-0.01040165655234005
25,2.0,0.0,0.15,0.03,48,False,0.001,0,-6.109096473774189,-2.923689748723592,49,0.1836734693877551,-0.004510959441919039,-9.294503198824785,59,0.15254237288135594,-0.012254117482569007
25,2.0,0.0,0.15,0.03,48,False,0.002,0,-7.217302407776192,-4.316533185240683,49,0.1836734693877551,-0.0064371639888133134,-10.1180716303117,59,0.15254237288135594,-0.013312737589906686
25,2.0,0.0,0.15,0.03,48,False,0.003,0,-10.555845017847162,-8.65734117987906,50,0.16,-0.01182979757808146,-12.454348855815265,60,0.13333333333333333,-0.015510554185180958
25,2.0,0.0,0.15,0.03,48,True,0.001,0,-5.936842289934754,-3.5649359588348988,57,0.3508771929824561,-0.0038757226478901416,-8.30874862103461,64,0.34375,-0.007418480945352008
25,2.0,0.0,0.15,0.03,48,True,0.002,0,-8.162909726061049,-5.339321313894502,58,0.3448275862068966,-0.00570819553988041,-10.986498138227594,64,0.328125,-0.009633850872150794
25,2.0,0.0,0.15,0.03,48,True,0.003,0,-10.181283494769694,-8.081249969128285,58,0.3275862068965517,-0.00843858410153748,-12.281317020411104,65,0.3384615384615385,-0.01057529686007256
25,2.0,0.005,0.05,0.02,12,False,0.001,0,-11.719118959294466,-9.342541098462902,44,0.20454545454545456,-0.006617332909892532,-14.095696820126028,55,0.18181818181818182,-0.009417751918293277
25,2.0,0.005,0.05,0.02,12,False,0.002,0,-13.719794707288935,-10.871114521822818,44,0.20454545454545456,-0.007680829808582899,-16.568474892755052,55,0.18181818181818182,-0.010773728263981487
25,2.0,0.005,0.05,0.02,12,False,0.003,0,-20.12717592682513,-12.405852748120113,44,0.20454545454545456,-0.008744052491413178,-27.84849910553015,55,0.14545454545454545,-0.015161961304844304
25,2.0,0.005,0.05,0.02,12,True,0.001,0,-12.590287860788791,-9.649553915295874,44,0.20454545454545456,-0.006765296419685173,-15.531021806281709,55,0.18181818181818182,-0.009994780018777268
25,2.0,0.005,0.05,0.02,12,True,0.002,0,-14.728349325331944,-11.245695233914233,44,0.20454545454545456,-0.007852242301613228,-18.211003416749655,55,0.18181818181818182,-0.011368599149435443
25,2.0,0.005,0.05,0.02,12,True,0.003,0,-20.01838220821666,-12.85288888849942,44,0.20454545454545456,-0.0089388196724752,-27.1838755279339,55,0.14545454545454545,-0.014951520182480733
25,2.0,0.005,0.05,0.02,24,False,0.001,0,-12.490281292053076,-9.893407315592398,44,0.20454545454545456,-0.007173295454545404,-15.087155268513756,55,0.16363636363636364,-0.010032636363636322
25,2.0,0.005,0.05,0.02,24,False,0.002,0,-13.935397781779447,-11.276063708685502,44,0.20454545454545456,-0.008167613636363584,-16.59473185487339,55,0.16363636363636364,-0.011024090909090872
25,2.0,0.005,0.05,0.02,24,False,0.003,0,-21.299024301374555,-14.814099390650744,44,0.18181818181818182,-0.01023743436714584,-27.783949212098367,55,0.10909090909090909,-0.015538371329875714
25,2.0,0.005,0.05,0.02,24,True,0.001,0,-13.388855877073276,-10.197468614019453,44,0.20454545454545456,-0.007321258964338045,-16.5802431401271,55,0.16363636363636364,-0.010609664464120313
25,2.0,0.005,0.05,0.02,24,True,0.002,0,-14.917087939335001,-11.643926173910339,44,0.20454545454545456,-0.008339026129393913,-18.190249704759665,55,0.16363636363636364,-0.01161896179454483
25,2.0,0.005,0.05,0.02,24,True,0.003,0,-20.305000193125146,-13.865713181505336,44,0.20454545454545456,-0.009693950679018527,-26.744287204744957,55,0.12727272727272726,-0.0151647309697608
25,2.0,0.005,0.05,0.02,48,False,0.001,0,-12.490281292053076,-9.893407315592398,44,0.20454545454545456,-0.007173295454545404,-15.087155268513756,55,0.16363636363636364,-0.010032636363636322
25,2.0,0.005,0.05,0.02,48,False,0.002,0,-13.935397781779447,-11.276063708685502,44,0.20454545454545456,-0.008167613636363584,-16.59473185487339,55,0.16363636363636364,-0.011024090909090872
25,2.0,0.005,0.05,0.02,48,False,0.003,0,-21.910621101226244,-15.532996301950641,44,0.18181818181818182,-0.010747272727272677,-28.28824590050185,55,0.10909090909090909,-0.0158203636363636
25,2.0,0.005,0.05,0.02,48,True,0.001,0,-13.388855877073276,-10.197468614019453,44,0.20454545454545456,-0.007321258964338045,-16.5802431401271,55,0.16363636363636364,-0.010609664464120313
25,2.0,0.005,0.05,0.02,48,True,0.002,0,-14.917087939335001,-11.643926173910339,44,0.20454545454545456,-0.008339026129393913,-18.190249704759665,55,0.16363636363636364,-0.01161896179454483
25,2.0,0.005,0.05,0.02,48,True,0.003,0,-20.305000193125146,-13.865713181505336,44,0.20454545454545456,-0.009693950679018527,-26.744287204744957,55,0.12727272727272726,-0.0151647309697608
25,2.0,0.005,0.05,0.03,12,False,0.001,0,-11.354061367435577,-9.722504669220806,40,0.275,-0.008536309183556329,-12.985618065650348,51,0.2549019607843137,-0.010787072775779437
25,2.0,0.005,0.05,0.03,12,False,0.002,0,-13.717487416641777,-11.02733730425704,40,0.275,-0.009654835982553258,-16.407637529026513,51,0.2549019607843137,-0.012953804722648172
25,2.0,0.005,0.05,0.03,12,False,0.003,0,-17.46939718495644,-15.104127503858388,40,0.25,-0.0127658609842427,-19.83466686605449,51,0.2549019607843137,-0.015007866051363498
25,2.0,0.005,0.05,0.03,12,True,0.001,0,-12.669873606412395,-10.353991722571472,40,0.275,-0.008952695219159094,-14.985755490253318,51,0.2549019607843137,-0.01185596240278729
25,2.0,0.005,0.05,0.03,12,True,0.002,0,-15.291029261818654,-11.721694361684674,40,0.275,-0.010096509152215018,-18.86036416195263,51,0.2549019607843137,-0.014061529799702552
25,2.0,0.005,0.05,0.03,12,True,0.003,0,-18.29218690874834,-15.963748855341656,40,0.25,-0.013232718573197005,-20.62062496215503,51,0.2549019607843137,-0.015266630542815022
25,2.0,0.005,0.05,0.03,24,False,0.001,0,-12.078643775698424,-9.568128042496937,40,0.275,-0.00873846874227257,-14.589159508899911,51,0.2549019607843137,-0.012294423491423134
25,2.0,0.005,0.05,0.03,24,False,0.002,0,-14.565320877144755,-13.270651607259852,40,0.25,-0.011751095365202456,-15.859990147029658,51,0.2549019607843137,-0.013342311903257069
25,2.0,0.005,0.05,0.03,24,False,0.003,0,-19.272774767792825,-19.484946974516212,40,0.2,-0.01594267538666557,-19.060602561069434,51,0.21568627450980393,-0.01545360149930233
25,2.0,0.005,0.05,0.03,24,True,0.001,0,-11.954719053484252,-10.345188769832466,40,0.3,-0.009198655666483379,-13.564249337136038,51,0.29411764705882354,-0.011227569083865026
25,2.0,0.005,0.05,0.03,24,True,0.002,0,-14.314148509123548,-12.851369021699456,40,0.275,-0.011382786367413343,-15.776927996547641,51,0.29411764705882354,-0.01273850662714142
25,2.0,0.005,0.05,0.03,24,True,0.003,0,-17.487743349044617,-17.657132883932658,40,0.25,-0.014789093212196156,-17.318353814156577,51,0.29411764705882354,-0.013888032306116639
25,2.0,0.005,0.05,0.03,48,False,0.001,0,-12.003057771462668,-10.343729459246338,40,0.275,-0.009487999999999951,-13.662386083679,51,0.2549019607843137,-0.011905750133479146
25,2.0,0.005,0.05,0.03,48,False,0.002,0,-14.439172203443254,-14.038247984713898,40,0.25,-0.012474999999999969,-14.84009642217261,51,0.2549019607843137,-0.012915004820583106
25,2.0,0.005,0.05,0.03,48,False,0.003,0,-20.750186800497545,-20.586024894711173,39,0.20512820512820512,-0.01704217948717946,-20.914348706283914,51,0.21568627450980393,-0.0170504553911521
25,2.0,0.005,0.05,0.03,48,True,0.001,0,-11.954719053484252,-10.345188769832466,40,0.3,-0.009198655666483379,-13.564249337136038,51,0.29411764705882354,-0.011227569083865026
25,2.0,0.005,0.05,0.03,48,True,0.002,0,-14.314148509123548,-12.851369021699456,40,0.275,-0.011382786367413343,-15.776927996547641,51,0.29411764705882354,-0.01273850662714142
25,2.0,0.005,0.05,0.03,48,True,0.003,0,-17.487743349044617,-17.657132883932658,40,0.25,-0.014789093212196156,-17.318353814156577,51,0.29411764705882354,-0.013888032306116639
25,2.0,0.005,0.08,0.02,12,False,0.001,0,-10.624428046184645,-2.5228469107823455,44,0.20454545454545456,-0.0023938583315365456,-18.726009181586946,55,0.16363636363636364,-0.011581698331113806
25,2.0,0.005,0.08,0.02,12,False,0.002,0,-12.258496162164684,-3.680185289894326,44,0.20454545454545456,-0.003484789465072613,-20.836807034435044,55,0.16363636363636364,-0.012721480642687346
25,2.0,0.005,0.08,0.02,12,False,0.003,0,-19.837971322287967,-4.841634558661267,44,0.20454545454545456,-0.004575353657000825,-34.834308085914664,55,0.12727272727272726,-0.01676426649782085
25,2.0,0.005,0.08,0.02,12,True,0.001,0,-10.257019846803612,-4.039344496925484,44,0.20454545454545456,-0.0036006844601813065,-16.47469519668174,55,0.16363636363636364,-0.010849416178297046
25,2.0,0.005,0.08,0.02,12,True,0.002,0,-11.888831727495056,-5.339285745087048,44,0.20454545454545456,-0.004738050410319502,-18.438377709903065,55,0.16363636363636364,-0.011990661596556181
25,2.0,0.005,0.08,0.02,12,True,0.003,0,-20.16423087218409,-6.649692659812624,44,0.20454545454545456,-0.005874859033746316,-33.678769084555555,55,0.12727272727272726,-0.016523378513137822
25,2.0,0.005,0.08,0.02,24,False,0.001,0,-8.835208019239678,-3.73280994586208,44,0.20454545454545456,-0.003558413643463673,-13.937606092617276,55,0.10909090909090909,-0.01072940172085046
25,2.0,0.005,0.08,0.02,24,False,0.002,0,-10.074002655778413,-4.8374534797554345,44,0.20454545454545456,-0.004602694701740621,-15.31055183180139,55,0.10909090909090909,-0.0117572745963293
25,2.0,0.005,0.08,0.02,24,False,0.003,0,-16.104270091730513,-5.9458994359844795,44,0.18181818181818182,-0.005646790573327146,-26.262640747476546,55,0.07272727272727272,-0.016408635517895852
25,2.0,0.005,0.08,0.02,24,True,0.001,0,-10.208804903028671,-4.146327771641908,44,0.20454545454545456,-0.0037997520146116474,-16.271282034415435,55,0.14545454545454545,-0.011027659605755222
25,2.0,0.005,0.08,0.02,24,True,0.002,0,-11.75534447769293,-5.364709037021422,44,0.20454545454545456,-0.004892396943185977,-18.14597991836444,55,0.14545454545454545,-0.012150819578875068
25,2.0,0.005,0.08,0.02,24,True,0.003,0,-19.472653746194794,-6.594154694167405,44,0.20454545454545456,-0.005984662455315235,-32.35115279822218,55,0.10909090909090909,-0.016665522607122524
25,2.0,0.005,0.08,0.02,48,False,0.001,0,-10.635472782166353,-5.501477764791662,43,0.16279069767441862,-0.005215348837209254,-15.769467799541045,54,0.1111111111111111,-0.011757969443623546
25,2.0,0.005,0.08,0.02,48,False,0.002,0,-11.85176262324958,-6.558984386273306,43,0.16279069767441862,-0.0062116279069766925,-17.144540860225856,54,0.1111111111111111,-0.012766218728053357
25,2.0,0.005,0.08,0.02,48,False,0.003,0,-18.61457944296376,-7.618613449486483,43,0.16279069767441862,-0.007207906976744135,-29.610545436441033,54,0.05555555555555555,-0.01746513473593776
25,2.0,0.005,0.08,0.02,48,True,0.001,0,-10.208804903028671,-4.146327771641908,44,0.20454545454545456,-0.0037997520146116474,-16.271282034415435,55,0.14545454545454545,-0.011027659605755222
25,2.0,0.005,0.08,0.02,48,True,0.002,0,-11.75534447769293,-5.364709037021422,44,0.20454545454545456,-0.004892396943185977,-18.14597991836444,55,0.14545454545454545,-0.012150819578875068
25,2.0,0.005,0.08,0.02,48,True,0.003,0,-19.472653746194794,-6.594154694167405,44,0.20454545454545456,-0.005984662455315235,-32.35115279822218,55,0.10909090909090909,-0.016665522607122524
25,2.0,0.005,0.08,0.03,12,False,0.001,0,-12.252357525816583,-4.956883708704523,40,0.25,-0.005370819500120543,-19.547831342928642,51,0.23529411764705882,-0.014349574441684653
25,2.0,0.005,0.08,0.03,12,False,0.002,0,-13.862367941967541,-6.0523754388386894,40,0.25,-0.006542685316675606,-21.672360445096395,51,0.23529411764705882,-0.0156565471954601
25,2.0,0.005,0.08,0.03,12,False,0.003,0,-17.025203054188356,-10.188461438943758,40,0.225,-0.010454223859555332,-23.861944669432955,51,0.23529411764705882,-0.016962241849625526
25,2.0,0.005,0.08,0.03,12,True,0.001,0,-12.584967586390771,-6.002937885678907,40,0.275,-0.006095286085501627,-19.166997287102635,51,0.23529411764705882,-0.014207477735196124
25,2.0,0.005,0.08,0.03,12,True,0.002,0,-14.273017014941882,-7.281100159469013,40,0.275,-0.007346300420924022,-21.26493387041475,51,0.23529411764705882,-0.015514734399538646
25,2.0,0.005,0.08,0.03,12,True,0.003,0,-17.109112634689584,-10.791765090559634,40,0.25,-0.010589837867915832,-23.426460178819536,51,0.23529411764705882,-0.016820712398430446
25,2.0,0.005,0.08,0.03,24,False,0.001,0,-10.454009648838303,-5.283082111496539,40,0.25,-0.006010223750082664,-15.624937186180068,51,0.19607843137254902,-0.014193805469115086
25,2.0,0.005,0.08,0.03,24,False,0.002,0,-12.996267556689855,-9.054150392129001,40,0.225,-0.009824684537117198,-16.938384721250706,51,0.19607843137254902,-0.015320036201544995
25,2.0,0.005,0.08,0.03,24,False,0.003,0,-15.78044315959336,-13.299984854585672,40,0.175,-0.013633342213465008,-18.26090146460105,51,0.17647058823529413,-0.016445711709911853
25,2.0,0.005,0.08,0.03,24,True,0.001,0,-10.738196703985665,-5.679776768362654,40,0.3,-0.005948662043581127,-15.796616639608676,51,0.27450980392156865,-0.012822256833746572
25,2.0,0.005,0.08,0.03,24,True,0.002,0,-12.782412548140673,-7.9349459152007675,40,0.275,-0.008266896611716713,-17.62987918108058,51,0.27450980392156865,-0.014094431688674032
25,2.0,0.005,0.08,0.03,24,True,0.003,0,-15.40276856985334,-11.288237086817,40,0.25,-0.011436352163443133,-19.51730005288968,51,0.27450980392156865,-0.015365473610139027
25,2.0,0.005,0.08,0.03,48,False,0.001,0,-14.930768039865544,-6.627841746918191,37,0.21621621621621623,-0.00770689189189185,-23.2336943328129,50,0.12,-0.019767806999113423
25,2.0,0.005,0.08,0.03,48,False,0.002,0,-17.500813548970584,-10.555830157518725,37,0.1891891891891892,-0.011666216216216182,-24.445796940422444,50,0.12,-0.02076951622629762
25,2.0,0.005,0.08,0.03,48,False,0.003,0,-20.346453547010917,-15.032143265510918,37,0.16216216216216217,-0.015619594594594565,-25.660763828510916,50,0.1,-0.021771145514812774
25,2.0,0.005,0.08,0.03,48,True,0.001,0,-10.738196703985665,-5.679776768362654,40,0.3,-0.005948662043581127,-15.796616639608676,51,0.27450980392156865,-0.012822256833746572
25,2.0,0.005,0.08,0.03,48,True,0.002,0,-12.782412548140673,-7.9349459152007675,40,0.275,-0.008266896611716713,-17.62987918108058,51,0.27450980392156865,-0.014094431688674032
25,2.0,0.005,0.08,0.03,48,True,0.003,0,-15.40276856985334,-11.288237086817,40,0.25,-0.011436352163443133,-19.51730005288968,51,0.27450980392156865,-0.015365473610139027
25,2.0,0.005,0.1,0.02,12,False,0.001,0,-8.549930342223986,-0.0002919203668809969,44,0.20454545454545456,-3.186391323178757e-07,-17.09956876408109,55,0.16363636363636364,-0.011218607422022901
25,2.0,0.005,0.1,0.02,12,False,0.002,0,-10.911380444493474,-2.767237343023503,44,0.20454545454545456,-0.0028301346843742302,-19.055523545963446,55,0.16363636363636364,-0.012358753369960073
25,2.0,0.005,0.1,0.02,12,False,0.003,0,-19.363458114767003,-3.8926081436193414,44,0.20454545454545456,-0.003968498486886215,-34.834308085914664,55,0.12727272727272726,-0.01676426649782085
25,2.0,0.005,0.1,0.02,12,True,0.001,0,-8.839168885010043,-1.2887368765047493,44,0.20454545454545456,-0.0013313662783631215,-16.389600893515336,55,0.16363636363636364,-0.010826787737030373
25,2.0,0.005,0.1,0.02,12,True,0.002,0,-10.412958484546525,-2.4000611836687873,44,0.20454545454545456,-0.0024710049557740464,-18.425855785424265,55,0.16363636363636364,-0.011987616793790372
25,2.0,0.005,0.1,0.02,12,True,0.003,0,-18.598475204090096,-3.51818132362464,44,0.20454545454545456,-0.0036100863064735898,-33.678769084555555,55,0.12727272727272726,-0.016523378513137822
25,2.0,0.005,0.1,0.02,24,False,0.001,0,-7.822711930893944,-1.7949110921801548,44,0.20454545454545456,-0.0019284995586331746,-13.850512769607734,55,0.09090909090909091,-0.011278603211343347
25,2.0,0.005,0.1,0.02,24,False,0.002,0,-9.6961537935232,-4.190963375536983,44,0.20454545454545456,-0.004249535086561861,-15.201344211509417,55,0.09090909090909091,-0.012325640849128574
25,2.0,0.005,0.1,0.02,24,False,0.003,0,-13.572067718847645,-5.28269647015314,44,0.18181818181818182,-0.0053408281755233855,-21.86143896754215,55,0.07272727272727272,-0.015546633206483348
25,2.0,0.005,0.1,0.02,24,True,0.001,0,-8.820549918637523,-1.450623242414028,44,0.20454545454545456,-0.0015304338327934625,-16.190476594861018,55,0.14545454545454545,-0.011005031164488548
25,2.0,0.005,0.1,0.02,24,True,0.002,0,-10.31601762176994,-2.497892799142804,44,0.20454545454545456,-0.0026253514886405193,-18.134142444397078,55,0.14545454545454545,-0.012147774776109259
25,2.0,0.005,0.1,0.02,24,True,0.003,0,-17.95186679686582,-3.552580795509457,44,0.20454545454545456,-0.003719889728042509,-32.35115279822218,55,0.10909090909090909,-0.016665522607122524
25,2.0,0.005,0.1,0.02,48,False,0.001,0,-9.094197303526599,-3.1850018578476953,43,0.16279069767441862,-0.003429369214531809,-15.003392749205501,54,0.09259259259259259,-0.012127784258438365
25,2.0,0.005,0.1,0.02,48,False,0.002,0,-10.205892111818418,-4.140551295027905,43,0.16279069767441862,-0.004451430920384106,-16.27123292860893,54,0.09259259259259259,-0.0131356631724978
25,2.0,0.005,0.1,0.02,48,False,0.003,0,-14.129075103395603,-5.098856275091057,43,0.16279069767441862,-0.005473396745384429,-23.159293931700148,54,0.05555555555555555,-0.016357912513715538
25,2.0,0.005,0.1,0.02,48,True,0.001,0,-8.820549918637523,-1.450623242414028,44,0.20454545454545456,-0.0015304338327934625,-16.190476594861018,55,0.14545454545454545,-0.011005031164488548
25,2.0,0.005,0.1,0.02,48,True,0.002,0,-10.31601762176994,-2.497892799142804,44,0.20454545454545456,-0.0026253514886405193,-18.134142444397078,55,0.14545454545454545,-0.012147774776109259
25,2.0,0.005,0.1,0.02,48,True,0.003,0,-17.95186679686582,-3.552580795509457,44,0.20454545454545456,-0.003719889728042509,-32.35115279822218,55,0.10909090909090909,-0.016665522607122524
25,2.0,0.005,0.1,0.03,12,False,0.001,0,-10.890136890716388,-2.2324424385041346,40,0.25,-0.002737925838475886,-19.547831342928642,51,0.23529411764705882,-0.014349574441684653
25,2.0,0.005,0.1,0.03,12,False,0.002,0,-13.35514743120974,-5.0379344173230844,40,0.25,-0.005822565057907382,-21.672360445096395,51,0.23529411764705882,-0.0156565471954601
25,2.0,0.005,0.1,0.03,12,False,0.003,0,-16.71476257227642,-9.567580475119884,40,0.225,-0.010284933172429263,-23.861944669432955,51,0.23529411764705882,-0.016962241849625526
25,2.0,0.005,0.1,0.03,12,True,0.001,0,-11.396199224336403,-3.62540116157017,40,0.275,-0.004098286085501621,-19.166997287102635,51,0.23529411764705882,-0.014207477735196124
25,2.0,0.005,0.1,0.03,12,True,0.002,0,-13.011360824065733,-4.7577877777167155,40,0.275,-0.005351300420924019,-21.26493387041475,51,0.23529411764705882,-0.015514734399538646
25,2.0,0.005,0.1,0.03,12,True,0.003,0,-15.61215683676717,-7.797853494714806,40,0.25,-0.008596837867915838,-23.426460178819536,51,0.23529411764705882,-0.016820712398430446
25,2.0,0.005,0.1,0.03,24,False,0.001,0,-9.345296691567535,-2.9113003428615913,40,0.25,-0.0037180682567691135,-15.77929304027348,51,0.17647058823529413,-0.014981865900038789
25,2.0,0.005,0.1,0.03,24,False,0.002,0,-12.656648988366156,-8.227958046909166,40,0.225,-0.00943620896042056,-17.085339929823146,51,0.17647058823529413,-0.01612856843495597
25,2.0,0.005,0.1,0.03,24,False,0.003,0,-15.717234338329986,-13.030387849550628,40,0.175,-0.013795033575880874,-18.404080827109343,51,0.1568627450980392,-0.017274630785839542
25,2.0,0.005,0.1,0.03,24,True,0.001,0,-9.602993626408857,-3.409370613209037,40,0.3,-0.003951662043581123,-15.796616639608676,51,0.27450980392156865,-0.012822256833746572
25,2.0,0.005,0.1,0.03,24,True,0.002,0,-11.529145891476116,-5.4284126018716545,40,0.275,-0.006271896611716713,-17.62987918108058,51,0.27450980392156865,-0.014094431688674032
25,2.0,0.005,0.1,0.03,24,True,0.003,0,-13.930202352640014,-8.343104652390348,40,0.25,-0.009443352163443136,-19.51730005288968,51,0.27450980392156865,-0.015365473610139027
25,2.0,0.005,0.1,0.03,48,False,0.001,0,-13.137443415004519,-3.8728462773878563,37,0.21621621621621623,-0.005091564222293735,-22.40204055262118,50,0.1,-0.020366906999113425
25,2.0,0.005,0.1,0.03,48,False,0.002,0,-15.648200149640417,-7.760750449859576,37,0.1891891891891892,-0.009620581880446422,-23.535649849421258,50,0.1,-0.021368016226297616
25,2.0,0.005,0.1,0.03,48,False,0.003,0,-18.468912005965663,-12.265938063149232,37,0.16216216216216217,-0.014142461082473827,-24.671885948782098,50,0.08,-0.022369045514812776
25,2.0,0.005,0.1,0.03,48,True,0.001,0,-9.602993626408857,-3.409370613209037,40,0.3,-0.003951662043581123,-15.796616639608676,51,0.27450980392156865,-0.012822256833746572
25,2.0,0.005,0.1,0.03,48,True,0.002,0,-11.529145891476116,-5.4284126018716545,40,0.275,-0.006271896611716713,-17.62987918108058,51,0.27450980392156865,-0.014094431688674032
25,2.0,0.005,0.1,0.03,48,True,0.003,0,-13.930202352640014,-8.343104652390348,40,0.25,-0.009443352163443136,-19.51730005288968,51,0.27450980392156865,-0.015365473610139027
25,2.0,0.005,0.15,0.02,12,False,0.001,0,-8.343451166466876,-0.1762835804629991,44,0.20454545454545456,-0.00020546614896641303,-16.51061875247075,55,0.16363636363636364,-0.01108363146469266
25,2.0,0.005,0.15,0.02,12,False,0.002,0,-9.865456098706925,-1.2251534265046669,44,0.20454545454545456,-0.001419718928700355,-18.505758770909186,55,0.16363636363636364,-0.012243947345249126
25,2.0,0.005,0.15,0.02,12,False,0.003,0,-18.559831714303126,-2.2853553426915876,44,0.20454545454545456,-0.002633120726765118,-34.834308085914664,55,0.12727272727272726,-0.01676426649782085
25,2.0,0.005,0.15,0.02,12,True,0.001,0,-8.792512891266272,-1.1954248890172066,44,0.20454545454545456,-0.0012709602485219467,-16.389600893515336,55,0.16363636363636364,-0.010826787737030373
25,2.0,0.005,0.15,0.02,12,True,0.002,0,-10.417948276854544,-2.4100407682848237,44,0.20454545454545456,-0.002535096176356849,-18.425855785424265,55,0.16363636363636364,-0.011987616793790372
25,2.0,0.005,0.15,0.02,12,True,0.003,0,-18.66426485673557,-3.649760628915587,44,0.20454545454545456,-0.0037981775233688455,-33.678769084555555,55,0.12727272727272726,-0.016523378513137822
25,2.0,0.005,0.15,0.02,24,False,0.001,0,-8.154660910216563,0.8524240847409237,44,0.20454545454545456,0.0011274171086334633,-17.16174590517405,55,0.09090909090909091,-0.012385324219594561
25,2.0,0.005,0.15,0.02,24,False,0.002,0,-9.457151240895522,0.005183602680050448,44,0.20454545454545456,6.836513629404439e-06,-18.919486084471092,55,0.09090909090909091,-0.013489851366439902
25,2.0,0.005,0.15,0.02,24,False,0.003,0,-14.180695634522543,-0.846463684171242,44,0.18181818181818182,-0.0011132727516568028,-27.514927584873845,55,0.07272727272727272,-0.016636120325311744
25,2.0,0.005,0.15,0.02,24,True,0.001,0,-8.617605026911788,-1.0447334589625592,44,0.20454545454545456,-0.0011452404121843841,-16.190476594861018,55,0.14545454545454545,-0.011005031164488548
25,2.0,0.005,0.15,0.02,24,True,0.002,0,-10.1575685724202,-2.1809947004433226,44,0.20454545454545456,-0.002365304246742146,-18.134142444397078,55,0.14545454545454545,-0.012147774776109259
25,2.0,0.005,0.15,0.02,24,True,0.003,0,-17.84610005821068,-3.341047318199177,44,0.20454545454545456,-0.003584490117413403,-32.35115279822218,55,0.10909090909090909,-0.016665522607122524
25,2.0,0.005,0.15,0.02,48,False,0.001,0,-10.544427256216494,-2.2272645583312256,43,0.13953488372093023,-0.002866803615407612,-18.861589954101763,54,0.07407407407407407,-0.014228970837252419
25,2.0,0.005,0.15,0.02,48,False,0.002,0,-11.703462812090793,-3.046006309813062,43,0.13953488372093023,-0.003913591954015402,-20.360919314368523,54,0.07407407407407407,-0.015274478936606169
25,2.0,0.005,0.15,0.02,48,False,0.003,0,-22.304353938814675,-3.8674687324239807,43,0.13953488372093023,-0.00496018785459534,-40.74123914520537,54,0.037037037037037035,-0.019456883871577263
25,2.0,0.005,0.15,0.02,48,True,0.001,0,-8.617605026911788,-1.0447334589625592,44,0.20454545454545456,-0.0011452404121843841,-16.190476594861018,55,0.14545454545454545,-0.011005031164488548
25,2.0,0.005,0.15,0.02,48,True,0.002,0,-10.1575685724202,-2.1809947004433226,44,0.20454545454545456,-0.002365304246742146,-18.134142444397078,55,0.14545454545454545,-0.012147774776109259
25,2.0,0.005,0.15,0.02,48,True,0.003,0,-17.84610005821068,-3.341047318199177,44,0.20454545454545456,-0.003584490117413403,-32.35115279822218,55,0.10909090909090909,-0.016665522607122524
25,2.0,0.005,0.15,0.03,12,False,0.001,0,-11.050088304726293,-2.5523452665239446,40,0.25,-0.0032725238933271673,-19.547831342928642,51,0.23529411764705882,-0.014349574441684653
25,2.0,0.005,0.15,0.03,12,False,0.002,0,-12.632036259564847,-3.5917120740332993,40,0.25,-0.0045794262640537625,-21.672360445096395,51,0.23529411764705882,-0.0156565471954601
25,2.0,0.005,0.15,0.03,12,False,0.003,0,-15.667355111905298,-7.472765554377641,40,0.225,-0.009016276622515336,-23.861944669432955,51,0.23529411764705882,-0.016962241849625526
25,2.0,0.005,0.15,0.03,12,True,0.001,0,-11.383127608564918,-3.5992579300272003,40,0.275,-0.004152212385856988,-19.166997287102635,51,0.23529411764705882,-0.014207477735196124
25,2.0,0.005,0.15,0.03,12,True,0.002,0,-13.047907955872953,-4.830882041331155,40,0.275,-0.005514570347590986,-21.26493387041475,51,0.23529411764705882,-0.015514734399538646
25,2.0,0.005,0.15,0.03,12,True,0.003,0,-15.698849762569886,-7.971239346320235,40,0.25,-0.008869014263691933,-23.426460178819536,51,0.23529411764705882,-0.016820712398430446
25,2.0,0.005,0.15,0.03,24,False,0.001,0,-7.613451415534114,0.3707830998542269,40,0.25,0.0005788703767889827,-15.597685930922456,51,0.17647058823529413,-0.015096574537877508
25,2.0,0.005,0.15,0.03,24,False,0.002,0,-10.110986612934035,-3.258695694270221,40,0.225,-0.004754200200210172,-16.963277531597846,51,0.17647058823529413,-0.016284994487926554
25,2.0,0.005,0.15,0.03,24,False,0.003,0,-13.119244878249457,-7.889734804637245,40,0.175,-0.010390347609627627,-18.34875495186167,51,0.1568627450980392,-0.017472607090458402
25,2.0,0.005,0.15,0.03,24,True,0.001,0,-9.426096154296106,-3.0555756689835354,40,0.3,-0.0036483222140917954,-15.796616639608676,51,0.27450980392156865,-0.012822256833746572
25,2.0,0.005,0.15,0.03,24,True,0.002,0,-11.381760397873121,-5.133641614665664,40,0.275,-0.006078614229654384,-17.62987918108058,51,0.27450980392156865,-0.014094431688674032
25,2.0,0.005,0.15,0.03,24,True,0.003,0,-13.81180802978758,-8.106316006685478,40,0.25,-0.009359688648942436,-19.51730005288968,51,0.27450980392156865,-0.015365473610139027
25,2.0,0.005,0.15,0.03,48,False,0.001,0,-13.889413200058181,-2.8964815479897332,37,0.1891891891891892,-0.004443380324485369,-24.88234485212663,49,0.10204081632653061,-0.021558759106454804
25,2.0,0.005,0.15,0.03,48,False,0.002,0,-16.3146117717025,-6.359209338187308,37,0.16216216216216217,-0.009265120378990905,-26.27001420521769,49,0.10204081632653061,-0.022623665484191664
25,2.0,0.005,0.15,0.03,48,False,0.003,0,-19.698200423102307,-11.724025195970931,37,0.13513513513513514,-0.015161975074259468,-27.672375650233686,49,0.08163265306122448,-0.023688232217520283
25,2.0,0.005,0.15,0.03,48,True,0.001,0,-9.426096154296106,-3.0555756689835354,40,0.3,-0.0036483222140917954,-15.796616639608676,51,0.27450980392156865,-0.012822256833746572
25,2.0,0.005,0.15,0.03,48,True,0.002,0,-11.381760397873121,-5.133641614665664,40,0.275,-0.006078614229654384,-17.62987918108058,51,0.27450980392156865,-0.014094431688674032
25,2.0,0.005,0.15,0.03,48,True,0.003,0,-13.81180802978758,-8.106316006685478,40,0.25,-0.009359688648942436,-19.51730005288968,51,0.27450980392156865,-0.015365473610139027
25,2.0,0.01,0.05,0.02,12,False,0.001,0,-9.086686866522408,-7.234982961668098,33,0.24242424242424243,-0.0052817140761311915,-10.938390771376719,43,0.20930232558139536,-0.007679798965258846
25,2.0,0.01,0.05,0.02,12,False,0.002,0,-11.570743861830154,-9.724724870917779,33,0.21212121212121213,-0.007109470641577839,-13.41676285274253,43,0.20930232558139536,-0.009139071035325168
25,2.0,0.01,0.05,0.02,12,False,0.003,0,-16.237346038361117,-11.139163485950368,33,0.21212121212121213,-0.00813486622578545,-21.33552859077187,43,0.18604651162790697,-0.012854601668986903
25,2.0,0.01,0.05,0.02,12,True,0.001,0,-9.868935460696346,-7.234982961668098,33,0.24242424242424243,-0.0052817140761311915,-12.502887959724593,43,0.20930232558139536,-0.008417858163552326
25,2.0,0.01,0.05,0.02,12,True,0.002,0,-12.471475292412325,-9.724724870917779,33,0.21212121212121213,-0.007109470641577839,-15.218225713906874,43,0.20930232558139536,-0.009899952400440695
25,2.0,0.01,0.05,0.02,12,True,0.003,0,-15.915186278851603,-11.139163485950368,33,0.21212121212121213,-0.00813486622578545,-20.69120907175284,43,0.18604651162790697,-0.012585432791545125
25,2.0,0.01,0.05,0.02,24,False,0.001,0,-10.572337410053049,-9.041152090166106,33,0.21212121212121213,-0.0066437878787878255,-12.103522729939991,43,0.18604651162790697,-0.008466279069767395
25,2.0,0.01,0.05,0.02,24,False,0.002,0,-11.971063401866456,-10.40540570303772,33,0.21212121212121213,-0.007638636363636328,-13.53672110069519,43,0.18604651162790697,-0.00945930232558136
25,2.0,0.01,0.05,0.02,24,False,0.003,0,-16.627812877938243,-11.772397406355898,33,0.21212121212121213,-0.008633484848484797,-21.483228349520587,43,0.13953488372093023,-0.013336056352166612
25,2.0,0.01,0.05,0.02,24,True,0.001,0,-10.741555276982869,-7.744907893031996,33,0.24242424242424243,-0.005693737726891193,-13.738202660933743,43,0.18604651162790697,-0.009204338268060873
25,2.0,0.01,0.05,0.02,24,True,0.002,0,-12.844312555428111,-10.40540570303772,33,0.21212121212121213,-0.007638636363636328,-15.2832194078185,43,0.18604651162790697,-0.010220183690696884
25,2.0,0.01,0.05,0.02,24,True,0.003,0,-16.114057151152366,-11.772397406355898,33,0.21212121212121213,-0.008633484848484797,-20.455716895948832,43,0.16279069767441862,-0.012858144263647536
25,2.0,0.01,0.05,0.02,48,False,0.001,0,-10.572337410053049,-9.041152090166106,33,0.21212121212121213,-0.0066437878787878255,-12.103522729939991,43,0.18604651162790697,-0.008466279069767395
25,2.0,0.01,0.05,0.02,48,False,0.002,0,-11.971063401866456,-10.40540570303772,33,0.21212121212121213,-0.007638636363636328,-13.53672110069519,43,0.18604651162790697,-0.00945930232558136
25,2.0,0.01,0.05,0.02,48,False,0.003,0,-16.903617335685805,-11.772397406355898,33,0.21212121212121213,-0.008633484848484797,-22.034837265015714,43,0.13953488372093023,-0.013696744186046468
25,2.0,0.01,0.05,0.02,48,True,0.001,0,-10.741555276982869,-7.744907893031996,33,0.24242424242424243,-0.005693737726891193,-13.738202660933743,43,0.18604651162790697,-0.009204338268060873
25,2.0,0.01,0.05,0.02,48,True,0.002,0,-12.844312555428111,-10.40540570303772,33,0.21212121212121213,-0.007638636363636328,-15.2832194078185,43,0.18604651162790697,-0.010220183690696884
25,2.0,0.01,0.05,0.02,48,True,0.003,0,-16.114057151152366,-11.772397406355898,33,0.21212121212121213,-0.008633484848484797,-20.455716895948832,43,0.16279069767441862,-0.012858144263647536
25,2.0,0.01,0.05,0.03,12,False,0.001,0,-7.980425585859242,-8.04447624033345,32,0.3125,-0.007158946369353465,-7.916374931385035,43,0.3023255813953488,-0.0070520885929887265
25,2.0,0.01,0.05,0.03,12,False,0.002,0,-10.187629185491474,-9.321494077915071,32,0.3125,-0.008278235127377118,-11.053764293067879,43,0.3023255813953488,-0.009394505693934308
25,2.0,0.01,0.05,0.03,12,False,0.003,0,-12.393992069765414,-10.602247965372273,32,0.3125,-0.009397024555539176,-14.185736174158555,43,0.3023255813953488,-0.011603477424762173
25,2.0,0.01,0.05,0.03,12,True,0.001,0,-9.023549246321316,-8.475635484580742,32,0.3125,-0.007475979087892039,-9.571463008061892,43,0.3023255813953488,-0.00817735225718179
25,2.0,0.01,0.05,0.03,12,True,0.002,0,-11.410200924930255,-9.761799561381936,32,0.3125,-0.008594634411537613,-13.058602288478575,43,0.3023255813953488,-0.01056611470285396
25,2.0,0.01,0.05,0.03,12,True,0.003,0,-12.836898675038894,-11.051084712490088,32,0.3125,-0.009712791667771774,-14.6227126375877,43,0.3023255813953488,-0.011768463819885942
25,2.0,0.01,0.05,0.03,24,False,0.001,0,-10.06253063915812,-11.908898874553321,32,0.25,-0.010548085927840725,-8.21616240376292,43,0.32558139534883723,-0.007517895324259115
25,2.0,0.01,0.05,0.03,24,False,0.002,0,-11.222645370488358,-13.078829618485978,32,0.25,-0.011570119206503074,-9.366461122490737,43,0.32558139534883723,-0.008558398914757414
25,2.0,0.01,0.05,0.03,24,False,0.003,0,-13.260208072608464,-14.251125017913585,32,0.25,-0.012592028228506373,-12.269291127303342,43,0.27906976744186046,-0.010860238035907348
25,2.0,0.01,0.05,0.03,24,True,0.001,0,-9.362603341129837,-9.568104520839611,32,0.3125,-0.008558843477912458,-9.157102161420061,43,0.32558139534883723,-0.008106378530217869
25,2.0,0.01,0.05,0.03,24,True,0.002,0,-10.974036375020429,-10.772834404059482,32,0.3125,-0.009615012597315203,-11.175238345981377,43,0.32558139534883723,-0.009669930343420556
25,2.0,0.01,0.05,0.03,24,True,0.003,0,-12.267385896218475,-11.982038882366448,32,0.3125,-0.010670929012942323,-12.5527329100705,43,0.32558139534883723,-0.010805020217047604
25,2.0,0.01,0.05,0.03,48,False,0.001,0,-9.858621481820162,-12.91124702394987,32,0.25,-0.011484999999999952,-6.8059959396904555,43,0.32558139534883723,-0.006399048398406728
25,2.0,0.01,0.05,0.03,48,False,0.002,0,-10.96860835391011,-14.038247984713898,32,0.25,-0.012474999999999964,-7.89896872310632,43,0.32558139534883723,-0.007417490639573674
25,2.0,0.01,0.05,0.03,48,False,0.003,0,-14.383030201600949,-15.167510864049135,32,0.25,-0.013464999999999967,-13.598549539152762,43,0.27906976744186046,-0.01214374655537379
25,2.0,0.01,0.05,0.03,48,True,0.001,0,-9.362603341129837,-9.568104520839611,32,0.3125,-0.008558843477912458,-9.157102161420061,43,0.32558139534883723,-0.008106378530217869
25,2.0,0.01,0.05,0.03,48,True,0.002,0,-10.974036375020429,-10.772834404059482,32,0.3125,-0.009615012597315203,-11.175238345981377,43,0.32558139534883723,-0.009669930343420556
25,2.0,0.01,0.05,0.03,48,True,0.003,0,-12.267385896218475,-11.982038882366448,32,0.3125,-0.010670929012942323,-12.5527329100705,43,0.32558139534883723,-0.010805020217047604
25,2.0,0.01,0.08,0.02,12,False,0.001,0,-8.96779088158888,-0.5658191652649464,33,0.24242424242424243,-0.0005581419110504807,-17.36976259791281,43,0.20930232558139536,-0.010336683228565218
25,2.0,0.01,0.08,0.02,12,False,0.002,0,-11.100745428730487,-2.448846779519653,33,0.21212121212121213,-0.0024215683653822997,-19.752644077941323,43,0.20930232558139536,-0.011543020956286437
25,2.0,0.01,0.08,0.02,12,False,0.003,0,-14.848501982314607,-3.526859329753066,33,0.21212121212121213,-0.0034825102041447465,-26.17014463487615,43,0.18604651162790697,-0.014144967056740804
25,2.0,0.01,0.08,0.02,12,True,0.001,0,-7.82231736006569,-1.1039840825560039,33,0.24242424242424243,-0.00106223146345937,-14.540650637575377,43,0.20930232558139536,-0.00940004326566006
25,2.0,0.01,0.08,0.02,12,True,0.002,0,-9.879586285718716,-3.0707298538865673,33,0.21212121212121213,-0.0029572147865195397,-16.688442717550863,43,0.20930232558139536,-0.010608252408909365
25,2.0,0.01,0.08,0.02,12,True,0.003,0,-14.683590005488863,-4.217334902667058,33,0.21212121212121213,-0.0040495853741469405,-25.149845108310668,43,0.18604651162790697,-0.013836854518192743
25,2.0,0.01,0.08,0.02,24,False,0.001,0,-8.235741654240272,-1.3452113396142358,33,0.21212121212121213,-0.0013553675397541412,-15.126271968866309,43,0.11627906976744186,-0.011008847825803851
25,2.0,0.01,0.08,0.02,24,False,0.002,0,-9.517488283535,-2.373652625139211,33,0.21212121212121213,-0.0023870144854958517,-16.66132394193079,43,0.11627906976744186,-0.012070838444672638
25,2.0,0.01,0.08,0.02,24,False,0.003,0,-13.987173347522054,-3.405824235975514,33,0.21212121212121213,-0.003418535547635637,-24.568522459068593,43,0.09302325581395349,-0.01544998515227215
25,2.0,0.01,0.08,0.02,24,True,0.001,0,-7.574602126306334,-0.6161981528754482,33,0.24242424242424243,-0.0006103696717030547,-14.53300609973722,43,0.16279069767441862,-0.009995073762285547
25,2.0,0.01,0.08,0.02,24,True,0.002,0,-9.560641977701028,-2.650624549492804,33,0.21212121212121213,-0.002624221117368127,-16.470659405909252,43,0.16279069767441862,-0.011156739972241213
25,2.0,0.01,0.08,0.02,24,True,0.003,0,-13.889099369467864,-3.7378554481689483,33,0.21212121212121213,-0.0036877672168804084,-24.04034329076678,43,0.13953488372093023,-0.014338982754267126
25,2.0,0.01,0.08,0.02,48,False,0.001,0,-11.709191366465102,-2.741902309316446,32,0.1875,-0.0027481249999999494,-20.676480423613757,42,0.09523809523809523,-0.013737865475135044
25,2.0,0.01,0.08,0.02,48,False,0.002,0,-12.98841470379536,-3.742138559364858,32,0.1875,-0.0037468749999999534,-22.234690848225863,42,0.09523809523809523,-0.01474942407892576
25,2.0,0.01,0.08,0.02,48,False,0.003,0,-18.8537158384842,-4.744382308107361,32,0.1875,-0.004745624999999954,-32.963049368861036,42,0.047619047619047616,-0.01813350656525332
25,2.0,0.01,0.08,0.02,48,True,0.001,0,-7.574602126306334,-0.6161981528754482,33,0.24242424242424243,-0.0006103696717030547,-14.53300609973722,43,0.16279069767441862,-0.009995073762285547
25,2.0,0.01,0.08,0.02,48,True,0.002,0,-9.560641977701028,-2.650624549492804,33,0.21212121212121213,-0.002624221117368127,-16.470659405909252,43,0.16279069767441862,-0.011156739972241213
25,2.0,0.01,0.08,0.02,48,True,0.003,0,-13.889099369467864,-3.7378554481689483,33,0.21212121212121213,-0.0036877672168804084,-24.04034329076678,43,0.13953488372093023,-0.014338982754267126
25,2.0,0.01,0.08,0.03,12,False,0.001,0,-7.579641292587231,-3.7720947772238933,32,0.28125,-0.00413817801505873,-11.38718780795057,43,0.3023255813953488,-0.009540961978528505
25,2.0,0.01,0.08,0.03,12,False,0.002,0,-9.010211134263585,-4.861401243656525,32,0.28125,-0.005323203045030044,-13.159021024870645,43,0.3023255813953488,-0.010888885505234784
25,2.0,0.01,0.08,0.03,12,False,0.003,0,-10.462795539708564,-5.953604479439513,32,0.28125,-0.006507478149679966,-14.971986599977615,43,0.3023255813953488,-0.012235386535717308
25,2.0,0.01,0.08,0.03,12,True,0.001,0,-7.142318059282826,-3.407130923410092,32,0.3125,-0.003643740763217762,-10.87750519515556,43,0.3023255813953488,-0.009229939526249118
25,2.0,0.01,0.08,0.03,12,True,0.002,0,-8.612718920300939,-4.603238305418764,32,0.3125,-0.004896917025152928,-12.622199535183114,43,0.3023255813953488,-0.010578484478764494
25,2.0,0.01,0.08,0.03,12,True,0.003,0,-10.202136690891077,-5.810487554948911,32,0.3125,-0.006149073005549514,-14.593785826833242,43,0.3023255813953488,-0.012002355626195815
25,2.0,0.01,0.08,0.03,24,False,0.001,0,-8.483317181037055,-6.780753388972577,32,0.21875,-0.007590652453212239,-10.185880973101533,43,0.2558139534883721,-0.010028752131819103
25,2.0,0.01,0.08,0.03,24,False,0.002,0,-9.57708399525288,-7.740556184624571,32,0.21875,-0.008648134144670713,-11.413611805881187,43,0.2558139534883721,-0.011185954485350329
25,2.0,0.01,0.08,0.03,24,False,0.003,0,-10.677192375596501,-8.703598386677463,32,0.21875,-0.009705361762005673,-12.650786364515541,43,0.23255813953488372,-0.012342494519733297
25,2.0,0.01,0.08,0.03,24,True,0.001,0,-6.5296450536567185,-3.4696542328920366,32,0.3125,-0.00383572329064323,-9.5896358744214,43,0.3023255813953488,-0.00886058710476903
25,2.0,0.01,0.08,0.03,24,True,0.002,0,-7.843274490958088,-4.575344196322737,32,0.3125,-0.00502819333874531,-11.111204785593438,43,0.3023255813953488,-0.01014253313659279
25,2.0,0.01,0.08,0.03,24,True,0.003,0,-9.257589649493873,-5.693049977088767,32,0.3125,-0.00621988492138025,-12.822129321898979,43,0.3023255813953488,-0.011500072973375962
25,2.0,0.01,0.08,0.03,48,False,0.001,0,-14.13088187957138,-9.137073698529088,31,0.1935483870967742,-0.010196612903225767,-19.12469006061367,42,0.14285714285714285,-0.017541674998944552
25,2.0,0.01,0.08,0.03,48,False,0.002,0,-15.143476614419239,-10.035408637511495,31,0.1935483870967742,-0.011187903225806407,-20.251544591326983,42,0.14285714285714285,-0.018549424078925736
25,2.0,0.01,0.08,0.03,48,False,0.003,0,-16.158281679861574,-10.935546556761324,31,0.1935483870967742,-0.012179193548387061,-21.381016802961827,42,0.11904761904761904,-0.019557077993824737
25,2.0,0.01,0.08,0.03,48,True,0.001,0,-6.5296450536567185,-3.4696542328920366,32,0.3125,-0.00383572329064323,-9.5896358744214,43,0.3023255813953488,-0.00886058710476903
25,2.0,0.01,0.08,0.03,48,True,0.002,0,-7.843274490958088,-4.575344196322737,32,0.3125,-0.00502819333874531,-11.111204785593438,43,0.3023255813953488,-0.01014253313659279
25,2.0,0.01,0.08,0.03,48,True,0.003,0,-9.257589649493873,-5.693049977088767,32,0.3125,-0.00621988492138025,-12.822129321898979,43,0.3023255813953488,-0.011500072973375962
25,2.0,0.01,0.1,0.02,12,False,0.001,0,-7.789577262617407,1.7906080726779954,33,0.24242424242424243,0.002028092830336962,-17.36976259791281,43,0.20930232558139536,-0.010336683228565218
25,2.0,0.01,0.1,0.02,12,False,0.002,0,-9.819055387673695,0.11453330259393321,33,0.21212121212121213,0.00012995019933155957,-19.752644077941323,43,0.20930232558139536,-0.011543020956286437
25,2.0,0.01,0.1,0.02,12,False,0.003,0,-13.511553916332714,-0.8529631977892798,33,0.21212121212121213,-0.0009655794391311276,-26.17014463487615,43,0.18604651162790697,-0.014144967056740804
25,2.0,0.01,0.1,0.02,12,True,0.001,0,-6.401764265211527,1.7371221071523226,33,0.24242424242424243,0.001963526112298205,-14.540650637575377,43,0.20930232558139536,-0.00940004326566006
25,2.0,0.01,0.1,0.02,12,True,0.002,0,-8.31529313355548,0.057856450439901896,33,0.21212121212121213,6.551248620773726e-05,-16.688442717550863,43,0.20930232558139536,-0.010608252408909365
25,2.0,0.01,0.1,0.02,12,True,0.003,0,-13.030710401788305,-0.9115756952659425,33,0.21212121212121213,-0.001029888404449962,-25.149845108310668,43,0.18604651162790697,-0.013836854518192743
25,2.0,0.01,0.1,0.02,24,False,0.001,0,-8.879520571496586,0.18909414831089502,33,0.21212121212121213,0.00021269972486832962,-17.94813529130407,43,0.09302325581395349,-0.012640152057829635
25,2.0,0.01,0.1,0.02,24,False,0.002,0,-10.206158050854855,-0.7587712663318559,33,0.21212121212121213,-0.000851629089273048,-19.653544835377854,43,0.09302325581395349,-0.013725725512206596
25,2.0,0.01,0.1,0.02,24,False,0.003,0,-11.54785700420171,-1.7105100973932166,33,0.21212121212121213,-0.0019157076972652154,-21.3852039110102,43,0.09302325581395349,-0.014810912428372435
25,2.0,0.01,0.1,0.02,24,True,0.001,0,-6.219781602873766,2.0934428939896876,33,0.24242424242424243,0.002415387904054521,-14.53300609973722,43,0.16279069767441862,-0.009995073762285547
25,2.0,0.01,0.1,0.02,24,True,0.002,0,-8.062787399079706,0.34508460774984145,33,0.21212121212121213,0.00039850615535914945,-16.470659405909252,43,0.16279069767441862,-0.011156739972241213
25,2.0,0.01,0.1,0.02,24,True,0.003,0,-12.31021752563059,-0.5800917604943988,33,0.21212121212121213,-0.0006680702471834303,-24.04034329076678,43,0.13953488372093023,-0.014338982754267126
25,2.0,0.01,0.1,0.02,48,False,0.001,0,-11.915663787448239,-0.8619099035884396,32,0.1875,-0.0009722773820271433,-22.969417671308037,42,0.07142857142857142,-0.015164294046563614
25,2.0,0.01,0.1,0.02,48,False,0.002,0,-13.160334330270787,-1.7802982170870862,32,0.1875,-0.0020050477992661687,-24.54037044345449,42,0.07142857142857142,-0.016174424078925758
25,2.0,0.01,0.1,0.02,48,False,0.003,0,-14.408462653944431,-2.7014732567216373,32,0.1875,-0.0030376893766103363,-26.115452051167225,42,0.047619047619047616,-0.017184458946205707
25,2.0,0.01,0.1,0.02,48,True,0.001,0,-6.219781602873766,2.0934428939896876,33,0.24242424242424243,0.002415387904054521,-14.53300609973722,43,0.16279069767441862,-0.009995073762285547
25,2.0,0.01,0.1,0.02,48,True,0.002,0,-8.062787399079706,0.34508460774984145,33,0.21212121212121213,0.00039850615535914945,-16.470659405909252,43,0.16279069767441862,-0.011156739972241213
25,2.0,0.01,0.1,0.02,48,True,0.003,0,-12.31021752563059,-0.5800917604943988,33,0.21212121212121213,-0.0006680702471834303,-24.04034329076678,43,0.13953488372093023,-0.014338982754267126
25,2.0,0.01,0.1,0.03,12,False,0.001,0,-5.792436036599331,-1.18720593954678,32,0.28125,-0.00147112343800293,-10.397666133651882,43,0.3023255813953488,-0.009076543373877343
25,2.0,0.01,0.1,0.03,12,False,0.002,0,-7.12850877847301,-2.1776444646664714,32,0.28125,-0.0026919495251688766,-12.079373092279548,43,0.3023255813953488,-0.01042493201686269
25,2.0,0.01,0.1,0.03,12,False,0.003,0,-8.484177159281765,-3.171891769246501,32,0.28125,-0.003911893298259679,-13.796462549317031,43,0.3023255813953488,-0.011771898163624285
25,2.0,0.01,0.1,0.03,12,True,0.001,0,-5.9440088890481295,-0.9551161451843511,32,0.3125,-0.0011474907632177604,-10.932901632911909,43,0.3023255813953488,-0.009256914986299315
25,2.0,0.01,0.1,0.03,12,True,0.002,0,-7.373403677206305,-2.0085106984826657,32,0.3125,-0.002403167025152925,-12.738296655929943,43,0.3023255813953488,-0.010630397052434687
25,2.0,0.01,0.1,0.03,12,True,0.003,0,-8.831625916012369,-3.069466005191494,32,0.3125,-0.0036578230055495094,-14.593785826833242,43,0.3023255813953488,-0.012002355626195815
25,2.0,0.01,0.1,0.03,24,False,0.001,0,-7.731167037309648,-4.838304982888629,32,0.21875,-0.005973583086570315,-10.624029091730668,43,0.23255813953488372,-0.01096342845686815
25,2.0,0.01,0.1,0.03,24,False,0.002,0,-8.786978186366984,-5.734966255935194,32,0.21875,-0.007064767954815943,-11.838990116798774,43,0.23255813953488372,-0.01214491132032614
25,2.0,0.01,0.1,0.03,24,False,0.003,0,-9.850785496961743,-6.635076056288299,32,0.21875,-0.008155570541311184,-13.066494937635188,43,0.20930232558139536,-0.013325631098159164
25,2.0,0.01,0.1,0.03,24,True,0.001,0,-5.3609392317952365,-1.0855777115676883,32,0.3125,-0.0013394732906432281,-9.636300752022784,43,0.3023255813953488,-0.008887562564819226
25,2.0,0.01,0.1,0.03,24,True,0.002,0,-6.63591037818513,-2.0637943785111648,32,0.3125,-0.002534443338745308,-11.208026377859095,43,0.3023255813953488,-0.010194445710262984
25,2.0,0.01,0.1,0.03,24,True,0.003,0,-7.936306048543719,-3.0504827751884602,32,0.3125,-0.0037286349213802457,-12.822129321898979,43,0.3023255813953488,-0.011500072973375962
25,2.0,0.01,0.1,0.03,48,False,0.001,0,-12.658575774275125,-6.7395819184194705,31,0.1935483870967742,-0.00836347987822158,-18.577569630130778,42,0.11904761904761904,-0.01825488928465884
25,2.0,0.01,0.1,0.03,48,False,0.002,0,-13.603959428388006,-7.5789712298924155,31,0.1935483870967742,-0.009389888050855402,-19.628947626883594,42,0.11904761904761904,-0.019261924078925734
25,2.0,0.01,0.1,0.03,48,False,0.003,0,-14.55178306389282,-8.4208426121938,31,0.1935483870967742,-0.010416163227468751,-20.682723515591842,42,0.09523809523809523,-0.02026886370811045
25,2.0,0.01,0.1,0.03,48,True,0.001,0,-5.3609392317952365,-1.0855777115676883,32,0.3125,-0.0013394732906432281,-9.636300752022784,43,0.3023255813953488,-0.008887562564819226
25,2.0,0.01,0.1,0.03,48,True,0.002,0,-6.63591037818513,-2.0637943785111648,32,0.3125,-0.002534443338745308,-11.208026377859095,43,0.3023255813953488,-0.010194445710262984
25,2.0,0.01,0.1,0.03,48,True,0.003,0,-7.936306048543719,-3.0504827751884602,32,0.3125,-0.0037286349213802457,-12.822129321898979,43,0.3023255813953488,-0.011500072973375962
25,2.0,0.01,0.15,0.02,12,False,0.001,0,-7.138377475227162,3.0930076474584864,33,0.24242424242424243,0.0040090912825121745,-17.36976259791281,43,0.20930232558139536,-0.010336683228565218
25,2.0,0.01,0.15,0.02,12,False,0.002,0,-9.099642991746995,1.5533580944473342,33,0.21212121212121213,0.0020105045402300644,-19.752644077941323,43,0.20930232558139536,-0.011543020956286437
25,2.0,0.01,0.15,0.02,12,False,0.003,0,-12.768635677124582,0.6328732806269849,33,0.21212121212121213,0.0008149242410303315,-26.17014463487615,43,0.18604651162790697,-0.014144967056740804
25,2.0,0.01,0.15,0.02,12,True,0.001,0,-6.775309096521073,0.9900324445332308,33,0.24242424242424243,0.0010936210957720168,-14.540650637575377,43,0.20930232558139536,-0.00940004326566006
25,2.0,0.01,0.15,0.02,12,True,0.002,0,-8.78560052865501,-0.882758339759156,33,0.21212121212121213,-0.0009684898633174436,-16.688442717550863,43,0.20930232558139536,-0.010608252408909365
25,2.0,0.01,0.15,0.02,12,True,0.003,0,-13.600972949433814,-2.0521007905569597,33,0.21212121212121213,-0.0022273288662472647,-25.149845108310668,43,0.18604651162790697,-0.013836854518192743
25,2.0,0.01,0.15,0.02,24,False,0.001,0,-8.367976657792294,4.00682895661355,33,0.21212121212121213,0.005926414618693341,-20.742782272198138,43,0.09302325581395349,-0.01330047667300556
25,2.0,0.01,0.15,0.02,24,False,0.002,0,-9.753790134115897,3.268952842490569,33,0.21212121212121213,0.004823533044315314,-22.776533110722365,43,0.09302325581395349,-0.014410184599881627
25,2.0,0.01,0.15,0.02,24,False,0.003,0,-11.16768295683108,2.5277283775065644,33,0.21212121212121213,0.0037210328678902263,-24.863094291168725,43,0.09302325581395349,-0.015519406903608148
25,2.0,0.01,0.15,0.02,24,True,0.001,0,-6.401020622670227,1.7309648543967657,33,0.24242424242424243,0.0019785327418855377,-14.53300609973722,43,0.16279069767441862,-0.009995073762285547
25,2.0,0.01,0.15,0.02,24,True,0.002,0,-8.32491226975326,-0.179165133597265,33,0.21212121212121213,-0.00020331157752446322,-16.470659405909252,43,0.16279069767441862,-0.011156739972241213
25,2.0,0.01,0.15,0.02,24,True,0.003,0,-12.658971414146823,-1.2775995375268627,33,0.21212121212121213,-0.0014341896056149178,-24.04034329076678,43,0.13953488372093023,-0.014338982754267126
25,2.0,0.01,0.15,0.02,48,False,0.001,0,-18.38985103457474,2.422781655073466,32,0.1875,0.0035280451417960155,-39.202483724222944,42,0.047619047619047616,-0.018114217277280836
25,2.0,0.01,0.15,0.02,48,False,0.002,0,-20.117493535206716,1.6910532091910424,32,0.1875,0.0024582983117917884,-41.92604027960447,42,0.047619047619047616,-0.019147356078195885
25,2.0,0.01,0.15,0.02,48,False,0.003,0,-21.876600555058314,0.9569733158380743,32,0.1875,0.0013888100703875082,-44.710174425954705,42,0.023809523809523808,-0.0201802959643773
25,2.0,0.01,0.15,0.02,48,True,0.001,0,-6.401020622670227,1.7309648543967657,33,0.24242424242424243,0.0019785327418855377,-14.53300609973722,43,0.16279069767441862,-0.009995073762285547
25,2.0,0.01,0.15,0.02,48,True,0.002,0,-8.32491226975326,-0.179165133597265,33,0.21212121212121213,-0.00020331157752446322,-16.470659405909252,43,0.16279069767441862,-0.011156739972241213
25,2.0,0.01,0.15,0.02,48,True,0.003,0,-12.658971414146823,-1.2775995375268627,33,0.21212121212121213,-0.0014341896056149178,-24.04034329076678,43,0.13953488372093023,-0.014338982754267126
25,2.0,0.01,0.15,0.03,12,False,0.001,0,-5.101886205791926,0.209279848605281,32,0.28125,0.00028967168014451994,-10.413052260189133,43,0.3023255813953488,-0.009083816802316541
25,2.0,0.01,0.15,0.03,12,False,0.002,0,-6.452984861543457,-0.7508588441220759,32,0.28125,-0.001034173739248025,-12.155110878964837,43,0.3023255813953488,-0.01045764472026501
25,2.0,0.01,0.15,0.03,12,False,0.003,0,-7.831322032724217,-1.7194683787110983,32,0.28125,-0.002356732222079614,-13.943175686737336,43,0.3023255813953488,-0.011829948456548136
25,2.0,0.01,0.15,0.03,12,True,0.001,0,-6.407576835056245,-1.8822520372005813,32,0.3125,-0.002195046477986218,-10.932901632911909,43,0.3023255813953488,-0.009256914986299315
25,2.0,0.01,0.15,0.03,12,True,0.002,0,-7.922822029074426,-3.107347402218908,32,0.3125,-0.003585443928133123,-12.738296655929943,43,0.3023255813953488,-0.010630397052434687
25,2.0,0.01,0.15,0.03,12,True,0.003,0,-9.475493269114708,-4.357200711396171,32,0.3125,-0.004974278553267122,-14.593785826833242,43,0.3023255813953488,-0.012002355626195815
25,2.0,0.01,0.15,0.03,24,False,0.001,0,-5.052970944651254,-0.051191802718285793,32,0.21875,-8.131460231327247e-05,-10.054750086584223,43,0.23255813953488372,-0.010766907312429495
25,2.0,0.01,0.15,0.03,24,False,0.002,0,-6.030689723116157,-0.7649956104388622,32,0.21875,-0.0012122570045529492,-11.296383835793451,43,0.23255813953488372,-0.011998533450439115
25,2.0,0.01,0.15,0.03,24,False,0.003,0,-7.019114846870222,-1.4818264960809884,32,0.21875,-0.0023426818334946306,-12.556403197659456,43,0.20930232558139536,-0.013229196914832597
25,2.0,0.01,0.15,0.03,24,True,0.001,0,-5.6172094745384555,-1.5981181970541272,32,0.3125,-0.001940446343105817,-9.636300752022784,43,0.3023255813953488,-0.008887562564819226
25,2.0,0.01,0.15,0.03,24,True,0.002,0,-6.965670043928962,-2.7233137099988283,32,0.3125,-0.0032710298558138885,-11.208026377859095,43,0.3023255813953488,-0.010194445710262984
25,2.0,0.01,0.15,0.03,24,True,0.003,0,-8.347053331740927,-3.8719773415828747,32,0.3125,-0.004600290581251861,-12.822129321898979,43,0.3023255813953488,-0.011500072973375962
25,2.0,0.01,0.15,0.03,48,False,0.001,0,-9.03707746350337,-2.37036010757699,31,0.1935483870967742,-0.0037179856600815446,-15.703794819429753,41,0.12195121951219512,-0.01744687552805976
25,2.0,0.01,0.15,0.03,48,False,0.002,0,-9.884407845164969,-3.054446997689249,31,0.1935483870967742,-0.004782563032989131,-16.71436869264069,41,0.12195121951219512,-0.018506748815436225
25,2.0,0.01,0.15,0.03,48,False,0.003,0,-10.73574794055295,-3.740705938637027,31,0.1935483870967742,-0.00584687347572904,-17.73078994246887,41,0.0975609756097561,-0.019566319026760197
25,2.0,0.01,0.15,0.03,48,True,0.001,0,-5.6172094745384555,-1.5981181970541272,32,0.3125,-0.001940446343105817,-9.636300752022784,43,0.3023255813953488,-0.008887562564819226
25,2.0,0.01,0.15,0.03,48,True,0.002,0,-6.965670043928962,-2.7233137099988283,32,0.3125,-0.0032710298558138885,-11.208026377859095,43,0.3023255813953488,-0.010194445710262984
25,2.0,0.01,0.15,0.03,48,True,0.003,0,-8.347053331740927,-3.8719773415828747,32,0.3125,-0.004600290581251861,-12.822129321898979,43,0.3023255813953488,-0.011500072973375962
25,2.5,0.0,0.05,0.02,12,False,0.001,0,-24.812000691070327,-41.992482161906025,23,0.08695652173913043,-0.016476807152710028,-7.63151922023463,33,0.24242424242424243,-0.005618980469882754
25,2.5,0.0,0.05,0.02,12,False,0.002,0,-122.21612510328006,-236.84348290891077,23,0.0,-0.021690762224872574,-7.588767297649346,34,0.2647058823529412,-0.005615589838793613
25,2.5,0.0,0.05,0.02,12,False,0.003,0,-139.23747552325256,-263.2174892150502,23,0.0,-0.022714590671779153,-15.257461831454938,34,0.23529411764705882,-0.010055231522542278
25,2.5,0.0,0.05,0.02,12,True,0.001,0,-25.682690354018185,-41.992482161906025,23,0.08695652173913043,-0.016476807152710028,-9.372898546130344,33,0.24242424242424243,-0.006580693970689408
25,2.5,0.0,0.05,0.02,12,True,0.002,0,-123.07142009462841,-236.84348290891077,23,0.0,-0.021690762224872574,-9.299357280346037,34,0.2647058823529412,-0.006577880977027956
25,2.5,0.0,0.05,0.02,12,True,0.003,0,-138.91611388083373,-263.2174892150502,23,0.0,-0.022714590671779153,-14.614738546617293,34,0.23529411764705882,-0.009714812059895323
25,2.5,0.0,0.05,0.02,24,False,0.001,0,-29.66068780080829,-50.28022351145046,23,0.043478260869565216,-0.01843108695652172,-9.041152090166124,33,0.21212121212121213,-0.006643787878787832
25,2.5,0.0,0.05,0.02,24,False,0.002,0,-436477860.77551025,-872955713.6469444,23,0.0,-0.022449999999999967,-7.904076077527059,34,0.23529411764705882,-0.00602058823529409
25,2.5,0.0,0.05,0.02,24,False,0.003,0,-455531248.5265216,-911062481.4109671,23,0.0,-0.023429999999999954,-15.642076101046767,34,0.17647058823529413,-0.010664130092446029
25,2.5,0.0,0.05,0.02,24,True,0.001,0,-27.046981505955856,-43.22351155717668,23,0.08695652173913043,-0.017067971521191768,-10.870451454735035,33,0.21212121212121213,-0.007605501379594487
25,2.5,0.0,0.05,0.02,24,True,0.002,0,-436477861.6083235,-872955713.6469444,23,0.0,-0.022449999999999967,-9.569702615506925,34,0.23529411764705882,-0.006982879373528432
25,2.5,0.0,0.05,0.02,24,True,0.003,0,-455531248.0038534,-911062481.4109671,23,0.0,-0.023429999999999954,-14.596739637102337,34,0.20588235294117646,-0.010059711862848375
25,2.5,0.0,0.05,0.02,48,False,0.001,0,-29.66068780080829,-50.28022351145046,23,0.043478260869565216,-0.01843108695652172,-9.041152090166124,33,0.21212121212121213,-0.006643787878787832
25,2.5,0.0,0.05,0.02,48,False,0.002,0,-436477860.77551025,-872955713.6469444,23,0.0,-0.022449999999999967,-7.904076077527059,34,0.23529411764705882,-0.00602058823529409
25,2.5,0.0,0.05,0.02,48,False,0.003,0,-455531248.8358682,-911062481.4109671,23,0.0,-0.023429999999999954,-16.26076922579664,34,0.17647058823529413,-0.011120294117647023
25,2.5,0.0,0.05,0.02,48,True,0.001,0,-27.046981505955856,-43.22351155717668,23,0.08695652173913043,-0.017067971521191768,-10.870451454735035,33,0.21212121212121213,-0.007605501379594487
25,2.5,0.0,0.05,0.02,48,True,0.002,0,-436477861.6083235,-872955713.6469444,23,0.0,-0.022449999999999967,-9.569702615506925,34,0.23529411764705882,-0.006982879373528432
25,2.5,0.0,0.05,0.02,48,True,0.003,0,-455531248.0038534,-911062481.4109671,23,0.0,-0.023429999999999954,-14.596739637102337,34,0.20588235294117646,-0.010059711862848375
25,2.5,0.0,0.05,0.03,12,False,0.001,0,-10.612484729530582,-14.825712449165284,23,0.2608695652173913,-0.012025267992386304,-6.399257009895882,33,0.3333333333333333,-0.005839988638585006
25,2.5,0.0,0.05,0.03,12,False,0.002,0,-12.34438635194069,-16.272981285663487,23,0.2608695652173913,-0.013146135837463071,-8.415791418217893,33,0.3333333333333333,-0.007503140223518782
25,2.5,0.0,0.05,0.03,12,False,0.003,0,-17.86256334831249,-24.030403451185748,23,0.21739130434782608,-0.01773256552388321,-11.694723245439233,33,0.3333333333333333,-0.00999223349865336
25,2.5,0.0,0.05,0.03,12,True,0.001,0,-12.03107479354388,-15.636408167897185,23,0.2608695652173913,-0.012466356992092148,-8.425741419190574,33,0.3333333333333333,-0.007306241291927481
25,2.5,0.0,0.05,0.03,12,True,0.002,0,-13.909583993734717,-17.104409154929417,23,0.2608695652173913,-0.013586343537164633,-10.714758832540017,33,0.3333333333333333,-0.00902978226544439
25,2.5,0.0,0.05,0.03,12,True,0.003,0,-18.67125308293587,-25.16566312931959,23,0.21739130434782608,-0.018171893680032913,-12.176843036552146,33,0.3333333333333333,-0.01020721577108736
25,2.5,0.0,0.05,0.03,24,False,0.001,0,-14.563048209919858,-20.86819370901767,23,0.17391304347826086,-0.016259293464821915,-8.257902710822044,33,0.3333333333333333,-0.007491487144462694
25,2.5,0.0,0.05,0.03,24,False,0.002,0,-15.830336112947432,-22.225464219891997,23,0.17391304347826086,-0.017287774548178206,-9.435208006002865,33,0.3333333333333333,-0.008546151779848963
25,2.5,0.0,0.05,0.03,24,False,0.003,0,-22.17225484131283,-31.39100136631595,23,0.13043478260869565,-0.021782169709226282,-12.95350831630971,33,0.2727272727272727,-0.01124437469634925
25,2.5,0.0,0.05,0.03,24,True,0.001,0,-12.873464193823478,-16.75613412920617,23,0.2608695652173913,-0.013491651795356501,-8.990794258440786,33,0.3333333333333333,-0.007907554486668446
25,2.5,0.0,0.05,0.03,24,True,0.002,0,-14.230827602002886,-18.157018917774067,23,0.2608695652173913,-0.014567626222351606,-10.304636286231705,33,0.3333333333333333,-0.00902470679084846
25,2.5,0.0,0.05,0.03,24,True,0.003,0,-18.93925817536685,-26.250519943999223,23,0.21739130434782608,-0.019109336018006736,-11.627996406734475,33,0.3333333333333333,-0.010141365306558492
25,2.5,0.0,0.05,0.03,48,False,0.001,0,-14.51540000098014,-22.5555419100107,23,0.17391304347826086,-0.01756282608695649,-6.475258091949581,33,0.3333333333333333,-0.006083735054770817
25,2.5,0.0,0.05,0.03,48,False,0.002,0,-15.709946897924704,-23.84303812300141,23,0.17391304347826086,-0.01854673913043475,-7.576855672847997,33,0.3333333333333333,-0.007109552904537548
25,2.5,0.0,0.05,0.03,48,False,0.003,0,-24.04418700337628,-33.30635133355605,23,0.13043478260869565,-0.022996739130434766,-14.782022673196504,33,0.2727272727272727,-0.012966764392386598
25,2.5,0.0,0.05,0.03,48,True,0.001,0,-12.873464193823478,-16.75613412920617,23,0.2608695652173913,-0.013491651795356501,-8.990794258440786,33,0.3333333333333333,-0.007907554486668446
25,2.5,0.0,0.05,0.03,48,True,0.002,0,-14.230827602002886,-18.157018917774067,23,0.2608695652173913,-0.014567626222351606,-10.304636286231705,33,0.3333333333333333,-0.00902470679084846
25,2.5,0.0,0.05,0.03,48,True,0.003,0,-18.93925817536685,-26.250519943999223,23,0.21739130434782608,-0.019109336018006736,-11.627996406734475,33,0.3333333333333333,-0.010141365306558492
25,2.5,0.0,0.08,0.02,12,False,0.001,0,-67.12093125691405,-117.80777989395364,23,0.043478260869565216,-0.01951572019618829,-16.43408261987447,33,0.24242424242424243,-0.009493148613865222
25,2.5,0.0,0.08,0.02,12,False,0.002,0,-124.44104404675436,-236.84348290891077,23,0.0,-0.021690762224872574,-12.038605184597934,34,0.2647058823529412,-0.00814424963177952
25,2.5,0.0,0.08,0.02,12,False,0.003,0,-140.34762969903505,-263.2174892150502,23,0.0,-0.022714590671779153,-17.4777701830199,34,0.23529411764705882,-0.011145013523745636
25,2.5,0.0,0.08,0.02,12,True,0.001,0,-65.32322640382985,-117.80777989395364,23,0.043478260869565216,-0.01951572019618829,-12.83867291370606,33,0.24242424242424243,-0.008272678359170622
25,2.5,0.0,0.08,0.02,12,True,0.002,0,-123.19746946333031,-236.84348290891077,23,0.0,-0.021690762224872574,-9.551456017749846,34,0.2647058823529412,-0.006962042351273226
25,2.5,0.0,0.08,0.02,12,True,0.003,0,-139.9225165114491,-263.2174892150502,23,0.0,-0.022714590671779153,-16.62754380784798,34,0.23529411764705882,-0.010755341783817204
25,2.5,0.0,0.08,0.02,24,False,0.001,0,-417424491.63521,-834848968.0615486,23,0.0,-0.021469999999999986,-15.208871374565458,33,0.12121212121212122,-0.010864559288168667
25,2.5,0.0,0.08,0.02,24,False,0.002,0,-436477862.65078586,-872955713.6469444,23,0.0,-0.022449999999999967,-11.654627326260801,34,0.14705882352941177,-0.009323413327086
25,2.5,0.0,0.08,0.02,24,False,0.003,0,-455531250.2711342,-911062481.4109671,23,0.0,-0.023429999999999954,-19.131301292705103,34,0.11764705882352941,-0.013337628280814796
25,2.5,0.0,0.08,0.02,24,True,0.001,0,-67.61888269655066,-122.28597096930868,23,0.043478260869565216,-0.02010688456467003,-12.951794423792622,33,0.18181818181818182,-0.009048021127500803
25,2.5,0.0,0.08,0.02,24,True,0.002,0,-436477861.749523,-872955713.6469444,23,0.0,-0.022449999999999967,-9.8521015350524,34,0.20588235294117646,-0.007655717799016446
25,2.5,0.0,0.08,0.02,24,True,0.003,0,-455531248.85776144,-911062481.4109671,23,0.0,-0.023429999999999954,-16.30455582366476,34,0.17647058823529413,-0.011390386317675985
25,2.5,0.0,0.08,0.02,48,False,0.001,0,-417424495.55552274,-834848968.0615486,23,0.0,-0.021469999999999986,-23.049496913746186,32,0.09375,-0.014441885936114758
25,2.5,0.0,0.08,0.02,48,False,0.002,0,-436477865.3794013,-872955713.6469444,23,0.0,-0.022449999999999967,-17.111858231489315,33,0.12121212121212122,-0.01264926700954189
25,2.5,0.0,0.08,0.02,48,False,0.003,0,-455531254.26486635,-911062481.4109671,23,0.0,-0.023429999999999954,-27.118765536298238,33,0.06060606060606061,-0.016689008355776972
25,2.5,0.0,0.08,0.02,48,True,0.001,0,-67.61888269655066,-122.28597096930868,23,0.043478260869565216,-0.02010688456467003,-12.951794423792622,33,0.18181818181818182,-0.009048021127500803
25,2.5,0.0,0.08,0.02,48,True,0.002,0,-436477861.749523,-872955713.6469444,23,0.0,-0.022449999999999967,-9.8521015350524,34,0.20588235294117646,-0.007655717799016446
25,2.5,0.0,0.08,0.02,48,True,0.003,0,-455531248.85776144,-911062481.4109671,23,0.0,-0.023429999999999954,-16.30455582366476,34,0.17647058823529413,-0.011390386317675985
25,2.5,0.0,0.08,0.03,12,False,0.001,0,-14.125346482384968,-18.348316603910074,23,0.17391304347826086,-0.015468019910222479,-9.902376360859861,33,0.3333333333333333,-0.008495770087924261
25,2.5,0.0,0.08,0.03,12,False,0.002,0,-15.704650169535569,-19.81160218990313,23,0.17391304347826086,-0.016628298814825963,-11.597698149168009,33,0.3333333333333333,-0.009830046837037172
25,2.5,0.0,0.08,0.03,12,False,0.003,0,-23.738009933020113,-34.14445656501587,23,0.13043478260869565,-0.022553750903302715,-13.331563301024351,33,0.3333333333333333,-0.011162959805882678
25,2.5,0.0,0.08,0.03,12,True,0.001,0,-14.115567945020844,-18.94419470747117,23,0.21739130434782608,-0.014958635460267093,-9.28694118257052,33,0.3333333333333333,-0.00809049840768142
25,2.5,0.0,0.08,0.03,12,True,0.002,0,-15.892779723009198,-20.834591082165723,23,0.21739130434782608,-0.016213376769078584,-10.950968363852672,33,0.3333333333333333,-0.009425584893454672
25,2.5,0.0,0.08,0.03,12,True,0.003,0,-21.69849375596846,-30.525788135507053,23,0.17391304347826086,-0.02093408028603232,-12.871199376429866,33,0.3333333333333333,-0.010859313469233453
25,2.5,0.0,0.08,0.03,24,False,0.001,0,-18.1629269501372,-25.71617888027339,23,0.08695652173913043,-0.020600597812648006,-10.609675020001015,33,0.24242424242424243,-0.010501955523540487
25,2.5,0.0,0.08,0.03,24,False,0.002,0,-19.429278702267293,-27.044210536355013,23,0.08695652173913043,-0.02162473106991734,-11.814346868179573,33,0.24242424242424243,-0.01164678975321032
25,2.5,0.0,0.08,0.03,24,False,0.003,0,-29.874231371501615,-46.7213979594461,23,0.043478260869565216,-0.027414561013574115,-13.027064783557128,33,0.21212121212121213,-0.012791009193456465
25,2.5,0.0,0.08,0.03,24,True,0.001,0,-14.746754365983147,-20.0933874236722,23,0.21739130434782608,-0.015983930263531447,-9.400121308294091,33,0.30303030303030304,-0.008744922719423244
25,2.5,0.0,0.08,0.03,24,True,0.002,0,-16.411424322270367,-21.926832216499992,23,0.21739130434782608,-0.017194659454265557,-10.89601642804074,33,0.30303030303030304,-0.010020206986805807
25,2.5,0.0,0.08,0.03,24,True,0.003,0,-22.171700544819856,-31.721691315064962,23,0.17391304347826086,-0.021871522624006143,-12.621709774574748,33,0.30303030303030304,-0.011394369697152915
25,2.5,0.0,0.08,0.03,48,False,0.001,0,-22.634942116121024,-27.521007896650143,23,0.08695652173913043,-0.02190413043478258,-17.748876335591905,32,0.15625,-0.016626104686114737
25,2.5,0.0,0.08,0.03,48,False,0.002,0,-23.820955612881185,-28.780586902331738,23,0.08695652173913043,-0.02288369565217388,-18.861324323430633,32,0.15625,-0.017642212853590043
25,2.5,0.0,0.08,0.03,48,False,0.003,0,-34.88828305243591,-49.800137374531026,23,0.043478260869565216,-0.02862913043478259,-19.97642873034079,32,0.125,-0.018658196116894992
25,2.5,0.0,0.08,0.03,48,True,0.001,0,-14.746754365983147,-20.0933874236722,23,0.21739130434782608,-0.015983930263531447,-9.400121308294091,33,0.30303030303030304,-0.008744922719423244
25,2.5,0.0,0.08,0.03,48,True,0.002,0,-16.411424322270367,-21.926832216499992,23,0.21739130434782608,-0.017194659454265557,-10.89601642804074,33,0.30303030303030304,-0.010020206986805807
25,2.5,0.0,0.08,0.03,48,True,0.003,0,-22.171700544819856,-31.721691315064962,23,0.17391304347826086,-0.021871522624006143,-12.621709774574748,33,0.30303030303030304,-0.011394369697152915
25,2.5,0.0,0.1,0.02,12,False,0.001,0,-67.12093125691405,-117.80777989395364,23,0.043478260869565216,-0.01951572019618829,-16.43408261987447,33,0.24242424242424243,-0.009493148613865222
25,2.5,0.0,0.1,0.02,12,False,0.002,0,-123.60492085483422,-236.84348290891077,23,0.0,-0.021690762224872574,-10.366358800757679,34,0.2647058823529412,-0.007557484925897171
25,2.5,0.0,0.1,0.02,12,False,0.003,0,-139.21421152611705,-263.2174892150502,23,0.0,-0.022714590671779153,-15.210933837183935,34,0.23529411764705882,-0.0105588370531574
25,2.5,0.0,0.1,0.02,12,True,0.001,0,-65.32322640382985,-117.80777989395364,23,0.043478260869565216,-0.01951572019618829,-12.83867291370606,33,0.24242424242424243,-0.008272678359170622
25,2.5,0.0,0.1,0.02,12,True,0.002,0,-123.13433787541524,-236.84348290891077,23,0.0,-0.021690762224872574,-9.425192841919712,34,0.2647058823529412,-0.00690872364607854
25,2.5,0.0,0.1,0.02,12,True,0.003,0,-139.88105771365352,-263.2174892150502,23,0.0,-0.022714590671779153,-16.54462621225684,34,0.23529411764705882,-0.01073367273889539
25,2.5,0.0,0.1,0.02,24,False,0.001,0,-417424494.9901602,-834848968.0615486,23,0.0,-0.021469999999999986,-21.918771832381417,33,0.09090909090909091,-0.013595349651111355
25,2.5,0.0,0.1,0.02,24,False,0.002,0,-436477864.1927249,-872955713.6469444,23,0.0,-0.022449999999999967,-14.738505368118751,34,0.11764705882352941,-0.011416358736026012
25,2.5,0.0,0.1,0.02,24,False,0.003,0,-455531248.8601424,-911062481.4109671,23,0.0,-0.023429999999999954,-16.309317753178487,34,0.11764705882352941,-0.012529389247647512
25,2.5,0.0,0.1,0.02,24,True,0.001,0,-67.61888269655066,-122.28597096930868,23,0.043478260869565216,-0.02010688456467003,-12.951794423792622,33,0.18181818181818182,-0.009048021127500803
25,2.5,0.0,0.1,0.02,24,True,0.002,0,-436477861.6908767,-872955713.6469444,23,0.0,-0.022449999999999967,-9.73480901184165,34,0.20588235294117646,-0.00760239909382176
25,2.5,0.0,0.1,0.02,24,True,0.003,0,-455531248.821315,-911062481.4109671,23,0.0,-0.023429999999999954,-16.231662906959635,34,0.17647058823529413,-0.011368717272754167
25,2.5,0.0,0.1,0.02,48,False,0.001,0,-417424499.59018,-834848968.0615486,23,0.0,-0.021469999999999986,-31.118811417786997,32,0.0625,-0.016938135936114755
25,2.5,0.0,0.1,0.02,48,False,0.002,0,-436477866.62943846,-872955713.6469444,23,0.0,-0.022449999999999967,-19.611932512439818,33,0.09090909090909091,-0.014462903373178265
25,2.5,0.0,0.1,0.02,48,False,0.003,0,-455531251.2184234,-911062481.4109671,23,0.0,-0.023429999999999954,-21.025879754770852,33,0.06060606060606061,-0.015481129567898192
25,2.5,0.0,0.1,0.02,48,True,0.001,0,-67.61888269655066,-122.28597096930868,23,0.043478260869565216,-0.02010688456467003,-12.951794423792622,33,0.18181818181818182,-0.009048021127500803
25,2.5,0.0,0.1,0.02,48,True,0.002,0,-436477861.6908767,-872955713.6469444,23,0.0,-0.022449999999999967,-9.73480901184165,34,0.20588235294117646,-0.00760239909382176
25,2.5,0.0,0.1,0.02,48,True,0.003,0,-455531248.821315,-911062481.4109671,23,0.0,-0.023429999999999954,-16.231662906959635,34,0.17647058823529413,-0.011368717272754167
25,2.5,0.0,0.1,0.03,12,False,0.001,0,-14.184100681375657,-19.619051594229436,23,0.17391304347826086,-0.01612605122653134,-8.749149768521876,33,0.3333333333333333,-0.007890618572772748
25,2.5,0.0,0.1,0.03,12,False,0.002,0,-15.790766230018939,-21.24000188266389,23,0.17391304347826086,-0.017330872474714164,-10.341530577373986,33,0.3333333333333333,-0.009225501382491718
25,2.5,0.0,0.1,0.03,12,False,0.003,0,-29.528084047068003,-47.09009594221362,23,0.13043478260869565,-0.024167208019492913,-11.966072151922381,33,0.3333333333333333,-0.01055902041194328
25,2.5,0.0,0.1,0.03,12,True,0.001,0,-14.148062844257298,-18.94419470747117,23,0.21739130434782608,-0.014958635460267093,-9.351930981043427,33,0.3333333333333333,-0.008125648249565008
25,2.5,0.0,0.1,0.03,12,True,0.002,0,-15.960820629200574,-20.834591082165723,23,0.21739130434782608,-0.016213376769078584,-11.087050176235426,33,0.3333333333333333,-0.009493228550055228
25,2.5,0.0,0.1,0.03,12,True,0.003,0,-21.69849375596846,-30.525788135507053,23,0.17391304347826086,-0.02093408028603232,-12.871199376429866,33,0.3333333333333333,-0.010859313469233453
25,2.5,0.0,0.1,0.03,24,False,0.001,0,-16.090890377493412,-19.99565720944478,23,0.08695652173913043,-0.01886407607351756,-12.186123545542047,33,0.21212121212121213,-0.01232501861375591
25,2.5,0.0,0.1,0.03,24,False,0.002,0,-17.274250575014293,-21.115699999943793,23,0.08695652173913043,-0.01988994846122169,-13.432801150084794,33,0.21212121212121213,-0.013500885023027293
25,2.5,0.0,0.1,0.03,24,False,0.003,0,-26.626720433349163,-38.56032867515154,23,0.043478260869565216,-0.02654803927444368,-14.69311219154679,33,0.18181818181818182,-0.014676005341102288
25,2.5,0.0,0.1,0.03,24,True,0.001,0,-14.77665688747767,-20.0933874236722,23,0.21739130434782608,-0.015983930263531447,-9.459926351283137,33,0.30303030303030304,-0.008780072561306832
25,2.5,0.0,0.1,0.03,24,True,0.002,0,-16.473396474638026,-21.926832216499992,23,0.21739130434782608,-0.017194659454265557,-11.019960732776061,33,0.30303030303030304,-0.010087850643406362
25,2.5,0.0,0.1,0.03,24,True,0.003,0,-22.171700544819856,-31.721691315064962,23,0.17391304347826086,-0.021871522624006143,-12.621709774574748,33,0.30303030303030304,-0.011394369697152915
25,2.5,0.0,0.1,0.03,48,False,0.001,0,-20.030834121311706,-21.440853001863537,23,0.08695652173913043,-0.020167608695652137,-18.620815240759875,32,0.125,-0.01818626093611474
25,2.5,0.0,0.1,0.03,48,False,0.002,0,-21.097559200904083,-22.50665062752579,23,0.08695652173913043,-0.021148913043478233,-19.688467774282376,32,0.125,-0.01920080660359004
25,2.5,0.0,0.1,0.03,48,False,0.003,0,-30.810912672925024,-40.86316406189205,23,0.043478260869565216,-0.02776260869565216,-20.758661283958,32,0.09375,-0.020215227366894992
25,2.5,0.0,0.1,0.03,48,True,0.001,0,-14.77665688747767,-20.0933874236722,23,0.21739130434782608,-0.015983930263531447,-9.459926351283137,33,0.30303030303030304,-0.008780072561306832
25,2.5,0.0,0.1,0.03,48,True,0.002,0,-16.473396474638026,-21.926832216499992,23,0.21739130434782608,-0.017194659454265557,-11.019960732776061,33,0.30303030303030304,-0.010087850643406362
25,2.5,0.0,0.1,0.03,48,True,0.003,0,-22.171700544819856,-31.721691315064962,23,0.17391304347826086,-0.021871522624006143,-12.621709774574748,33,0.30303030303030304,-0.011394369697152915
25,2.5,0.0,0.15,0.02,12,False,0.001,0,-67.12093125691405,-117.80777989395364,23,0.043478260869565216,-0.01951572019618829,-16.43408261987447,33,0.24242424242424243,-0.009493148613865222
25,2.5,0.0,0.15,0.02,12,False,0.002,0,-123.51086220154261,-236.84348290891077,23,0.0,-0.021690762224872574,-10.178241494174442,34,0.2647058823529412,-0.00748800550033504
25,2.5,0.0,0.15,0.02,12,False,0.003,0,-139.14620120470718,-263.2174892150502,23,0.0,-0.022714590671779153,-15.074913194364187,34,0.23529411764705882,-0.010521623709310535
25,2.5,0.0,0.15,0.02,12,True,0.001,0,-65.32322640382985,-117.80777989395364,23,0.043478260869565216,-0.01951572019618829,-12.83867291370606,33,0.24242424242424243,-0.008272678359170622
25,2.5,0.0,0.15,0.02,12,True,0.002,0,-123.13433787541524,-236.84348290891077,23,0.0,-0.021690762224872574,-9.425192841919712,34,0.2647058823529412,-0.00690872364607854
25,2.5,0.0,0.15,0.02,12,True,0.003,0,-139.88105771365352,-263.2174892150502,23,0.0,-0.022714590671779153,-16.54462621225684,34,0.23529411764705882,-0.01073367273889539
25,2.5,0.0,0.15,0.02,24,False,0.001,0,-417424494.9901602,-834848968.0615486,23,0.0,-0.021469999999999986,-21.918771832381417,33,0.09090909090909091,-0.013595349651111355
25,2.5,0.0,0.15,0.02,24,False,0.002,0,-436477865.8747168,-872955713.6469444,23,0.0,-0.022449999999999967,-18.102489180182502,34,0.11764705882352941,-0.012459972405078887
25,2.5,0.0,0.15,0.02,24,False,0.003,0,-455531250.7229016,-911062481.4109671,23,0.0,-0.023429999999999954,-20.034836026498645,34,0.11764705882352941,-0.013603045016748253
25,2.5,0.0,0.15,0.02,24,True,0.001,0,-67.61888269655066,-122.28597096930868,23,0.043478260869565216,-0.02010688456467003,-12.951794423792622,33,0.18181818181818182,-0.009048021127500803
25,2.5,0.0,0.15,0.02,24,True,0.002,0,-436477861.6908767,-872955713.6469444,23,0.0,-0.022449999999999967,-9.73480901184165,34,0.20588235294117646,-0.00760239909382176
25,2.5,0.0,0.15,0.02,24,True,0.003,0,-455531248.821315,-911062481.4109671,23,0.0,-0.023429999999999954,-16.231662906959635,34,0.17647058823529413,-0.011368717272754167
25,2.5,0.0,0.15,0.02,48,False,0.001,0,-417424575.7422508,-834848968.0615486,23,0.0,-0.021469999999999986,-183.4229529528789,32,0.03125,-0.020682510936114763
25,2.5,0.0,0.15,0.02,48,False,0.002,0,-436477877.2175158,-872955713.6469444,23,0.0,-0.022449999999999967,-40.788087301379626,33,0.06060606060606061,-0.018639787131462523
25,2.5,0.0,0.15,0.02,48,False,0.003,0,-455531262.5284077,-911062481.4109671,23,0.0,-0.023429999999999954,-43.64584828271004,33,0.030303030303030304,-0.019686379642827233
25,2.5,0.0,0.15,0.02,48,True,0.001,0,-67.61888269655066,-122.28597096930868,23,0.043478260869565216,-0.02010688456467003,-12.951794423792622,33,0.18181818181818182,-0.009048021127500803
25,2.5,0.0,0.15,0.02,48,True,0.002,0,-436477861.6908767,-872955713.6469444,23,0.0,-0.022449999999999967,-9.73480901184165,34,0.20588235294117646,-0.00760239909382176
25,2.5,0.0,0.15,0.02,48,True,0.003,0,-455531248.821315,-911062481.4109671,23,0.0,-0.023429999999999954,-16.231662906959635,34,0.17647058823529413,-0.011368717272754167
25,2.5,0.0,0.15,0.03,12,False,0.001,0,-14.351707419991998,-19.936586007502225,23,0.17391304347826086,-0.016218292818245293,-8.766828832481771,33,0.3333333333333333,-0.007900096070435942
25,2.5,0.0,0.15,0.03,12,False,0.002,0,-16.09174326389316,-21.75501723345903,23,0.17391304347826086,-0.01747051731971014,-10.428469294327295,33,0.3333333333333333,-0.009268127026318983
25,2.5,0.0,0.15,0.03,12,False,0.003,0,-29.612208902805364,-47.09009594221362,23,0.13043478260869565,-0.024167208019492913,-12.134321863397101,33,0.3333333333333333,-0.010634661702722842
25,2.5,0.0,0.15,0.03,12,True,0.001,0,-14.148062844257298,-18.94419470747117,23,0.21739130434782608,-0.014958635460267093,-9.351930981043427,33,0.3333333333333333,-0.008125648249565008
25,2.5,0.0,0.15,0.03,12,True,0.002,0,-15.960820629200574,-20.834591082165723,23,0.21739130434782608,-0.016213376769078584,-11.087050176235426,33,0.3333333333333333,-0.009493228550055228
25,2.5,0.0,0.15,0.03,12,True,0.003,0,-21.69849375596846,-30.525788135507053,23,0.17391304347826086,-0.02093408028603232,-12.871199376429866,33,0.3333333333333333,-0.010859313469233453
25,2.5,0.0,0.15,0.03,24,False,0.001,0,-11.69425154821754,-13.318624535484963,23,0.08695652173913043,-0.015899506025558976,-10.069878560950116,33,0.21212121212121213,-0.011208522623955094
25,2.5,0.0,0.15,0.03,24,False,0.002,0,-12.758079355186945,-14.281696312478504,23,0.08695652173913043,-0.016976726134604683,-11.234462397895387,33,0.21212121212121213,-0.01241827929044643
25,2.5,0.0,0.15,0.03,24,False,0.003,0,-22.978811577159348,-33.544103870416166,23,0.043478260869565216,-0.02585227569383487,-12.413519283902529,33,0.18181818181818182,-0.013627158907218107
25,2.5,0.0,0.15,0.03,24,True,0.001,0,-14.77665688747767,-20.0933874236722,23,0.21739130434782608,-0.015983930263531447,-9.459926351283137,33,0.30303030303030304,-0.008780072561306832
25,2.5,0.0,0.15,0.03,24,True,0.002,0,-16.473396474638026,-21.926832216499992,23,0.21739130434782608,-0.017194659454265557,-11.019960732776061,33,0.30303030303030304,-0.010087850643406362
25,2.5,0.0,0.15,0.03,24,True,0.003,0,-22.171700544819856,-31.721691315064962,23,0.17391304347826086,-0.021871522624006143,-12.621709774574748,33,0.30303030303030304,-0.011394369697152915
25,2.5,0.0,0.15,0.03,48,False,0.001,0,-13.748537013623661,-12.151727351437149,23,0.08695652173913043,-0.015826304347826076,-15.345346675810175,32,0.125,-0.01743609753001022
25,2.5,0.0,0.15,0.03,48,False,0.002,0,-14.610309255568893,-12.921470087117799,23,0.08695652173913043,-0.016811956521739127,-16.29914842401999,32,0.125,-0.018483236170735644
25,2.5,0.0,0.15,0.03,48,False,0.003,0,-22.232693932762725,-27.209454596716828,23,0.043478260869565216,-0.025596304347826077,-17.255933268808622,32,0.09375,-0.019530122666686307
25,2.5,0.0,0.15,0.03,48,True,0.001,0,-14.77665688747767,-20.0933874236722,23,0.21739130434782608,-0.015983930263531447,-9.459926351283137,33,0.30303030303030304,-0.008780072561306832
25,2.5,0.0,0.15,0.03,48,True,0.002,0,-16.473396474638026,-21.926832216499992,23,0.21739130434782608,-0.017194659454265557,-11.019960732776061,33,0.30303030303030304,-0.010087850643406362
25,2.5,0.0,0.15,0.03,48,True,0.003,0,-22.171700544819856,-31.721691315064962,23,0.17391304347826086,-0.021871522624006143,-12.621709774574748,33,0.30303030303030304,-0.011394369697152915
25,2.5,0.005,0.05,0.02,12,False,0.001,0,-22.271009151467453,-29.279565011821223,15,0.13333333333333333,-0.013813770967488712,-15.262453291113687,27,0.18518518518518517,-0.009862642796523389
25,2.5,0.005,0.05,0.02,12,False,0.002,0,-103.45427812105348,-190.0150905476407,15,0.0,-0.021285835411471284,-16.893465694466247,27,0.18518518518518517,-0.01089163102585132
25,2.5,0.005,0.05,0.02,12,False,0.003,0,-122.20123120401314,-211.57698362921914,15,0.0,-0.0223330390300614,-32.82547877880715,27,0.14814814814814814,-0.01618063532228486
25,2.5,0.005,0.05,0.02,12,True,0.001,0,-23.95919438962575,-29.279565011821223,15,0.13333333333333333,-0.013813770967488712,-18.63882376743028,27,0.18518518518518517,-0.01103807040862041
25,2.5,0.005,0.05,0.02,12,True,0.002,0,-105.27313989583546,-190.0150905476407,15,0.0,-0.021285835411471284,-20.53118924403019,27,0.18518518518518517,-0.012103405051776046
25,2.5,0.005,0.05,0.02,12,True,0.003,0,-121.35742204071076,-211.57698362921914,15,0.0,-0.0223330390300614,-31.137860452202368,27,0.14814814814814814,-0.01575195896191462
25,2.5,0.005,0.05,0.02,24,False,0.001,0,-27.44911961965773,-37.49154414471173,15,0.06666666666666667,-0.01681033333333331,-17.406695094603723,27,0.14814814814814814,-0.01111518518518515
25,2.5,0.005,0.05,0.02,24,False,0.002,0,-436477862.36937904,-872955705.7621098,15,0.0,-0.022449999999999956,-18.976648325035544,27,0.14814814814814814,-0.012105555555555514
25,2.5,0.005,0.05,0.02,24,False,0.003,0,-455531262.8040327,-911062488.1057402,15,0.0,-0.02342999999999996,-37.50232514990966,27,0.07407407407407407,-0.01768853419048762
25,2.5,0.005,0.05,0.02,24,True,0.001,0,-25.949078527612436,-30.787044828649343,15,0.13333333333333333,-0.014720222999160716,-21.111112226575525,27,0.14814814814814814,-0.012290612797282172
25,2.5,0.005,0.05,0.02,24,True,0.002,0,-436477864.35383517,-872955705.7621098,15,0.0,-0.022449999999999956,-22.945560622399558,27,0.14814814814814814,-0.013317329581480242
25,2.5,0.005,0.05,0.02,24,True,0.003,0,-455531261.2484366,-911062488.1057402,15,0.0,-0.02342999999999996,-34.39113310018606,27,0.1111111111111111,-0.016927414938401688
25,2.5,0.005,0.05,0.02,48,False,0.001,0,-27.44911961965773,-37.49154414471173,15,0.06666666666666667,-0.01681033333333331,-17.406695094603723,27,0.14814814814814814,-0.01111518518518515
25,2.5,0.005,0.05,0.02,48,False,0.002,0,-436477862.36937904,-872955705.7621098,15,0.0,-0.022449999999999956,-18.976648325035544,27,0.14814814814814814,-0.012105555555555514
25,2.5,0.005,0.05,0.02,48,False,0.003,0,-455531263.4894807,-911062488.1057402,15,0.0,-0.02342999999999996,-38.873221156715154,27,0.07407407407407407,-0.01826296296296295
25,2.5,0.005,0.05,0.02,48,True,0.001,0,-25.949078527612436,-30.787044828649343,15,0.13333333333333333,-0.014720222999160716,-21.111112226575525,27,0.14814814814814814,-0.012290612797282172
25,2.5,0.005,0.05,0.02,48,True,0.002,0,-436477864.35383517,-872955705.7621098,15,0.0,-0.022449999999999956,-22.945560622399558,27,0.14814814814814814,-0.013317329581480242
25,2.5,0.005,0.05,0.02,48,True,0.003,0,-455531261.2484366,-911062488.1057402,15,0.0,-0.02342999999999996,-34.39113310018606,27,0.1111111111111111,-0.016927414938401688
25,2.5,0.005,0.05,0.03,12,False,0.001,0,-8.69426955480764,-8.267992771314475,15,0.3333333333333333,-0.006988077588325683,-9.120546338300803,26,0.3076923076923077,-0.007968818317076984
25,2.5,0.005,0.05,0.03,12,False,0.002,0,-10.628259546438912,-9.725118180482859,15,0.3333333333333333,-0.00818407495077674,-11.531400912394963,27,0.2962962962962963,-0.009943415648150213
25,2.5,0.005,0.05,0.03,12,False,0.003,0,-13.426164946115776,-11.192271471715527,15,0.3333333333333333,-0.009379267136620899,-15.660058420516023,27,0.2962962962962963,-0.012724353342885863
25,2.5,0.005,0.05,0.03,12,True,0.001,0,-10.704666381211986,-9.263081109171486,15,0.3333333333333333,-0.007664414054541308,-12.146251653252484,26,0.3076923076923077,-0.009829831300165511
25,2.5,0.005,0.05,0.03,12,True,0.002,0,-12.792272135209895,-10.748954034217823,15,0.3333333333333333,-0.00885906009031913,-14.835590236201966,27,0.2962962962962963,-0.0118093114771704
25,2.5,0.005,0.05,0.03,12,True,0.003,0,-14.330353061018412,-12.243597573331147,15,0.3333333333333333,-0.01005290364271711,-16.417108548705677,27,0.2962962962962963,-0.012987109453638531
25,2.5,0.005,0.05,0.03,24,False,0.001,0,-14.215270627943866,-16.46910147525845,15,0.2,-0.01348024997939362,-11.96143978062928,26,0.3076923076923077,-0.010300557651659355
25,2.5,0.005,0.05,0.03,24,False,0.002,0,-16.04396086842173,-17.788472609459127,15,0.2,-0.014534587640539946,-14.299449127384337,27,0.2962962962962963,-0.01214856123461368
25,2.5,0.005,0.05,0.03,24,False,0.003,0,-19.14280519732418,-19.11096135429441,15,0.2,-0.015588660220813615,-19.17464904035395,27,0.2222222222222222,-0.015221860575704347
25,2.5,0.005,0.05,0.03,24,True,0.001,0,-12.128697455162298,-10.93502947036297,15,0.3333333333333333,-0.009236532752879984,-13.322365439961626,26,0.3076923076923077,-0.010935729504873322
25,2.5,0.005,0.05,0.03,24,True,0.002,0,-14.11546659874795,-12.319125262387132,15,0.3333333333333333,-0.01036369354093916,-15.91180793510877,27,0.2962962962962963,-0.012836375986616041
25,2.5,0.005,0.05,0.03,24,True,0.003,0,-15.570810276959218,-13.712267140757444,15,0.3333333333333333,-0.011490315227610308,-17.429353413160992,27,0.2962962962962963,-0.013976446546644608
25,2.5,0.005,0.05,0.03,48,False,0.001,0,-14.070937818700099,-18.837390234931757,15,0.2,-0.01547899999999997,-9.304485402468439,26,0.3076923076923077,-0.008450156966595792
25,2.5,0.005,0.05,0.03,48,False,0.002,0,-15.788721274808534,-20.057404559470758,15,0.2,-0.016464999999999976,-11.52003799014631,27,0.2962962962962963,-0.010331559166728463
25,2.5,0.005,0.05,0.03,48,False,0.003,0,-21.4341542122906,-21.2798674826776,15,0.2,-0.017450999999999942,-21.5884409419036,27,0.2222222222222222,-0.01726596673633609
25,2.5,0.005,0.05,0.03,48,True,0.001,0,-12.128697455162298,-10.93502947036297,15,0.3333333333333333,-0.009236532752879984,-13.322365439961626,26,0.3076923076923077,-0.010935729504873322
25,2.5,0.005,0.05,0.03,48,True,0.002,0,-14.11546659874795,-12.319125262387132,15,0.3333333333333333,-0.01036369354093916,-15.91180793510877,27,0.2962962962962963,-0.012836375986616041
25,2.5,0.005,0.05,0.03,48,True,0.003,0,-15.570810276959218,-13.712267140757444,15,0.3333333333333333,-0.011490315227610308,-17.429353413160992,27,0.2962962962962963,-0.013976446546644608
25,2.5,0.005,0.08,0.02,12,False,0.001,0,-56.7771618605633,-92.35263393152725,15,0.06666666666666667,-0.018473437634155387,-21.20168978959935,27,0.18518518518518517,-0.011829535866009058
25,2.5,0.005,0.08,0.02,12,False,0.002,0,-106.88240543497513,-190.0150905476407,15,0.0,-0.021285835411471284,-23.74972032230955,27,0.18518518518518517,-0.01300937394170528
25,2.5,0.005,0.08,0.02,12,False,0.003,0,-123.10196093531638,-211.57698362921914,15,0.0,-0.0223330390300614,-34.62693824141361,27,0.14814814814814814,-0.016412457062562728
25,2.5,0.005,0.08,0.02,12,True,0.001,0,-54.19730781554067,-92.35263393152725,15,0.06666666666666667,-0.018473437634155387,-16.041981699554093,27,0.18518518518518517,-0.0103378499991601
25,2.5,0.005,0.08,0.02,12,True,0.002,0,-104.09225037637307,-190.0150905476407,15,0.0,-0.021285835411471284,-18.16941020510544,27,0.18518518518518517,-0.01152066847736402
25,2.5,0.005,0.08,0.02,12,True,0.003,0,-121.9420396794359,-211.57698362921914,15,0.0,-0.0223330390300614,-32.30709572965265,27,0.14814814814814814,-0.015921759315986186
25,2.5,0.005,0.08,0.02,24,False,0.001,0,-417424498.48301375,-834848972.7401029,15,0.0,-0.021469999999999982,-24.22592458990826,27,0.07407407407407407,-0.014383596098028754
25,2.5,0.005,0.08,0.02,24,False,0.002,0,-436477865.9746347,-872955705.7621098,15,0.0,-0.022449999999999956,-26.18715965354262,27,0.07407407407407407,-0.015446300103633792
25,2.5,0.005,0.08,0.02,24,False,0.003,0,-455531272.6223571,-911062488.1057402,15,0.0,-0.02342999999999996,-57.13897397205828,27,0.037037037037037035,-0.020199442721639767
25,2.5,0.005,0.08,0.02,24,True,0.001,0,-57.28961964720601,-96.35936066712878,15,0.06666666666666667,-0.01937988966582739,-18.219878627283236,27,0.14814814814814814,-0.011590392387821861
25,2.5,0.005,0.08,0.02,24,True,0.002,0,-436477863.0468995,-872955705.7621098,15,0.0,-0.022449999999999956,-20.33168928758543,27,0.14814814814814814,-0.012734593007068215
25,2.5,0.005,0.08,0.02,24,True,0.003,0,-455531261.91822904,-911062488.1057402,15,0.0,-0.02342999999999996,-35.73071786769879,27,0.1111111111111111,-0.01709721529247325
25,2.5,0.005,0.08,0.02,48,False,0.001,0,-417424502.88357085,-834848972.7401029,15,0.0,-0.021469999999999982,-33.02703875507977,26,0.07692307692307693,-0.016660398075218175
25,2.5,0.005,0.08,0.02,48,False,0.002,0,-436477870.4614772,-872955705.7621098,15,0.0,-0.022449999999999956,-35.16084462856249,26,0.07692307692307693,-0.01768368505057239
25,2.5,0.005,0.08,0.02,48,False,0.003,0,-455531342.47472113,-911062488.1057402,15,0.0,-0.02342999999999996,-196.84370205781875,26,0.0,-0.02253951060540926
25,2.5,0.005,0.08,0.02,48,True,0.001,0,-57.28961964720601,-96.35936066712878,15,0.06666666666666667,-0.01937988966582739,-18.219878627283236,27,0.14814814814814814,-0.011590392387821861
25,2.5,0.005,0.08,0.02,48,True,0.002,0,-436477863.0468995,-872955705.7621098,15,0.0,-0.022449999999999956,-20.33168928758543,27,0.14814814814814814,-0.012734593007068215
25,2.5,0.005,0.08,0.02,48,True,0.003,0,-455531261.91822904,-911062488.1057402,15,0.0,-0.02342999999999996,-35.73071786769879,27,0.1111111111111111,-0.01709721529247325
25,2.5,0.005,0.08,0.03,12,False,0.001,0,-13.774031478546114,-18.09281974066677,15,0.2,-0.01426396386234116,-9.45524321642546,26,0.3076923076923077,-0.008464947238341868
25,2.5,0.005,0.08,0.03,12,False,0.002,0,-15.966109876329336,-19.815089822752636,15,0.2,-0.015518391516066507,-12.117129929906035,27,0.2962962962962963,-0.010612583944914765
25,2.5,0.005,0.08,0.03,12,False,0.003,0,-17.650916425217346,-21.554686990778038,15,0.2,-0.01677175138506415,-13.747145859656658,27,0.2962962962962963,-0.011907522494187923
25,2.5,0.005,0.08,0.03,12,True,0.001,0,-11.990530701512668,-15.256533676916192,15,0.26666666666666666,-0.012100167376447538,-8.724527726109146,26,0.3076923076923077,-0.007950563951879803
25,2.5,0.005,0.08,0.03,12,True,0.002,0,-14.270678112280738,-17.193038345943567,15,0.26666666666666666,-0.013430559213826732,-11.348317878617907,27,0.2962962962962963,-0.010118241569425042
25,2.5,0.005,0.08,0.03,12,True,0.003,0,-16.193551693736318,-19.185883111063255,15,0.26666666666666666,-0.014759588370247686,-13.201220276409378,27,0.2962962962962963,-0.011536399193838873
25,2.5,0.005,0.08,0.03,24,False,0.001,0,-21.55113288266374,-30.870406995626006,15,0.06666666666666667,-0.0221339166460603,-12.231858769701473,26,0.23076923076923078,-0.011774484368843093
25,2.5,0.005,0.08,0.03,24,False,0.002,0,-23.421275466020347,-32.41720125103524,15,0.06666666666666667,-0.023179587640539952,-14.425349681005457,27,0.2222222222222222,-0.013642083560469734
25,2.5,0.005,0.08,0.03,24,False,0.003,0,-24.82923680684431,-33.96926271965392,15,0.06666666666666667,-0.024224993554146947,-15.6892108940347,27,0.18518518518518517,-0.014780176514263894
25,2.5,0.005,0.08,0.03,24,True,0.001,0,-13.39356924223134,-16.975849742383385,15,0.26666666666666666,-0.013672286074786214,-9.811288742079295,26,0.3076923076923077,-0.009056462156587614
25,2.5,0.005,0.08,0.03,24,True,0.002,0,-15.586435342622284,-18.822867219265977,15,0.26666666666666666,-0.014935192664446758,-12.35000346597859,27,0.2962962962962963,-0.01114530607887068
25,2.5,0.005,0.08,0.03,24,True,0.003,0,-17.440163440007105,-20.723250504320212,15,0.26666666666666666,-0.016196999955140887,-14.157076375693995,27,0.2962962962962963,-0.012525736286844948
25,2.5,0.005,0.08,0.03,48,False,0.001,0,-26.275881954787184,-34.250560328523996,15,0.06666666666666667,-0.02413266666666665,-18.301203581050373,25,0.16,-0.016867413998226884
25,2.5,0.005,0.08,0.03,48,False,0.002,0,-28.02897941939746,-35.67337869230556,15,0.06666666666666667,-0.025109999999999983,-20.38458014648936,26,0.15384615384615385,-0.018450992742880066
25,2.5,0.005,0.08,0.03,48,False,0.003,0,-29.323941968884476,-37.09905268742023,15,0.06666666666666667,-0.026087333333333285,-21.548831250348716,26,0.11538461538461539,-0.019473356759255385
25,2.5,0.005,0.08,0.03,48,True,0.001,0,-13.39356924223134,-16.975849742383385,15,0.26666666666666666,-0.013672286074786214,-9.811288742079295,26,0.3076923076923077,-0.009056462156587614
25,2.5,0.005,0.08,0.03,48,True,0.002,0,-15.586435342622284,-18.822867219265977,15,0.26666666666666666,-0.014935192664446758,-12.35000346597859,27,0.2962962962962963,-0.01114530607887068
25,2.5,0.005,0.08,0.03,48,True,0.003,0,-17.440163440007105,-20.723250504320212,15,0.26666666666666666,-0.016196999955140887,-14.157076375693995,27,0.2962962962962963,-0.012525736286844948
25,2.5,0.005,0.1,0.02,12,False,0.001,0,-56.7771618605633,-92.35263393152725,15,0.06666666666666667,-0.018473437634155387,-21.20168978959935,27,0.18518518518518517,-0.011829535866009058
25,2.5,0.005,0.1,0.02,12,False,0.002,0,-106.88240543497513,-190.0150905476407,15,0.0,-0.021285835411471284,-23.74972032230955,27,0.18518518518518517,-0.01300937394170528
25,2.5,0.005,0.1,0.02,12,False,0.003,0,-123.10196093531638,-211.57698362921914,15,0.0,-0.0223330390300614,-34.62693824141361,27,0.14814814814814814,-0.016412457062562728
25,2.5,0.005,0.1,0.02,12,True,0.001,0,-54.19730781554067,-92.35263393152725,15,0.06666666666666667,-0.018473437634155387,-16.041981699554093,27,0.18518518518518517,-0.0103378499991601
25,2.5,0.005,0.1,0.02,12,True,0.002,0,-104.09225037637307,-190.0150905476407,15,0.0,-0.021285835411471284,-18.16941020510544,27,0.18518518518518517,-0.01152066847736402
25,2.5,0.005,0.1,0.02,12,True,0.003,0,-121.9420396794359,-211.57698362921914,15,0.0,-0.0223330390300614,-32.30709572965265,27,0.14814814814814814,-0.015921759315986186
25,2.5,0.005,0.1,0.02,24,False,0.001,0,-417424511.075925,-834848972.7401029,15,0.0,-0.021469999999999982,-49.411747154349314,27,0.037037037037037035,-0.018081744246176902
25,2.5,0.005,0.1,0.02,24,False,0.002,0,-436477879.48777777,-872955705.7621098,15,0.0,-0.022449999999999956,-53.21344578160986,27,0.037037037037037035,-0.019140744548078244
25,2.5,0.005,0.1,0.02,24,False,0.003,0,-455531272.6223571,-911062488.1057402,15,0.0,-0.02342999999999996,-57.13897397205828,27,0.037037037037037035,-0.020199442721639767
25,2.5,0.005,0.1,0.02,24,True,0.001,0,-57.28961964720601,-96.35936066712878,15,0.06666666666666667,-0.01937988966582739,-18.219878627283236,27,0.14814814814814814,-0.011590392387821861
25,2.5,0.005,0.1,0.02,24,True,0.002,0,-436477863.0468995,-872955705.7621098,15,0.0,-0.022449999999999956,-20.33168928758543,27,0.14814814814814814,-0.012734593007068215
25,2.5,0.005,0.1,0.02,24,True,0.003,0,-455531261.91822904,-911062488.1057402,15,0.0,-0.02342999999999996,-35.73071786769879,27,0.1111111111111111,-0.01709721529247325
25,2.5,0.005,0.1,0.02,48,False,0.001,0,-417424568.61800224,-834848972.7401029,15,0.0,-0.021469999999999982,-164.49590162460856,26,0.038461538461538464,-0.02050078269060279
25,2.5,0.005,0.1,0.02,48,False,0.002,0,-436477942.881368,-872955705.7621098,15,0.0,-0.022449999999999956,-180.00062617668576,26,0.038461538461538464,-0.021520223512110862
25,2.5,0.005,0.1,0.02,48,False,0.003,0,-455531342.47472113,-911062488.1057402,15,0.0,-0.02342999999999996,-196.84370205781875,26,0.0,-0.02253951060540926
25,2.5,0.005,0.1,0.02,48,True,0.001,0,-57.28961964720601,-96.35936066712878,15,0.06666666666666667,-0.01937988966582739,-18.219878627283236,27,0.14814814814814814,-0.011590392387821861
25,2.5,0.005,0.1,0.02,48,True,0.002,0,-436477863.0468995,-872955705.7621098,15,0.0,-0.022449999999999956,-20.33168928758543,27,0.14814814814814814,-0.012734593007068215
25,2.5,0.005,0.1,0.02,48,True,0.003,0,-455531261.91822904,-911062488.1057402,15,0.0,-0.02342999999999996,-35.73071786769879,27,0.1111111111111111,-0.01709721529247325
25,2.5,0.005,0.1,0.03,12,False,0.001,0,-11.282369799858902,-14.449207374337147,15,0.2,-0.012932630529007831,-8.115532225380658,26,0.3076923076923077,-0.007696870315264948
25,2.5,0.005,0.1,0.03,12,False,0.002,0,-13.282573317872377,-15.932859699117929,15,0.2,-0.0141883915160665,-10.632286936626826,27,0.2962962962962963,-0.009873695056025873
25,2.5,0.005,0.1,0.03,12,False,0.003,0,-14.786680416579845,-17.427613461561055,15,0.2,-0.015443084718397485,-12.145747371598635,27,0.2962962962962963,-0.01116937434603977
25,2.5,0.005,0.1,0.03,12,True,0.001,0,-12.028439038819613,-15.256533676916192,15,0.26666666666666666,-0.012100167376447538,-8.800344400723034,26,0.3076923076923077,-0.007995177212732052
25,2.5,0.005,0.1,0.03,12,True,0.002,0,-14.351320772920715,-17.193038345943567,15,0.26666666666666666,-0.013430559213826732,-11.509603199897866,27,0.2962962962962963,-0.010200917149714607
25,2.5,0.005,0.1,0.03,12,True,0.003,0,-16.193551693736318,-19.185883111063255,15,0.26666666666666666,-0.014759588370247686,-13.201220276409378,27,0.2962962962962963,-0.011536399193838873
25,2.5,0.005,0.1,0.03,24,False,0.001,0,-19.870843341880704,-24.731700859415415,15,0.06666666666666667,-0.020802583312726972,-15.009985824345991,26,0.19230769230769232,-0.014462753599612329
25,2.5,0.005,0.1,0.03,24,False,0.002,0,-21.601771957146475,-26.033002488561987,15,0.06666666666666667,-0.02184958764053995,-17.170541425730963,27,0.18518518518518517,-0.016228194671580844
25,2.5,0.005,0.1,0.03,24,False,0.003,0,-22.89318839299427,-27.33799400367894,15,0.06666666666666667,-0.02289632688748029,-18.4483827823096,27,0.14814814814814814,-0.017363695032782407
25,2.5,0.005,0.1,0.03,24,True,0.001,0,-13.432634035608487,-16.975849742383385,15,0.26666666666666666,-0.013672286074786214,-9.889418328833589,26,0.3076923076923077,-0.009101075417439862
25,2.5,0.005,0.1,0.03,24,True,0.002,0,-15.669056728322932,-18.822867219265977,15,0.26666666666666666,-0.014935192664446758,-12.515246237379888,27,0.2962962962962963,-0.011227981659160247
25,2.5,0.005,0.1,0.03,24,True,0.003,0,-17.440163440007105,-20.723250504320212,15,0.26666666666666666,-0.016196999955140887,-14.157076375693995,27,0.2962962962962963,-0.012525736286844948
25,2.5,0.005,0.1,0.03,48,False,0.001,0,-24.4679616297053,-27.38242743695788,15,0.06666666666666667,-0.02280133333333332,-21.553495822452717,25,0.12,-0.01966321399822689
25,2.5,0.005,0.1,0.03,48,False,0.002,0,-26.102376119323726,-28.586350674829774,15,0.06666666666666667,-0.02377999999999998,-23.618401563817677,26,0.11538461538461539,-0.021136569665956985
25,2.5,0.005,0.1,0.03,48,False,0.003,0,-27.29647072958861,-29.792690216165028,15,0.06666666666666667,-0.024758666666666627,-24.80025124301219,26,0.07692307692307693,-0.02215624137464
25,2.5,0.005,0.1,0.03,48,True,0.001,0,-13.432634035608487,-16.975849742383385,15,0.26666666666666666,-0.013672286074786214,-9.889418328833589,26,0.3076923076923077,-0.009101075417439862
25,2.5,0.005,0.1,0.03,48,True,0.002,0,-15.669056728322932,-18.822867219265977,15,0.26666666666666666,-0.014935192664446758,-12.515246237379888,27,0.2962962962962963,-0.011227981659160247
25,2.5,0.005,0.1,0.03,48,True,0.003,0,-17.440163440007105,-20.723250504320212,15,0.26666666666666666,-0.016196999955140887,-14.157076375693995,27,0.2962962962962963,-0.012525736286844948
25,2.5,0.005,0.15,0.02,12,False,0.001,0,-56.7771618605633,-92.35263393152725,15,0.06666666666666667,-0.018473437634155387,-21.20168978959935,27,0.18518518518518517,-0.011829535866009058
25,2.5,0.005,0.15,0.02,12,False,0.002,0,-106.88240543497513,-190.0150905476407,15,0.0,-0.021285835411471284,-23.74972032230955,27,0.18518518518518517,-0.01300937394170528
25,2.5,0.005,0.15,0.02,12,False,0.003,0,-123.10196093531638,-211.57698362921914,15,0.0,-0.0223330390300614,-34.62693824141361,27,0.14814814814814814,-0.016412457062562728
25,2.5,0.005,0.15,0.02,12,True,0.001,0,-54.19730781554067,-92.35263393152725,15,0.06666666666666667,-0.018473437634155387,-16.041981699554093,27,0.18518518518518517,-0.0103378499991601
25,2.5,0.005,0.15,0.02,12,True,0.002,0,-104.09225037637307,-190.0150905476407,15,0.0,-0.021285835411471284,-18.16941020510544,27,0.18518518518518517,-0.01152066847736402
25,2.5,0.005,0.15,0.02,12,True,0.003,0,-121.9420396794359,-211.57698362921914,15,0.0,-0.0223330390300614,-32.30709572965265,27,0.14814814814814814,-0.015921759315986186
25,2.5,0.005,0.15,0.02,24,False,0.001,0,-417424511.075925,-834848972.7401029,15,0.0,-0.021469999999999982,-49.411747154349314,27,0.037037037037037035,-0.018081744246176902
25,2.5,0.005,0.15,0.02,24,False,0.002,0,-436477879.48777777,-872955705.7621098,15,0.0,-0.022449999999999956,-53.21344578160986,27,0.037037037037037035,-0.019140744548078244
25,2.5,0.005,0.15,0.02,24,False,0.003,0,-455531272.6223571,-911062488.1057402,15,0.0,-0.02342999999999996,-57.13897397205828,27,0.037037037037037035,-0.020199442721639767
25,2.5,0.005,0.15,0.02,24,True,0.001,0,-57.28961964720601,-96.35936066712878,15,0.06666666666666667,-0.01937988966582739,-18.219878627283236,27,0.14814814814814814,-0.011590392387821861
25,2.5,0.005,0.15,0.02,24,True,0.002,0,-436477863.0468995,-872955705.7621098,15,0.0,-0.022449999999999956,-20.33168928758543,27,0.14814814814814814,-0.012734593007068215
25,2.5,0.005,0.15,0.02,24,True,0.003,0,-455531261.91822904,-911062488.1057402,15,0.0,-0.02342999999999996,-35.73071786769879,27,0.1111111111111111,-0.01709721529247325
25,2.5,0.005,0.15,0.02,48,False,0.001,0,-417424568.61800224,-834848972.7401029,15,0.0,-0.021469999999999982,-164.49590162460856,26,0.038461538461538464,-0.02050078269060279
25,2.5,0.005,0.15,0.02,48,False,0.002,0,-436477942.881368,-872955705.7621098,15,0.0,-0.022449999999999956,-180.00062617668576,26,0.038461538461538464,-0.021520223512110862
25,2.5,0.005,0.15,0.02,48,False,0.003,0,-455531342.47472113,-911062488.1057402,15,0.0,-0.02342999999999996,-196.84370205781875,26,0.0,-0.02253951060540926
25,2.5,0.005,0.15,0.02,48,True,0.001,0,-57.28961964720601,-96.35936066712878,15,0.06666666666666667,-0.01937988966582739,-18.219878627283236,27,0.14814814814814814,-0.011590392387821861
25,2.5,0.005,0.15,0.02,48,True,0.002,0,-436477863.0468995,-872955705.7621098,15,0.0,-0.022449999999999956,-20.33168928758543,27,0.14814814814814814,-0.012734593007068215
25,2.5,0.005,0.15,0.02,48,True,0.003,0,-455531261.91822904,-911062488.1057402,15,0.0,-0.02342999999999996,-35.73071786769879,27,0.1111111111111111,-0.01709721529247325
25,2.5,0.005,0.15,0.03,12,False,0.001,0,-11.194703161062677,-14.253566781091415,15,0.2,-0.012852072528283387,-8.135839541033938,26,0.3076923076923077,-0.007708899446914389
25,2.5,0.005,0.15,0.03,12,False,0.002,0,-13.323832247036684,-15.913527206451304,15,0.2,-0.014180962052038852,-10.734137287622065,27,0.2962962962962963,-0.009925793065148085
25,2.5,0.005,0.15,0.03,12,False,0.003,0,-14.975453803098485,-17.609573614707827,15,0.2,-0.015508491888983811,-12.341333991489144,27,0.2962962962962963,-0.011261824812548124
25,2.5,0.005,0.15,0.03,12,True,0.001,0,-12.028439038819613,-15.256533676916192,15,0.26666666666666666,-0.012100167376447538,-8.800344400723034,26,0.3076923076923077,-0.007995177212732052
25,2.5,0.005,0.15,0.03,12,True,0.002,0,-14.351320772920715,-17.193038345943567,15,0.26666666666666666,-0.013430559213826732,-11.509603199897866,27,0.2962962962962963,-0.010200917149714607
25,2.5,0.005,0.15,0.03,12,True,0.003,0,-16.193551693736318,-19.185883111063255,15,0.26666666666666666,-0.014759588370247686,-13.201220276409378,27,0.2962962962962963,-0.011536399193838873
25,2.5,0.005,0.15,0.03,24,False,0.001,0,-13.501767500396808,-15.125686165883884,15,0.06666666666666667,-0.01747424997939364,-11.87784883490973,26,0.19230769230769232,-0.013045662535634371
25,2.5,0.005,0.15,0.03,24,False,0.002,0,-14.959385810074213,-16.05914363180203,15,0.06666666666666667,-0.018524587640539967,-13.859627988346398,27,0.18518518518518517,-0.014905009887315345
25,2.5,0.005,0.15,0.03,24,False,0.003,0,-16.015984710044133,-16.994653177259433,15,0.06666666666666667,-0.019574660220813635,-15.037316242828831,27,0.14814814814814814,-0.01608177161359063
25,2.5,0.005,0.15,0.03,24,True,0.001,0,-13.432634035608487,-16.975849742383385,15,0.26666666666666666,-0.013672286074786214,-9.889418328833589,26,0.3076923076923077,-0.009101075417439862
25,2.5,0.005,0.15,0.03,24,True,0.002,0,-15.669056728322932,-18.822867219265977,15,0.26666666666666666,-0.014935192664446758,-12.515246237379888,27,0.2962962962962963,-0.011227981659160247
25,2.5,0.005,0.15,0.03,24,True,0.003,0,-17.440163440007105,-20.723250504320212,15,0.26666666666666666,-0.016196999955140887,-14.157076375693995,27,0.2962962962962963,-0.012525736286844948
25,2.5,0.005,0.15,0.03,48,False,0.001,0,-14.683353290126348,-16.88944648145869,15,0.06666666666666667,-0.019472999999999994,-12.477260098794003,25,0.12,-0.015669213998226898
25,2.5,0.005,0.15,0.03,48,False,0.002,0,-15.899060922136034,-17.758946605401032,15,0.06666666666666667,-0.020455,-14.039175238871035,26,0.11538461538461539,-0.017300031204418545
25,2.5,0.005,0.15,0.03,48,False,0.003,0,-16.75975178988516,-18.630191837430647,15,0.06666666666666667,-0.021436999999999966,-14.889311742339677,26,0.07692307692307693,-0.018323549066947706
25,2.5,0.005,0.15,0.03,48,True,0.001,0,-13.432634035608487,-16.975849742383385,15,0.26666666666666666,-0.013672286074786214,-9.889418328833589,26,0.3076923076923077,-0.009101075417439862
25,2.5,0.005,0.15,0.03,48,True,0.002,0,-15.669056728322932,-18.822867219265977,15,0.26666666666666666,-0.014935192664446758,-12.515246237379888,27,0.2962962962962963,-0.011227981659160247
25,2.5,0.005,0.15,0.03,48,True,0.003,0,-17.440163440007105,-20.723250504320212,15,0.26666666666666666,-0.016196999955140887,-14.157076375693995,27,0.2962962962962963,-0.012525736286844948
25,2.5,0.01,0.05,0.02,12,False,0.001,0,-19.267703015961743,-21.419322857510586,8,0.125,-0.012733124999999977,-17.1160831744129,20,0.15,-0.01098574999999996
25,2.5,0.01,0.05,0.02,12,False,0.002,0,-436477868.4999639,-872955718.3219138,8,0.0,-0.022449999999999953,-18.678013913573665,20,0.15,-0.011976249999999945
25,2.5,0.01,0.05,0.02,12,False,0.003,0,-455531262.7944758,-911062479.6538898,8,0.0,-0.02342999999999996,-45.935061852895544,20,0.1,-0.018717973253342082
25,2.5,0.01,0.05,0.02,12,True,0.001,0,-21.841577969994947,-21.419322857510586,8,0.125,-0.012733124999999977,-22.26383308247931,20,0.15,-0.01257257727633094
25,2.5,0.01,0.05,0.02,12,True,0.002,0,-436477871.2620829,-872955718.3219138,8,0.0,-0.022449999999999953,-24.202251969444735,20,0.15,-0.01361214493499833
25,2.5,0.01,0.05,0.02,12,True,0.003,0,-455531260.89114493,-911062479.6538898,8,0.0,-0.02342999999999996,-42.1284000904059,20,0.1,-0.01813926016684226
25,2.5,0.01,0.05,0.02,24,False,0.001,0,-19.267703015961743,-21.419322857510586,8,0.125,-0.012733124999999977,-17.1160831744129,20,0.15,-0.01098574999999996
25,2.5,0.01,0.05,0.02,24,False,0.002,0,-436477868.4999639,-872955718.3219138,8,0.0,-0.022449999999999953,-18.678013913573665,20,0.15,-0.011976249999999945
25,2.5,0.01,0.05,0.02,24,False,0.003,0,-455531264.0256547,-911062479.6538898,8,0.0,-0.02342999999999996,-48.39741957314333,20,0.05,-0.01916677115715827
25,2.5,0.01,0.05,0.02,24,True,0.001,0,-21.841577969994947,-21.419322857510586,8,0.125,-0.012733124999999977,-22.26383308247931,20,0.15,-0.01257257727633094
25,2.5,0.01,0.05,0.02,24,True,0.002,0,-436477871.2620829,-872955718.3219138,8,0.0,-0.022449999999999953,-24.202251969444735,20,0.15,-0.01361214493499833
25,2.5,0.01,0.05,0.02,24,True,0.003,0,-455531260.89114493,-911062479.6538898,8,0.0,-0.02342999999999996,-42.1284000904059,20,0.1,-0.01813926016684226
25,2.5,0.01,0.05,0.02,48,False,0.001,0,-19.267703015961743,-21.419322857510586,8,0.125,-0.012733124999999977,-17.1160831744129,20,0.15,-0.01098574999999996
25,2.5,0.01,0.05,0.02,48,False,0.002,0,-436477868.4999639,-872955718.3219138,8,0.0,-0.022449999999999953,-18.678013913573665,20,0.15,-0.011976249999999945
25,2.5,0.01,0.05,0.02,48,False,0.003,0,-455531265.330333,-911062479.6538898,8,0.0,-0.02342999999999996,-51.00677619802697,20,0.05,-0.019942249999999963
25,2.5,0.01,0.05,0.02,48,True,0.001,0,-21.841577969994947,-21.419322857510586,8,0.125,-0.012733124999999977,-22.26383308247931,20,0.15,-0.01257257727633094
25,2.5,0.01,0.05,0.02,48,True,0.002,0,-436477871.2620829,-872955718.3219138,8,0.0,-0.022449999999999953,-24.202251969444735,20,0.15,-0.01361214493499833
25,2.5,0.01,0.05,0.02,48,True,0.003,0,-455531260.89114493,-911062479.6538898,8,0.0,-0.02342999999999996,-42.1284000904059,20,0.1,-0.01813926016684226
25,2.5,0.01,0.05,0.03,12,False,0.001,0,-24.703787127098398,-31.60172826449654,8,0.125,-0.021469999999999982,-17.805845989700256,20,0.2,-0.014536209448982032
25,2.5,0.01,0.05,0.03,12,False,0.002,0,-26.086430257242938,-33.07731888228998,8,0.125,-0.022449999999999984,-19.095541632195896,20,0.2,-0.015572351258181646
25,2.5,0.01,0.05,0.03,12,False,0.003,0,-30.12301279920682,-34.555871046619814,8,0.125,-0.023429999999999947,-25.69015455179382,20,0.2,-0.018871769725189367
25,2.5,0.01,0.05,0.03,12,True,0.001,0,-27.74751190499311,-31.60172826449654,8,0.125,-0.021469999999999982,-23.89329554548968,20,0.2,-0.016955526326997115
25,2.5,0.01,0.05,0.03,12,True,0.002,0,-29.37209835918541,-33.07731888228998,8,0.125,-0.022449999999999984,-25.666877836080843,20,0.2,-0.018091310627358897
25,2.5,0.01,0.05,0.03,12,True,0.003,0,-31.007608413067803,-34.555871046619814,8,0.125,-0.023429999999999947,-27.459345779515793,20,0.2,-0.019226490474705468
25,2.5,0.01,0.05,0.03,24,False,0.001,0,-25.21955924971415,-31.60172826449654,8,0.125,-0.021469999999999982,-18.837390234931757,20,0.2,-0.015478999999999968
25,2.5,0.01,0.05,0.03,24,False,0.002,0,-26.567361720880353,-33.07731888228998,8,0.125,-0.022449999999999984,-20.057404559470726,20,0.2,-0.01646499999999995
25,2.5,0.01,0.05,0.03,24,False,0.003,0,-31.046456314521194,-34.555871046619814,8,0.125,-0.023429999999999947,-27.53704158242257,20,0.15,-0.020163271157158286
25,2.5,0.01,0.05,0.03,24,True,0.001,0,-28.340566699334317,-31.60172826449654,8,0.125,-0.021469999999999982,-25.079405134172095,20,0.2,-0.017898316878015054
25,2.5,0.01,0.05,0.03,24,True,0.002,0,-29.926624371268137,-33.07731888228998,8,0.125,-0.022449999999999984,-26.775929860246293,20,0.2,-0.018983959369177204
25,2.5,0.01,0.05,0.03,24,True,0.003,0,-31.523483873391907,-34.555871046619814,8,0.125,-0.023429999999999947,-28.491096700164,20,0.2,-0.020069194002858202
25,2.5,0.01,0.05,0.03,48,False,0.001,0,-25.21955924971415,-31.60172826449654,8,0.125,-0.021469999999999982,-18.837390234931757,20,0.2,-0.015478999999999968
25,2.5,0.01,0.05,0.03,48,False,0.002,0,-26.567361720880353,-33.07731888228998,8,0.125,-0.022449999999999984,-20.057404559470726,20,0.2,-0.01646499999999995
25,2.5,0.01,0.05,0.03,48,False,0.003,0,-31.919500872351364,-34.555871046619814,8,0.125,-0.023429999999999947,-29.28313069808291,20,0.15,-0.021436999999999973
25,2.5,0.01,0.05,0.03,48,True,0.001,0,-28.340566699334317,-31.60172826449654,8,0.125,-0.021469999999999982,-25.079405134172095,20,0.2,-0.017898316878015054
25,2.5,0.01,0.05,0.03,48,True,0.002,0,-29.926624371268137,-33.07731888228998,8,0.125,-0.022449999999999984,-26.775929860246293,20,0.2,-0.018983959369177204
25,2.5,0.01,0.05,0.03,48,True,0.003,0,-31.523483873391907,-34.555871046619814,8,0.125,-0.023429999999999947,-28.491096700164,20,0.2,-0.020069194002858202
25,2.5,0.01,0.08,0.02,12,False,0.001,0,-417424502.9954089,-834848978.8373811,8,0.0,-0.02146999999999999,-27.153436719201995,20,0.15,-0.013732071533896856
25,2.5,0.01,0.08,0.02,12,False,0.002,0,-436477874.14463943,-872955718.3219138,8,0.0,-0.022449999999999953,-29.967364975107433,20,0.15,-0.014873798821269036
25,2.5,0.01,0.08,0.02,12,False,0.003,0,-455531265.1121795,-911062479.6538898,8,0.0,-0.02342999999999996,-50.570469214297376,20,0.1,-0.019017317590490464
25,2.5,0.01,0.08,0.02,12,True,0.001,0,-417424498.8260136,-834848978.8373811,8,0.0,-0.02146999999999999,-18.814646140234515,20,0.15,-0.011802360073453469
25,2.5,0.01,0.08,0.02,12,True,0.002,0,-436477869.64339143,-872955718.3219138,8,0.0,-0.022449999999999953,-20.964869063449402,20,0.15,-0.01294794294262317
25,2.5,0.01,0.08,0.02,12,True,0.003,0,-455531262.804074,-911062479.6538898,8,0.0,-0.02342999999999996,-45.954258190393865,20,0.1,-0.018438604503990645
25,2.5,0.01,0.08,0.02,24,False,0.001,0,-417424503.27181447,-834848978.8373811,8,0.0,-0.02146999999999999,-27.70624778058855,20,0.05,-0.015601206568833677
25,2.5,0.01,0.08,0.02,24,False,0.002,0,-436477873.9655396,-872955718.3219138,8,0.0,-0.022449999999999953,-29.609165314381734,20,0.05,-0.01663671302239165
25,2.5,0.01,0.08,0.02,24,False,0.003,0,-455531370.1297918,-911062479.6538898,8,0.0,-0.02342999999999996,-260.60569379462055,20,0.0,-0.022654521157158276
25,2.5,0.01,0.08,0.02,24,True,0.001,0,-417424498.8260136,-834848978.8373811,8,0.0,-0.02146999999999999,-18.814646140234515,20,0.15,-0.011802360073453469
25,2.5,0.01,0.08,0.02,24,True,0.002,0,-436477869.64339143,-872955718.3219138,8,0.0,-0.022449999999999953,-20.964869063449402,20,0.15,-0.01294794294262317
25,2.5,0.01,0.08,0.02,24,True,0.003,0,-455531262.804074,-911062479.6538898,8,0.0,-0.02342999999999996,-45.954258190393865,20,0.1,-0.018438604503990645
25,2.5,0.01,0.08,0.02,48,False,0.001,0,-417424504.1398605,-834848978.8373811,8,0.0,-0.02146999999999999,-29.44233988440001,20,0.05,-0.01647749999999997
25,2.5,0.01,0.08,0.02,48,False,0.002,0,-436477874.77777636,-872955718.3219138,8,0.0,-0.022449999999999953,-31.23363893985229,20,0.05,-0.017462499999999957
25,2.5,0.01,0.08,0.02,48,False,0.003,0,-911062474.5092893,-911062479.6538898,8,0.0,-0.02342999999999996,-911062469.3646888,20,0.0,-0.023429999999999968
25,2.5,0.01,0.08,0.02,48,True,0.001,0,-417424498.8260136,-834848978.8373811,8,0.0,-0.02146999999999999,-18.814646140234515,20,0.15,-0.011802360073453469
25,2.5,0.01,0.08,0.02,48,True,0.002,0,-436477869.64339143,-872955718.3219138,8,0.0,-0.022449999999999953,-20.964869063449402,20,0.15,-0.01294794294262317
25,2.5,0.01,0.08,0.02,48,True,0.003,0,-455531262.804074,-911062479.6538898,8,0.0,-0.02342999999999996,-45.954258190393865,20,0.1,-0.018438604503990645
25,2.5,0.01,0.08,0.03,12,False,0.001,0,-611555076.358662,-1223110130.0057945,8,0.0,-0.03145499999999999,-22.711529572156063,20,0.2,-0.016769942936717627
25,2.5,0.01,0.08,0.03,12,False,0.002,0,-630414032.7317863,-1260828040.7036846,8,0.0,-0.03242499999999999,-24.759887906161406,20,0.2,-0.018010574343680027
25,2.5,0.01,0.08,0.03,12,False,0.003,0,-649272973.919123,-1298545920.9714909,8,0.0,-0.033394999999999966,-26.86675525298242,20,0.2,-0.019250183067220407
25,2.5,0.01,0.08,0.03,12,True,0.001,0,-611555075.6048565,-1223110130.0057945,8,0.0,-0.03145499999999999,-21.203918373367028,20,0.2,-0.016185309124119647
25,2.5,0.01,0.08,0.03,12,True,0.002,0,-630414031.9354655,-1260828040.7036846,8,0.0,-0.03242499999999999,-23.167246267992386,20,0.2,-0.017427108634983736
25,2.5,0.01,0.08,0.03,12,True,0.003,0,-649272973.0784584,-1298545920.9714909,8,0.0,-0.033394999999999966,-25.18542599894032,20,0.2,-0.018667883134366195
25,2.5,0.01,0.08,0.03,24,False,0.001,0,-611555076.2407043,-1223110130.0057945,8,0.0,-0.03145499999999999,-22.475614043032213,20,0.1,-0.01909595656883368
25,2.5,0.01,0.08,0.03,24,False,0.002,0,-630414032.2167814,-1260828040.7036846,8,0.0,-0.03242499999999999,-23.72987826649742,20,0.1,-0.020127963022391646
25,2.5,0.01,0.08,0.03,24,False,0.003,0,-649272972.9792358,-1298545920.9714909,8,0.0,-0.033394999999999966,-24.98698073794947,20,0.1,-0.021159771157158284
25,2.5,0.01,0.08,0.03,24,True,0.001,0,-611555076.1584874,-1223110130.0057945,8,0.0,-0.03145499999999999,-22.311180373822012,20,0.2,-0.017128099675137582
25,2.5,0.01,0.08,0.03,24,True,0.002,0,-630414032.4579579,-1260828040.7036846,8,0.0,-0.03242499999999999,-24.21223121377265,20,0.2,-0.018319757376802043
25,2.5,0.01,0.08,0.03,24,True,0.003,0,-649272973.5691234,-1298545920.9714909,8,0.0,-0.033394999999999966,-26.16675589796935,20,0.2,-0.01951058666251892
25,2.5,0.01,0.08,0.03,48,False,0.001,0,-611555077.0819685,-1223110130.0057945,8,0.0,-0.03145499999999999,-24.158142519433532,20,0.1,-0.02047149999999997
25,2.5,0.01,0.08,0.03,48,False,0.002,0,-630414033.0224357,-1260828040.7036846,8,0.0,-0.03242499999999999,-25.341186713887094,20,0.1,-0.02145249999999996
25,2.5,0.01,0.08,0.03,48,False,0.003,0,-649272973.7490481,-1298545920.9714909,8,0.0,-0.033394999999999966,-26.526605307053153,20,0.1,-0.022433499999999964
25,2.5,0.01,0.08,0.03,48,True,0.001,0,-611555076.1584874,-1223110130.0057945,8,0.0,-0.03145499999999999,-22.311180373822012,20,0.2,-0.017128099675137582
25,2.5,0.01,0.08,0.03,48,True,0.002,0,-630414032.4579579,-1260828040.7036846,8,0.0,-0.03242499999999999,-24.21223121377265,20,0.2,-0.018319757376802043
25,2.5,0.01,0.08,0.03,48,True,0.003,0,-649272973.5691234,-1298545920.9714909,8,0.0,-0.033394999999999966,-26.16675589796935,20,0.2,-0.01951058666251892
25,2.5,0.01,0.1,0.02,12,False,0.001,0,-417424502.9954089,-834848978.8373811,8,0.0,-0.02146999999999999,-27.153436719201995,20,0.15,-0.013732071533896856
25,2.5,0.01,0.1,0.02,12,False,0.002,0,-436477874.14463943,-872955718.3219138,8,0.0,-0.022449999999999953,-29.967364975107433,20,0.15,-0.014873798821269036
25,2.5,0.01,0.1,0.02,12,False,0.003,0,-455531265.1121795,-911062479.6538898,8,0.0,-0.02342999999999996,-50.570469214297376,20,0.1,-0.019017317590490464
25,2.5,0.01,0.1,0.02,12,True,0.001,0,-417424498.8260136,-834848978.8373811,8,0.0,-0.02146999999999999,-18.814646140234515,20,0.15,-0.011802360073453469
25,2.5,0.01,0.1,0.02,12,True,0.002,0,-436477869.64339143,-872955718.3219138,8,0.0,-0.022449999999999953,-20.964869063449402,20,0.15,-0.01294794294262317
25,2.5,0.01,0.1,0.02,12,True,0.003,0,-455531262.804074,-911062479.6538898,8,0.0,-0.02342999999999996,-45.954258190393865,20,0.1,-0.018438604503990645
25,2.5,0.01,0.1,0.02,24,False,0.001,0,-417424594.2410546,-834848978.8373811,8,0.0,-0.02146999999999999,-209.64472803314985,20,0.0,-0.020593706568833674
25,2.5,0.01,0.1,0.02,24,False,0.002,0,-436477975.96053123,-872955718.3219138,8,0.0,-0.022449999999999953,-233.59914858223968,20,0.0,-0.021624213022391654
25,2.5,0.01,0.1,0.02,24,False,0.003,0,-455531370.1297918,-911062479.6538898,8,0.0,-0.02342999999999996,-260.60569379462055,20,0.0,-0.022654521157158276
25,2.5,0.01,0.1,0.02,24,True,0.001,0,-417424498.8260136,-834848978.8373811,8,0.0,-0.02146999999999999,-18.814646140234515,20,0.15,-0.011802360073453469
25,2.5,0.01,0.1,0.02,24,True,0.002,0,-436477869.64339143,-872955718.3219138,8,0.0,-0.022449999999999953,-20.964869063449402,20,0.15,-0.01294794294262317
25,2.5,0.01,0.1,0.02,24,True,0.003,0,-455531262.804074,-911062479.6538898,8,0.0,-0.02342999999999996,-45.954258190393865,20,0.1,-0.018438604503990645
25,2.5,0.01,0.1,0.02,48,False,0.001,0,-834848978.8844389,-834848978.8373811,8,0.0,-0.02146999999999999,-834848978.9314966,20,0.0,-0.021469999999999972
25,2.5,0.01,0.1,0.02,48,False,0.002,0,-872955725.5385742,-872955718.3219138,8,0.0,-0.022449999999999953,-872955732.7552347,20,0.0,-0.022449999999999963
25,2.5,0.01,0.1,0.02,48,False,0.003,0,-911062474.5092893,-911062479.6538898,8,0.0,-0.02342999999999996,-911062469.3646888,20,0.0,-0.023429999999999968
25,2.5,0.01,0.1,0.02,48,True,0.001,0,-417424498.8260136,-834848978.8373811,8,0.0,-0.02146999999999999,-18.814646140234515,20,0.15,-0.011802360073453469
25,2.5,0.01,0.1,0.02,48,True,0.002,0,-436477869.64339143,-872955718.3219138,8,0.0,-0.022449999999999953,-20.964869063449402,20,0.15,-0.01294794294262317
25,2.5,0.01,0.1,0.02,48,True,0.003,0,-455531262.804074,-911062479.6538898,8,0.0,-0.02342999999999996,-45.954258190393865,20,0.1,-0.018438604503990645
25,2.5,0.01,0.1,0.03,12,False,0.001,0,-611555076.358662,-1223110130.0057945,8,0.0,-0.03145499999999999,-22.711529572156063,20,0.2,-0.016769942936717627
25,2.5,0.01,0.1,0.03,12,False,0.002,0,-630414032.7317863,-1260828040.7036846,8,0.0,-0.03242499999999999,-24.759887906161406,20,0.2,-0.018010574343680027
25,2.5,0.01,0.1,0.03,12,False,0.003,0,-649272973.919123,-1298545920.9714909,8,0.0,-0.033394999999999966,-26.86675525298242,20,0.2,-0.019250183067220407
25,2.5,0.01,0.1,0.03,12,True,0.001,0,-611555075.6048565,-1223110130.0057945,8,0.0,-0.03145499999999999,-21.203918373367028,20,0.2,-0.016185309124119647
25,2.5,0.01,0.1,0.03,12,True,0.002,0,-630414031.9354655,-1260828040.7036846,8,0.0,-0.03242499999999999,-23.167246267992386,20,0.2,-0.017427108634983736
25,2.5,0.01,0.1,0.03,12,True,0.003,0,-649272973.0784584,-1298545920.9714909,8,0.0,-0.033394999999999966,-25.18542599894032,20,0.2,-0.018667883134366195
25,2.5,0.01,0.1,0.03,24,False,0.001,0,-611555081.0341023,-1223110130.0057945,8,0.0,-0.03145499999999999,-32.0624101010862,20,0.05,-0.023589206568833683
25,2.5,0.01,0.1,0.03,24,False,0.002,0,-630414037.1176345,-1260828040.7036846,8,0.0,-0.03242499999999999,-33.531584603046504,20,0.05,-0.024616713022391646
25,2.5,0.01,0.1,0.03,24,False,0.003,0,-649272977.9881215,-1298545920.9714909,8,0.0,-0.033394999999999966,-35.00475226692217,20,0.05,-0.025644021157158275
25,2.5,0.01,0.1,0.03,24,True,0.001,0,-611555076.1584874,-1223110130.0057945,8,0.0,-0.03145499999999999,-22.311180373822012,20,0.2,-0.017128099675137582
25,2.5,0.01,0.1,0.03,24,True,0.002,0,-630414032.4579579,-1260828040.7036846,8,0.0,-0.03242499999999999,-24.21223121377265,20,0.2,-0.018319757376802043
25,2.5,0.01,0.1,0.03,24,True,0.003,0,-649272973.5691234,-1298545920.9714909,8,0.0,-0.033394999999999966,-26.16675589796935,20,0.2,-0.01951058666251892
25,2.5,0.01,0.1,0.03,48,False,0.001,0,-611555082.1596416,-1223110130.0057945,8,0.0,-0.03145499999999999,-34.313488669793195,20,0.05,-0.024964749999999973
25,2.5,0.01,0.1,0.03,48,False,0.002,0,-630414038.1975478,-1260828040.7036846,8,0.0,-0.03242499999999999,-35.69141103459508,20,0.05,-0.02594124999999996
25,2.5,0.01,0.1,0.03,48,False,0.003,0,-649272979.0217949,-1298545920.9714909,8,0.0,-0.033394999999999966,-37.07209892336292,20,0.05,-0.026917749999999963
25,2.5,0.01,0.1,0.03,48,True,0.001,0,-611555076.1584874,-1223110130.0057945,8,0.0,-0.03145499999999999,-22.311180373822012,20,0.2,-0.017128099675137582
25,2.5,0.01,0.1,0.03,48,True,0.002,0,-630414032.4579579,-1260828040.7036846,8,0.0,-0.03242499999999999,-24.21223121377265,20,0.2,-0.018319757376802043
25,2.5,0.01,0.1,0.03,48,True,0.003,0,-649272973.5691234,-1298545920.9714909,8,0.0,-0.033394999999999966,-26.16675589796935,20,0.2,-0.01951058666251892
25,2.5,0.01,0.15,0.02,12,False,0.001,0,-417424502.9954089,-834848978.8373811,8,0.0,-0.02146999999999999,-27.153436719201995,20,0.15,-0.013732071533896856
25,2.5,0.01,0.15,0.02,12,False,0.002,0,-436477874.14463943,-872955718.3219138,8,0.0,-0.022449999999999953,-29.967364975107433,20,0.15,-0.014873798821269036
25,2.5,0.01,0.15,0.02,12,False,0.003,0,-455531265.1121795,-911062479.6538898,8,0.0,-0.02342999999999996,-50.570469214297376,20,0.1,-0.019017317590490464
25,2.5,0.01,0.15,0.02,12,True,0.001,0,-417424498.8260136,-834848978.8373811,8,0.0,-0.02146999999999999,-18.814646140234515,20,0.15,-0.011802360073453469
25,2.5,0.01,0.15,0.02,12,True,0.002,0,-436477869.64339143,-872955718.3219138,8,0.0,-0.022449999999999953,-20.964869063449402,20,0.15,-0.01294794294262317
25,2.5,0.01,0.15,0.02,12,True,0.003,0,-455531262.804074,-911062479.6538898,8,0.0,-0.02342999999999996,-45.954258190393865,20,0.1,-0.018438604503990645
25,2.5,0.01,0.15,0.02,24,False,0.001,0,-417424594.2410546,-834848978.8373811,8,0.0,-0.02146999999999999,-209.64472803314985,20,0.0,-0.020593706568833674
25,2.5,0.01,0.15,0.02,24,False,0.002,0,-436477975.96053123,-872955718.3219138,8,0.0,-0.022449999999999953,-233.59914858223968,20,0.0,-0.021624213022391654
25,2.5,0.01,0.15,0.02,24,False,0.003,0,-455531370.1297918,-911062479.6538898,8,0.0,-0.02342999999999996,-260.60569379462055,20,0.0,-0.022654521157158276
25,2.5,0.01,0.15,0.02,24,True,0.001,0,-417424498.8260136,-834848978.8373811,8,0.0,-0.02146999999999999,-18.814646140234515,20,0.15,-0.011802360073453469
25,2.5,0.01,0.15,0.02,24,True,0.002,0,-436477869.64339143,-872955718.3219138,8,0.0,-0.022449999999999953,-20.964869063449402,20,0.15,-0.01294794294262317
25,2.5,0.01,0.15,0.02,24,True,0.003,0,-455531262.804074,-911062479.6538898,8,0.0,-0.02342999999999996,-45.954258190393865,20,0.1,-0.018438604503990645
25,2.5,0.01,0.15,0.02,48,False,0.001,0,-834848978.8844389,-834848978.8373811,8,0.0,-0.02146999999999999,-834848978.9314966,20,0.0,-0.021469999999999972
25,2.5,0.01,0.15,0.02,48,False,0.002,0,-872955725.5385742,-872955718.3219138,8,0.0,-0.022449999999999953,-872955732.7552347,20,0.0,-0.022449999999999963
25,2.5,0.01,0.15,0.02,48,False,0.003,0,-911062474.5092893,-911062479.6538898,8,0.0,-0.02342999999999996,-911062469.3646888,20,0.0,-0.023429999999999968
25,2.5,0.01,0.15,0.02,48,True,0.001,0,-417424498.8260136,-834848978.8373811,8,0.0,-0.02146999999999999,-18.814646140234515,20,0.15,-0.011802360073453469
25,2.5,0.01,0.15,0.02,48,True,0.002,0,-436477869.64339143,-872955718.3219138,8,0.0,-0.022449999999999953,-20.964869063449402,20,0.15,-0.01294794294262317
25,2.5,0.01,0.15,0.02,48,True,0.003,0,-455531262.804074,-911062479.6538898,8,0.0,-0.02342999999999996,-45.954258190393865,20,0.1,-0.018438604503990645
25,2.5,0.01,0.15,0.03,12,False,0.001,0,-611555076.358662,-1223110130.0057945,8,0.0,-0.03145499999999999,-22.711529572156063,20,0.2,-0.016769942936717627
25,2.5,0.01,0.15,0.03,12,False,0.002,0,-630414032.7317863,-1260828040.7036846,8,0.0,-0.03242499999999999,-24.759887906161406,20,0.2,-0.018010574343680027
25,2.5,0.01,0.15,0.03,12,False,0.003,0,-649272973.919123,-1298545920.9714909,8,0.0,-0.033394999999999966,-26.86675525298242,20,0.2,-0.019250183067220407
25,2.5,0.01,0.15,0.03,12,True,0.001,0,-611555075.6048565,-1223110130.0057945,8,0.0,-0.03145499999999999,-21.203918373367028,20,0.2,-0.016185309124119647
25,2.5,0.01,0.15,0.03,12,True,0.002,0,-630414031.9354655,-1260828040.7036846,8,0.0,-0.03242499999999999,-23.167246267992386,20,0.2,-0.017427108634983736
25,2.5,0.01,0.15,0.03,12,True,0.003,0,-649272973.0784584,-1298545920.9714909,8,0.0,-0.033394999999999966,-25.18542599894032,20,0.2,-0.018667883134366195
25,2.5,0.01,0.15,0.03,24,False,0.001,0,-611555075.4340622,-1223110130.0057945,8,0.0,-0.03145499999999999,-20.86232987101236,20,0.05,-0.02109295656883369
25,2.5,0.01,0.15,0.03,24,False,0.002,0,-630414031.3092225,-1260828040.7036846,8,0.0,-0.03242499999999999,-21.91476028198711,20,0.05,-0.022122963022391664
25,2.5,0.01,0.15,0.03,24,False,0.003,0,-649272971.9704956,-1298545920.9714909,8,0.0,-0.033394999999999966,-22.969500389237073,20,0.05,-0.02315277115715829
25,2.5,0.01,0.15,0.03,24,True,0.001,0,-611555076.1584874,-1223110130.0057945,8,0.0,-0.03145499999999999,-22.311180373822012,20,0.2,-0.017128099675137582
25,2.5,0.01,0.15,0.03,24,True,0.002,0,-630414032.4579579,-1260828040.7036846,8,0.0,-0.03242499999999999,-24.21223121377265,20,0.2,-0.018319757376802043
25,2.5,0.01,0.15,0.03,24,True,0.003,0,-649272973.5691234,-1298545920.9714909,8,0.0,-0.033394999999999966,-26.16675589796935,20,0.2,-0.01951058666251892
25,2.5,0.01,0.15,0.03,48,False,0.001,0,-611555076.1548929,-1223110130.0057945,8,0.0,-0.03145499999999999,-22.30399120696799,20,0.05,-0.02246849999999998
25,2.5,0.01,0.15,0.03,48,False,0.002,0,-630414032.001421,-1260828040.7036846,8,0.0,-0.03242499999999999,-23.299157369413454,20,0.05,-0.023447499999999975
25,2.5,0.01,0.15,0.03,48,False,0.003,0,-649272972.6339059,-1298545920.9714909,8,0.0,-0.033394999999999966,-24.296320854763056,20,0.05,-0.024426499999999976
25,2.5,0.01,0.15,0.03,48,True,0.001,0,-611555076.1584874,-1223110130.0057945,8,0.0,-0.03145499999999999,-22.311180373822012,20,0.2,-0.017128099675137582
25,2.5,0.01,0.15,0.03,48,True,0.002,0,-630414032.4579579,-1260828040.7036846,8,0.0,-0.03242499999999999,-24.21223121377265,20,0.2,-0.018319757376802043
25,2.5,0.01,0.15,0.03,48,True,0.003,0,-649272973.5691234,-1298545920.9714909,8,0.0,-0.033394999999999966,-26.16675589796935,20,0.2,-0.01951058666251892
