bb_period,bb_std,entry_pct,tp,sl,max_hold,bb_exit_mid,slippage,passed,avg_sharpe,W1_sharpe,W1_n,W1_wr,W1_avg,W2_sharpe,W2_n,W2_wr,W2_avg
15,2.0,0.0,0.05,0.02,12,False,0.001,0,-11.094373832707856,-11.185626168125586,68,0.29411764705882354,-0.006891067469556974,-11.003121497290127,83,0.24096385542168675,-0.007123834961231254
15,2.0,0.0,0.05,0.02,12,False,0.002,0,-14.067758257643042,-15.282695468940451,69,0.2463768115942029,-0.009266664685023684,-12.852821046345634,83,0.2289156626506024,-0.008275996316372002
15,2.0,0.0,0.05,0.02,12,False,0.003,0,-18.361546750647676,-19.352587499823276,70,0.21428571428571427,-0.011228815695151209,-17.370506001472076,83,0.20481927710843373,-0.010784535388641712
15,2.0,0.0,0.05,0.02,12,True,0.001,0,-8.535163381854773,-7.670646864165163,68,0.35294117647058826,-0.0045289697252951224,-9.399679899544381,83,0.3253012048192771,-0.00561900287172549
15,2.0,0.0,0.05,0.02,12,True,0.002,0,-11.604060141064142,-11.469164892200604,69,0.3188405797101449,-0.006644446212067995,-11.738955389927682,83,0.30120481927710846,-0.006920185978426481
15,2.0,0.0,0.05,0.02,12,True,0.003,0,-17.557750271262925,-16.73672287492549,70,0.2857142857142857,-0.00915933469169925,-18.378777667600364,83,0.25301204819277107,-0.010105213146810298
15,2.0,0.0,0.05,0.02,24,False,0.001,0,-8.991850671255419,-7.285508216516797,65,0.24615384615384617,-0.0053566291692217285,-10.69819312599404,79,0.20253164556962025,-0.007557685918333599
15,2.0,0.0,0.05,0.02,24,False,0.002,0,-12.77270531667012,-13.387715005419675,66,0.19696969696969696,-0.009261877100769702,-12.157695627920562,79,0.20253164556962025,-0.008576944389833304
15,2.0,0.0,0.05,0.02,24,False,0.003,0,-18.7086051709776,-19.463866460441565,68,0.17647058823529413,-0.012403820169306008,-17.95334388151363,82,0.17073170731707318,-0.011803561355961077
15,2.0,0.0,0.05,0.02,24,True,0.001,0,-8.770891160308251,-7.815260190434182,68,0.35294117647058826,-0.004625056478077115,-9.72652213018232,82,0.32926829268292684,-0.005869377435973102
15,2.0,0.0,0.05,0.02,24,True,0.002,0,-12.014471686633362,-12.014694990565168,69,0.3188405797101449,-0.006996724080133692,-12.014248382701556,82,0.3048780487804878,-0.007149807709301138
15,2.0,0.0,0.05,0.02,24,True,0.003,0,-18.10231892318174,-17.242553415030944,70,0.2857142857142857,-0.009478081532263174,-18.962084431332535,83,0.26506024096385544,-0.010482276835507748
15,2.0,0.0,0.05,0.02,48,False,0.001,0,-9.007869969254404,-6.682575170641027,64,0.234375,-0.005088359374999962,-11.333164767867784,78,0.19230769230769232,-0.008028653846153805
15,2.0,0.0,0.05,0.02,48,False,0.002,0,-13.234439435795753,-13.720586623628202,65,0.18461538461538463,-0.009559230769230737,-12.748292247963304,78,0.19230769230769232,-0.009022115384615335
15,2.0,0.0,0.05,0.02,48,False,0.003,0,-18.30233086586111,-18.024280051291957,67,0.16417910447761194,-0.01197768656716413,-18.580381680430264,81,0.16049382716049382,-0.012234753086419704
15,2.0,0.0,0.05,0.02,48,True,0.001,0,-8.770891160308251,-7.815260190434182,68,0.35294117647058826,-0.004625056478077115,-9.72652213018232,82,0.32926829268292684,-0.005869377435973102
15,2.0,0.0,0.05,0.02,48,True,0.002,0,-12.014471686633362,-12.014694990565168,69,0.3188405797101449,-0.006996724080133692,-12.014248382701556,82,0.3048780487804878,-0.007149807709301138
15,2.0,0.0,0.05,0.02,48,True,0.003,0,-18.10231892318174,-17.242553415030944,70,0.2857142857142857,-0.009478081532263174,-18.962084431332535,83,0.26506024096385544,-0.010482276835507748
15,2.0,0.0,0.05,0.03,12,False,0.001,0,-10.345963678562107,-10.018441718494081,65,0.36923076923076925,-0.007540777999930693,-10.673485638630131,80,0.3125,-0.008669708490394588
15,2.0,0.0,0.05,0.03,12,False,0.002,0,-13.97428207082626,-13.869312950690592,65,0.3384615384615385,-0.010116748368451257,-14.079251190961925,80,0.2875,-0.011204011176643248
15,2.0,0.0,0.05,0.03,12,False,0.003,0,-16.166567453313423,-16.126041444131538,65,0.3230769230769231,-0.011736259241636978,-16.20709346249531,80,0.275,-0.012847326584595647
15,2.0,0.0,0.05,0.03,12,True,0.001,0,-7.665263788150398,-5.240336062067909,65,0.47692307692307695,-0.0037040851162550197,-10.090191514232886,80,0.3875,-0.0074792948346273395
15,2.0,0.0,0.05,0.03,12,True,0.002,0,-11.485966829927747,-8.829178946419395,65,0.4461538461538462,-0.006138494444844897,-14.142754713436098,80,0.35,-0.010180774918798631
15,2.0,0.0,0.05,0.03,12,True,0.003,0,-13.917842813007738,-11.078872380973415,65,0.4153846153846154,-0.007614292846558653,-16.75681324504206,80,0.325,-0.01194223029802614
15,2.0,0.0,0.05,0.03,24,False,0.001,0,-7.888307093089708,-6.78691814671477,62,0.3225806451612903,-0.005930181935875792,-8.989696039464645,76,0.2894736842105263,-0.008221776183631554
15,2.0,0.0,0.05,0.03,24,False,0.002,0,-10.61993385400855,-9.794235874264707,62,0.3064516129032258,-0.008390257668934057,-11.445631833752396,76,0.27631578947368424,-0.010304299876410372
15,2.0,0.0,0.05,0.03,24,False,0.003,0,-13.098004034994247,-11.80051455426969,62,0.2903225806451613,-0.010115372074400745,-14.395493515718806,76,0.2631578947368421,-0.012614761522098223
15,2.0,0.0,0.05,0.03,24,True,0.001,0,-7.329313065477534,-4.952766341462973,65,0.49230769230769234,-0.003541302993492513,-9.705859789492095,79,0.4050632911392405,-0.007274210375073611
15,2.0,0.0,0.05,0.03,24,True,0.002,0,-11.094892558504846,-8.477010955389733,65,0.46153846153846156,-0.005961188914695596,-13.71277416161996,79,0.3670886075949367,-0.0099851940718782
15,2.0,0.0,0.05,0.03,24,True,0.003,0,-13.48639659269721,-10.682218010138001,65,0.4307692307692308,-0.00742252259658472,-16.290575175256418,79,0.35443037974683544,-0.011744303229273086
15,2.0,0.0,0.05,0.03,48,False,0.001,0,-8.669049954917945,-6.523998143450473,57,0.3157894736842105,-0.006229736842105215,-10.814101766385418,74,0.2702702702702703,-0.00986581081081076
15,2.0,0.0,0.05,0.03,48,False,0.002,0,-11.250121352465337,-9.186551105666977,57,0.2982456140350877,-0.008624999999999978,-13.313691599263697,74,0.25675675675675674,-0.01193581081081077
15,2.0,0.0,0.05,0.03,48,False,0.003,0,-13.939897842228303,-11.95949549918031,57,0.2807017543859649,-0.011017456140350834,-15.920300185276297,74,0.24324324324324326,-0.014003648648648621
15,2.0,0.0,0.05,0.03,48,True,0.001,0,-7.329313065477534,-4.952766341462973,65,0.49230769230769234,-0.003541302993492513,-9.705859789492095,79,0.4050632911392405,-0.007274210375073611
15,2.0,0.0,0.05,0.03,48,True,0.002,0,-11.094892558504846,-8.477010955389733,65,0.46153846153846156,-0.005961188914695596,-13.71277416161996,79,0.3670886075949367,-0.0099851940718782
15,2.0,0.0,0.05,0.03,48,True,0.003,0,-13.48639659269721,-10.682218010138001,65,0.4307692307692308,-0.00742252259658472,-16.290575175256418,79,0.35443037974683544,-0.011744303229273086
15,2.0,0.0,0.08,0.02,12,False,0.001,0,-8.452743636164097,-6.412516338473461,68,0.29411764705882354,-0.004855955652676495,-10.492970933854735,83,0.21686746987951808,-0.007445803555647422
15,2.0,0.0,0.08,0.02,12,False,0.002,0,-11.34422102212076,-9.77439298141949,69,0.2463768115942029,-0.007308315896659002,-12.91404906282203,83,0.20481927710843373,-0.008875210791991462
15,2.0,0.0,0.08,0.02,12,False,0.003,0,-13.951899273475435,-12.26744130905103,70,0.21428571428571427,-0.009037155519635994,-15.63635723789984,83,0.1927710843373494,-0.01061810328511704
15,2.0,0.0,0.08,0.02,12,True,0.001,0,-8.001142744918914,-6.281152635975396,68,0.35294117647058826,-0.003959695088707599,-9.72113285386243,83,0.3132530120481928,-0.005994005769196687
15,2.0,0.0,0.08,0.02,12,True,0.002,0,-11.033349387150022,-9.96752645279129,69,0.3188405797101449,-0.006144676226609762,-12.099172321508753,83,0.2891566265060241,-0.007332681662041051
15,2.0,0.0,0.08,0.02,12,True,0.003,0,-15.829586826514376,-15.045938234498365,70,0.2857142857142857,-0.00874912991882804,-16.613235418530387,83,0.25301204819277107,-0.009714628606411013
15,2.0,0.0,0.08,0.02,24,False,0.001,0,-8.009583079499379,-4.428648798364767,63,0.2222222222222222,-0.003968824687112482,-11.590517360633992,78,0.14102564102564102,-0.009277878224242855
15,2.0,0.0,0.08,0.02,24,False,0.002,0,-11.928863422919363,-9.747712795069209,64,0.171875,-0.008261420584459807,-14.110014050769516,78,0.14102564102564102,-0.010842363628510364
15,2.0,0.0,0.08,0.02,24,False,0.003,0,-15.380362289559505,-11.619308135018194,67,0.1791044776119403,-0.009641799206472288,-19.141416444100816,81,0.12345679012345678,-0.013569586790582807
15,2.0,0.0,0.08,0.02,24,True,0.001,0,-8.231620310210769,-6.41992525725408,68,0.35294117647058826,-0.0040557818414895894,-10.043315363167459,82,0.3170731707317073,-0.00624895353951102
15,2.0,0.0,0.08,0.02,24,True,0.002,0,-11.430341550575996,-10.48754135119231,69,0.3188405797101449,-0.0064969540946754585,-12.373141749959684,82,0.2926829268292683,-0.007567333828081741
15,2.0,0.0,0.08,0.02,24,True,0.003,0,-16.350065689564005,-15.529006125786028,70,0.2857142857142857,-0.009067876759391962,-17.17112525334198,83,0.26506024096385544,-0.010091692295108463
15,2.0,0.0,0.08,0.02,48,False,0.001,0,-7.324327275532354,-2.770899371577052,62,0.1935483870967742,-0.0027429361869769613,-11.877755179487655,77,0.11688311688311688,-0.009799220779220736
15,2.0,0.0,0.08,0.02,48,False,0.002,0,-11.113854765859376,-9.134804264919909,63,0.14285714285714285,-0.00819999999999995,-13.092905266798843,77,0.11688311688311688,-0.010790909090909032
15,2.0,0.0,0.08,0.02,48,False,0.003,0,-13.290559087685928,-9.067185293269986,66,0.15151515151515152,-0.0083315151515151,-17.51393288210187,80,0.1,-0.013464999999999946
15,2.0,0.0,0.08,0.02,48,True,0.001,0,-8.231620310210769,-6.41992525725408,68,0.35294117647058826,-0.0040557818414895894,-10.043315363167459,82,0.3170731707317073,-0.00624895353951102
15,2.0,0.0,0.08,0.02,48,True,0.002,0,-11.430341550575996,-10.48754135119231,69,0.3188405797101449,-0.0064969540946754585,-12.373141749959684,82,0.2926829268292683,-0.007567333828081741
15,2.0,0.0,0.08,0.02,48,True,0.003,0,-16.350065689564005,-15.529006125786028,70,0.2857142857142857,-0.009067876759391962,-17.17112525334198,83,0.26506024096385544,-0.010091692295108463
15,2.0,0.0,0.08,0.03,12,False,0.001,0,-7.851886724729175,-5.491146079449686,65,0.36923076923076925,-0.004950891791501884,-10.212627370008663,80,0.2875,-0.008919191615404143
15,2.0,0.0,0.08,0.03,12,False,0.002,0,-12.111358738085332,-9.360189315210734,65,0.3384615384615385,-0.008037885808494901,-14.86252816095993,80,0.2625,-0.012153427580600583
15,2.0,0.0,0.08,0.03,12,False,0.003,0,-14.262849349915037,-11.337530041425053,65,0.3230769230769231,-0.009707382185592861,-17.18816865840502,80,0.25,-0.01391202291701597
15,2.0,0.0,0.08,0.03,12,True,0.001,0,-7.318821246819548,-4.191448562343766,65,0.47692307692307695,-0.0031085362656711486,-10.44619393129533,80,0.375,-0.007947208965842388
15,2.0,0.0,0.08,0.03,12,True,0.002,0,-11.156701659830773,-7.702042928580969,65,0.4461538461538462,-0.005607969383358462,-14.611360391080579,80,0.3375,-0.01073342669054875
15,2.0,0.0,0.08,0.03,12,True,0.003,0,-13.625564175304717,-9.963365600548867,65,0.4153846153846154,-0.0071485341199887835,-17.28776275006057,80,0.3125,-0.012533498837361882
15,2.0,0.0,0.08,0.03,24,False,0.001,0,-5.703694532631962,-2.8248796156625033,60,0.31666666666666665,-0.0030073793380963336,-8.582509449601421,75,0.24,-0.009062950037114147
15,2.0,0.0,0.08,0.03,24,False,0.002,0,-9.069843165558758,-5.942220524726297,60,0.3,-0.006105750996343164,-12.197465806391218,75,0.22666666666666666,-0.012167265897086438
15,2.0,0.0,0.08,0.03,24,False,0.003,0,-11.571504240501891,-7.748686202232895,60,0.2833333333333333,-0.00794506175728298,-15.39432227877089,75,0.2,-0.014754597812780835
15,2.0,0.0,0.08,0.03,24,True,0.001,0,-7.0025547877249945,-3.931096297091776,65,0.49230769230769234,-0.0029457541429086416,-10.074013278358214,79,0.3924050632911392,-0.007748047469974925
15,2.0,0.0,0.08,0.03,24,True,0.002,0,-10.78706575176814,-7.382214728305204,65,0.46153846153846156,-0.005430663853209162,-14.191916775231073,79,0.35443037974683544,-0.01054484143567579
15,2.0,0.0,0.08,0.03,24,True,0.003,0,-13.215492727809385,-9.600131197907608,65,0.4307692307692308,-0.00695676387001485,-16.830854257711163,79,0.34177215189873417,-0.012343056180499152
15,2.0,0.0,0.08,0.03,48,False,0.001,0,-5.45498088293216,0.03982290191639269,55,0.3090909090909091,4.9462940002884994e-05,-10.949784667780714,71,0.19718309859154928,-0.011622240405673544
15,2.0,0.0,0.08,0.03,48,False,0.002,0,-8.159042164920354,-2.4748074140235685,55,0.2909090909090909,-0.0030032681317514586,-13.843276915817139,71,0.18309859154929578,-0.014185977823906463
15,2.0,0.0,0.08,0.03,48,False,0.003,0,-11.058313509714859,-5.119449591477828,55,0.2727272727272727,-0.006051774708911516,-16.99717742795189,71,0.16901408450704225,-0.01674650295397349
15,2.0,0.0,0.08,0.03,48,True,0.001,0,-7.0025547877249945,-3.931096297091776,65,0.49230769230769234,-0.0029457541429086416,-10.074013278358214,79,0.3924050632911392,-0.007748047469974925
15,2.0,0.0,0.08,0.03,48,True,0.002,0,-10.78706575176814,-7.382214728305204,65,0.46153846153846156,-0.005430663853209162,-14.191916775231073,79,0.35443037974683544,-0.01054484143567579
15,2.0,0.0,0.08,0.03,48,True,0.003,0,-13.215492727809385,-9.600131197907608,65,0.4307692307692308,-0.00695676387001485,-16.830854257711163,79,0.34177215189873417,-0.012343056180499152
15,2.0,0.0,0.1,0.02,12,False,0.001,0,-8.454857211945516,-6.155026231098084,68,0.29411764705882354,-0.004834434885452505,-10.754688192792948,83,0.21686746987951808,-0.007628180885061628
15,2.0,0.0,0.1,0.02,12,False,0.002,0,-11.047501285199282,-9.449652949247586,69,0.2463768115942029,-0.007317432388321375,-12.645349621150977,83,0.20481927710843373,-0.00886792662629563
15,2.0,0.0,0.1,0.02,12,False,0.003,0,-13.624710955441365,-11.912844231938042,70,0.21428571428571427,-0.009075914553425133,-15.336577678944689,83,0.1927710843373494,-0.010623276388881836
15,2.0,0.0,0.1,0.02,12,True,0.001,0,-8.767549048313917,-8.181638416212206,68,0.35294117647058826,-0.004760840728479005,-9.353459680415627,83,0.3132530120481928,-0.005873909566240736
15,2.0,0.0,0.1,0.02,12,True,0.002,0,-11.999531040565632,-12.275499134685004,69,0.3188405797101449,-0.006948207670131084,-11.723562946446258,83,0.2891566265060241,-0.007225772562634285
15,2.0,0.0,0.1,0.02,12,True,0.003,0,-17.169675626664073,-18.148030413579423,70,0.2857142857142857,-0.009554920753680978,-16.19132083974872,83,0.25301204819277107,-0.009620854395004362
15,2.0,0.0,0.1,0.02,24,False,0.001,0,-7.776752463923336,-4.954140850829155,63,0.20634920634920634,-0.004612432484420511,-10.599364077017517,78,0.14102564102564102,-0.008976652278558138
15,2.0,0.0,0.1,0.02,24,False,0.002,0,-11.03843306955296,-10.142567252373683,64,0.15625,-0.008927598780398258,-11.934298886732238,78,0.14102564102564102,-0.010061470234689155
15,2.0,0.0,0.1,0.02,24,False,0.003,0,-13.43019259026719,-11.716242439665987,67,0.16417910447761194,-0.010152142447646053,-15.144142740868393,81,0.12345679012345678,-0.012339339877002564
15,2.0,0.0,0.1,0.02,24,True,0.001,0,-8.998496570883951,-8.327242751030278,68,0.35294117647058826,-0.004856927481260995,-9.669750390737626,82,0.3170731707317073,-0.006127392748714142
15,2.0,0.0,0.1,0.02,24,True,0.002,0,-12.411924263937756,-12.830728664686054,69,0.3188405797101449,-0.0073004855381967795,-11.99311986318946,82,0.2926829268292683,-0.007459120959170014
15,2.0,0.0,0.1,0.02,24,True,0.003,0,-17.706058127588463,-18.669423532525947,70,0.2857142857142857,-0.009873667594244899,-16.74269272265098,83,0.26506024096385544,-0.009997918083701813
15,2.0,0.0,0.1,0.02,48,False,0.001,0,-7.2149519530069846,-5.443529168059989,59,0.15254237288135594,-0.005475046305895604,-8.98637473795398,77,0.11688311688311688,-0.00847740936364816
15,2.0,0.0,0.1,0.02,48,False,0.002,0,-10.703822898538611,-11.341757691065883,61,0.09836065573770492,-0.01038995952741093,-10.065888106011341,77,0.11688311688311688,-0.009483627127746095
15,2.0,0.0,0.1,0.02,48,False,0.003,0,-11.33769189213967,-8.382149987356499,65,0.12307692307692308,-0.008459316699244896,-14.29323379692284,80,0.1,-0.012469799916973997
15,2.0,0.0,0.1,0.02,48,True,0.001,0,-8.998496570883951,-8.327242751030278,68,0.35294117647058826,-0.004856927481260995,-9.669750390737626,82,0.3170731707317073,-0.006127392748714142
15,2.0,0.0,0.1,0.02,48,True,0.002,0,-12.411924263937756,-12.830728664686054,69,0.3188405797101449,-0.0073004855381967795,-11.99311986318946,82,0.2926829268292683,-0.007459120959170014
15,2.0,0.0,0.1,0.02,48,True,0.003,0,-17.706058127588463,-18.669423532525947,70,0.2857142857142857,-0.009873667594244899,-16.74269272265098,83,0.26506024096385544,-0.009997918083701813
15,2.0,0.0,0.1,0.03,12,False,0.001,0,-8.178943635583536,-5.725037738127052,65,0.36923076923076925,-0.005216307184232931,-10.632849533040021,80,0.2875,-0.009211571678730955
15,2.0,0.0,0.1,0.03,12,False,0.002,0,-12.356290192450635,-9.109242436652229,65,0.3384615384615385,-0.008047563315028802,-15.60333794824904,80,0.2625,-0.01251163538926065
15,2.0,0.0,0.1,0.03,12,False,0.003,0,-14.570199997671773,-11.083501699432361,65,0.3230769230769231,-0.009749122683519629,-18.056898295911186,80,0.25,-0.01429607842259164
15,2.0,0.0,0.1,0.03,12,True,0.001,0,-7.896398973977907,-5.641426086701646,65,0.47692307692307695,-0.003946657858047389,-10.151371861254168,80,0.375,-0.007822609155275587
15,2.0,0.0,0.1,0.03,12,True,0.002,0,-11.86622529108058,-9.450396204411257,65,0.4461538461538462,-0.006460948915711865,-14.282054377749903,80,0.3375,-0.010622508499914227
15,2.0,0.0,0.1,0.03,12,True,0.003,0,-14.449822926846192,-11.937280755061114,65,0.4153846153846154,-0.008016308865215024,-16.96236509863127,80,0.3125,-0.012436208093027482
15,2.0,0.0,0.1,0.03,24,False,0.001,0,-4.993248492648535,-3.008786414873671,59,0.3050847457627119,-0.0032762822966439045,-6.977710570423398,75,0.24,-0.007947149474415648
15,2.0,0.0,0.1,0.03,24,False,0.002,0,-8.042325965413779,-6.151567266322264,59,0.288135593220339,-0.006551363802044923,-9.933084664505294,75,0.22666666666666666,-0.010833746811619657
15,2.0,0.0,0.1,0.03,24,False,0.003,0,-10.583580733657573,-7.955851899191461,59,0.2711864406779661,-0.008440486725977345,-13.211309568123685,75,0.2,-0.013716221915299887
15,2.0,0.0,0.1,0.03,24,True,0.001,0,-7.565216519250107,-5.345364425319682,65,0.49230769230769234,-0.003783875735284881,-9.785068613180533,79,0.3924050632911392,-0.007621870446616139
15,2.0,0.0,0.1,0.03,24,True,0.002,0,-11.476193102449269,-9.082705493655013,65,0.46153846153846156,-0.006283643385562565,-13.869680711243525,79,0.35443037974683544,-0.010432519217311718
15,2.0,0.0,0.1,0.03,24,True,0.003,0,-14.015140103991186,-11.517615433485608,65,0.4307692307692308,-0.00782453861524109,-16.512664774496766,79,0.34177215189873417,-0.012244533907755456
15,2.0,0.0,0.1,0.03,48,False,0.001,0,-5.1148500216025035,-2.512843893442538,51,0.27450980392156865,-0.003121989900691908,-7.716856149762469,71,0.19718309859154928,-0.009344923800052574
15,2.0,0.0,0.1,0.03,48,False,0.002,0,-8.119512036421606,-5.758909216890791,51,0.2549019607843137,-0.006824890413974787,-10.48011485595242,71,0.18309859154929578,-0.012206249497659336
15,2.0,0.0,0.1,0.03,48,False,0.003,0,-10.871214001893309,-8.22838661695998,51,0.21568627450980393,-0.009589359456085605,-13.514041386826637,71,0.16901408450704225,-0.01506374229704284
15,2.0,0.0,0.1,0.03,48,True,0.001,0,-7.565216519250107,-5.345364425319682,65,0.49230769230769234,-0.003783875735284881,-9.785068613180533,79,0.3924050632911392,-0.007621870446616139
15,2.0,0.0,0.1,0.03,48,True,0.002,0,-11.476193102449269,-9.082705493655013,65,0.46153846153846156,-0.006283643385562565,-13.869680711243525,79,0.35443037974683544,-0.010432519217311718
15,2.0,0.0,0.1,0.03,48,True,0.003,0,-14.015140103991186,-11.517615433485608,65,0.4307692307692308,-0.00782453861524109,-16.512664774496766,79,0.34177215189873417,-0.012244533907755456
15,2.0,0.0,0.15,0.02,12,False,0.001,0,-7.2518327401289415,-6.107103285331506,68,0.29411764705882354,-0.0049090792803992405,-8.396562194926377,83,0.21686746987951808,-0.006753470421248559
15,2.0,0.0,0.15,0.02,12,False,0.002,0,-9.744460680365066,-9.387297766564267,69,0.2463768115942029,-0.007421852013395997,-10.101623594165863,83,0.20481927710843373,-0.00802133766675914
15,2.0,0.0,0.15,0.02,12,False,0.003,0,-12.189085495242885,-11.86620824323265,70,0.21428571428571427,-0.009209136853180068,-12.511962747253119,83,0.1927710843373494,-0.00980470005962417
15,2.0,0.0,0.15,0.02,12,True,0.001,0,-8.767549048313917,-8.181638416212206,68,0.35294117647058826,-0.004760840728479005,-9.353459680415627,83,0.3132530120481928,-0.005873909566240736
15,2.0,0.0,0.15,0.02,12,True,0.002,0,-11.999531040565632,-12.275499134685004,69,0.3188405797101449,-0.006948207670131084,-11.723562946446258,83,0.2891566265060241,-0.007225772562634285
15,2.0,0.0,0.15,0.02,12,True,0.003,0,-17.169675626664073,-18.148030413579423,70,0.2857142857142857,-0.009554920753680978,-16.19132083974872,83,0.25301204819277107,-0.009620854395004362
15,2.0,0.0,0.15,0.02,24,False,0.001,0,-5.515342414858832,-3.6130978904954167,63,0.20634920634920634,-0.0037442149717050303,-7.417586939222247,78,0.14102564102564102,-0.007431523725390807
15,2.0,0.0,0.15,0.02,24,False,0.002,0,-8.385000880756133,-8.19683825836026,64,0.15625,-0.008107303614982011,-8.573163503152005,78,0.14102564102564102,-0.008545579831755606
15,2.0,0.0,0.15,0.02,24,False,0.003,0,-10.484393961657322,-9.688428696832666,67,0.16417910447761194,-0.009401267141513243,-11.280359226481977,81,0.12345679012345678,-0.010907642263993704
15,2.0,0.0,0.15,0.02,24,True,0.001,0,-8.998496570883951,-8.327242751030278,68,0.35294117647058826,-0.004856927481260995,-9.669750390737626,82,0.3170731707317073,-0.006127392748714142
15,2.0,0.0,0.15,0.02,24,True,0.002,0,-12.411924263937756,-12.830728664686054,69,0.3188405797101449,-0.0073004855381967795,-11.99311986318946,82,0.2926829268292683,-0.007459120959170014
15,2.0,0.0,0.15,0.02,24,True,0.003,0,-17.706058127588463,-18.669423532525947,70,0.2857142857142857,-0.009873667594244899,-16.74269272265098,83,0.26506024096385544,-0.009997918083701813
15,2.0,0.0,0.15,0.02,48,False,0.001,0,-3.402026334036834,-2.378844191480759,56,0.16071428571428573,-0.00284143366466934,-4.425208476592909,77,0.11688311688311688,-0.005346272602963401
15,2.0,0.0,0.15,0.02,48,False,0.002,0,-6.215832189161929,-7.119286123595855,58,0.10344827586206896,-0.007975271466600065,-5.312378254728002,77,0.11688311688311688,-0.0063981592395594014
15,2.0,0.0,0.15,0.02,48,False,0.003,0,-6.8921915202750945,-5.136093318254739,62,0.12903225806451613,-0.006181627482882003,-8.64828972229545,80,0.1,-0.009734119334670378
15,2.0,0.0,0.15,0.02,48,True,0.001,0,-8.998496570883951,-8.327242751030278,68,0.35294117647058826,-0.004856927481260995,-9.669750390737626,82,0.3170731707317073,-0.006127392748714142
15,2.0,0.0,0.15,0.02,48,True,0.002,0,-12.411924263937756,-12.830728664686054,69,0.3188405797101449,-0.0073004855381967795,-11.99311986318946,82,0.2926829268292683,-0.007459120959170014
15,2.0,0.0,0.15,0.02,48,True,0.003,0,-17.706058127588463,-18.669423532525947,70,0.2857142857142857,-0.009873667594244899,-16.74269272265098,83,0.26506024096385544,-0.009997918083701813
15,2.0,0.0,0.15,0.03,12,False,0.001,0,-7.7685289730363,-5.706758239382112,65,0.36923076923076925,-0.005294396705100285,-9.83029970669049,80,0.2875,-0.008845782293851159
15,2.0,0.0,0.15,0.03,12,False,0.002,0,-11.798193213403257,-9.079473549927153,65,0.3384615384615385,-0.008158408763184936,-14.516912876879362,80,0.2625,-0.012156101480975807
15,2.0,0.0,0.15,0.03,12,False,0.003,0,-13.984407355609047,-11.080126165566636,65,0.3230769230769231,-0.00989259285248648,-16.88868854565146,80,0.25,-0.01395490896367543
15,2.0,0.0,0.15,0.03,12,True,0.001,0,-7.896398973977907,-5.641426086701646,65,0.47692307692307695,-0.003946657858047389,-10.151371861254168,80,0.375,-0.007822609155275587
15,2.0,0.0,0.15,0.03,12,True,0.002,0,-11.86622529108058,-9.450396204411257,65,0.4461538461538462,-0.006460948915711865,-14.282054377749903,80,0.3375,-0.010622508499914227
15,2.0,0.0,0.15,0.03,12,True,0.003,0,-14.449822926846192,-11.937280755061114,65,0.4153846153846154,-0.008016308865215024,-16.96236509863127,80,0.3125,-0.012436208093027482
15,2.0,0.0,0.15,0.03,24,False,0.001,0,-3.3487921856169938,-1.9817856058671393,59,0.3050847457627119,-0.002349202579676526,-4.7157987653668485,75,0.24,-0.006074194478619059
15,2.0,0.0,0.15,0.03,24,False,0.002,0,-6.383496185782174,-4.868874189734758,59,0.288135593220339,-0.005661552097186622,-7.89811818182959,75,0.22666666666666666,-0.009529094262572473
15,2.0,0.0,0.15,0.03,24,False,0.003,0,-9.21862577647762,-6.554380359424718,59,0.2711864406779661,-0.007587797819012966,-11.88287119353052,75,0.2,-0.013134780804262865
15,2.0,0.0,0.15,0.03,24,True,0.001,0,-7.565216519250107,-5.345364425319682,65,0.49230769230769234,-0.003783875735284881,-9.785068613180533,79,0.3924050632911392,-0.007621870446616139
15,2.0,0.0,0.15,0.03,24,True,0.002,0,-11.476193102449269,-9.082705493655013,65,0.46153846153846156,-0.006283643385562565,-13.869680711243525,79,0.35443037974683544,-0.010432519217311718
15,2.0,0.0,0.15,0.03,24,True,0.003,0,-14.015140103991186,-11.517615433485608,65,0.4307692307692308,-0.00782453861524109,-16.512664774496766,79,0.34177215189873417,-0.012244533907755456
15,2.0,0.0,0.15,0.03,48,False,0.001,0,-3.448793884808961,-2.8653444966742283,48,0.25,-0.0037824060571756656,-4.032243272943694,70,0.2,-0.0058330093436469105
15,2.0,0.0,0.15,0.03,48,False,0.002,0,-5.101154471550968,-3.829288065608136,48,0.25,-0.0050214165488278,-6.373020877493801,70,0.18571428571428572,-0.008923861924950517
15,2.0,0.0,0.15,0.03,48,False,0.003,0,-8.047666627416977,-6.176923836851966,48,0.20833333333333334,-0.007967337505887998,-9.918409417981989,70,0.17142857142857143,-0.01282391036783701
15,2.0,0.0,0.15,0.03,48,True,0.001,0,-7.565216519250107,-5.345364425319682,65,0.49230769230769234,-0.003783875735284881,-9.785068613180533,79,0.3924050632911392,-0.007621870446616139
15,2.0,0.0,0.15,0.03,48,True,0.002,0,-11.476193102449269,-9.082705493655013,65,0.46153846153846156,-0.006283643385562565,-13.869680711243525,79,0.35443037974683544,-0.010432519217311718
15,2.0,0.0,0.15,0.03,48,True,0.003,0,-14.015140103991186,-11.517615433485608,65,0.4307692307692308,-0.00782453861524109,-16.512664774496766,79,0.34177215189873417,-0.012244533907755456
15,2.0,0.005,0.05,0.02,12,False,0.001,0,-15.519819175724376,-21.923240293150148,36,0.19444444444444445,-0.011813419122923698,-9.116398058298604,43,0.2558139534883721,-0.0059949353584205535
15,2.0,0.005,0.05,0.02,12,False,0.002,0,-19.96333232955226,-28.54869739003939,36,0.1388888888888889,-0.014766425452418516,-11.377967269065127,43,0.2558139534883721,-0.007472059792534494
15,2.0,0.005,0.05,0.02,12,False,0.003,0,-29.486332302895335,-40.459587140676994,36,0.08333333333333333,-0.01777472062423711,-18.51307746511367,43,0.20930232558139536,-0.01140464279374068
15,2.0,0.005,0.05,0.02,12,True,0.001,0,-11.773930405603302,-14.768132848654957,36,0.2777777777777778,-0.008460169055652887,-8.779727962551645,43,0.3023255813953488,-0.005547350516313829
15,2.0,0.005,0.05,0.02,12,True,0.002,0,-16.17440539318724,-21.055746107691604,36,0.2222222222222222,-0.011614521945253996,-11.293064678682873,43,0.27906976744186046,-0.007096639889744685
15,2.0,0.005,0.05,0.02,12,True,0.003,0,-25.560060600048168,-30.56149914476073,36,0.16666666666666666,-0.014739174887571886,-20.558622055335608,43,0.23255813953488372,-0.011607915574046519
15,2.0,0.005,0.05,0.02,24,False,0.001,0,-11.23267255641892,-13.244444848408556,36,0.19444444444444445,-0.008867950936660556,-9.220900264429286,43,0.23255813953488372,-0.006593392977047662
15,2.0,0.005,0.05,0.02,24,False,0.002,0,-18.75959787900075,-26.033557192385665,36,0.1111111111111111,-0.01469166666666661,-11.485638565615837,43,0.20930232558139536,-0.00820572849300972
15,2.0,0.005,0.05,0.02,24,False,0.003,0,-25.743992538102123,-35.53198271280167,36,0.08333333333333333,-0.017617083333333287,-15.956002363402577,43,0.18604651162790697,-0.010846097435280606
15,2.0,0.005,0.05,0.02,24,True,0.001,0,-11.548334034925766,-14.108228604632112,36,0.2777777777777778,-0.008080543759046013,-8.988439465219422,43,0.32558139534883723,-0.005712839176107926
15,2.0,0.005,0.05,0.02,24,True,0.002,0,-16.551529115421232,-21.25982179060361,36,0.2222222222222222,-0.011756806274682816,-11.843236440238854,43,0.27906976744186046,-0.007475442488823211
15,2.0,0.005,0.05,0.02,24,True,0.003,0,-25.64631336463252,-30.734004673929427,36,0.16666666666666666,-0.014854142598856257,-20.558622055335608,43,0.23255813953488372,-0.011607915574046519
15,2.0,0.005,0.05,0.02,48,False,0.001,0,-10.215379059207201,-11.07572578868093,36,0.19444444444444445,-0.007879305555555521,-9.355032329733474,43,0.20930232558139536,-0.006840813953488326
15,2.0,0.005,0.05,0.02,48,False,0.002,0,-18.379774485199654,-26.033557192385665,36,0.1111111111111111,-0.01469166666666661,-10.725991778013642,43,0.20930232558139536,-0.007835465116279023
15,2.0,0.005,0.05,0.02,48,False,0.003,0,-25.252389324256427,-35.53198271280167,36,0.08333333333333333,-0.017617083333333287,-14.972795935711185,43,0.18604651162790697,-0.010452325581395307
15,2.0,0.005,0.05,0.02,48,True,0.001,0,-11.548334034925766,-14.108228604632112,36,0.2777777777777778,-0.008080543759046013,-8.988439465219422,43,0.32558139534883723,-0.005712839176107926
15,2.0,0.005,0.05,0.02,48,True,0.002,0,-16.551529115421232,-21.25982179060361,36,0.2222222222222222,-0.011756806274682816,-11.843236440238854,43,0.27906976744186046,-0.007475442488823211
15,2.0,0.005,0.05,0.02,48,True,0.003,0,-25.64631336463252,-30.734004673929427,36,0.16666666666666666,-0.014854142598856257,-20.558622055335608,43,0.23255813953488372,-0.011607915574046519
15,2.0,0.005,0.05,0.03,12,False,0.001,0,-17.338441245079682,-19.68603958938354,34,0.29411764705882354,-0.01321645141288461,-14.990842900775824,43,0.27906976744186046,-0.011553791537049277
15,2.0,0.005,0.05,0.03,12,False,0.002,0,-19.240305946667547,-21.83022383084771,34,0.29411764705882354,-0.014528126913268088,-16.650388062487384,43,0.27906976744186046,-0.012754457895348332
15,2.0,0.005,0.05,0.03,12,False,0.003,0,-21.479439172055695,-24.632909930908774,34,0.2647058823529412,-0.016362103198608164,-18.325968413202617,43,0.27906976744186046,-0.013954282147372434
15,2.0,0.005,0.05,0.03,12,True,0.001,0,-12.442591168028159,-10.686671829049033,34,0.4117647058823529,-0.007674503651267245,-14.198510507007287,43,0.32558139534883723,-0.010694568880962246
15,2.0,0.005,0.05,0.03,12,True,0.002,0,-14.432904246452622,-12.818006696305462,34,0.4117647058823529,-0.009084754582944674,-16.04780179659978,43,0.3023255813953488,-0.011967991236585571
15,2.0,0.005,0.05,0.03,12,True,0.003,0,-16.464974213426007,-15.000734616003779,34,0.38235294117647056,-0.010493341425306519,-17.929213810848236,43,0.3023255813953488,-0.013240284188781632
15,2.0,0.005,0.05,0.03,24,False,0.001,0,-12.229982750555068,-9.92308746829818,34,0.29411764705882354,-0.008518510892814024,-14.536878032811957,43,0.2558139534883721,-0.012398625535187197
15,2.0,0.005,0.05,0.03,24,False,0.002,0,-13.542178241272087,-11.295665664225233,34,0.29411764705882354,-0.009659885377066121,-15.788690818318942,43,0.2558139534883721,-0.0134349309384054
15,2.0,0.005,0.05,0.03,24,False,0.003,0,-15.422836175867845,-13.800302602694167,34,0.2647058823529412,-0.011811147812524568,-17.045369749041523,43,0.2558139534883721,-0.014471047647062044
15,2.0,0.005,0.05,0.03,24,True,0.001,0,-12.801536397715342,-10.984009330765032,34,0.4117647058823529,-0.007967850616063407,-14.619063464665652,43,0.3488372093023256,-0.011092266843081927
15,2.0,0.005,0.05,0.03,24,True,0.002,0,-14.747571615183226,-13.064384705313786,34,0.4117647058823529,-0.009349128317289134,-16.430758525052667,43,0.32558139534883723,-0.01234244896429477
15,2.0,0.005,0.05,0.03,24,True,0.003,0,-16.735816047684576,-15.197080938228876,34,0.38235294117647056,-0.010728856533369127,-18.274551157140277,43,0.3023255813953488,-0.013591592959357782
15,2.0,0.005,0.05,0.03,48,False,0.001,0,-11.258655086796052,-7.678251233507092,33,0.30303030303030304,-0.0072489393939393605,-14.839058940085012,43,0.23255813953488372,-0.012878255813953438
15,2.0,0.005,0.05,0.03,48,False,0.002,0,-12.36716685384485,-8.740130020304507,33,0.30303030303030304,-0.008243181818181787,-15.994203687385191,43,0.23255813953488372,-0.013866860465116246
15,2.0,0.005,0.05,0.03,48,False,0.003,0,-14.95714843914239,-12.762630039760017,33,0.2727272727272727,-0.01165318181818178,-17.15166683852476,43,0.23255813953488372,-0.014855465116279026
15,2.0,0.005,0.05,0.03,48,True,0.001,0,-12.801536397715342,-10.984009330765032,34,0.4117647058823529,-0.007967850616063407,-14.619063464665652,43,0.3488372093023256,-0.011092266843081927
15,2.0,0.005,0.05,0.03,48,True,0.002,0,-14.747571615183226,-13.064384705313786,34,0.4117647058823529,-0.009349128317289134,-16.430758525052667,43,0.32558139534883723,-0.01234244896429477
15,2.0,0.005,0.05,0.03,48,True,0.003,0,-16.735816047684576,-15.197080938228876,34,0.38235294117647056,-0.010728856533369127,-18.274551157140277,43,0.3023255813953488,-0.013591592959357782
15,2.0,0.005,0.08,0.02,12,False,0.001,0,-13.541396747997497,-18.37020002330222,36,0.19444444444444445,-0.01115832854861344,-8.712593472692774,43,0.23255813953488372,-0.0062623145575676385
15,2.0,0.005,0.08,0.02,12,False,0.002,0,-17.563444787729967,-24.18683059726431,36,0.1388888888888889,-0.014169856972245605,-10.940058978195621,43,0.23255813953488372,-0.007812026612052539
15,2.0,0.005,0.08,0.02,12,False,0.003,0,-22.22296057479155,-30.02041298709804,36,0.08333333333333333,-0.016638131791024243,-14.425508162485059,43,0.20930232558139536,-0.010194696798284733
15,2.0,0.005,0.08,0.02,12,True,0.001,0,-9.518897894978725,-11.689043575658804,36,0.2777777777777778,-0.007526420582536959,-7.348752214298645,43,0.27906976744186046,-0.005320287460742294
15,2.0,0.005,0.08,0.02,12,True,0.002,0,-13.359372487480151,-17.133013237375618,36,0.2222222222222222,-0.01071083113039227,-9.585731737584682,43,0.2558139534883721,-0.006894558722659282
15,2.0,0.005,0.08,0.02,12,True,0.003,0,-19.407593919246096,-24.757029328413676,36,0.16666666666666666,-0.01390875822090522,-14.058158510078515,43,0.23255813953488372,-0.009808508073238699
15,2.0,0.005,0.08,0.02,24,False,0.001,0,-10.89291294448611,-9.71758646915203,36,0.16666666666666666,-0.007913067213884602,-12.06823941982019,42,0.16666666666666666,-0.009362069488206842
15,2.0,0.005,0.08,0.02,24,False,0.002,0,-17.089409870064266,-19.939786177050596,36,0.08333333333333333,-0.014137499999999938,-14.239033563077932,42,0.14285714285714285,-0.011010228546256436
15,2.0,0.005,0.08,0.02,24,False,0.003,0,-18.74190975615378,-21.355158098393318,36,0.08333333333333333,-0.015125833333333276,-16.128661413914248,43,0.13953488372093023,-0.012314621075401721
15,2.0,0.005,0.08,0.02,24,True,0.001,0,-9.325210038416886,-11.107471173484544,36,0.2777777777777778,-0.007146795285930084,-7.542948903349227,43,0.3023255813953488,-0.005485776120536391
15,2.0,0.005,0.08,0.02,24,True,0.002,0,-13.699939182054056,-17.322667371329008,36,0.2222222222222222,-0.01085311545982109,-10.077210992779104,43,0.2558139534883721,-0.007273361321737807
15,2.0,0.005,0.08,0.02,24,True,0.003,0,-19.48773964085399,-24.91732077162947,36,0.16666666666666666,-0.01402372593218959,-14.058158510078515,43,0.23255813953488372,-0.009808508073238699
15,2.0,0.005,0.08,0.02,48,False,0.001,0,-8.983675500082894,-6.4435156809761756,36,0.16666666666666666,-0.005859501210904801,-11.523835319189613,42,0.11904761904761904,-0.009583095238095198
15,2.0,0.005,0.08,0.02,48,False,0.002,0,-16.3345761814773,-19.939786177050596,36,0.08333333333333333,-0.014137499999999938,-12.729366185904,42,0.11904761904761904,-0.010574999999999949
15,2.0,0.005,0.08,0.02,48,False,0.003,0,-17.885570988156733,-21.355158098393318,36,0.08333333333333333,-0.015125833333333276,-14.415983877920148,43,0.11627906976744186,-0.01184279069767437
15,2.0,0.005,0.08,0.02,48,True,0.001,0,-9.325210038416886,-11.107471173484544,36,0.2777777777777778,-0.007146795285930084,-7.542948903349227,43,0.3023255813953488,-0.005485776120536391
15,2.0,0.005,0.08,0.02,48,True,0.002,0,-13.699939182054056,-17.322667371329008,36,0.2222222222222222,-0.01085311545982109,-10.077210992779104,43,0.2558139534883721,-0.007273361321737807
15,2.0,0.005,0.08,0.02,48,True,0.003,0,-19.48773964085399,-24.91732077162947,36,0.16666666666666666,-0.01402372593218959,-14.058158510078515,43,0.23255813953488372,-0.009808508073238699
15,2.0,0.005,0.08,0.03,12,False,0.001,0,-15.863452295646747,-17.11752563483638,34,0.29411764705882354,-0.01252282609890904,-14.609378956457114,43,0.2558139534883721,-0.012053380038521943
15,2.0,0.005,0.08,0.03,12,False,0.002,0,-17.765648781811702,-19.21884530487671,34,0.29411764705882354,-0.013896466169555595,-16.312452258746696,43,0.2558139534883721,-0.013326401459052423
15,2.0,0.005,0.08,0.03,12,False,0.003,0,-20.003943403726424,-21.962633342258197,34,0.2647058823529412,-0.01579216218824152,-18.04525346519465,43,0.2558139534883721,-0.01459828964028858
15,2.0,0.005,0.08,0.03,12,True,0.001,0,-10.694064040022656,-8.587427488010249,34,0.4117647058823529,-0.006685828797379792,-12.800700592035065,43,0.3023255813953488,-0.010699715127716293
15,2.0,0.005,0.08,0.03,12,True,0.002,0,-12.53742688127372,-10.575076488837775,34,0.4117647058823529,-0.008127905484855785,-14.499777273709666,43,0.27906976744186046,-0.011997886813686213
15,2.0,0.005,0.08,0.03,12,True,0.003,0,-14.419884558752592,-12.610186365108628,34,0.38235294117647056,-0.00956819486277544,-16.229582752396556,43,0.27906976744186046,-0.01329483017634591
15,2.0,0.005,0.08,0.03,24,False,0.001,0,-10.605719257420601,-5.167650412586139,34,0.29411764705882354,-0.005255886554088899,-16.043788102255064,42,0.19047619047619047,-0.01506778377392112
15,2.0,0.005,0.08,0.03,24,False,0.002,0,-11.838968718687646,-6.461983931760486,34,0.29411764705882354,-0.00652405924114716,-17.215953505614806,42,0.19047619047619047,-0.01612643581178058
15,2.0,0.005,0.08,0.03,24,False,0.003,0,-13.564420359585622,-8.735891046502802,34,0.2647058823529412,-0.00880162624601712,-18.39294967266844,42,0.19047619047619047,-0.017184799174973224
15,2.0,0.005,0.08,0.03,24,True,0.001,0,-11.041284887475179,-8.884873069733029,34,0.4117647058823529,-0.006979175762175953,-13.19769670521733,43,0.32558139534883723,-0.011097413089835974
15,2.0,0.005,0.08,0.03,24,True,0.002,0,-12.845779748954921,-10.826703271269233,34,0.4117647058823529,-0.008392279219200246,-14.86485622664061,43,0.3023255813953488,-0.012372344541395412
15,2.0,0.005,0.08,0.03,24,True,0.003,0,-14.689693477929502,-12.816734018428512,34,0.38235294117647056,-0.009803709970838046,-16.562652937430492,43,0.27906976744186046,-0.013646138946922057
15,2.0,0.005,0.08,0.03,48,False,0.001,0,-7.893106351550146,-0.8466032422651288,32,0.28125,-0.0010375613796093576,-14.939609460835163,42,0.16666666666666666,-0.014804762044602087
15,2.0,0.005,0.08,0.03,48,False,0.002,0,-8.84924901128546,-1.7170992197622457,32,0.28125,-0.0021012954984530033,-15.981398802808673,42,0.16666666666666666,-0.01581537351758294
15,2.0,0.005,0.08,0.03,48,False,0.003,0,-11.32385426532101,-5.622037148423129,32,0.25,-0.006590245533975564,-17.025671382218892,42,0.16666666666666666,-0.016825889340488294
15,2.0,0.005,0.08,0.03,48,True,0.001,0,-11.041284887475179,-8.884873069733029,34,0.4117647058823529,-0.006979175762175953,-13.19769670521733,43,0.32558139534883723,-0.011097413089835974
15,2.0,0.005,0.08,0.03,48,True,0.002,0,-12.845779748954921,-10.826703271269233,34,0.4117647058823529,-0.008392279219200246,-14.86485622664061,43,0.3023255813953488,-0.012372344541395412
15,2.0,0.005,0.08,0.03,48,True,0.003,0,-14.689693477929502,-12.816734018428512,34,0.38235294117647056,-0.009803709970838046,-16.562652937430492,43,0.27906976744186046,-0.013646138946922057
15,2.0,0.005,0.1,0.02,12,False,0.001,0,-11.330313202697136,-15.95338748416278,36,0.19444444444444445,-0.010603606326391218,-6.707238921231491,43,0.23255813953488372,-0.0053334773482653095
15,2.0,0.005,0.1,0.02,12,False,0.002,0,-14.887937968194436,-21.075333982129585,36,0.1388888888888889,-0.013615690305578944,-8.700541954259284,43,0.23255813953488372,-0.006884119635308359
15,2.0,0.005,0.1,0.02,12,False,0.003,0,-18.906668788361593,-26.015240022408825,36,0.08333333333333333,-0.016084520679913134,-11.798097554314356,43,0.20930232558139536,-0.009267720054098693
15,2.0,0.005,0.1,0.02,12,True,0.001,0,-11.651681693078805,-16.62535542803271,36,0.2777777777777778,-0.009039695679882947,-6.678007958124901,43,0.27906976744186046,-0.005002024147243973
15,2.0,0.005,0.1,0.02,12,True,0.002,0,-16.341462231087444,-23.734182715537024,36,0.2222222222222222,-0.012250933063808138,-8.948741746637866,43,0.2558139534883721,-0.006626913323969411
15,2.0,0.005,0.1,0.02,12,True,0.003,0,-24.656867506537846,-35.91547299500888,36,0.16666666666666666,-0.015475573733119264,-13.398262018066818,43,0.23255813953488372,-0.009591279591902457
15,2.0,0.005,0.1,0.02,24,False,0.001,0,-7.958850989084892,-7.044066924520511,36,0.16666666666666666,-0.006470220684221107,-8.873635053649274,42,0.16666666666666666,-0.007888518227737132
15,2.0,0.005,0.1,0.02,24,False,0.002,0,-13.066166450681969,-15.333189115900007,36,0.08333333333333333,-0.012726281096040327,-10.799143785463931,42,0.14285714285714285,-0.009563786043707594
15,2.0,0.005,0.1,0.02,24,False,0.003,0,-14.571373241497152,-16.626907564727098,36,0.08333333333333333,-0.013746121444186486,-12.515838918267205,43,0.13953488372093023,-0.010928195043942044
15,2.0,0.005,0.1,0.02,24,True,0.001,0,-11.396032366807791,-15.92280457501977,36,0.2777777777777778,-0.008660070383276073,-6.869260158595812,43,0.3023255813953488,-0.005167512807038069
15,2.0,0.005,0.1,0.02,24,True,0.002,0,-16.68699193196559,-23.945923641681777,36,0.2222222222222222,-0.012393217393236957,-9.428060222249405,43,0.2558139534883721,-0.007005715923047937
15,2.0,0.005,0.1,0.02,24,True,0.003,0,-24.74725296154615,-36.09624390502548,36,0.16666666666666666,-0.015590541444403635,-13.398262018066818,43,0.23255813953488372,-0.009591279591902457
15,2.0,0.005,0.1,0.02,48,False,0.001,0,-8.474827596530915,-5.8295122801710555,36,0.16666666666666666,-0.005754228480776442,-11.120142912890776,42,0.09523809523809523,-0.010058571428571386
15,2.0,0.005,0.1,0.02,48,False,0.002,0,-13.44546223849665,-14.662471798554508,36,0.08333333333333333,-0.012474999999999938,-12.22845267843879,42,0.09523809523809523,-0.011049999999999945
15,2.0,0.005,0.1,0.02,48,False,0.003,0,-14.809404276822892,-15.841948406971037,36,0.08333333333333333,-0.01346499999999995,-13.776860146674746,43,0.09302325581395349,-0.012306279069767407
15,2.0,0.005,0.1,0.02,48,True,0.001,0,-11.396032366807791,-15.92280457501977,36,0.2777777777777778,-0.008660070383276073,-6.869260158595812,43,0.3023255813953488,-0.005167512807038069
15,2.0,0.005,0.1,0.02,48,True,0.002,0,-16.68699193196559,-23.945923641681777,36,0.2222222222222222,-0.012393217393236957,-9.428060222249405,43,0.2558139534883721,-0.007005715923047937
15,2.0,0.005,0.1,0.02,48,True,0.003,0,-24.74725296154615,-36.09624390502548,36,0.16666666666666666,-0.015590541444403635,-13.398262018066818,43,0.23255813953488372,-0.009591279591902457
15,2.0,0.005,0.1,0.03,12,False,0.001,0,-13.825171808462878,-15.2398685915252,34,0.29411764705882354,-0.011935473157732569,-12.410475025400556,43,0.2558139534883721,-0.011124542829219616
15,2.0,0.005,0.1,0.03,12,False,0.002,0,-15.556713009396159,-17.1667604831372,34,0.29411764705882354,-0.013309701463673248,-13.94666553565512,43,0.2558139534883721,-0.012398494482308243
15,2.0,0.005,0.1,0.03,12,False,0.003,0,-17.601860403713196,-19.69874504100079,34,0.2647058823529412,-0.01520598571765329,-15.5049757664256,43,0.2558139534883721,-0.013671312896102539
15,2.0,0.005,0.1,0.03,12,True,0.001,0,-12.012516475194378,-11.939292487279758,34,0.4117647058823529,-0.008288120076922603,-12.085740463108996,43,0.3023255813953488,-0.01038145181421797
15,2.0,0.005,0.1,0.03,12,True,0.002,0,-14.083036435586804,-14.318398009347515,34,0.4117647058823529,-0.009758601649649055,-13.847674861826093,43,0.27906976744186046,-0.011730241414996343
15,2.0,0.005,0.1,0.03,12,True,0.003,0,-16.219422808388472,-16.78241090096264,34,0.38235294117647056,-0.011227175993355019,-15.656434715814308,43,0.27906976744186046,-0.013077601695009667
15,2.0,0.005,0.1,0.03,24,False,0.001,0,-8.217424125768384,-3.3750114585392446,34,0.29411764705882354,-0.0037281666991510827,-13.059836792997523,42,0.19047619047619047,-0.013587579693475703
15,2.0,0.005,0.1,0.03,24,False,0.002,0,-9.39516420011066,-4.589092613183984,34,0.29411764705882354,-0.005029827460484041,-14.201235787037335,42,0.19047619047619047,-0.01469893981656616
15,2.0,0.005,0.1,0.03,24,False,0.003,0,-11.033634341911302,-6.714287752091434,34,0.2647058823529412,-0.007340754833979342,-15.35298093173117,42,0.19047619047619047,-0.015809806565268345
15,2.0,0.005,0.1,0.03,24,True,0.001,0,-12.354606262531728,-12.232438430345594,34,0.4117647058823529,-0.008581467041718763,-12.476774094717864,43,0.32558139534883723,-0.01077914977633765
15,2.0,0.005,0.1,0.03,24,True,0.002,0,-14.383028469292055,-14.557417649697024,34,0.4117647058823529,-0.010022975383993516,-14.208639288887086,43,0.3023255813953488,-0.012104699142705542
15,2.0,0.005,0.1,0.03,24,True,0.003,0,-16.477222394667262,-16.96751039722771,34,0.38235294117647056,-0.011462691101417623,-15.986934392106816,43,0.27906976744186046,-0.013428910465585815
15,2.0,0.005,0.1,0.03,48,False,0.001,0,-7.953032425624881,-2.0233097392013817,32,0.28125,-0.002494637626345469,-13.88275511204838,42,0.14285714285714285,-0.015042500139840174
15,2.0,0.005,0.1,0.03,48,False,0.002,0,-8.919198433516172,-3.0036282683500173,32,0.28125,-0.0036872996451503023,-14.834768598682325,42,0.14285714285714285,-0.016052873517582944
15,2.0,0.005,0.1,0.03,48,False,0.003,0,-10.986773573413867,-6.184566673694461,32,0.21875,-0.007440999840829023,-15.788980473133272,42,0.14285714285714285,-0.017063151245250215
15,2.0,0.005,0.1,0.03,48,True,0.001,0,-12.354606262531728,-12.232438430345594,34,0.4117647058823529,-0.008581467041718763,-12.476774094717864,43,0.32558139534883723,-0.01077914977633765
15,2.0,0.005,0.1,0.03,48,True,0.002,0,-14.383028469292055,-14.557417649697024,34,0.4117647058823529,-0.010022975383993516,-14.208639288887086,43,0.3023255813953488,-0.012104699142705542
15,2.0,0.005,0.1,0.03,48,True,0.003,0,-16.477222394667262,-16.96751039722771,34,0.38235294117647056,-0.011462691101417623,-15.986934392106816,43,0.27906976744186046,-0.013428910465585815
15,2.0,0.005,0.15,0.02,12,False,0.001,0,-12.186862916961406,-18.713799379382582,36,0.19444444444444445,-0.0112326372177263,-5.65992645454023,43,0.23255813953488372,-0.004800532166542437
15,2.0,0.005,0.15,0.02,12,False,0.002,0,-16.21879586729708,-24.814313062414882,36,0.1388888888888889,-0.014273867545997746,-7.623278672179277,43,0.23255813953488372,-0.006403146897796741
15,2.0,0.005,0.15,0.02,12,False,0.003,0,-20.86311231851586,-31.081571484131047,36,0.08333333333333333,-0.01677172528206212,-10.644653152900673,43,0.20930232558139536,-0.008838514209757144
15,2.0,0.005,0.15,0.02,12,True,0.001,0,-11.651681693078805,-16.62535542803271,36,0.2777777777777778,-0.009039695679882947,-6.678007958124901,43,0.27906976744186046,-0.005002024147243973
15,2.0,0.005,0.15,0.02,12,True,0.002,0,-16.341462231087444,-23.734182715537024,36,0.2222222222222222,-0.012250933063808138,-8.948741746637866,43,0.2558139534883721,-0.006626913323969411
15,2.0,0.005,0.15,0.02,12,True,0.003,0,-24.656867506537846,-35.91547299500888,36,0.16666666666666666,-0.015475573733119264,-13.398262018066818,43,0.23255813953488372,-0.009591279591902457
15,2.0,0.005,0.15,0.02,24,False,0.001,0,-4.950931983960533,-4.442823819177385,36,0.16666666666666666,-0.004727307465287187,-5.459040148743682,42,0.16666666666666666,-0.00586433842516571
15,2.0,0.005,0.15,0.02,24,False,0.002,0,-9.086984074433097,-11.105261417541456,36,0.08333333333333333,-0.011015871431253465,-7.068706731324737,42,0.14285714285714285,-0.007567341344644449
15,2.0,0.005,0.15,0.02,24,False,0.003,0,-10.384167513523554,-12.232947520324409,36,0.08333333333333333,-0.01206809242329093,-8.535387506722701,43,0.13953488372093023,-0.00900516905183197
15,2.0,0.005,0.15,0.02,24,True,0.001,0,-11.396032366807791,-15.92280457501977,36,0.2777777777777778,-0.008660070383276073,-6.869260158595812,43,0.3023255813953488,-0.005167512807038069
15,2.0,0.005,0.15,0.02,24,True,0.002,0,-16.68699193196559,-23.945923641681777,36,0.2222222222222222,-0.012393217393236957,-9.428060222249405,43,0.2558139534883721,-0.007005715923047937
15,2.0,0.005,0.15,0.02,24,True,0.003,0,-24.74725296154615,-36.09624390502548,36,0.16666666666666666,-0.015590541444403635,-13.398262018066818,43,0.23255813953488372,-0.009591279591902457
15,2.0,0.005,0.15,0.02,48,False,0.001,0,-4.518890474995542,-2.878256985282649,35,0.17142857142857143,-0.0033655464337318678,-6.159523964708435,42,0.09523809523809523,-0.007174929416736473
15,2.0,0.005,0.15,0.02,48,False,0.002,0,-8.208384258707651,-9.36813782156317,35,0.08571428571428572,-0.010062432228780522,-7.0486306958521325,42,0.09523809523809523,-0.008194625766664382
15,2.0,0.005,0.15,0.02,48,False,0.003,0,-9.329632503504504,-10.345588222235673,35,0.08571428571428572,-0.011085340991012398,-8.313676784773335,43,0.09302325581395349,-0.009544820216558836
15,2.0,0.005,0.15,0.02,48,True,0.001,0,-11.396032366807791,-15.92280457501977,36,0.2777777777777778,-0.008660070383276073,-6.869260158595812,43,0.3023255813953488,-0.005167512807038069
15,2.0,0.005,0.15,0.02,48,True,0.002,0,-16.68699193196559,-23.945923641681777,36,0.2222222222222222,-0.012393217393236957,-9.428060222249405,43,0.2558139534883721,-0.007005715923047937
15,2.0,0.005,0.15,0.02,48,True,0.003,0,-24.74725296154615,-36.09624390502548,36,0.16666666666666666,-0.015590541444403635,-13.398262018066818,43,0.23255813953488372,-0.009591279591902457
15,2.0,0.005,0.15,0.03,12,False,0.001,0,-14.287496415479211,-17.377128653948652,34,0.29411764705882354,-0.01260150586620501,-11.197864177009768,43,0.2558139534883721,-0.010591597647496743
15,2.0,0.005,0.15,0.03,12,False,0.002,0,-16.184915937538484,-19.616960314869843,34,0.29411764705882354,-0.014006595012351982,-12.752871560207128,43,0.2558139534883721,-0.011917521744796624
15,2.0,0.005,0.15,0.03,12,False,0.003,0,-18.435609154479152,-22.52792314637697,34,0.2647058823529412,-0.015933614119928684,-14.343295162581336,43,0.2558139534883721,-0.013242107051760989
15,2.0,0.005,0.15,0.03,12,True,0.001,0,-12.012516475194378,-11.939292487279758,34,0.4117647058823529,-0.008288120076922603,-12.085740463108996,43,0.3023255813953488,-0.01038145181421797
15,2.0,0.005,0.15,0.03,12,True,0.002,0,-14.083036435586804,-14.318398009347515,34,0.4117647058823529,-0.009758601649649055,-13.847674861826093,43,0.27906976744186046,-0.011730241414996343
15,2.0,0.005,0.15,0.03,12,True,0.003,0,-16.219422808388472,-16.78241090096264,34,0.38235294117647056,-0.011227175993355019,-15.656434715814308,43,0.27906976744186046,-0.013077601695009667
15,2.0,0.005,0.15,0.03,24,False,0.001,0,-5.546487409912932,-1.5276813809304666,34,0.29411764705882354,-0.0018827291732210483,-9.565293438895397,42,0.19047619047619047,-0.011563399890904283
15,2.0,0.005,0.15,0.03,24,False,0.002,0,-6.596720833771016,-2.6323599231535715,34,0.29411764705882354,-0.0032188054624744215,-10.56108174438846,42,0.19047619047619047,-0.012702495117503014
15,2.0,0.005,0.15,0.03,24,False,0.003,0,-8.064403668257352,-4.562944904779557,34,0.2647058823529412,-0.005564018223619344,-11.565862431735146,42,0.19047619047619047,-0.013840994240012791
15,2.0,0.005,0.15,0.03,24,True,0.001,0,-12.354606262531728,-12.232438430345594,34,0.4117647058823529,-0.008581467041718763,-12.476774094717864,43,0.32558139534883723,-0.01077914977633765
15,2.0,0.005,0.15,0.03,24,True,0.002,0,-14.383028469292055,-14.557417649697024,34,0.4117647058823529,-0.010022975383993516,-14.208639288887086,43,0.3023255813953488,-0.012104699142705542
15,2.0,0.005,0.15,0.03,24,True,0.003,0,-16.477222394667262,-16.96751039722771,34,0.38235294117647056,-0.011462691101417623,-15.986934392106816,43,0.27906976744186046,-0.013428910465585815
15,2.0,0.005,0.15,0.03,48,False,0.001,0,-4.902990257645317,0.449976474666419,31,0.2903225806451613,0.0006295063252994071,-10.255956989957053,42,0.14285714285714285,-0.013061419071321896
15,2.0,0.005,0.15,0.03,48,False,0.002,0,-5.791655526891525,-0.4614730748105512,31,0.2903225806451613,-0.0006421179280597876,-11.121837978972499,42,0.14285714285714285,-0.014124316752614295
15,2.0,0.005,0.15,0.03,48,False,0.003,0,-7.658839124499073,-3.3256984699737258,31,0.22580645161290322,-0.00455711642322646,-11.99197977902442,42,0.14285714285714285,-0.01518691682303924
15,2.0,0.005,0.15,0.03,48,True,0.001,0,-12.354606262531728,-12.232438430345594,34,0.4117647058823529,-0.008581467041718763,-12.476774094717864,43,0.32558139534883723,-0.01077914977633765
15,2.0,0.005,0.15,0.03,48,True,0.002,0,-14.383028469292055,-14.557417649697024,34,0.4117647058823529,-0.010022975383993516,-14.208639288887086,43,0.3023255813953488,-0.012104699142705542
15,2.0,0.005,0.15,0.03,48,True,0.003,0,-16.477222394667262,-16.96751039722771,34,0.38235294117647056,-0.011462691101417623,-15.986934392106816,43,0.27906976744186046,-0.013428910465585815
15,2.0,0.01,0.05,0.02,12,False,0.001,0,-15.12247746444388,-15.953001455421823,13,0.23076923076923078,-0.009166464836823483,-14.291953473465938,30,0.23333333333333334,-0.008426332279744878
15,2.0,0.01,0.05,0.02,12,False,0.002,0,-17.6633347736707,-18.251903666219476,13,0.23076923076923078,-0.010390715554103504,-17.074765881121927,30,0.23333333333333334,-0.0100425785792953
15,2.0,0.01,0.05,0.02,12,False,0.003,0,-34.16467786887867,-46.1136232782287,13,0.15384615384615385,-0.01697980870604304,-22.215732459528645,30,0.2,-0.012853417149985901
15,2.0,0.01,0.05,0.02,12,True,0.001,0,-10.837497503861488,-5.205388201333735,13,0.3076923076923077,-0.003539954235599815,-16.469606806389244,30,0.23333333333333334,-0.008981737553477365
15,2.0,0.01,0.05,0.02,12,True,0.002,0,-13.495399409475677,-7.214013849933943,13,0.3076923076923077,-0.004850455406683099,-19.77678496901741,30,0.23333333333333334,-0.01066652502084189
15,2.0,0.01,0.05,0.02,12,True,0.003,0,-25.13567079814808,-21.112612254297463,13,0.23076923076923078,-0.01152547686978671,-29.158729341998697,30,0.2,-0.014272062511302657
15,2.0,0.01,0.05,0.02,24,False,0.001,0,-6.075645447449204,-2.9005249823105763,13,0.3076923076923077,-0.002217213474325545,-9.25076591258783,30,0.23333333333333334,-0.006639485096232681
15,2.0,0.01,0.05,0.02,24,False,0.002,0,-10.094097454626095,-8.375287743371933,13,0.23076923076923078,-0.0063365384615384135,-11.812907165880254,30,0.2,-0.008484999999999961
15,2.0,0.01,0.05,0.02,24,False,0.003,0,-16.414657142361975,-19.61930664114145,13,0.15384615384615385,-0.012698461538461504,-13.2100076435825,30,0.2,-0.009478999999999958
15,2.0,0.01,0.05,0.02,24,True,0.001,0,-10.217473639566347,-3.6902422332516527,13,0.3076923076923077,-0.002488684183457703,-16.74470504588104,30,0.26666666666666666,-0.009218937965848906
15,2.0,0.01,0.05,0.02,24,True,0.002,0,-14.215872585920247,-7.734145168877479,13,0.3076923076923077,-0.005244473549716758,-20.697600002963014,30,0.23333333333333334,-0.011209475412854443
15,2.0,0.01,0.05,0.02,24,True,0.003,0,-25.35386012571508,-21.548990909431467,13,0.23076923076923078,-0.011843848993343424,-29.158729341998697,30,0.2,-0.014272062511302657
15,2.0,0.01,0.05,0.02,48,False,0.001,0,-5.187513087461551,0.04357891170802638,13,0.3076923076923077,3.615384615386737e-05,-10.418605086631128,30,0.2,-0.007490999999999965
15,2.0,0.01,0.05,0.02,48,False,0.002,0,-10.094097454626095,-8.375287743371933,13,0.23076923076923078,-0.0063365384615384135,-11.812907165880254,30,0.2,-0.008484999999999961
15,2.0,0.01,0.05,0.02,48,False,0.003,0,-16.414657142361975,-19.61930664114145,13,0.15384615384615385,-0.012698461538461504,-13.2100076435825,30,0.2,-0.009478999999999958
15,2.0,0.01,0.05,0.02,48,True,0.001,0,-10.217473639566347,-3.6902422332516527,13,0.3076923076923077,-0.002488684183457703,-16.74470504588104,30,0.26666666666666666,-0.009218937965848906
15,2.0,0.01,0.05,0.02,48,True,0.002,0,-14.215872585920247,-7.734145168877479,13,0.3076923076923077,-0.005244473549716758,-20.697600002963014,30,0.23333333333333334,-0.011209475412854443
15,2.0,0.01,0.05,0.02,48,True,0.003,0,-25.35386012571508,-21.548990909431467,13,0.23076923076923078,-0.011843848993343424,-29.158729341998697,30,0.2,-0.014272062511302657
15,2.0,0.01,0.05,0.03,12,False,0.001,0,-13.148475752160884,-9.278247003475565,13,0.38461538461538464,-0.0062635605383723186,-17.0187045008462,30,0.26666666666666666,-0.01275316561307819
15,2.0,0.01,0.05,0.03,12,False,0.002,0,-15.187772956932843,-11.655836668691732,13,0.38461538461538464,-0.0077974727860650305,-18.719709245173952,30,0.26666666666666666,-0.013942951008152234
15,2.0,0.01,0.05,0.03,12,False,0.003,0,-17.252908101462197,-14.069204126835848,13,0.38461538461538464,-0.009329232435663238,-20.436612076088544,30,0.26666666666666666,-0.015131932977758535
15,2.0,0.01,0.05,0.03,12,True,0.001,0,-9.999055717003191,0.504325916181671,13,0.46153846153846156,0.0003871012355120706,-20.502437350188053,30,0.26666666666666666,-0.013955851676634125
15,2.0,0.01,0.05,0.03,12,True,0.002,0,-12.133673166535969,-1.5279693801994856,13,0.46153846153846156,-0.0011600990974734383,-22.73937695287245,30,0.26666666666666666,-0.01524771040277499
15,2.0,0.01,0.05,0.03,12,True,0.003,0,-14.320148589588797,-3.6015389675724054,13,0.46153846153846156,-0.00270512034888603,-25.038758211605188,30,0.26666666666666666,-0.01653835300124368
15,2.0,0.01,0.05,0.03,24,False,0.001,0,-7.050110531695013,-0.692300952600864,13,0.38461538461538464,-0.0006375022792728562,-13.407920110789162,30,0.26666666666666666,-0.011631985096232662
15,2.0,0.01,0.05,0.03,24,False,0.002,0,-8.279932559010335,-1.9513704435297823,13,0.38461538461538464,-0.0017930697934629462,-14.608494674490888,30,0.26666666666666666,-0.012655190171733747
15,2.0,0.01,0.05,0.03,24,False,0.003,0,-9.513378851169186,-3.2148298344383903,13,0.38461538461538464,-0.0029480191055626746,-15.811927867899982,30,0.26666666666666666,-0.01367826197022003
15,2.0,0.01,0.05,0.03,24,True,0.001,0,-10.789031743529758,-0.4530556590580475,13,0.46153846153846156,-0.00035797253348639733,-21.12500782800147,30,0.3,-0.014525885422339001
15,2.0,0.01,0.05,0.03,24,True,0.002,0,-12.823358244921819,-2.3445552499208584,13,0.46153846153846156,-0.0018294409639571785,-23.30216123992278,30,0.3,-0.015784433145824846
15,2.0,0.01,0.05,0.03,24,True,0.003,0,-14.910821380213914,-4.281071385603402,13,0.46153846153846156,-0.0032990299586689565,-25.540571374824427,30,0.26666666666666666,-0.017041895572402824
15,2.0,0.01,0.05,0.03,48,False,0.001,0,-7.741477529940906,-0.7323465250067174,13,0.38461538461538464,-0.0007319230769230425,-14.750608534875095,30,0.23333333333333334,-0.012816333333333275
15,2.0,0.01,0.05,0.03,48,False,0.002,0,-8.819924250632408,-1.735432782390907,13,0.38461538461538464,-0.0017326923076922914,-15.904415718873908,30,0.23333333333333334,-0.013804999999999956
15,2.0,0.01,0.05,0.03,48,False,0.003,0,-9.900535440346758,-2.7405322585036513,13,0.38461538461538464,-0.002733461538461506,-17.060538622189863,30,0.23333333333333334,-0.014793666666666632
15,2.0,0.01,0.05,0.03,48,True,0.001,0,-10.789031743529758,-0.4530556590580475,13,0.46153846153846156,-0.00035797253348639733,-21.12500782800147,30,0.3,-0.014525885422339001
15,2.0,0.01,0.05,0.03,48,True,0.002,0,-12.823358244921819,-2.3445552499208584,13,0.46153846153846156,-0.0018294409639571785,-23.30216123992278,30,0.3,-0.015784433145824846
15,2.0,0.01,0.05,0.03,48,True,0.003,0,-14.910821380213914,-4.281071385603402,13,0.46153846153846156,-0.0032990299586689565,-25.540571374824427,30,0.26666666666666666,-0.017041895572402824
15,2.0,0.01,0.08,0.02,12,False,0.001,0,-16.855527990298675,-22.073381130527952,13,0.23076923076923078,-0.010668912847208965,-11.637674850069397,30,0.23333333333333334,-0.007617590629314206
15,2.0,0.01,0.08,0.02,12,False,0.002,0,-19.82713439113143,-25.338113883759423,13,0.23076923076923078,-0.011970528050829486,-14.316154898503436,30,0.23333333333333334,-0.009304108662700658
15,2.0,0.01,0.08,0.02,12,False,0.003,0,-32.59654731999089,-46.1136232782287,13,0.15384615384615385,-0.01697980870604304,-19.079471361753072,30,0.2,-0.012184941395261493
15,2.0,0.01,0.08,0.02,12,True,0.001,0,-8.718082595412897,-4.691134888299676,13,0.3076923076923077,-0.0032584200023557186,-12.745030302526118,30,0.23333333333333334,-0.007983237553477362
15,2.0,0.01,0.08,0.02,12,True,0.002,0,-11.180630337926932,-6.8097017583303145,13,0.3076923076923077,-0.004649850073219873,-15.55155891752355,30,0.23333333333333334,-0.009669025020841887
15,2.0,0.01,0.08,0.02,12,True,0.003,0,-21.965331253507756,-21.112612254297463,13,0.23076923076923078,-0.01152547686978671,-22.81805025271805,30,0.2,-0.01327556251130265
15,2.0,0.01,0.08,0.02,24,False,0.001,0,-9.210683793145806,-5.091477279552268,13,0.23076923076923078,-0.004374368226225821,-13.329890306739344,30,0.16666666666666666,-0.01000830078338905
15,2.0,0.01,0.08,0.02,24,False,0.002,0,-13.079150215356162,-10.1755898731138,13,0.15384615384615385,-0.008572811166328183,-15.982710557598521,30,0.13333333333333333,-0.011919389000868235
15,2.0,0.01,0.08,0.02,24,False,0.003,0,-14.505217427560495,-11.520871245047166,13,0.15384615384615385,-0.009647758173928097,-17.489563610073823,30,0.13333333333333333,-0.012978686798924175
15,2.0,0.01,0.08,0.02,24,True,0.001,0,-8.114347842802404,-3.204497250280852,13,0.3076923076923077,-0.0022071499502136073,-13.024198435323957,30,0.26666666666666666,-0.008220437965848903
15,2.0,0.01,0.08,0.02,24,True,0.002,0,-11.842022469731189,-7.325411882707546,13,0.3076923076923077,-0.005043868216253532,-16.358633056754833,30,0.23333333333333334,-0.01021197541285444
15,2.0,0.01,0.08,0.02,24,True,0.003,0,-22.18352058107476,-21.548990909431467,13,0.23076923076923078,-0.011843848993343424,-22.81805025271805,30,0.2,-0.01327556251130265
15,2.0,0.01,0.08,0.02,48,False,0.001,0,-8.114294563151645,-1.3199653032800942,13,0.23076923076923078,-0.0012832341225056923,-14.908623823023198,30,0.1,-0.01148499999999996
15,2.0,0.01,0.08,0.02,48,False,0.002,0,-11.942575943453843,-7.6751794536293705,13,0.15384615384615385,-0.007103846153846085,-16.209972433278317,30,0.1,-0.012474999999999953
15,2.0,0.01,0.08,0.02,48,False,0.003,0,-13.136666509528194,-8.759400136954506,13,0.15384615384615385,-0.008099230769230723,-17.51393288210188,30,0.1,-0.013464999999999958
15,2.0,0.01,0.08,0.02,48,True,0.001,0,-8.114347842802404,-3.204497250280852,13,0.3076923076923077,-0.0022071499502136073,-13.024198435323957,30,0.26666666666666666,-0.008220437965848903
15,2.0,0.01,0.08,0.02,48,True,0.002,0,-11.842022469731189,-7.325411882707546,13,0.3076923076923077,-0.005043868216253532,-16.358633056754833,30,0.23333333333333334,-0.01021197541285444
15,2.0,0.01,0.08,0.02,48,True,0.003,0,-22.18352058107476,-21.548990909431467,13,0.23076923076923078,-0.011843848993343424,-22.81805025271805,30,0.2,-0.01327556251130265
15,2.0,0.01,0.08,0.03,12,False,0.001,0,-13.622374425386418,-12.855047981598148,13,0.38461538461538464,-0.007766008548757802,-14.389700869174689,30,0.26666666666666666,-0.011732588429110253
15,2.0,0.01,0.08,0.03,12,False,0.002,0,-15.983179232869478,-15.80445114699676,13,0.38461538461538464,-0.009377285282791014,-16.161907318742198,30,0.26666666666666666,-0.013027894243834166
15,2.0,0.01,0.08,0.03,12,False,0.003,0,-18.412761808296153,-18.854566249934166,13,0.38461538461538464,-0.010986094254370728,-17.97095736665814,30,0.26666666666666666,-0.014321979053778607
15,2.0,0.01,0.08,0.03,12,True,0.001,0,-8.191338061310379,0.857740224527526,13,0.46153846153846156,0.0006686354687561666,-17.240416347148283,30,0.26666666666666666,-0.012957351676634123
15,2.0,0.01,0.08,0.03,12,True,0.002,0,-10.22058849094202,-1.2495281244707437,13,0.46153846153846156,-0.0009594937640102128,-19.1916488574133,30,0.26666666666666666,-0.014250210402774988
15,2.0,0.01,0.08,0.03,12,True,0.003,0,-12.301715725574361,-3.4179370449437085,13,0.46153846153846156,-0.002585121646881668,-21.185494406205013,30,0.26666666666666666,-0.015541853001243673
15,2.0,0.01,0.08,0.03,24,False,0.001,0,-6.672688872327203,2.1803284584602296,13,0.38461538461538464,0.0022704232612886853,-15.525706203114636,30,0.2,-0.014667967450055698
15,2.0,0.01,0.08,0.03,24,False,0.002,0,-7.952550934296948,0.8431333005303865,13,0.38461538461538464,0.0008702426917738024,-16.748235169124282,30,0.2,-0.01575707917260202
15,2.0,0.01,0.08,0.03,24,False,0.003,0,-9.247846019139669,-0.5164169898535297,13,0.38461538461538464,-0.000528353829999788,-17.97927504842581,30,0.2,-0.016845782102477568
15,2.0,0.01,0.08,0.03,24,True,0.001,0,-8.966723403807388,-0.09531730170768911,13,0.46153846153846156,-7.643830024230136e-05,-17.838129505907087,30,0.3,-0.013527385422338998
15,2.0,0.01,0.08,0.03,24,True,0.002,0,-10.901257255125147,-2.0649071561068406,13,0.46153846153846156,-0.001628835630493953,-19.737607354143453,30,0.3,-0.014786933145824844
15,2.0,0.01,0.08,0.03,24,True,0.003,0,-12.888528796018793,-4.097872409390585,13,0.46153846153846156,-0.0031790312566645942,-21.679185182647,30,0.26666666666666666,-0.01604539557240282
15,2.0,0.01,0.08,0.03,48,False,0.001,0,-7.525858331595031,0.9819289603215101,13,0.3076923076923077,0.001174464296346124,-16.03364562351157,30,0.16666666666666666,-0.015467000195776267
15,2.0,0.01,0.08,0.03,48,False,0.002,0,-8.551969267642946,0.013439936008555267,13,0.3076923076923077,1.6041849961753514e-05,-17.117378471294447,30,0.16666666666666666,-0.016486522924616116
15,2.0,0.01,0.08,0.03,48,False,0.003,0,-9.581214174293363,-0.9585019980102184,13,0.3076923076923077,-0.0011417582374784042,-18.20392635057651,30,0.16666666666666666,-0.01750591174335032
15,2.0,0.01,0.08,0.03,48,True,0.001,0,-8.966723403807388,-0.09531730170768911,13,0.46153846153846156,-7.643830024230136e-05,-17.838129505907087,30,0.3,-0.013527385422338998
15,2.0,0.01,0.08,0.03,48,True,0.002,0,-10.901257255125147,-2.0649071561068406,13,0.46153846153846156,-0.001628835630493953,-19.737607354143453,30,0.3,-0.014786933145824844
15,2.0,0.01,0.08,0.03,48,True,0.003,0,-12.888528796018793,-4.097872409390585,13,0.46153846153846156,-0.0031790312566645942,-21.679185182647,30,0.26666666666666666,-0.01604539557240282
15,2.0,0.01,0.1,0.02,12,False,0.001,0,-15.891303925126874,-22.073381130527952,13,0.23076923076923078,-0.010668912847208965,-9.709226719725793,30,0.23333333333333334,-0.006951923962647536
15,2.0,0.01,0.1,0.02,12,False,0.002,0,-18.73530242960308,-25.338113883759423,13,0.23076923076923078,-0.011970528050829486,-12.132490975446736,30,0.23333333333333334,-0.008639108662700656
15,2.0,0.01,0.1,0.02,12,False,0.003,0,-31.252322776997232,-46.1136232782287,13,0.15384615384615385,-0.01697980870604304,-16.391022275765764,30,0.2,-0.011520608061928164
15,2.0,0.01,0.1,0.02,12,True,0.001,0,-8.506744397660961,-4.691134888299676,13,0.3076923076923077,-0.0032584200023557186,-12.322353907022245,30,0.23333333333333334,-0.00785932629897457
15,2.0,0.01,0.1,0.02,12,True,0.002,0,-11.009788572391164,-6.8097017583303145,13,0.3076923076923077,-0.004649850073219873,-15.209875386452014,30,0.23333333333333334,-0.009581181791078463
15,2.0,0.01,0.1,0.02,12,True,0.003,0,-21.818077048860886,-21.112612254297463,13,0.23076923076923078,-0.01152547686978671,-22.523541843424304,30,0.2,-0.013223643672945769
15,2.0,0.01,0.1,0.02,24,False,0.001,0,-7.9386323334277655,-3.7521351898738233,13,0.23076923076923078,-0.0034511009133115123,-12.125129476981707,30,0.16666666666666666,-0.009577215863984528
15,2.0,0.01,0.1,0.02,24,False,0.002,0,-11.655147846439274,-8.589982900179697,13,0.15384615384615385,-0.007734051124593879,-14.720312792698849,30,0.13333333333333333,-0.011524322500452612
15,2.0,0.01,0.1,0.02,24,False,0.003,0,-13.119712038220486,-9.996168914850333,13,0.15384615384615385,-0.008893171403983128,-16.24325516159064,30,0.13333333333333333,-0.012619496511713041
15,2.0,0.01,0.1,0.02,24,True,0.001,0,-7.902638987292575,-3.204497250280852,13,0.3076923076923077,-0.0022071499502136073,-12.600780724304299,30,0.26666666666666666,-0.008096526711346112
15,2.0,0.01,0.1,0.02,24,True,0.002,0,-11.66641484225654,-7.325411882707546,13,0.3076923076923077,-0.005043868216253532,-16.007417801805534,30,0.23333333333333334,-0.010124132183091016
15,2.0,0.01,0.1,0.02,24,True,0.003,0,-22.036266376427886,-21.548990909431467,13,0.23076923076923078,-0.011843848993343424,-22.523541843424304,30,0.2,-0.013223643672945769
15,2.0,0.01,0.1,0.02,48,False,0.001,0,-9.181956682213297,-0.8239722980627228,13,0.23076923076923078,-0.0008333243309296134,-17.53994106636387,30,0.06666666666666667,-0.013481999999999961
15,2.0,0.01,0.1,0.02,48,False,0.002,0,-12.915287009550438,-6.986382781405733,13,0.15384615384615385,-0.0067359670722199165,-18.844191237695142,30,0.06666666666666667,-0.014469999999999945
15,2.0,0.01,0.1,0.02,48,False,0.003,0,-14.147513462575919,-8.143967854052917,13,0.15384615384615385,-0.007813056400202209,-20.15105907109892,30,0.06666666666666667,-0.015457999999999967
15,2.0,0.01,0.1,0.02,48,True,0.001,0,-7.902638987292575,-3.204497250280852,13,0.3076923076923077,-0.0022071499502136073,-12.600780724304299,30,0.26666666666666666,-0.008096526711346112
15,2.0,0.01,0.1,0.02,48,True,0.002,0,-11.66641484225654,-7.325411882707546,13,0.3076923076923077,-0.005043868216253532,-16.007417801805534,30,0.23333333333333334,-0.010124132183091016
15,2.0,0.01,0.1,0.02,48,True,0.003,0,-22.036266376427886,-21.548990909431467,13,0.23076923076923078,-0.011843848993343424,-22.523541843424304,30,0.2,-0.013223643672945769
15,2.0,0.01,0.1,0.03,12,False,0.001,0,-12.805825905304594,-12.855047981598148,13,0.38461538461538464,-0.007766008548757802,-12.756603829011041,30,0.26666666666666666,-0.011066921762443583
15,2.0,0.01,0.1,0.03,12,False,0.002,0,-15.099145272763884,-15.80445114699676,13,0.38461538461538464,-0.009377285282791014,-14.39383939853101,30,0.26666666666666666,-0.012362894243834166
15,2.0,0.01,0.1,0.03,12,False,0.003,0,-17.457526078441443,-18.854566249934166,13,0.38461538461538464,-0.010986094254370728,-16.06048590694872,30,0.26666666666666666,-0.013657645720445278
15,2.0,0.01,0.1,0.03,12,True,0.001,0,-7.995824495729289,0.857740224527526,13,0.46153846153846156,0.0006686354687561666,-16.849389215986104,30,0.26666666666666666,-0.012833440422131331
15,2.0,0.01,0.1,0.03,12,True,0.002,0,-10.069501725374574,-1.2495281244707437,13,0.46153846153846156,-0.0009594937640102128,-18.889475326278404,30,0.26666666666666666,-0.014162367173011562
15,2.0,0.01,0.1,0.03,12,True,0.003,0,-12.204558564275164,-3.4179370449437085,13,0.46153846153846156,-0.002585121646881668,-20.99118008360662,30,0.26666666666666666,-0.015489934162886793
15,2.0,0.01,0.1,0.03,24,False,0.001,0,-5.562759233424584,2.9349792941248647,13,0.38461538461538464,0.003193690574202994,-14.060497760974034,30,0.2,-0.013978288803691704
15,2.0,0.01,0.1,0.03,24,False,0.002,0,-6.8829746579172335,1.5897045050323182,13,0.38461538461538464,0.0017090027335081048,-15.355653820866785,30,0.2,-0.015139756066823459
15,2.0,0.01,0.1,0.03,24,False,0.003,0,-8.228754948476979,0.21302124055413313,13,0.38461538461538464,0.0002262329399451824,-16.670531137508092,30,0.2,-0.016300528161850604
15,2.0,0.01,0.1,0.03,24,True,0.001,0,-8.76932883410748,-0.09531730170768911,13,0.46153846153846156,-7.643830024230136e-05,-17.44334036650727,30,0.3,-0.013403474167836207
15,2.0,0.01,0.1,0.03,24,True,0.002,0,-10.749178423722213,-2.0649071561068406,13,0.46153846153846156,-0.001628835630493953,-19.433449691337586,30,0.3,-0.014699089916061418
15,2.0,0.01,0.1,0.03,24,True,0.003,0,-12.791001601842003,-4.097872409390585,13,0.46153846153846156,-0.0031790312566645942,-21.48413079429342,30,0.26666666666666666,-0.015993476734045938
15,2.0,0.01,0.1,0.03,48,False,0.001,0,-8.173228635701744,0.6619873328704069,13,0.3076923076923077,0.0007909990476885578,-17.008444604273894,30,0.13333333333333333,-0.01713116686244293
15,2.0,0.01,0.1,0.03,48,False,0.002,0,-9.24710704100409,-0.4470780736783089,13,0.3076923076923077,-0.0005304515917457952,-18.047136008329872,30,0.13333333333333333,-0.018149022924616117
15,2.0,0.01,0.1,0.03,48,False,0.003,0,-10.32961268979549,-1.5707260121701625,13,0.3076923076923077,-0.0018506268705863562,-19.088499367420816,30,0.13333333333333333,-0.019166745076683662
15,2.0,0.01,0.1,0.03,48,True,0.001,0,-8.76932883410748,-0.09531730170768911,13,0.46153846153846156,-7.643830024230136e-05,-17.44334036650727,30,0.3,-0.013403474167836207
15,2.0,0.01,0.1,0.03,48,True,0.002,0,-10.749178423722213,-2.0649071561068406,13,0.46153846153846156,-0.001628835630493953,-19.433449691337586,30,0.3,-0.014699089916061418
15,2.0,0.01,0.1,0.03,48,True,0.003,0,-12.791001601842003,-4.097872409390585,13,0.46153846153846156,-0.0031790312566645942,-21.48413079429342,30,0.26666666666666666,-0.015993476734045938
15,2.0,0.01,0.15,0.02,12,False,0.001,0,-16.20047492616432,-22.073381130527952,13,0.23076923076923078,-0.010668912847208965,-10.327568721800684,30,0.23333333333333334,-0.007174581208405262
15,2.0,0.01,0.15,0.02,12,False,0.002,0,-19.14410658003963,-25.338113883759423,13,0.23076923076923078,-0.011970528050829486,-12.950099276319838,30,0.23333333333333334,-0.008897804827693586
15,2.0,0.01,0.15,0.02,12,False,0.003,0,-31.82714562052758,-46.1136232782287,13,0.15384615384615385,-0.01697980870604304,-17.540667962826465,30,0.2,-0.011815198242148505
15,2.0,0.01,0.15,0.02,12,True,0.001,0,-8.506744397660961,-4.691134888299676,13,0.3076923076923077,-0.0032584200023557186,-12.322353907022245,30,0.23333333333333334,-0.00785932629897457
15,2.0,0.01,0.15,0.02,12,True,0.002,0,-11.009788572391164,-6.8097017583303145,13,0.3076923076923077,-0.004649850073219873,-15.209875386452014,30,0.23333333333333334,-0.009581181791078463
15,2.0,0.01,0.15,0.02,12,True,0.003,0,-21.818077048860886,-21.112612254297463,13,0.23076923076923078,-0.01152547686978671,-22.523541843424304,30,0.2,-0.013223643672945769
15,2.0,0.01,0.15,0.02,24,False,0.001,0,-8.617650111362979,-3.7521351898738233,13,0.23076923076923078,-0.0034511009133115123,-13.483165032852135,30,0.16666666666666666,-0.010071697473717865
15,2.0,0.01,0.15,0.02,24,False,0.002,0,-12.481429860780832,-8.589982900179697,13,0.15384615384615385,-0.007734051124593879,-16.37287682138197,30,0.13333333333333333,-0.012054299921764204
15,2.0,0.01,0.15,0.02,24,False,0.003,0,-14.067353912470749,-9.996168914850333,13,0.15384615384615385,-0.008893171403983128,-18.138538910091164,30,0.13333333333333333,-0.013184825923021918
15,2.0,0.01,0.15,0.02,24,True,0.001,0,-7.902638987292575,-3.204497250280852,13,0.3076923076923077,-0.0022071499502136073,-12.600780724304299,30,0.26666666666666666,-0.008096526711346112
15,2.0,0.01,0.15,0.02,24,True,0.002,0,-11.66641484225654,-7.325411882707546,13,0.3076923076923077,-0.005043868216253532,-16.007417801805534,30,0.23333333333333334,-0.010124132183091016
15,2.0,0.01,0.15,0.02,24,True,0.003,0,-22.036266376427886,-21.548990909431467,13,0.23076923076923078,-0.011843848993343424,-22.523541843424304,30,0.2,-0.013223643672945769
15,2.0,0.01,0.15,0.02,48,False,0.001,0,-6.113120431859557,2.345461354248481,13,0.23076923076923078,0.0030070602844549845,-14.571702217967596,30,0.06666666666666667,-0.012773234516764416
15,2.0,0.01,0.15,0.02,48,False,0.002,0,-9.053288092332723,-2.310964091200807,13,0.15384615384615385,-0.0028994286106814797,-15.795612093464639,30,0.06666666666666667,-0.01379747607333015
15,2.0,0.01,0.15,0.02,48,False,0.003,0,-10.105070505107058,-3.1827328013671323,13,0.15384615384615385,-0.003980364092509909,-17.027408208846982,30,0.06666666666666667,-0.014821575643734337
15,2.0,0.01,0.15,0.02,48,True,0.001,0,-7.902638987292575,-3.204497250280852,13,0.3076923076923077,-0.0022071499502136073,-12.600780724304299,30,0.26666666666666666,-0.008096526711346112
15,2.0,0.01,0.15,0.02,48,True,0.002,0,-11.66641484225654,-7.325411882707546,13,0.3076923076923077,-0.005043868216253532,-16.007417801805534,30,0.23333333333333334,-0.010124132183091016
15,2.0,0.01,0.15,0.02,48,True,0.003,0,-22.036266376427886,-21.548990909431467,13,0.23076923076923078,-0.011843848993343424,-22.523541843424304,30,0.2,-0.013223643672945769
15,2.0,0.01,0.15,0.03,12,False,0.001,0,-13.073703430591753,-12.855047981598148,13,0.38461538461538464,-0.007766008548757802,-13.292358879585356,30,0.26666666666666666,-0.011289579008201307
15,2.0,0.01,0.15,0.03,12,False,0.002,0,-15.437067891405537,-15.80445114699676,13,0.38461538461538464,-0.009377285282791014,-15.069684635814312,30,0.26666666666666666,-0.012621590408827096
15,2.0,0.01,0.15,0.03,12,False,0.003,0,-17.874434318397864,-18.854566249934166,13,0.38461538461538464,-0.010986094254370728,-16.89430238686156,30,0.26666666666666666,-0.01395223590066562
15,2.0,0.01,0.15,0.03,12,True,0.001,0,-7.995824495729289,0.857740224527526,13,0.46153846153846156,0.0006686354687561666,-16.849389215986104,30,0.26666666666666666,-0.012833440422131331
15,2.0,0.01,0.15,0.03,12,True,0.002,0,-10.069501725374574,-1.2495281244707437,13,0.46153846153846156,-0.0009594937640102128,-18.889475326278404,30,0.26666666666666666,-0.014162367173011562
15,2.0,0.01,0.15,0.03,12,True,0.003,0,-12.204558564275164,-3.4179370449437085,13,0.46153846153846156,-0.002585121646881668,-20.99118008360662,30,0.26666666666666666,-0.015489934162886793
15,2.0,0.01,0.15,0.03,24,False,0.001,0,-6.078772184611077,2.9349792941248647,13,0.38461538461538464,0.003193690574202994,-15.09252366334702,30,0.2,-0.01447277041342504
15,2.0,0.01,0.15,0.03,24,False,0.002,0,-7.469900171475518,1.5897045050323182,13,0.38461538461538464,0.0017090027335081048,-16.529504847983354,30,0.2,-0.015669733488135048
15,2.0,0.01,0.15,0.03,24,False,0.003,0,-8.892521737365445,0.21302124055413313,13,0.38461538461538464,0.0002262329399451824,-17.998064715285025,30,0.2,-0.01686585757315948
15,2.0,0.01,0.15,0.03,24,True,0.001,0,-8.76932883410748,-0.09531730170768911,13,0.46153846153846156,-7.643830024230136e-05,-17.44334036650727,30,0.3,-0.013403474167836207
15,2.0,0.01,0.15,0.03,24,True,0.002,0,-10.749178423722213,-2.0649071561068406,13,0.46153846153846156,-0.001628835630493953,-19.433449691337586,30,0.3,-0.014699089916061418
15,2.0,0.01,0.15,0.03,24,True,0.003,0,-12.791001601842003,-4.097872409390585,13,0.46153846153846156,-0.0031790312566645942,-21.48413079429342,30,0.26666666666666666,-0.015993476734045938
15,2.0,0.01,0.15,0.03,48,False,0.001,0,-7.136078888505068,3.242306654126843,13,0.3076923076923077,0.004631383663073156,-17.51446443113698,30,0.13333333333333333,-0.017753024366527356
15,2.0,0.01,0.15,0.03,48,False,0.002,0,-8.180336078146933,2.325705561225905,13,0.3076923076923077,0.003306086869792643,-18.686377717519772,30,0.13333333333333333,-0.018840947178442948
15,2.0,0.01,0.15,0.03,48,False,0.003,0,-9.234074336282486,1.4009825842603285,13,0.3076923076923077,0.0019820654371059438,-19.869131256825302,30,0.13333333333333333,-0.01992845360209362
15,2.0,0.01,0.15,0.03,48,True,0.001,0,-8.76932883410748,-0.09531730170768911,13,0.46153846153846156,-7.643830024230136e-05,-17.44334036650727,30,0.3,-0.013403474167836207
15,2.0,0.01,0.15,0.03,48,True,0.002,0,-10.749178423722213,-2.0649071561068406,13,0.46153846153846156,-0.001628835630493953,-19.433449691337586,30,0.3,-0.014699089916061418
15,2.0,0.01,0.15,0.03,48,True,0.003,0,-12.791001601842003,-4.097872409390585,13,0.46153846153846156,-0.0031790312566645942,-21.48413079429342,30,0.26666666666666666,-0.015993476734045938
15,2.5,0.0,0.05,0.02,12,False,0.001,0,-23.585310853714233,-28.79214048623272,22,0.18181818181818182,-0.013460748930004903,-18.37848122119575,32,0.21875,-0.009994985459287526
15,2.5,0.0,0.05,0.02,12,False,0.002,0,-28.72545009861654,-35.96378658510569,22,0.13636363636363635,-0.01599299637893896,-21.4871136121274,32,0.21875,-0.011602609863558537
15,2.5,0.0,0.05,0.02,12,False,0.003,0,-33.01944901426327,-38.7762649315811,22,0.13636363636363635,-0.017071207422552245,-27.26263309694544,32,0.1875,-0.014330037056157121
15,2.5,0.0,0.05,0.02,12,True,0.001,0,-26.660109035559923,-32.727746469261895,22,0.18181818181818182,-0.013476261481979857,-20.59247160185795,32,0.21875,-0.01032506333449289
15,2.5,0.0,0.05,0.02,12,True,0.002,0,-32.725321221381414,-41.08648970300349,22,0.13636363636363635,-0.015933192521698804,-24.36415273975934,32,0.21875,-0.011997325933305936
15,2.5,0.0,0.05,0.02,12,True,0.003,0,-40.42385706354983,-45.22348827230301,22,0.13636363636363635,-0.017103152125561658,-35.624225854796656,32,0.1875,-0.015470163453862573
15,2.5,0.0,0.05,0.02,24,False,0.001,0,-18.086539506189556,-19.94018997382314,22,0.13636363636363635,-0.011902400119913894,-16.23288903855597,32,0.1875,-0.010216434312907825
15,2.5,0.0,0.05,0.02,24,False,0.002,0,-24.983615035971646,-30.72685239323696,22,0.09090909090909091,-0.015824529158356988,-19.240377678706334,32,0.15625,-0.012037385162481826
15,2.5,0.0,0.05,0.02,24,False,0.003,0,-27.04034451037503,-33.13604141658091,22,0.09090909090909091,-0.01708863636363631,-20.94464760416915,32,0.15625,-0.013059912178658326
15,2.5,0.0,0.05,0.02,24,True,0.001,0,-26.779700704855166,-32.727746469261895,22,0.18181818181818182,-0.013476261481979857,-20.831654940448438,32,0.25,-0.010547438721091207
15,2.5,0.0,0.05,0.02,24,True,0.002,0,-33.20611708140101,-41.08648970300349,22,0.13636363636363635,-0.015933192521698804,-25.32574445979854,32,0.21875,-0.012506341925817703
15,2.5,0.0,0.05,0.02,24,True,0.003,0,-40.42385706354983,-45.22348827230301,22,0.13636363636363635,-0.017103152125561658,-35.624225854796656,32,0.1875,-0.015470163453862573
15,2.5,0.0,0.05,0.02,48,False,0.001,0,-17.7586309285329,-19.35432426620518,22,0.13636363636363635,-0.011938863636363596,-16.16293759086062,32,0.15625,-0.010548906249999965
15,2.5,0.0,0.05,0.02,48,False,0.002,0,-24.445540660588186,-31.192112807773327,22,0.09090909090909091,-0.016102272727272684,-17.69896851340305,32,0.15625,-0.01153984374999995
15,2.5,0.0,0.05,0.02,48,False,0.003,0,-26.18706185211558,-33.13604141658091,22,0.09090909090909091,-0.01708863636363631,-19.23808228765025,32,0.15625,-0.012530781249999956
15,2.5,0.0,0.05,0.02,48,True,0.001,0,-26.779700704855166,-32.727746469261895,22,0.18181818181818182,-0.013476261481979857,-20.831654940448438,32,0.25,-0.010547438721091207
15,2.5,0.0,0.05,0.02,48,True,0.002,0,-33.20611708140101,-41.08648970300349,22,0.13636363636363635,-0.015933192521698804,-25.32574445979854,32,0.21875,-0.012506341925817703
15,2.5,0.0,0.05,0.02,48,True,0.003,0,-40.42385706354983,-45.22348827230301,22,0.13636363636363635,-0.017103152125561658,-35.624225854796656,32,0.1875,-0.015470163453862573
15,2.5,0.0,0.05,0.03,12,False,0.001,0,-23.47773651619847,-23.430701679680794,20,0.3,-0.014826715511667856,-23.524771352716144,32,0.25,-0.01559251094931988
15,2.5,0.0,0.05,0.03,12,False,0.002,0,-25.753739095208566,-25.820479422828253,20,0.3,-0.016115507560316083,-25.68699876758888,32,0.25,-0.01683051981421463
15,2.5,0.0,0.05,0.03,12,False,0.003,0,-28.08018808781218,-28.268336814614244,20,0.3,-0.017403092250621147,-27.892039361010113,32,0.25,-0.018067521187599803
15,2.5,0.0,0.05,0.03,12,True,0.001,0,-23.582965536225707,-22.520879620677704,20,0.3,-0.013604659683650674,-24.645051451773707,32,0.25,-0.015681481761989212
15,2.5,0.0,0.05,0.03,12,True,0.002,0,-26.280892348128752,-25.349579631209977,20,0.3,-0.014996389670783738,-27.212205065047527,32,0.25,-0.016984610555623374
15,2.5,0.0,0.05,0.03,12,True,0.003,0,-29.084709464502602,-28.293670297157718,20,0.3,-0.016386505846283143,-29.875748631847486,32,0.25,-0.018286471279912897
15,2.5,0.0,0.05,0.03,24,False,0.001,0,-18.526573766435412,-16.803125357754617,20,0.2,-0.013413577855121067,-20.250022175116204,32,0.21875,-0.015832996812907826
15,2.5,0.0,0.05,0.03,24,False,0.002,0,-19.988705585120993,-18.31275034231751,20,0.2,-0.014552458952242822,-21.664660827924475,32,0.21875,-0.016882094698482265
15,2.5,0.0,0.05,0.03,24,False,0.003,0,-21.45981796238919,-19.832693478669025,20,0.2,-0.01569073739645549,-23.086942446109358,32,0.21875,-0.017930939025739653
15,2.5,0.0,0.05,0.03,24,True,0.001,0,-24.722013510691685,-24.19724184190154,20,0.3,-0.014786675057696519,-25.24678517948183,32,0.28125,-0.016215888398587532
15,2.5,0.0,0.05,0.03,24,True,0.002,0,-27.348442577099352,-26.944266112414255,20,0.3,-0.016127785262164965,-27.75261904178445,32,0.28125,-0.01748778812723261
15,2.5,0.0,0.05,0.03,24,True,0.003,0,-30.077671345025053,-29.802841607678182,20,0.3,-0.017467479203146584,-30.352501082371923,32,0.25,-0.018758542440374594
15,2.5,0.0,0.05,0.03,48,False,0.001,0,-19.0143294344606,-17.478422338584092,19,0.21052631578947367,-0.01463815789473682,-20.550236530337106,32,0.1875,-0.016477499999999968
15,2.5,0.0,0.05,0.03,48,False,0.002,0,-20.237989140550653,-18.675446446804674,19,0.21052631578947367,-0.015624999999999965,-21.80053183429663,32,0.1875,-0.017462499999999964
15,2.5,0.0,0.05,0.03,48,False,0.003,0,-21.4641047616785,-19.874873011766624,19,0.21052631578947367,-0.01661184210526313,-23.053336511590377,32,0.1875,-0.018447499999999974
15,2.5,0.0,0.05,0.03,48,True,0.001,0,-24.722013510691685,-24.19724184190154,20,0.3,-0.014786675057696519,-25.24678517948183,32,0.28125,-0.016215888398587532
15,2.5,0.0,0.05,0.03,48,True,0.002,0,-27.348442577099352,-26.944266112414255,20,0.3,-0.016127785262164965,-27.75261904178445,32,0.28125,-0.01748778812723261
15,2.5,0.0,0.05,0.03,48,True,0.003,0,-30.077671345025053,-29.802841607678182,20,0.3,-0.017467479203146584,-30.352501082371923,32,0.25,-0.018758542440374594
15,2.5,0.0,0.08,0.02,12,False,0.001,0,-21.88761770636396,-24.639887760177828,22,0.18181818181818182,-0.012862563256814884,-19.135347652550095,32,0.21875,-0.010172883912008771
15,2.5,0.0,0.08,0.02,12,False,0.002,0,-26.830184356693824,-31.010743301565203,22,0.13636363636363635,-0.015443495117863392,-22.649625411822445,32,0.21875,-0.011845450566751065
15,2.5,0.0,0.08,0.02,12,False,0.003,0,-31.490881448559573,-33.87189017434712,22,0.13636363636363635,-0.016570198422749375,-29.109872722772025,32,0.1875,-0.014637559786102995
15,2.5,0.0,0.08,0.02,12,True,0.001,0,-26.660109035559923,-32.727746469261895,22,0.18181818181818182,-0.013476261481979857,-20.59247160185795,32,0.21875,-0.01032506333449289
15,2.5,0.0,0.08,0.02,12,True,0.002,0,-32.725321221381414,-41.08648970300349,22,0.13636363636363635,-0.015933192521698804,-24.36415273975934,32,0.21875,-0.011997325933305936
15,2.5,0.0,0.08,0.02,12,True,0.003,0,-40.42385706354983,-45.22348827230301,22,0.13636363636363635,-0.017103152125561658,-35.624225854796656,32,0.1875,-0.015470163453862573
15,2.5,0.0,0.08,0.02,24,False,0.001,0,-19.770233948621275,-11.632819782693499,22,0.13636363636363635,-0.009179218301732064,-27.907648114549048,31,0.12903225806451613,-0.014728610274344783
15,2.5,0.0,0.08,0.02,24,False,0.002,0,-24.943386276173406,-17.805996796072098,22,0.09090909090909091,-0.013104074612902444,-32.08077575627471,31,0.0967741935483871,-0.016604180611057125
15,2.5,0.0,0.08,0.02,24,False,0.003,0,-27.35257403071214,-19.506327191636686,22,0.09090909090909091,-0.01437090909090902,-35.198820869787596,32,0.09375,-0.017835897070071084
15,2.5,0.0,0.08,0.02,24,True,0.001,0,-26.779700704855166,-32.727746469261895,22,0.18181818181818182,-0.013476261481979857,-20.831654940448438,32,0.25,-0.010547438721091207
15,2.5,0.0,0.08,0.02,24,True,0.002,0,-33.20611708140101,-41.08648970300349,22,0.13636363636363635,-0.015933192521698804,-25.32574445979854,32,0.21875,-0.012506341925817703
15,2.5,0.0,0.08,0.02,24,True,0.003,0,-40.42385706354983,-45.22348827230301,22,0.13636363636363635,-0.017103152125561658,-35.624225854796656,32,0.1875,-0.015470163453862573
15,2.5,0.0,0.08,0.02,48,False,0.001,0,-16.367356164483443,-8.912693884560449,22,0.13636363636363635,-0.007854090909090857,-23.822018444406435,31,0.06451612903225806,-0.015028064516129005
15,2.5,0.0,0.08,0.02,48,False,0.002,0,-21.778368602703885,-18.145577144657736,22,0.09090909090909091,-0.013381818181818139,-25.41116006075004,31,0.06451612903225806,-0.016014516129032205
15,2.5,0.0,0.08,0.02,48,False,0.003,0,-23.618126740215196,-19.506327191636686,22,0.09090909090909091,-0.01437090909090902,-27.729926288793706,32,0.0625,-0.017201874999999957
15,2.5,0.0,0.08,0.02,48,True,0.001,0,-26.779700704855166,-32.727746469261895,22,0.18181818181818182,-0.013476261481979857,-20.831654940448438,32,0.25,-0.010547438721091207
15,2.5,0.0,0.08,0.02,48,True,0.002,0,-33.20611708140101,-41.08648970300349,22,0.13636363636363635,-0.015933192521698804,-25.32574445979854,32,0.21875,-0.012506341925817703
15,2.5,0.0,0.08,0.02,48,True,0.003,0,-40.42385706354983,-45.22348827230301,22,0.13636363636363635,-0.017103152125561658,-35.624225854796656,32,0.1875,-0.015470163453862573
15,2.5,0.0,0.08,0.03,12,False,0.001,0,-22.532157189254956,-20.86983787905248,20,0.3,-0.014168711271158832,-24.194476499457434,32,0.25,-0.015770409402041125
15,2.5,0.0,0.08,0.03,12,False,0.002,0,-24.9664605033565,-23.25464647778214,20,0.3,-0.015511056173132962,-26.678274528930867,32,0.25,-0.017073360517407158
15,2.5,0.0,0.08,0.03,12,False,0.003,0,-27.48526408816914,-25.7204351860318,20,0.3,-0.016851982350837992,-29.250092990306477,32,0.25,-0.018375043917545675
15,2.5,0.0,0.08,0.03,12,True,0.001,0,-23.582965536225707,-22.520879620677704,20,0.3,-0.013604659683650674,-24.645051451773707,32,0.25,-0.015681481761989212
15,2.5,0.0,0.08,0.03,12,True,0.002,0,-26.280892348128752,-25.349579631209977,20,0.3,-0.014996389670783738,-27.212205065047527,32,0.25,-0.016984610555623374
15,2.5,0.0,0.08,0.03,12,True,0.003,0,-29.084709464502602,-28.293670297157718,20,0.3,-0.016386505846283143,-29.875748631847486,32,0.25,-0.018286471279912897
15,2.5,0.0,0.08,0.03,24,False,0.001,0,-18.575473905521278,-10.929634081274116,20,0.2,-0.010525704848480963,-26.221313729768443,31,0.16129032258064516,-0.019882158661441548
15,2.5,0.0,0.08,0.03,24,False,0.002,0,-20.007051276547934,-12.233194152568082,20,0.2,-0.011719609060462844,-27.780908400527785,31,0.16129032258064516,-0.02096162271273501
15,2.5,0.0,0.08,0.03,24,False,0.003,0,-21.450186064986514,-13.548047608530375,20,0.2,-0.012912702302415794,-29.352324521442654,31,0.16129032258064516,-0.022040695656415383
15,2.5,0.0,0.08,0.03,24,True,0.001,0,-24.722013510691685,-24.19724184190154,20,0.3,-0.014786675057696519,-25.24678517948183,32,0.28125,-0.016215888398587532
15,2.5,0.0,0.08,0.03,24,True,0.002,0,-27.348442577099352,-26.944266112414255,20,0.3,-0.016127785262164965,-27.75261904178445,32,0.28125,-0.01748778812723261
15,2.5,0.0,0.08,0.03,24,True,0.003,0,-30.077671345025053,-29.802841607678182,20,0.3,-0.017467479203146584,-30.352501082371923,32,0.25,-0.018758542440374594
15,2.5,0.0,0.08,0.03,48,False,0.001,0,-17.263745493786615,-11.397908003975473,18,0.16666666666666666,-0.011928884475273674,-23.12958298359776,31,0.12903225806451613,-0.01952580664107383
15,2.5,0.0,0.08,0.03,48,False,0.002,0,-18.392552741297532,-12.409049921891764,18,0.16666666666666666,-0.012973276060373145,-24.3760555607033,31,0.12903225806451613,-0.020540183475434976
15,2.5,0.0,0.08,0.03,48,False,0.003,0,-19.52394348195024,-13.421726604544306,18,0.16666666666666666,-0.014017448518136957,-25.626160359356174,31,0.12903225806451613,-0.021554430719371277
15,2.5,0.0,0.08,0.03,48,True,0.001,0,-24.722013510691685,-24.19724184190154,20,0.3,-0.014786675057696519,-25.24678517948183,32,0.28125,-0.016215888398587532
15,2.5,0.0,0.08,0.03,48,True,0.002,0,-27.348442577099352,-26.944266112414255,20,0.3,-0.016127785262164965,-27.75261904178445,32,0.28125,-0.01748778812723261
15,2.5,0.0,0.08,0.03,48,True,0.003,0,-30.077671345025053,-29.802841607678182,20,0.3,-0.017467479203146584,-30.352501082371923,32,0.25,-0.018758542440374594
15,2.5,0.0,0.1,0.02,12,False,0.001,0,-21.88761770636396,-24.639887760177828,22,0.18181818181818182,-0.012862563256814884,-19.135347652550095,32,0.21875,-0.010172883912008771
15,2.5,0.0,0.1,0.02,12,False,0.002,0,-26.830184356693824,-31.010743301565203,22,0.13636363636363635,-0.015443495117863392,-22.649625411822445,32,0.21875,-0.011845450566751065
15,2.5,0.0,0.1,0.02,12,False,0.003,0,-31.490881448559573,-33.87189017434712,22,0.13636363636363635,-0.016570198422749375,-29.109872722772025,32,0.1875,-0.014637559786102995
15,2.5,0.0,0.1,0.02,12,True,0.001,0,-26.660109035559923,-32.727746469261895,22,0.18181818181818182,-0.013476261481979857,-20.59247160185795,32,0.21875,-0.01032506333449289
15,2.5,0.0,0.1,0.02,12,True,0.002,0,-32.725321221381414,-41.08648970300349,22,0.13636363636363635,-0.015933192521698804,-24.36415273975934,32,0.21875,-0.011997325933305936
15,2.5,0.0,0.1,0.02,12,True,0.003,0,-40.42385706354983,-45.22348827230301,22,0.13636363636363635,-0.017103152125561658,-35.624225854796656,32,0.1875,-0.015470163453862573
15,2.5,0.0,0.1,0.02,24,False,0.001,0,-18.002473318435065,-8.60623075308548,22,0.13636363636363635,-0.007725923980464527,-27.39871588378465,31,0.12903225806451613,-0.014664766631127759
15,2.5,0.0,0.1,0.02,24,False,0.002,0,-22.78338582047087,-13.756644039677184,22,0.09090909090909091,-0.011701625497332162,-31.810127601264554,31,0.0967741935483871,-0.016575129478571596
15,2.5,0.0,0.1,0.02,24,False,0.003,0,-25.308153667177784,-15.360427401990489,22,0.09090909090909091,-0.013019107817759721,-35.25587993236508,32,0.09375,-0.01784132459029714
15,2.5,0.0,0.1,0.02,24,True,0.001,0,-26.779700704855166,-32.727746469261895,22,0.18181818181818182,-0.013476261481979857,-20.831654940448438,32,0.25,-0.010547438721091207
15,2.5,0.0,0.1,0.02,24,True,0.002,0,-33.20611708140101,-41.08648970300349,22,0.13636363636363635,-0.015933192521698804,-25.32574445979854,32,0.21875,-0.012506341925817703
15,2.5,0.0,0.1,0.02,24,True,0.003,0,-40.42385706354983,-45.22348827230301,22,0.13636363636363635,-0.017103152125561658,-35.624225854796656,32,0.1875,-0.015470163453862573
15,2.5,0.0,0.1,0.02,48,False,0.001,0,-18.593783464303094,-4.85205977671642,22,0.13636363636363635,-0.005130909090909051,-32.33550715188977,31,0.03225806451612903,-0.01760483870967739
15,2.5,0.0,0.1,0.02,48,False,0.002,0,-23.62438727264201,-13.07192428146417,22,0.09090909090909091,-0.01156818181818176,-34.17685026381985,31,0.03225806451612903,-0.018588709677419296
15,2.5,0.0,0.1,0.02,48,False,0.003,0,-25.50519863910472,-14.205882660691866,22,0.09090909090909091,-0.012559090909090843,-36.80451461751757,32,0.03125,-0.01969312499999997
15,2.5,0.0,0.1,0.02,48,True,0.001,0,-26.779700704855166,-32.727746469261895,22,0.18181818181818182,-0.013476261481979857,-20.831654940448438,32,0.25,-0.010547438721091207
15,2.5,0.0,0.1,0.02,48,True,0.002,0,-33.20611708140101,-41.08648970300349,22,0.13636363636363635,-0.015933192521698804,-25.32574445979854,32,0.21875,-0.012506341925817703
15,2.5,0.0,0.1,0.02,48,True,0.003,0,-40.42385706354983,-45.22348827230301,22,0.13636363636363635,-0.017103152125561658,-35.624225854796656,32,0.1875,-0.015470163453862573
15,2.5,0.0,0.1,0.03,12,False,0.001,0,-22.532157189254956,-20.86983787905248,20,0.3,-0.014168711271158832,-24.194476499457434,32,0.25,-0.015770409402041125
15,2.5,0.0,0.1,0.03,12,False,0.002,0,-24.9664605033565,-23.25464647778214,20,0.3,-0.015511056173132962,-26.678274528930867,32,0.25,-0.017073360517407158
15,2.5,0.0,0.1,0.03,12,False,0.003,0,-27.48526408816914,-25.7204351860318,20,0.3,-0.016851982350837992,-29.250092990306477,32,0.25,-0.018375043917545675
15,2.5,0.0,0.1,0.03,12,True,0.001,0,-23.582965536225707,-22.520879620677704,20,0.3,-0.013604659683650674,-24.645051451773707,32,0.25,-0.015681481761989212
15,2.5,0.0,0.1,0.03,12,True,0.002,0,-26.280892348128752,-25.349579631209977,20,0.3,-0.014996389670783738,-27.212205065047527,32,0.25,-0.016984610555623374
15,2.5,0.0,0.1,0.03,12,True,0.003,0,-29.084709464502602,-28.293670297157718,20,0.3,-0.016386505846283143,-29.875748631847486,32,0.25,-0.018286471279912897
15,2.5,0.0,0.1,0.03,24,False,0.001,0,-17.151211844139606,-8.391539944311486,20,0.2,-0.008927081095086673,-25.910883743967727,31,0.16129032258064516,-0.019809301520192925
15,2.5,0.0,0.1,0.03,24,False,0.002,0,-18.70145516449484,-9.637950289312279,20,0.2,-0.01017691503333553,-27.764960039677398,31,0.16129032258064516,-0.020958241041799334
15,2.5,0.0,0.1,0.03,24,False,0.003,0,-20.282494722834247,-10.901043916294679,20,0.2,-0.011425720901951564,-29.663945529373816,31,0.16129032258064516,-0.02210651212068618
15,2.5,0.0,0.1,0.03,24,True,0.001,0,-24.722013510691685,-24.19724184190154,20,0.3,-0.014786675057696519,-25.24678517948183,32,0.28125,-0.016215888398587532
15,2.5,0.0,0.1,0.03,24,True,0.002,0,-27.348442577099352,-26.944266112414255,20,0.3,-0.016127785262164965,-27.75261904178445,32,0.28125,-0.01748778812723261
15,2.5,0.0,0.1,0.03,24,True,0.003,0,-30.077671345025053,-29.802841607678182,20,0.3,-0.017467479203146584,-30.352501082371923,32,0.25,-0.018758542440374594
15,2.5,0.0,0.1,0.03,48,False,0.001,0,-16.57126822368131,-6.954124266395637,18,0.16666666666666666,-0.008600551141940353,-26.18841218096699,31,0.0967741935483871,-0.021780484060428665
15,2.5,0.0,0.1,0.03,48,False,0.002,0,-17.633692992371582,-7.8088498821010734,18,0.16666666666666666,-0.009648276060373119,-27.458536102642093,31,0.0967741935483871,-0.02279260283027369
15,2.5,0.0,0.1,0.03,48,False,0.003,0,-18.698679089537748,-8.664868068802337,18,0.16666666666666666,-0.010695781851470298,-28.73249011027316,31,0.0967741935483871,-0.023804592009693877
15,2.5,0.0,0.1,0.03,48,True,0.001,0,-24.722013510691685,-24.19724184190154,20,0.3,-0.014786675057696519,-25.24678517948183,32,0.28125,-0.016215888398587532
15,2.5,0.0,0.1,0.03,48,True,0.002,0,-27.348442577099352,-26.944266112414255,20,0.3,-0.016127785262164965,-27.75261904178445,32,0.28125,-0.01748778812723261
15,2.5,0.0,0.1,0.03,48,True,0.003,0,-30.077671345025053,-29.802841607678182,20,0.3,-0.017467479203146584,-30.352501082371923,32,0.25,-0.018758542440374594
15,2.5,0.0,0.15,0.02,12,False,0.001,0,-21.88761770636396,-24.639887760177828,22,0.18181818181818182,-0.012862563256814884,-19.135347652550095,32,0.21875,-0.010172883912008771
15,2.5,0.0,0.15,0.02,12,False,0.002,0,-26.830184356693824,-31.010743301565203,22,0.13636363636363635,-0.015443495117863392,-22.649625411822445,32,0.21875,-0.011845450566751065
15,2.5,0.0,0.15,0.02,12,False,0.003,0,-31.490881448559573,-33.87189017434712,22,0.13636363636363635,-0.016570198422749375,-29.109872722772025,32,0.1875,-0.014637559786102995
15,2.5,0.0,0.15,0.02,12,True,0.001,0,-26.660109035559923,-32.727746469261895,22,0.18181818181818182,-0.013476261481979857,-20.59247160185795,32,0.21875,-0.01032506333449289
15,2.5,0.0,0.15,0.02,12,True,0.002,0,-32.725321221381414,-41.08648970300349,22,0.13636363636363635,-0.015933192521698804,-24.36415273975934,32,0.21875,-0.011997325933305936
15,2.5,0.0,0.15,0.02,12,True,0.003,0,-40.42385706354983,-45.22348827230301,22,0.13636363636363635,-0.017103152125561658,-35.624225854796656,32,0.1875,-0.015470163453862573
15,2.5,0.0,0.15,0.02,24,False,0.001,0,-16.194289039552242,-4.989862195319835,22,0.13636363636363635,-0.005456605798646347,-27.39871588378465,31,0.12903225806451613,-0.014664766631127759
15,2.5,0.0,0.15,0.02,24,False,0.002,0,-20.359209571760985,-8.908291542257416,22,0.09090909090909091,-0.009434580042786724,-31.810127601264554,31,0.0967741935483871,-0.016575129478571596
15,2.5,0.0,0.15,0.02,24,False,0.003,0,-22.71647236760104,-10.177064802836995,22,0.09090909090909091,-0.010754335090487004,-35.25587993236508,32,0.09375,-0.01784132459029714
15,2.5,0.0,0.15,0.02,24,True,0.001,0,-26.779700704855166,-32.727746469261895,22,0.18181818181818182,-0.013476261481979857,-20.831654940448438,32,0.25,-0.010547438721091207
15,2.5,0.0,0.15,0.02,24,True,0.002,0,-33.20611708140101,-41.08648970300349,22,0.13636363636363635,-0.015933192521698804,-25.32574445979854,32,0.21875,-0.012506341925817703
15,2.5,0.0,0.15,0.02,24,True,0.003,0,-40.42385706354983,-45.22348827230301,22,0.13636363636363635,-0.017103152125561658,-35.624225854796656,32,0.1875,-0.015470163453862573
15,2.5,0.0,0.15,0.02,48,False,0.001,0,-10.717033547218945,-0.6970309945294169,22,0.13636363636363635,-0.000943311624591741,-20.737036099908472,31,0.03225806451612903,-0.015994354838709656
15,2.5,0.0,0.15,0.02,48,False,0.002,0,-13.823738845270661,-5.610669963748196,22,0.09090909090909091,-0.007034090909090882,-22.03680772679313,31,0.03225806451612903,-0.01697983870967737
15,2.5,0.0,0.15,0.02,48,False,0.003,0,-15.168347387554354,-6.4111111796166975,22,0.09090909090909091,-0.008029545454545402,-23.92558359549201,32,0.03125,-0.01813609374999997
15,2.5,0.0,0.15,0.02,48,True,0.001,0,-26.779700704855166,-32.727746469261895,22,0.18181818181818182,-0.013476261481979857,-20.831654940448438,32,0.25,-0.010547438721091207
15,2.5,0.0,0.15,0.02,48,True,0.002,0,-33.20611708140101,-41.08648970300349,22,0.13636363636363635,-0.015933192521698804,-25.32574445979854,32,0.21875,-0.012506341925817703
15,2.5,0.0,0.15,0.02,48,True,0.003,0,-40.42385706354983,-45.22348827230301,22,0.13636363636363635,-0.017103152125561658,-35.624225854796656,32,0.1875,-0.015470163453862573
15,2.5,0.0,0.15,0.03,12,False,0.001,0,-22.532157189254956,-20.86983787905248,20,0.3,-0.014168711271158832,-24.194476499457434,32,0.25,-0.015770409402041125
15,2.5,0.0,0.15,0.03,12,False,0.002,0,-24.9664605033565,-23.25464647778214,20,0.3,-0.015511056173132962,-26.678274528930867,32,0.25,-0.017073360517407158
15,2.5,0.0,0.15,0.03,12,False,0.003,0,-27.48526408816914,-25.7204351860318,20,0.3,-0.016851982350837992,-29.250092990306477,32,0.25,-0.018375043917545675
15,2.5,0.0,0.15,0.03,12,True,0.001,0,-23.582965536225707,-22.520879620677704,20,0.3,-0.013604659683650674,-24.645051451773707,32,0.25,-0.015681481761989212
15,2.5,0.0,0.15,0.03,12,True,0.002,0,-26.280892348128752,-25.349579631209977,20,0.3,-0.014996389670783738,-27.212205065047527,32,0.25,-0.016984610555623374
15,2.5,0.0,0.15,0.03,12,True,0.003,0,-29.084709464502602,-28.293670297157718,20,0.3,-0.016386505846283143,-29.875748631847486,32,0.25,-0.018286471279912897
15,2.5,0.0,0.15,0.03,24,False,0.001,0,-15.526347922233345,-5.141812100498962,20,0.2,-0.006430831095086675,-25.910883743967727,31,0.16129032258064516,-0.019809301520192925
15,2.5,0.0,0.15,0.03,24,False,0.002,0,-16.970629578884274,-6.176299118091153,20,0.2,-0.007683165033335548,-27.764960039677398,31,0.16129032258064516,-0.020958241041799334
15,2.5,0.0,0.15,0.03,24,False,0.003,0,-18.442265025331327,-7.220584521288839,20,0.2,-0.008934470901951578,-29.663945529373816,31,0.16129032258064516,-0.02210651212068618
15,2.5,0.0,0.15,0.03,24,True,0.001,0,-24.722013510691685,-24.19724184190154,20,0.3,-0.014786675057696519,-25.24678517948183,32,0.28125,-0.016215888398587532
15,2.5,0.0,0.15,0.03,24,True,0.002,0,-27.348442577099352,-26.944266112414255,20,0.3,-0.016127785262164965,-27.75261904178445,32,0.28125,-0.01748778812723261
15,2.5,0.0,0.15,0.03,24,True,0.003,0,-30.077671345025053,-29.802841607678182,20,0.3,-0.017467479203146584,-30.352501082371923,32,0.25,-0.018758542440374594
15,2.5,0.0,0.15,0.03,48,False,0.001,0,-12.810300055559933,-2.2377899139601363,18,0.16666666666666666,-0.0034823764608858648,-23.38281019715973,31,0.0967741935483871,-0.021392824693309265
15,2.5,0.0,0.15,0.03,48,False,0.002,0,-13.792334890906215,-2.960408631291699,18,0.16666666666666666,-0.004595606011357779,-24.62426115052073,31,0.0967741935483871,-0.022439420045480486
15,2.5,0.0,0.15,0.03,48,False,0.003,0,-14.78004465227229,-3.6861667678507457,18,0.16666666666666666,-0.0057083751585845265,-25.873922536693833,31,0.0967741935483871,-0.023485749588890898
15,2.5,0.0,0.15,0.03,48,True,0.001,0,-24.722013510691685,-24.19724184190154,20,0.3,-0.014786675057696519,-25.24678517948183,32,0.28125,-0.016215888398587532
15,2.5,0.0,0.15,0.03,48,True,0.002,0,-27.348442577099352,-26.944266112414255,20,0.3,-0.016127785262164965,-27.75261904178445,32,0.28125,-0.01748778812723261
15,2.5,0.0,0.15,0.03,48,True,0.003,0,-30.077671345025053,-29.802841607678182,20,0.3,-0.017467479203146584,-30.352501082371923,32,0.25,-0.018758542440374594
15,2.5,0.005,0.05,0.02,12,False,0.001,0,-27.040424130215293,-39.25180714126996,6,0.16666666666666666,-0.014878435835406751,-14.829041119160628,18,0.2222222222222222,-0.008838169723427845
15,2.5,0.005,0.05,0.02,12,False,0.002,0,-30.16840396946889,-43.45904625099033,6,0.16666666666666666,-0.016034124546357654,-16.877761687947448,18,0.2222222222222222,-0.009998187957481993
15,2.5,0.005,0.05,0.02,12,False,0.003,0,-34.072969611825336,-47.89612086859867,6,0.16666666666666666,-0.017189137578097195,-20.249818355052003,18,0.2222222222222222,-0.012006581999813583
15,2.5,0.005,0.05,0.02,12,True,0.001,0,-22.158909280365865,-21.429995560099393,6,0.16666666666666666,-0.011852297536080672,-22.887823000632338,18,0.2222222222222222,-0.010769685795946785
15,2.5,0.005,0.05,0.02,12,True,0.002,0,-25.10869861343675,-23.98370774484343,6,0.16666666666666666,-0.013014032500050657,-26.233689482030076,18,0.2222222222222222,-0.012041929630601304
15,2.5,0.005,0.05,0.02,12,True,0.003,0,-29.047624557413315,-26.634448058357957,6,0.16666666666666666,-0.014175079734479396,-31.46080105646867,18,0.2222222222222222,-0.014162093085656293
15,2.5,0.005,0.05,0.02,24,False,0.001,0,-11.30302569720213,-14.660350674371639,6,0.16666666666666666,-0.009820833333333327,-7.945700720032623,18,0.2222222222222222,-0.00593777777777774
15,2.5,0.005,0.05,0.02,24,False,0.002,0,-12.722043940939319,-16.156872700857953,6,0.16666666666666666,-0.01081249999999997,-9.287215181020683,18,0.2222222222222222,-0.0069333333333332844
15,2.5,0.005,0.05,0.02,24,False,0.003,0,-14.143910189075566,-17.65639828372948,6,0.16666666666666666,-0.011804166666666635,-10.631422094421653,18,0.2222222222222222,-0.007928888888888857
15,2.5,0.005,0.05,0.02,24,True,0.001,0,-23.124255394571215,-21.429995560099393,6,0.16666666666666666,-0.011852297536080672,-24.818515229043033,18,0.2222222222222222,-0.011730696124798703
15,2.5,0.005,0.05,0.02,24,True,0.002,0,-26.02239009158483,-23.98370774484343,6,0.16666666666666666,-0.013014032500050657,-28.061072438326228,18,0.2222222222222222,-0.012946846950622225
15,2.5,0.005,0.05,0.02,24,True,0.003,0,-29.047624557413315,-26.634448058357957,6,0.16666666666666666,-0.014175079734479396,-31.46080105646867,18,0.2222222222222222,-0.014162093085656293
15,2.5,0.005,0.05,0.02,48,False,0.001,0,-11.30302569720213,-14.660350674371639,6,0.16666666666666666,-0.009820833333333327,-7.945700720032623,18,0.2222222222222222,-0.00593777777777774
15,2.5,0.005,0.05,0.02,48,False,0.002,0,-12.722043940939319,-16.156872700857953,6,0.16666666666666666,-0.01081249999999997,-9.287215181020683,18,0.2222222222222222,-0.0069333333333332844
15,2.5,0.005,0.05,0.02,48,False,0.003,0,-14.143910189075566,-17.65639828372948,6,0.16666666666666666,-0.011804166666666635,-10.631422094421653,18,0.2222222222222222,-0.007928888888888857
15,2.5,0.005,0.05,0.02,48,True,0.001,0,-23.124255394571215,-21.429995560099393,6,0.16666666666666666,-0.011852297536080672,-24.818515229043033,18,0.2222222222222222,-0.011730696124798703
15,2.5,0.005,0.05,0.02,48,True,0.002,0,-26.02239009158483,-23.98370774484343,6,0.16666666666666666,-0.013014032500050657,-28.061072438326228,18,0.2222222222222222,-0.012946846950622225
15,2.5,0.005,0.05,0.02,48,True,0.003,0,-29.047624557413315,-26.634448058357957,6,0.16666666666666666,-0.014175079734479396,-31.46080105646867,18,0.2222222222222222,-0.014162093085656293
15,2.5,0.005,0.05,0.03,12,False,0.001,0,-18.23411492240856,-21.720511524790606,6,0.3333333333333333,-0.013902465778063885,-14.747718320026511,18,0.2777777777777778,-0.011611780834538942
15,2.5,0.005,0.05,0.03,12,False,0.002,0,-20.286910899956318,-24.28470012856501,6,0.3333333333333333,-0.015229256606145334,-16.289121671347626,18,0.2777777777777778,-0.012769021290815327
15,2.5,0.005,0.05,0.03,12,False,0.003,0,-22.39660102957073,-26.952592497454937,6,0.3333333333333333,-0.01655469193016804,-17.84060956168652,18,0.2777777777777778,-0.013925592940336082
15,2.5,0.005,0.05,0.03,12,True,0.001,0,-18.758382308246237,-14.503320599310607,6,0.3333333333333333,-0.010913651696065604,-23.013444017181868,18,0.2777777777777778,-0.014622098223430299
15,2.5,0.005,0.05,0.03,12,True,0.002,0,-21.083889979049516,-16.563210425030398,6,0.3333333333333333,-0.012246414203025963,-25.604569533068634,18,0.2777777777777778,-0.01594745121906158
15,2.5,0.005,0.05,0.03,12,True,0.003,0,-23.495629376702635,-18.694293761351346,6,0.3333333333333333,-0.013577809304225785,-28.296964992053923,18,0.2777777777777778,-0.017271451576269345
15,2.5,0.005,0.05,0.03,24,False,0.001,0,-7.528188610425877,-4.98587434992457,6,0.3333333333333333,-0.004828333333333331,-10.070502870927184,18,0.2777777777777778,-0.009266111111111062
15,2.5,0.005,0.05,0.03,24,False,0.002,0,-8.590563806811558,-6.021090837637302,6,0.3333333333333333,-0.005824999999999996,-11.160036775985814,18,0.2777777777777778,-0.010258333333333286
15,2.5,0.005,0.05,0.03,24,False,0.003,0,-9.655071216277696,-7.05838503023743,6,0.3333333333333333,-0.006821666666666631,-12.251757402317962,18,0.2777777777777778,-0.011250555555555507
15,2.5,0.005,0.05,0.03,24,True,0.001,0,-19.875122185637892,-14.503320599310607,6,0.3333333333333333,-0.010913651696065604,-25.246923771965175,18,0.2777777777777778,-0.016137830774504442
15,2.5,0.005,0.05,0.03,24,True,0.002,0,-22.16514787694766,-16.563210425030398,6,0.3333333333333333,-0.012246414203025963,-27.767085328864923,18,0.2777777777777778,-0.01740653520574917
15,2.5,0.005,0.05,0.03,24,True,0.003,0,-24.539167083024708,-18.694293761351346,6,0.3333333333333333,-0.013577809304225785,-30.38404040469807,18,0.2777777777777778,-0.018674107302413492
15,2.5,0.005,0.05,0.03,48,False,0.001,0,-7.528188610425877,-4.98587434992457,6,0.3333333333333333,-0.004828333333333331,-10.070502870927184,18,0.2777777777777778,-0.009266111111111062
15,2.5,0.005,0.05,0.03,48,False,0.002,0,-8.590563806811558,-6.021090837637302,6,0.3333333333333333,-0.005824999999999996,-11.160036775985814,18,0.2777777777777778,-0.010258333333333286
15,2.5,0.005,0.05,0.03,48,False,0.003,0,-9.655071216277696,-7.05838503023743,6,0.3333333333333333,-0.006821666666666631,-12.251757402317962,18,0.2777777777777778,-0.011250555555555507
15,2.5,0.005,0.05,0.03,48,True,0.001,0,-19.875122185637892,-14.503320599310607,6,0.3333333333333333,-0.010913651696065604,-25.246923771965175,18,0.2777777777777778,-0.016137830774504442
15,2.5,0.005,0.05,0.03,48,True,0.002,0,-22.16514787694766,-16.563210425030398,6,0.3333333333333333,-0.012246414203025963,-27.767085328864923,18,0.2777777777777778,-0.01740653520574917
15,2.5,0.005,0.05,0.03,48,True,0.003,0,-24.539167083024708,-18.694293761351346,6,0.3333333333333333,-0.013577809304225785,-30.38404040469807,18,0.2777777777777778,-0.018674107302413492
15,2.5,0.005,0.08,0.02,12,False,0.001,0,-27.565910554823322,-39.25180714126996,6,0.16666666666666666,-0.014878435835406751,-15.880013968376689,18,0.2222222222222222,-0.009154433639376729
15,2.5,0.005,0.08,0.02,12,False,0.002,0,-30.953049494061673,-43.45904625099033,6,0.16666666666666666,-0.016034124546357654,-18.447052737133014,18,0.2222222222222222,-0.010429904763157598
15,2.5,0.005,0.08,0.02,12,False,0.003,0,-35.19441873537542,-47.89612086859867,6,0.16666666666666666,-0.017189137578097195,-22.49271660215217,18,0.2222222222222222,-0.012553289075272912
15,2.5,0.005,0.08,0.02,12,True,0.001,0,-22.158909280365865,-21.429995560099393,6,0.16666666666666666,-0.011852297536080672,-22.887823000632338,18,0.2222222222222222,-0.010769685795946785
15,2.5,0.005,0.08,0.02,12,True,0.002,0,-25.10869861343675,-23.98370774484343,6,0.16666666666666666,-0.013014032500050657,-26.233689482030076,18,0.2222222222222222,-0.012041929630601304
15,2.5,0.005,0.08,0.02,12,True,0.003,0,-29.047624557413315,-26.634448058357957,6,0.16666666666666666,-0.014175079734479396,-31.46080105646867,18,0.2222222222222222,-0.014162093085656293
15,2.5,0.005,0.08,0.02,24,False,0.001,0,-9.630075057382584,-5.04535010181704,6,0.16666666666666666,-0.004828333333333308,-14.214800012948126,18,0.1111111111111111,-0.01092241389572516
15,2.5,0.005,0.08,0.02,24,False,0.002,0,-10.885903551629138,-6.092915532693447,6,0.16666666666666666,-0.005824999999999951,-15.678891570564828,18,0.1111111111111111,-0.01197213312681639
15,2.5,0.005,0.08,0.02,24,False,0.003,0,-12.151365309771677,-7.1425834530885215,6,0.16666666666666666,-0.006821666666666609,-17.160147166454834,18,0.1111111111111111,-0.013021615969028778
15,2.5,0.005,0.08,0.02,24,True,0.001,0,-23.124255394571215,-21.429995560099393,6,0.16666666666666666,-0.011852297536080672,-24.818515229043033,18,0.2222222222222222,-0.011730696124798703
15,2.5,0.005,0.08,0.02,24,True,0.002,0,-26.02239009158483,-23.98370774484343,6,0.16666666666666666,-0.013014032500050657,-28.061072438326228,18,0.2222222222222222,-0.012946846950622225
15,2.5,0.005,0.08,0.02,24,True,0.003,0,-29.047624557413315,-26.634448058357957,6,0.16666666666666666,-0.014175079734479396,-31.46080105646867,18,0.2222222222222222,-0.014162093085656293
15,2.5,0.005,0.08,0.02,48,False,0.001,0,-8.95113130666454,-5.04535010181704,6,0.16666666666666666,-0.004828333333333308,-12.856912511512038,18,0.1111111111111111,-0.010375555555555515
15,2.5,0.005,0.08,0.02,48,False,0.002,0,-10.096043911302345,-6.092915532693447,6,0.16666666666666666,-0.005824999999999951,-14.099172289911243,18,0.1111111111111111,-0.011366666666666605
15,2.5,0.005,0.08,0.02,48,False,0.003,0,-11.243254383618469,-7.1425834530885215,6,0.16666666666666666,-0.006821666666666609,-15.343925314148416,18,0.1111111111111111,-0.012357777777777757
15,2.5,0.005,0.08,0.02,48,True,0.001,0,-23.124255394571215,-21.429995560099393,6,0.16666666666666666,-0.011852297536080672,-24.818515229043033,18,0.2222222222222222,-0.011730696124798703
15,2.5,0.005,0.08,0.02,48,True,0.002,0,-26.02239009158483,-23.98370774484343,6,0.16666666666666666,-0.013014032500050657,-28.061072438326228,18,0.2222222222222222,-0.012946846950622225
15,2.5,0.005,0.08,0.02,48,True,0.003,0,-29.047624557413315,-26.634448058357957,6,0.16666666666666666,-0.014175079734479396,-31.46080105646867,18,0.2222222222222222,-0.014162093085656293
15,2.5,0.005,0.08,0.03,12,False,0.001,0,-18.178186204302772,-21.720511524790606,6,0.3333333333333333,-0.013902465778063885,-14.635860883814939,18,0.2777777777777778,-0.011574985527925716
15,2.5,0.005,0.08,0.03,12,False,0.002,0,-20.430558419523265,-24.28470012856501,6,0.3333333333333333,-0.015229256606145334,-16.576416710481524,18,0.2777777777777778,-0.012906426683618546
15,2.5,0.005,0.08,0.03,12,False,0.003,0,-22.764030391261485,-26.952592497454937,6,0.3333333333333333,-0.01655469193016804,-18.575468285068034,18,0.2777777777777778,-0.014236503067036213
15,2.5,0.005,0.08,0.03,12,True,0.001,0,-18.758382308246237,-14.503320599310607,6,0.3333333333333333,-0.010913651696065604,-23.013444017181868,18,0.2777777777777778,-0.014622098223430299
15,2.5,0.005,0.08,0.03,12,True,0.002,0,-21.083889979049516,-16.563210425030398,6,0.3333333333333333,-0.012246414203025963,-25.604569533068634,18,0.2777777777777778,-0.01594745121906158
15,2.5,0.005,0.08,0.03,12,True,0.003,0,-23.495629376702635,-18.694293761351346,6,0.3333333333333333,-0.013577809304225785,-28.296964992053923,18,0.2777777777777778,-0.017271451576269345
15,2.5,0.005,0.08,0.03,24,False,0.001,0,-6.781737079911287,-0.1675119090266971,6,0.3333333333333333,-0.0001945899778663477,-13.395962250795877,18,0.16666666666666666,-0.013696025006836261
15,2.5,0.005,0.08,0.03,24,False,0.002,0,-7.831869510499057,-1.184912931268236,6,0.3333333333333333,-0.0013696670274000444,-14.478826089729878,18,0.16666666666666666,-0.014742966460149724
15,2.5,0.005,0.08,0.03,24,False,0.003,0,-8.890685273048602,-2.211674482796799,6,0.3333333333333333,-0.002544049686534336,-15.569696063300404,18,0.16666666666666666,-0.015789671524584308
15,2.5,0.005,0.08,0.03,24,True,0.001,0,-19.875122185637892,-14.503320599310607,6,0.3333333333333333,-0.010913651696065604,-25.246923771965175,18,0.2777777777777778,-0.016137830774504442
15,2.5,0.005,0.08,0.03,24,True,0.002,0,-22.16514787694766,-16.563210425030398,6,0.3333333333333333,-0.012246414203025963,-27.767085328864923,18,0.2777777777777778,-0.01740653520574917
15,2.5,0.005,0.08,0.03,24,True,0.003,0,-24.539167083024708,-18.694293761351346,6,0.3333333333333333,-0.013577809304225785,-30.38404040469807,18,0.2777777777777778,-0.018674107302413492
15,2.5,0.005,0.08,0.03,48,False,0.001,0,-10.845187778680927,-9.199306512415548,6,0.16666666666666666,-0.009488320092487769,-12.491069044946306,18,0.16666666666666666,-0.01314916666666662
15,2.5,0.005,0.08,0.03,48,False,0.002,0,-11.8869490358529,-10.330496814725302,6,0.16666666666666666,-0.010644828181119519,-13.443401256980497,18,0.16666666666666666,-0.014137499999999942
15,2.5,0.005,0.08,0.03,48,False,0.003,0,-12.929953266682736,-11.46226171023392,6,0.16666666666666666,-0.011800678887744298,-14.397644823131552,18,0.16666666666666666,-0.015125833333333286
15,2.5,0.005,0.08,0.03,48,True,0.001,0,-19.875122185637892,-14.503320599310607,6,0.3333333333333333,-0.010913651696065604,-25.246923771965175,18,0.2777777777777778,-0.016137830774504442
15,2.5,0.005,0.08,0.03,48,True,0.002,0,-22.16514787694766,-16.563210425030398,6,0.3333333333333333,-0.012246414203025963,-27.767085328864923,18,0.2777777777777778,-0.01740653520574917
15,2.5,0.005,0.08,0.03,48,True,0.003,0,-24.539167083024708,-18.694293761351346,6,0.3333333333333333,-0.013577809304225785,-30.38404040469807,18,0.2777777777777778,-0.018674107302413492
15,2.5,0.005,0.1,0.02,12,False,0.001,0,-27.565910554823322,-39.25180714126996,6,0.16666666666666666,-0.014878435835406751,-15.880013968376689,18,0.2222222222222222,-0.009154433639376729
15,2.5,0.005,0.1,0.02,12,False,0.002,0,-30.953049494061673,-43.45904625099033,6,0.16666666666666666,-0.016034124546357654,-18.447052737133014,18,0.2222222222222222,-0.010429904763157598
15,2.5,0.005,0.1,0.02,12,False,0.003,0,-35.19441873537542,-47.89612086859867,6,0.16666666666666666,-0.017189137578097195,-22.49271660215217,18,0.2222222222222222,-0.012553289075272912
15,2.5,0.005,0.1,0.02,12,True,0.001,0,-22.158909280365865,-21.429995560099393,6,0.16666666666666666,-0.011852297536080672,-22.887823000632338,18,0.2222222222222222,-0.010769685795946785
15,2.5,0.005,0.1,0.02,12,True,0.002,0,-25.10869861343675,-23.98370774484343,6,0.16666666666666666,-0.013014032500050657,-26.233689482030076,18,0.2222222222222222,-0.012041929630601304
15,2.5,0.005,0.1,0.02,12,True,0.003,0,-29.047624557413315,-26.634448058357957,6,0.16666666666666666,-0.014175079734479396,-31.46080105646867,18,0.2222222222222222,-0.014162093085656293
15,2.5,0.005,0.1,0.02,24,False,0.001,0,-8.974699978765717,-2.637933118892114,6,0.16666666666666666,-0.002827920822018972,-15.311466838639321,18,0.1111111111111111,-0.011313383474495405
15,2.5,0.005,0.1,0.02,24,False,0.002,0,-10.403219642281014,-3.778933367903762,6,0.16666666666666666,-0.004007686576242291,-17.027505916658267,18,0.1111111111111111,-0.012422022292790349
15,2.5,0.005,0.1,0.02,24,False,0.003,0,-11.865307096652971,-4.944036797627974,6,0.16666666666666666,-0.005186728665119176,-18.78657739567797,18,0.1111111111111111,-0.013530187712565771
15,2.5,0.005,0.1,0.02,24,True,0.001,0,-23.124255394571215,-21.429995560099393,6,0.16666666666666666,-0.011852297536080672,-24.818515229043033,18,0.2222222222222222,-0.011730696124798703
15,2.5,0.005,0.1,0.02,24,True,0.002,0,-26.02239009158483,-23.98370774484343,6,0.16666666666666666,-0.013014032500050657,-28.061072438326228,18,0.2222222222222222,-0.012946846950622225
15,2.5,0.005,0.1,0.02,24,True,0.003,0,-29.047624557413315,-26.634448058357957,6,0.16666666666666666,-0.014175079734479396,-31.46080105646867,18,0.2222222222222222,-0.014162093085656293
15,2.5,0.005,0.1,0.02,48,False,0.001,0,-11.146520103623487,-1.3061831526789052,6,0.16666666666666666,-0.0014999999999999788,-20.98685705456807,18,0.05555555555555555,-0.014813333333333302
15,2.5,0.005,0.1,0.02,48,False,0.002,0,-12.293158346341963,-2.179154349073677,6,0.16666666666666666,-0.0024999999999999445,-22.40716234361025,18,0.05555555555555555,-0.01579999999999994
15,2.5,0.005,0.1,0.02,48,False,0.003,0,-13.442097920133257,-3.0538776200832576,6,0.16666666666666666,-0.003499999999999958,-23.83031822018326,18,0.05555555555555555,-0.01678666666666665
15,2.5,0.005,0.1,0.02,48,True,0.001,0,-23.124255394571215,-21.429995560099393,6,0.16666666666666666,-0.011852297536080672,-24.818515229043033,18,0.2222222222222222,-0.011730696124798703
15,2.5,0.005,0.1,0.02,48,True,0.002,0,-26.02239009158483,-23.98370774484343,6,0.16666666666666666,-0.013014032500050657,-28.061072438326228,18,0.2222222222222222,-0.012946846950622225
15,2.5,0.005,0.1,0.02,48,True,0.003,0,-29.047624557413315,-26.634448058357957,6,0.16666666666666666,-0.014175079734479396,-31.46080105646867,18,0.2222222222222222,-0.014162093085656293
15,2.5,0.005,0.1,0.03,12,False,0.001,0,-18.178186204302772,-21.720511524790606,6,0.3333333333333333,-0.013902465778063885,-14.635860883814939,18,0.2777777777777778,-0.011574985527925716
15,2.5,0.005,0.1,0.03,12,False,0.002,0,-20.430558419523265,-24.28470012856501,6,0.3333333333333333,-0.015229256606145334,-16.576416710481524,18,0.2777777777777778,-0.012906426683618546
15,2.5,0.005,0.1,0.03,12,False,0.003,0,-22.764030391261485,-26.952592497454937,6,0.3333333333333333,-0.01655469193016804,-18.575468285068034,18,0.2777777777777778,-0.014236503067036213
15,2.5,0.005,0.1,0.03,12,True,0.001,0,-18.758382308246237,-14.503320599310607,6,0.3333333333333333,-0.010913651696065604,-23.013444017181868,18,0.2777777777777778,-0.014622098223430299
15,2.5,0.005,0.1,0.03,12,True,0.002,0,-21.083889979049516,-16.563210425030398,6,0.3333333333333333,-0.012246414203025963,-25.604569533068634,18,0.2777777777777778,-0.01594745121906158
15,2.5,0.005,0.1,0.03,12,True,0.003,0,-23.495629376702635,-18.694293761351346,6,0.3333333333333333,-0.013577809304225785,-28.296964992053923,18,0.2777777777777778,-0.017271451576269345
15,2.5,0.005,0.1,0.03,24,False,0.001,0,-5.9296753829518964,1.440940515495656,6,0.3333333333333333,0.0018058225334479882,-13.30029128139945,18,0.16666666666666666,-0.013656005040674053
15,2.5,0.005,0.1,0.03,24,False,0.002,0,-7.1177081026211395,0.3611710735336168,6,0.3333333333333333,0.00044764639635761633,-14.596587278775896,18,0.16666666666666666,-0.014822427950518793
15,2.5,0.005,0.1,0.03,24,False,0.003,0,-8.331165148233,-0.7417120223484895,6,0.3333333333333333,-0.0009091116849869024,-15.92061827411751,18,0.16666666666666666,-0.015988137179094912
15,2.5,0.005,0.1,0.03,24,True,0.001,0,-19.875122185637892,-14.503320599310607,6,0.3333333333333333,-0.010913651696065604,-25.246923771965175,18,0.2777777777777778,-0.016137830774504442
15,2.5,0.005,0.1,0.03,24,True,0.002,0,-22.16514787694766,-16.563210425030398,6,0.3333333333333333,-0.012246414203025963,-27.767085328864923,18,0.2777777777777778,-0.01740653520574917
15,2.5,0.005,0.1,0.03,24,True,0.003,0,-24.539167083024708,-18.694293761351346,6,0.3333333333333333,-0.013577809304225785,-30.38404040469807,18,0.2777777777777778,-0.018674107302413492
15,2.5,0.005,0.1,0.03,48,False,0.001,0,-10.643037655363528,-5.05103788397338,6,0.16666666666666666,-0.00615998675915444,-16.235037426753678,18,0.1111111111111111,-0.017032222222222178
15,2.5,0.005,0.1,0.03,48,False,0.002,0,-11.598536448455594,-6.006451018283582,6,0.16666666666666666,-0.007319828181119513,-17.190621878627606,18,0.1111111111111111,-0.018016666666666604
15,2.5,0.005,0.1,0.03,48,False,0.003,0,-12.555215704826793,-6.9623071977101745,6,0.16666666666666666,-0.008479012221077649,-18.14812421194341,18,0.1111111111111111,-0.019001111111111076
15,2.5,0.005,0.1,0.03,48,True,0.001,0,-19.875122185637892,-14.503320599310607,6,0.3333333333333333,-0.010913651696065604,-25.246923771965175,18,0.2777777777777778,-0.016137830774504442
15,2.5,0.005,0.1,0.03,48,True,0.002,0,-22.16514787694766,-16.563210425030398,6,0.3333333333333333,-0.012246414203025963,-27.767085328864923,18,0.2777777777777778,-0.01740653520574917
15,2.5,0.005,0.1,0.03,48,True,0.003,0,-24.539167083024708,-18.694293761351346,6,0.3333333333333333,-0.013577809304225785,-30.38404040469807,18,0.2777777777777778,-0.018674107302413492
15,2.5,0.005,0.15,0.02,12,False,0.001,0,-27.565910554823322,-39.25180714126996,6,0.16666666666666666,-0.014878435835406751,-15.880013968376689,18,0.2222222222222222,-0.009154433639376729
15,2.5,0.005,0.15,0.02,12,False,0.002,0,-30.953049494061673,-43.45904625099033,6,0.16666666666666666,-0.016034124546357654,-18.447052737133014,18,0.2222222222222222,-0.010429904763157598
15,2.5,0.005,0.15,0.02,12,False,0.003,0,-35.19441873537542,-47.89612086859867,6,0.16666666666666666,-0.017189137578097195,-22.49271660215217,18,0.2222222222222222,-0.012553289075272912
15,2.5,0.005,0.15,0.02,12,True,0.001,0,-22.158909280365865,-21.429995560099393,6,0.16666666666666666,-0.011852297536080672,-22.887823000632338,18,0.2222222222222222,-0.010769685795946785
15,2.5,0.005,0.15,0.02,12,True,0.002,0,-25.10869861343675,-23.98370774484343,6,0.16666666666666666,-0.013014032500050657,-26.233689482030076,18,0.2222222222222222,-0.012041929630601304
15,2.5,0.005,0.15,0.02,12,True,0.003,0,-29.047624557413315,-26.634448058357957,6,0.16666666666666666,-0.014175079734479396,-31.46080105646867,18,0.2222222222222222,-0.014162093085656293
15,2.5,0.005,0.15,0.02,24,False,0.001,0,-8.974699978765717,-2.637933118892114,6,0.16666666666666666,-0.002827920822018972,-15.311466838639321,18,0.1111111111111111,-0.011313383474495405
15,2.5,0.005,0.15,0.02,24,False,0.002,0,-10.403219642281014,-3.778933367903762,6,0.16666666666666666,-0.004007686576242291,-17.027505916658267,18,0.1111111111111111,-0.012422022292790349
15,2.5,0.005,0.15,0.02,24,False,0.003,0,-11.865307096652971,-4.944036797627974,6,0.16666666666666666,-0.005186728665119176,-18.78657739567797,18,0.1111111111111111,-0.013530187712565771
15,2.5,0.005,0.15,0.02,24,True,0.001,0,-23.124255394571215,-21.429995560099393,6,0.16666666666666666,-0.011852297536080672,-24.818515229043033,18,0.2222222222222222,-0.011730696124798703
15,2.5,0.005,0.15,0.02,24,True,0.002,0,-26.02239009158483,-23.98370774484343,6,0.16666666666666666,-0.013014032500050657,-28.061072438326228,18,0.2222222222222222,-0.012946846950622225
15,2.5,0.005,0.15,0.02,24,True,0.003,0,-29.047624557413315,-26.634448058357957,6,0.16666666666666666,-0.014175079734479396,-31.46080105646867,18,0.2222222222222222,-0.014162093085656293
15,2.5,0.005,0.15,0.02,48,False,0.001,0,-3.923938603513465,4.192591833370396,6,0.16666666666666666,0.006820833333333318,-12.040469040397326,18,0.05555555555555555,-0.012039722222222209
15,2.5,0.005,0.15,0.02,48,False,0.002,0,-4.733330311823456,3.57637686705943,6,0.16666666666666666,0.0058125000000000026,-13.043037490706343,18,0.05555555555555555,-0.013029166666666616
15,2.5,0.005,0.15,0.02,48,False,0.003,0,-5.544346489156085,2.9589251421803744,6,0.16666666666666666,0.004804166666666692,-14.047618120492546,18,0.05555555555555555,-0.014018611111111107
15,2.5,0.005,0.15,0.02,48,True,0.001,0,-23.124255394571215,-21.429995560099393,6,0.16666666666666666,-0.011852297536080672,-24.818515229043033,18,0.2222222222222222,-0.011730696124798703
15,2.5,0.005,0.15,0.02,48,True,0.002,0,-26.02239009158483,-23.98370774484343,6,0.16666666666666666,-0.013014032500050657,-28.061072438326228,18,0.2222222222222222,-0.012946846950622225
15,2.5,0.005,0.15,0.02,48,True,0.003,0,-29.047624557413315,-26.634448058357957,6,0.16666666666666666,-0.014175079734479396,-31.46080105646867,18,0.2222222222222222,-0.014162093085656293
15,2.5,0.005,0.15,0.03,12,False,0.001,0,-18.178186204302772,-21.720511524790606,6,0.3333333333333333,-0.013902465778063885,-14.635860883814939,18,0.2777777777777778,-0.011574985527925716
15,2.5,0.005,0.15,0.03,12,False,0.002,0,-20.430558419523265,-24.28470012856501,6,0.3333333333333333,-0.015229256606145334,-16.576416710481524,18,0.2777777777777778,-0.012906426683618546
15,2.5,0.005,0.15,0.03,12,False,0.003,0,-22.764030391261485,-26.952592497454937,6,0.3333333333333333,-0.01655469193016804,-18.575468285068034,18,0.2777777777777778,-0.014236503067036213
15,2.5,0.005,0.15,0.03,12,True,0.001,0,-18.758382308246237,-14.503320599310607,6,0.3333333333333333,-0.010913651696065604,-23.013444017181868,18,0.2777777777777778,-0.014622098223430299
15,2.5,0.005,0.15,0.03,12,True,0.002,0,-21.083889979049516,-16.563210425030398,6,0.3333333333333333,-0.012246414203025963,-25.604569533068634,18,0.2777777777777778,-0.01594745121906158
15,2.5,0.005,0.15,0.03,12,True,0.003,0,-23.495629376702635,-18.694293761351346,6,0.3333333333333333,-0.013577809304225785,-28.296964992053923,18,0.2777777777777778,-0.017271451576269345
15,2.5,0.005,0.15,0.03,24,False,0.001,0,-5.9296753829518964,1.440940515495656,6,0.3333333333333333,0.0018058225334479882,-13.30029128139945,18,0.16666666666666666,-0.013656005040674053
15,2.5,0.005,0.15,0.03,24,False,0.002,0,-7.1177081026211395,0.3611710735336168,6,0.3333333333333333,0.00044764639635761633,-14.596587278775896,18,0.16666666666666666,-0.014822427950518793
15,2.5,0.005,0.15,0.03,24,False,0.003,0,-8.331165148233,-0.7417120223484895,6,0.3333333333333333,-0.0009091116849869024,-15.92061827411751,18,0.16666666666666666,-0.015988137179094912
15,2.5,0.005,0.15,0.03,24,True,0.001,0,-19.875122185637892,-14.503320599310607,6,0.3333333333333333,-0.010913651696065604,-25.246923771965175,18,0.2777777777777778,-0.016137830774504442
15,2.5,0.005,0.15,0.03,24,True,0.002,0,-22.16514787694766,-16.563210425030398,6,0.3333333333333333,-0.012246414203025963,-27.767085328864923,18,0.2777777777777778,-0.01740653520574917
15,2.5,0.005,0.15,0.03,24,True,0.003,0,-24.539167083024708,-18.694293761351346,6,0.3333333333333333,-0.013577809304225785,-30.38404040469807,18,0.2777777777777778,-0.018674107302413492
15,2.5,0.005,0.15,0.03,48,False,0.001,0,-6.490823549554991,1.2762785124765517,6,0.16666666666666666,0.002160846574178856,-14.257925611586533,18,0.1111111111111111,-0.016476316089977697
15,2.5,0.005,0.15,0.03,48,False,0.002,0,-7.31124675524713,0.5866288765186964,6,0.16666666666666666,0.0009926718188804338,-15.209122387012957,18,0.1111111111111111,-0.017519913634161003
15,2.5,0.005,0.15,0.03,48,False,0.003,0,-8.1345079377331,-0.10337988669450542,6,0.16666666666666666,-0.00017484555441099844,-16.165635988771694,18,0.1111111111111111,-0.018563277025014844
15,2.5,0.005,0.15,0.03,48,True,0.001,0,-19.875122185637892,-14.503320599310607,6,0.3333333333333333,-0.010913651696065604,-25.246923771965175,18,0.2777777777777778,-0.016137830774504442
15,2.5,0.005,0.15,0.03,48,True,0.002,0,-22.16514787694766,-16.563210425030398,6,0.3333333333333333,-0.012246414203025963,-27.767085328864923,18,0.2777777777777778,-0.01740653520574917
15,2.5,0.005,0.15,0.03,48,True,0.003,0,-24.539167083024708,-18.694293761351346,6,0.3333333333333333,-0.013577809304225785,-30.38404040469807,18,0.2777777777777778,-0.018674107302413492
15,2.5,0.01,0.05,0.02,12,False,0.001,0,-46.44779535108697,,3,,,-46.44779535108697,6,0.16666666666666666,-0.015621460864259131
15,2.5,0.01,0.05,0.02,12,False,0.002,0,-51.41095041334619,,3,,,-51.41095041334619,6,0.16666666666666666,-0.016775665004156223
15,2.5,0.01,0.05,0.02,12,False,0.003,0,-56.67943937298644,,3,,,-56.67943937298644,6,0.16666666666666666,-0.017929196423628387
15,2.5,0.01,0.05,0.02,12,True,0.001,0,-39.79670574627212,,3,,,-39.79670574627212,6,0.16666666666666666,-0.01494124337373079
15,2.5,0.01,0.05,0.02,12,True,0.002,0,-44.05939327883549,,3,,,-44.05939327883549,6,0.16666666666666666,-0.016096806594624497
15,2.5,0.01,0.05,0.02,12,True,0.003,0,-48.55715474176367,,3,,,-48.55715474176367,6,0.16666666666666666,-0.017251694386411665
15,2.5,0.01,0.05,0.02,24,False,0.001,0,-14.660350674371637,,3,,,-14.660350674371637,6,0.16666666666666666,-0.00982083333333332
15,2.5,0.01,0.05,0.02,24,False,0.002,0,-16.15687270085787,,3,,,-16.15687270085787,6,0.16666666666666666,-0.010812499999999928
15,2.5,0.01,0.05,0.02,24,False,0.003,0,-17.65639828372947,,3,,,-17.65639828372947,6,0.16666666666666666,-0.011804166666666649
15,2.5,0.01,0.05,0.02,24,True,0.001,0,-39.79670574627212,,3,,,-39.79670574627212,6,0.16666666666666666,-0.01494124337373079
15,2.5,0.01,0.05,0.02,24,True,0.002,0,-44.05939327883549,,3,,,-44.05939327883549,6,0.16666666666666666,-0.016096806594624497
15,2.5,0.01,0.05,0.02,24,True,0.003,0,-48.55715474176367,,3,,,-48.55715474176367,6,0.16666666666666666,-0.017251694386411665
15,2.5,0.01,0.05,0.02,48,False,0.001,0,-14.660350674371637,,3,,,-14.660350674371637,6,0.16666666666666666,-0.00982083333333332
15,2.5,0.01,0.05,0.02,48,False,0.002,0,-16.15687270085787,,3,,,-16.15687270085787,6,0.16666666666666666,-0.010812499999999928
15,2.5,0.01,0.05,0.02,48,False,0.003,0,-17.65639828372947,,3,,,-17.65639828372947,6,0.16666666666666666,-0.011804166666666649
15,2.5,0.01,0.05,0.02,48,True,0.001,0,-39.79670574627212,,3,,,-39.79670574627212,6,0.16666666666666666,-0.01494124337373079
15,2.5,0.01,0.05,0.02,48,True,0.002,0,-44.05939327883549,,3,,,-44.05939327883549,6,0.16666666666666666,-0.016096806594624497
15,2.5,0.01,0.05,0.02,48,True,0.003,0,-48.55715474176367,,3,,,-48.55715474176367,6,0.16666666666666666,-0.017251694386411665
15,2.5,0.01,0.05,0.03,12,False,0.001,0,-13.281331591014666,,3,,,-13.281331591014666,6,0.3333333333333333,-0.010628960864259093
15,2.5,0.01,0.05,0.03,12,False,0.002,0,-14.806095461263164,,3,,,-14.806095461263164,6,0.3333333333333333,-0.01178816500415624
15,2.5,0.01,0.05,0.03,12,False,0.003,0,-16.343469494530577,,3,,,-16.343469494530577,6,0.3333333333333333,-0.012946696423628362
15,2.5,0.01,0.05,0.03,12,True,0.001,0,-19.686769578620062,,3,,,-19.686769578620062,6,0.3333333333333333,-0.013185147322848
15,2.5,0.01,0.05,0.03,12,True,0.002,0,-22.09704549689777,,3,,,-22.09704549689777,6,0.3333333333333333,-0.014513371360005337
15,2.5,0.01,0.05,0.03,12,True,0.003,0,-24.600128882032422,,3,,,-24.600128882032422,6,0.3333333333333333,-0.01584023703668328
15,2.5,0.01,0.05,0.03,24,False,0.001,0,-4.985874349924523,,3,,,-4.985874349924523,6,0.3333333333333333,-0.004828333333333282
15,2.5,0.01,0.05,0.03,24,False,0.002,0,-6.021090837637249,,3,,,-6.021090837637249,6,0.3333333333333333,-0.005824999999999944
15,2.5,0.01,0.05,0.03,24,False,0.003,0,-7.058385030237431,,3,,,-7.058385030237431,6,0.3333333333333333,-0.006821666666666626
15,2.5,0.01,0.05,0.03,24,True,0.001,0,-19.686769578620062,,3,,,-19.686769578620062,6,0.3333333333333333,-0.013185147322848
15,2.5,0.01,0.05,0.03,24,True,0.002,0,-22.09704549689777,,3,,,-22.09704549689777,6,0.3333333333333333,-0.014513371360005337
15,2.5,0.01,0.05,0.03,24,True,0.003,0,-24.600128882032422,,3,,,-24.600128882032422,6,0.3333333333333333,-0.01584023703668328
15,2.5,0.01,0.05,0.03,48,False,0.001,0,-4.985874349924523,,3,,,-4.985874349924523,6,0.3333333333333333,-0.004828333333333282
15,2.5,0.01,0.05,0.03,48,False,0.002,0,-6.021090837637249,,3,,,-6.021090837637249,6,0.3333333333333333,-0.005824999999999944
15,2.5,0.01,0.05,0.03,48,False,0.003,0,-7.058385030237431,,3,,,-7.058385030237431,6,0.3333333333333333,-0.006821666666666626
15,2.5,0.01,0.05,0.03,48,True,0.001,0,-19.686769578620062,,3,,,-19.686769578620062,6,0.3333333333333333,-0.013185147322848
15,2.5,0.01,0.05,0.03,48,True,0.002,0,-22.09704549689777,,3,,,-22.09704549689777,6,0.3333333333333333,-0.014513371360005337
15,2.5,0.01,0.05,0.03,48,True,0.003,0,-24.600128882032422,,3,,,-24.600128882032422,6,0.3333333333333333,-0.01584023703668328
15,2.5,0.01,0.08,0.02,12,False,0.001,0,-46.44779535108697,,3,,,-46.44779535108697,6,0.16666666666666666,-0.015621460864259131
15,2.5,0.01,0.08,0.02,12,False,0.002,0,-51.41095041334619,,3,,,-51.41095041334619,6,0.16666666666666666,-0.016775665004156223
15,2.5,0.01,0.08,0.02,12,False,0.003,0,-56.67943937298644,,3,,,-56.67943937298644,6,0.16666666666666666,-0.017929196423628387
15,2.5,0.01,0.08,0.02,12,True,0.001,0,-39.79670574627212,,3,,,-39.79670574627212,6,0.16666666666666666,-0.01494124337373079
15,2.5,0.01,0.08,0.02,12,True,0.002,0,-44.05939327883549,,3,,,-44.05939327883549,6,0.16666666666666666,-0.016096806594624497
15,2.5,0.01,0.08,0.02,12,True,0.003,0,-48.55715474176367,,3,,,-48.55715474176367,6,0.16666666666666666,-0.017251694386411665
15,2.5,0.01,0.08,0.02,24,False,0.001,0,-5.045350101817023,,3,,,-5.045350101817023,6,0.16666666666666666,-0.004828333333333294
15,2.5,0.01,0.08,0.02,24,False,0.002,0,-6.092915532693418,,3,,,-6.092915532693418,6,0.16666666666666666,-0.005824999999999923
15,2.5,0.01,0.08,0.02,24,False,0.003,0,-7.142583453088563,,3,,,-7.142583453088563,6,0.16666666666666666,-0.006821666666666647
15,2.5,0.01,0.08,0.02,24,True,0.001,0,-39.79670574627212,,3,,,-39.79670574627212,6,0.16666666666666666,-0.01494124337373079
15,2.5,0.01,0.08,0.02,24,True,0.002,0,-44.05939327883549,,3,,,-44.05939327883549,6,0.16666666666666666,-0.016096806594624497
15,2.5,0.01,0.08,0.02,24,True,0.003,0,-48.55715474176367,,3,,,-48.55715474176367,6,0.16666666666666666,-0.017251694386411665
15,2.5,0.01,0.08,0.02,48,False,0.001,0,-5.045350101817023,,3,,,-5.045350101817023,6,0.16666666666666666,-0.004828333333333294
15,2.5,0.01,0.08,0.02,48,False,0.002,0,-6.092915532693418,,3,,,-6.092915532693418,6,0.16666666666666666,-0.005824999999999923
15,2.5,0.01,0.08,0.02,48,False,0.003,0,-7.142583453088563,,3,,,-7.142583453088563,6,0.16666666666666666,-0.006821666666666647
15,2.5,0.01,0.08,0.02,48,True,0.001,0,-39.79670574627212,,3,,,-39.79670574627212,6,0.16666666666666666,-0.01494124337373079
15,2.5,0.01,0.08,0.02,48,True,0.002,0,-44.05939327883549,,3,,,-44.05939327883549,6,0.16666666666666666,-0.016096806594624497
15,2.5,0.01,0.08,0.02,48,True,0.003,0,-48.55715474176367,,3,,,-48.55715474176367,6,0.16666666666666666,-0.017251694386411665
15,2.5,0.01,0.08,0.03,12,False,0.001,0,-11.224322231151124,,3,,,-11.224322231151124,6,0.3333333333333333,-0.009569783196572763
15,2.5,0.01,0.08,0.03,12,False,0.002,0,-12.982776414281318,,3,,,-12.982776414281318,6,0.3333333333333333,-0.010905230765539087
15,2.5,0.01,0.08,0.03,12,False,0.003,0,-14.791977900233318,,3,,,-14.791977900233318,6,0.3333333333333333,-0.012239305577350762
15,2.5,0.01,0.08,0.03,12,True,0.001,0,-19.686769578620062,,3,,,-19.686769578620062,6,0.3333333333333333,-0.013185147322848
15,2.5,0.01,0.08,0.03,12,True,0.002,0,-22.09704549689777,,3,,,-22.09704549689777,6,0.3333333333333333,-0.014513371360005337
15,2.5,0.01,0.08,0.03,12,True,0.003,0,-24.600128882032422,,3,,,-24.600128882032422,6,0.3333333333333333,-0.01584023703668328
15,2.5,0.01,0.08,0.03,24,False,0.001,0,3.8726696207095452,,3,,,3.8726696207095452,6,0.3333333333333333,0.005156666666666727
15,2.5,0.01,0.08,0.03,24,False,0.002,0,3.119784896743161,,3,,,3.119784896743161,6,0.3333333333333333,0.004150000000000066
15,2.5,0.01,0.08,0.03,24,False,0.003,0,2.365389114654545,,3,,,2.365389114654545,6,0.3333333333333333,0.0031433333333333925
15,2.5,0.01,0.08,0.03,24,True,0.001,0,-19.686769578620062,,3,,,-19.686769578620062,6,0.3333333333333333,-0.013185147322848
15,2.5,0.01,0.08,0.03,24,True,0.002,0,-22.09704549689777,,3,,,-22.09704549689777,6,0.3333333333333333,-0.014513371360005337
15,2.5,0.01,0.08,0.03,24,True,0.003,0,-24.600128882032422,,3,,,-24.600128882032422,6,0.3333333333333333,-0.01584023703668328
15,2.5,0.01,0.08,0.03,48,False,0.001,0,3.8726696207095452,,3,,,3.8726696207095452,6,0.3333333333333333,0.005156666666666727
15,2.5,0.01,0.08,0.03,48,False,0.002,0,3.119784896743161,,3,,,3.119784896743161,6,0.3333333333333333,0.004150000000000066
15,2.5,0.01,0.08,0.03,48,False,0.003,0,2.365389114654545,,3,,,2.365389114654545,6,0.3333333333333333,0.0031433333333333925
15,2.5,0.01,0.08,0.03,48,True,0.001,0,-19.686769578620062,,3,,,-19.686769578620062,6,0.3333333333333333,-0.013185147322848
15,2.5,0.01,0.08,0.03,48,True,0.002,0,-22.09704549689777,,3,,,-22.09704549689777,6,0.3333333333333333,-0.014513371360005337
15,2.5,0.01,0.08,0.03,48,True,0.003,0,-24.600128882032422,,3,,,-24.600128882032422,6,0.3333333333333333,-0.01584023703668328
15,2.5,0.01,0.1,0.02,12,False,0.001,0,-46.44779535108697,,3,,,-46.44779535108697,6,0.16666666666666666,-0.015621460864259131
15,2.5,0.01,0.1,0.02,12,False,0.002,0,-51.41095041334619,,3,,,-51.41095041334619,6,0.16666666666666666,-0.016775665004156223
15,2.5,0.01,0.1,0.02,12,False,0.003,0,-56.67943937298644,,3,,,-56.67943937298644,6,0.16666666666666666,-0.017929196423628387
15,2.5,0.01,0.1,0.02,12,True,0.001,0,-39.79670574627212,,3,,,-39.79670574627212,6,0.16666666666666666,-0.01494124337373079
15,2.5,0.01,0.1,0.02,12,True,0.002,0,-44.05939327883549,,3,,,-44.05939327883549,6,0.16666666666666666,-0.016096806594624497
15,2.5,0.01,0.1,0.02,12,True,0.003,0,-48.55715474176367,,3,,,-48.55715474176367,6,0.16666666666666666,-0.017251694386411665
15,2.5,0.01,0.1,0.02,24,False,0.001,0,-6.746469831921246,,3,,,-6.746469831921246,6,0.16666666666666666,-0.006001242069644033
15,2.5,0.01,0.1,0.02,24,False,0.002,0,-8.167741554531244,,3,,,-8.167741554531244,6,0.16666666666666666,-0.007174667497921808
15,2.5,0.01,0.1,0.02,24,False,0.003,0,-9.624195335891615,,3,,,-9.624195335891615,6,0.16666666666666666,-0.008347381897277628
15,2.5,0.01,0.1,0.02,24,True,0.001,0,-39.79670574627212,,3,,,-39.79670574627212,6,0.16666666666666666,-0.01494124337373079
15,2.5,0.01,0.1,0.02,24,True,0.002,0,-44.05939327883549,,3,,,-44.05939327883549,6,0.16666666666666666,-0.016096806594624497
15,2.5,0.01,0.1,0.02,24,True,0.003,0,-48.55715474176367,,3,,,-48.55715474176367,6,0.16666666666666666,-0.017251694386411665
15,2.5,0.01,0.1,0.02,48,False,0.001,0,-1.30618315267888,,3,,,-1.30618315267888,6,0.16666666666666666,-0.001499999999999951
15,2.5,0.01,0.1,0.02,48,False,0.002,0,-2.1791543490736482,,3,,,-2.1791543490736482,6,0.16666666666666666,-0.0024999999999999124
15,2.5,0.01,0.1,0.02,48,False,0.003,0,-3.0538776200832602,,3,,,-3.0538776200832602,6,0.16666666666666666,-0.0034999999999999662
15,2.5,0.01,0.1,0.02,48,True,0.001,0,-39.79670574627212,,3,,,-39.79670574627212,6,0.16666666666666666,-0.01494124337373079
15,2.5,0.01,0.1,0.02,48,True,0.002,0,-44.05939327883549,,3,,,-44.05939327883549,6,0.16666666666666666,-0.016096806594624497
15,2.5,0.01,0.1,0.02,48,True,0.003,0,-48.55715474176367,,3,,,-48.55715474176367,6,0.16666666666666666,-0.017251694386411665
15,2.5,0.01,0.1,0.03,12,False,0.001,0,-11.224322231151124,,3,,,-11.224322231151124,6,0.3333333333333333,-0.009569783196572763
15,2.5,0.01,0.1,0.03,12,False,0.002,0,-12.982776414281318,,3,,,-12.982776414281318,6,0.3333333333333333,-0.010905230765539087
15,2.5,0.01,0.1,0.03,12,False,0.003,0,-14.791977900233318,,3,,,-14.791977900233318,6,0.3333333333333333,-0.012239305577350762
15,2.5,0.01,0.1,0.03,12,True,0.001,0,-19.686769578620062,,3,,,-19.686769578620062,6,0.3333333333333333,-0.013185147322848
15,2.5,0.01,0.1,0.03,12,True,0.002,0,-22.09704549689777,,3,,,-22.09704549689777,6,0.3333333333333333,-0.014513371360005337
15,2.5,0.01,0.1,0.03,12,True,0.003,0,-24.600128882032422,,3,,,-24.600128882032422,6,0.3333333333333333,-0.01584023703668328
15,2.5,0.01,0.1,0.03,24,False,0.001,0,3.936598697856214,,3,,,3.936598697856214,6,0.3333333333333333,0.005276726565153353
15,2.5,0.01,0.1,0.03,24,False,0.002,0,2.949739425378635,,3,,,2.949739425378635,6,0.3333333333333333,0.003911615528892863
15,2.5,0.01,0.1,0.03,24,False,0.003,0,1.9423181214774194,,3,,,1.9423181214774194,6,0.3333333333333333,0.0025479363698015707
15,2.5,0.01,0.1,0.03,24,True,0.001,0,-19.686769578620062,,3,,,-19.686769578620062,6,0.3333333333333333,-0.013185147322848
15,2.5,0.01,0.1,0.03,24,True,0.002,0,-22.09704549689777,,3,,,-22.09704549689777,6,0.3333333333333333,-0.014513371360005337
15,2.5,0.01,0.1,0.03,24,True,0.003,0,-24.600128882032422,,3,,,-24.600128882032422,6,0.3333333333333333,-0.01584023703668328
15,2.5,0.01,0.1,0.03,48,False,0.001,1,7.50694410732085,,3,,,7.50694410732085,6,0.3333333333333333,0.011813333333333424
15,2.5,0.01,0.1,0.03,48,False,0.002,1,6.869887800471862,,3,,,6.869887800471862,6,0.3333333333333333,0.010800000000000087
15,2.5,0.01,0.1,0.03,48,False,0.003,1,6.231552905973259,,3,,,6.231552905973259,6,0.3333333333333333,0.00978666666666674
15,2.5,0.01,0.1,0.03,48,True,0.001,0,-19.686769578620062,,3,,,-19.686769578620062,6,0.3333333333333333,-0.013185147322848
15,2.5,0.01,0.1,0.03,48,True,0.002,0,-22.09704549689777,,3,,,-22.09704549689777,6,0.3333333333333333,-0.014513371360005337
15,2.5,0.01,0.1,0.03,48,True,0.003,0,-24.600128882032422,,3,,,-24.600128882032422,6,0.3333333333333333,-0.01584023703668328
15,2.5,0.01,0.15,0.02,12,False,0.001,0,-46.44779535108697,,3,,,-46.44779535108697,6,0.16666666666666666,-0.015621460864259131
15,2.5,0.01,0.15,0.02,12,False,0.002,0,-51.41095041334619,,3,,,-51.41095041334619,6,0.16666666666666666,-0.016775665004156223
15,2.5,0.01,0.15,0.02,12,False,0.003,0,-56.67943937298644,,3,,,-56.67943937298644,6,0.16666666666666666,-0.017929196423628387
15,2.5,0.01,0.15,0.02,12,True,0.001,0,-39.79670574627212,,3,,,-39.79670574627212,6,0.16666666666666666,-0.01494124337373079
15,2.5,0.01,0.15,0.02,12,True,0.002,0,-44.05939327883549,,3,,,-44.05939327883549,6,0.16666666666666666,-0.016096806594624497
15,2.5,0.01,0.15,0.02,12,True,0.003,0,-48.55715474176367,,3,,,-48.55715474176367,6,0.16666666666666666,-0.017251694386411665
15,2.5,0.01,0.15,0.02,24,False,0.001,0,-6.746469831921246,,3,,,-6.746469831921246,6,0.16666666666666666,-0.006001242069644033
15,2.5,0.01,0.15,0.02,24,False,0.002,0,-8.167741554531244,,3,,,-8.167741554531244,6,0.16666666666666666,-0.007174667497921808
15,2.5,0.01,0.15,0.02,24,False,0.003,0,-9.624195335891615,,3,,,-9.624195335891615,6,0.16666666666666666,-0.008347381897277628
15,2.5,0.01,0.15,0.02,24,True,0.001,0,-39.79670574627212,,3,,,-39.79670574627212,6,0.16666666666666666,-0.01494124337373079
15,2.5,0.01,0.15,0.02,24,True,0.002,0,-44.05939327883549,,3,,,-44.05939327883549,6,0.16666666666666666,-0.016096806594624497
15,2.5,0.01,0.15,0.02,24,True,0.003,0,-48.55715474176367,,3,,,-48.55715474176367,6,0.16666666666666666,-0.017251694386411665
15,2.5,0.01,0.15,0.02,48,False,0.001,0,4.192591833370401,,3,,,4.192591833370401,6,0.16666666666666666,0.006820833333333327
15,2.5,0.01,0.15,0.02,48,False,0.002,0,3.5763768670594516,,3,,,3.5763768670594516,6,0.16666666666666666,0.00581250000000004
15,2.5,0.01,0.15,0.02,48,False,0.003,0,2.958925142180359,,3,,,2.958925142180359,6,0.16666666666666666,0.00480416666666667
15,2.5,0.01,0.15,0.02,48,True,0.001,0,-39.79670574627212,,3,,,-39.79670574627212,6,0.16666666666666666,-0.01494124337373079
15,2.5,0.01,0.15,0.02,48,True,0.002,0,-44.05939327883549,,3,,,-44.05939327883549,6,0.16666666666666666,-0.016096806594624497
15,2.5,0.01,0.15,0.02,48,True,0.003,0,-48.55715474176367,,3,,,-48.55715474176367,6,0.16666666666666666,-0.017251694386411665
15,2.5,0.01,0.15,0.03,12,False,0.001,0,-11.224322231151124,,3,,,-11.224322231151124,6,0.3333333333333333,-0.009569783196572763
15,2.5,0.01,0.15,0.03,12,False,0.002,0,-12.982776414281318,,3,,,-12.982776414281318,6,0.3333333333333333,-0.010905230765539087
15,2.5,0.01,0.15,0.03,12,False,0.003,0,-14.791977900233318,,3,,,-14.791977900233318,6,0.3333333333333333,-0.012239305577350762
15,2.5,0.01,0.15,0.03,12,True,0.001,0,-19.686769578620062,,3,,,-19.686769578620062,6,0.3333333333333333,-0.013185147322848
15,2.5,0.01,0.15,0.03,12,True,0.002,0,-22.09704549689777,,3,,,-22.09704549689777,6,0.3333333333333333,-0.014513371360005337
15,2.5,0.01,0.15,0.03,12,True,0.003,0,-24.600128882032422,,3,,,-24.600128882032422,6,0.3333333333333333,-0.01584023703668328
15,2.5,0.01,0.15,0.03,24,False,0.001,0,3.936598697856214,,3,,,3.936598697856214,6,0.3333333333333333,0.005276726565153353
15,2.5,0.01,0.15,0.03,24,False,0.002,0,2.949739425378635,,3,,,2.949739425378635,6,0.3333333333333333,0.003911615528892863
15,2.5,0.01,0.15,0.03,24,False,0.003,0,1.9423181214774194,,3,,,1.9423181214774194,6,0.3333333333333333,0.0025479363698015707
15,2.5,0.01,0.15,0.03,24,True,0.001,0,-19.686769578620062,,3,,,-19.686769578620062,6,0.3333333333333333,-0.013185147322848
15,2.5,0.01,0.15,0.03,24,True,0.002,0,-22.09704549689777,,3,,,-22.09704549689777,6,0.3333333333333333,-0.014513371360005337
15,2.5,0.01,0.15,0.03,24,True,0.003,0,-24.600128882032422,,3,,,-24.600128882032422,6,0.3333333333333333,-0.01584023703668328
15,2.5,0.01,0.15,0.03,48,False,0.001,1,7.637231829642089,,3,,,7.637231829642089,6,0.3333333333333333,0.013481051730066864
15,2.5,0.01,0.15,0.03,48,False,0.002,1,6.9812247228118185,,3,,,6.9812247228118185,6,0.3333333333333333,0.012290259097516886
15,2.5,0.01,0.15,0.03,48,False,0.003,1,6.32187098805371,,3,,,6.32187098805371,6,0.3333333333333333,0.011100168924955434
15,2.5,0.01,0.15,0.03,48,True,0.001,0,-19.686769578620062,,3,,,-19.686769578620062,6,0.3333333333333333,-0.013185147322848
15,2.5,0.01,0.15,0.03,48,True,0.002,0,-22.09704549689777,,3,,,-22.09704549689777,6,0.3333333333333333,-0.014513371360005337
15,2.5,0.01,0.15,0.03,48,True,0.003,0,-24.600128882032422,,3,,,-24.600128882032422,6,0.3333333333333333,-0.01584023703668328
20,2.0,0.0,0.05,0.02,12,False,0.001,0,-14.71162205572109,-18.971330749712315,61,0.26229508196721313,-0.00988195321294354,-10.451913361729865,73,0.273972602739726,-0.0065824903537730906
20,2.0,0.0,0.05,0.02,12,False,0.002,0,-18.376820777729943,-24.04628952366639,61,0.22950819672131148,-0.012196829475355539,-12.707352031793498,73,0.2602739726027397,-0.007958445375437903
20,2.0,0.0,0.05,0.02,12,False,0.003,0,-22.482179937956516,-26.956810592953488,61,0.19672131147540983,-0.013567131329360679,-18.007549282959545,73,0.2328767123287671,-0.010780377397703104
20,2.0,0.0,0.05,0.02,12,True,0.001,0,-12.424771305147914,-15.465884253198967,62,0.2903225806451613,-0.00821937415472434,-9.383658357096861,73,0.3150684931506849,-0.0056195231931666185
20,2.0,0.0,0.05,0.02,12,True,0.002,0,-16.415002124281695,-20.826415405663425,62,0.25806451612903225,-0.010691310199152648,-12.003588842899966,73,0.2876712328767123,-0.00710808033162257
20,2.0,0.0,0.05,0.02,12,True,0.003,0,-21.36104069982317,-23.884417017228515,62,0.22580645161290322,-0.012122561264720853,-18.83766438241783,73,0.2602739726027397,-0.010347288147435053
20,2.0,0.0,0.05,0.02,24,False,0.001,0,-12.276873966021137,-12.891753543163109,58,0.20689655172413793,-0.008572382516027096,-11.661994388879165,71,0.2112676056338028,-0.00801734917603383
20,2.0,0.0,0.05,0.02,24,False,0.002,0,-17.283007386829944,-20.866404169685897,58,0.15517241379310345,-0.012598989898990028,-13.699610603973987,71,0.19718309859154928,-0.009398999827170976
20,2.0,0.0,0.05,0.02,24,False,0.003,0,-20.30873342373935,-23.069412408740142,59,0.15254237288135594,-0.013790046535691936,-17.54805443873856,72,0.18055555555555555,-0.0115702441929301
20,2.0,0.0,0.05,0.02,24,True,0.001,0,-11.938452827466076,-14.268472113772118,61,0.3114754098360656,-0.007796815251692254,-9.608433541160034,73,0.3287671232876712,-0.005813359486436094
20,2.0,0.0,0.05,0.02,24,True,0.002,0,-16.492363722917695,-20.578596378178837,61,0.26229508196721313,-0.010808777724082504,-12.40613106765655,73,0.3013698630136986,-0.007414017078276618
20,2.0,0.0,0.05,0.02,24,True,0.003,0,-22.077403742332358,-24.621858859663952,62,0.24193548387096775,-0.01264535238839807,-19.53294862500076,73,0.2602739726027397,-0.010792555930817191
20,2.0,0.0,0.05,0.02,48,False,0.001,0,-11.142509661571816,-10.474654883251015,57,0.21052631578947367,-0.007439323044165392,-11.810364439892618,69,0.18840579710144928,-0.008301376811594163
20,2.0,0.0,0.05,0.02,48,False,0.002,0,-16.296830899415404,-19.35703222058153,57,0.15789473684210525,-0.012126022305188267,-13.23662957824928,69,0.18840579710144928,-0.009294565217391262
20,2.0,0.0,0.05,0.02,48,False,0.003,0,-19.20182748333653,-21.435559672613085,58,0.15517241379310345,-0.013311484648742116,-16.968095294059978,70,0.17142857142857143,-0.011471999999999953
20,2.0,0.0,0.05,0.02,48,True,0.001,0,-11.938452827466076,-14.268472113772118,61,0.3114754098360656,-0.007796815251692254,-9.608433541160034,73,0.3287671232876712,-0.005813359486436094
20,2.0,0.0,0.05,0.02,48,True,0.002,0,-16.492363722917695,-20.578596378178837,61,0.26229508196721313,-0.010808777724082504,-12.40613106765655,73,0.3013698630136986,-0.007414017078276618
20,2.0,0.0,0.05,0.02,48,True,0.003,0,-22.077403742332358,-24.621858859663952,62,0.24193548387096775,-0.01264535238839807,-19.53294862500076,73,0.2602739726027397,-0.010792555930817191
20,2.0,0.0,0.05,0.03,12,False,0.001,0,-11.084774859148759,-12.837567090999148,55,0.34545454545454546,-0.008993529059438983,-9.33198262729837,69,0.36231884057971014,-0.007398194548336648
20,2.0,0.0,0.05,0.03,12,False,0.002,0,-15.554115678470602,-18.35685605889457,56,0.32142857142857145,-0.012223002218178711,-12.751375298046632,69,0.3333333333333333,-0.009827014908912319
20,2.0,0.0,0.05,0.03,12,False,0.003,0,-19.162675366091804,-23.81504463351679,57,0.2807017543859649,-0.01530673651452965,-14.510306098666817,69,0.3333333333333333,-0.01109704238935447
20,2.0,0.0,0.05,0.03,12,True,0.001,0,-9.654755883713639,-9.462698024635419,56,0.4107142857142857,-0.006487357686787273,-9.84681374279186,69,0.391304347826087,-0.007210200634937866
20,2.0,0.0,0.05,0.03,12,True,0.002,0,-14.029002847652553,-14.190301704988448,57,0.3684210526315789,-0.009486171137456962,-13.867703990316656,69,0.34782608695652173,-0.009772209143017973
20,2.0,0.0,0.05,0.03,12,True,0.003,0,-17.62119193201724,-19.151144672457853,58,0.3275862068965517,-0.012347584061383851,-16.091239191576623,69,0.34782608695652173,-0.011174893298302088
20,2.0,0.0,0.05,0.03,24,False,0.001,0,-8.01018079570112,-5.882800480596582,53,0.3584905660377358,-0.005134281250937313,-10.137561110805658,66,0.30303030303030304,-0.008982655154981018
20,2.0,0.0,0.05,0.03,24,False,0.002,0,-12.216612833888842,-11.967182942373354,54,0.3148148148148148,-0.009964785534255893,-12.466042725404332,67,0.2835820895522388,-0.01098332651778373
20,2.0,0.0,0.05,0.03,24,False,0.003,0,-14.758951452294731,-15.377101772295479,55,0.2727272727272727,-0.012623268929435504,-14.140801132293983,67,0.2835820895522388,-0.012295825156540669
20,2.0,0.0,0.05,0.03,24,True,0.001,0,-8.198144718867653,-7.027942905314447,56,0.4642857142857143,-0.005116289431876754,-9.36834653242086,69,0.43478260869565216,-0.006956712636180621
20,2.0,0.0,0.05,0.03,24,True,0.002,0,-13.503192558467191,-13.716097581878937,57,0.40350877192982454,-0.009472720877131776,-13.290287535055445,69,0.391304347826087,-0.009505239759240239
20,2.0,0.0,0.05,0.03,24,True,0.003,0,-15.971166972202475,-16.48177471266729,58,0.39655172413793105,-0.011211607732738715,-15.460559231737664,69,0.37681159420289856,-0.010894497416112809
20,2.0,0.0,0.05,0.03,48,False,0.001,0,-10.04893697827002,-5.884696504429206,51,0.3333333333333333,-0.005592870853282891,-14.213177452110834,63,0.23809523809523808,-0.012435952380952334
20,2.0,0.0,0.05,0.03,48,False,0.002,0,-12.824377841218986,-11.190213163317454,52,0.28846153846153844,-0.010174197526841011,-14.458542519120519,65,0.24615384615384617,-0.01278192307692304
20,2.0,0.0,0.05,0.03,48,False,0.003,0,-15.229815674131459,-14.865944683458434,53,0.2641509433962264,-0.013108983200510252,-15.593686664804482,65,0.24615384615384617,-0.013771615384615351
20,2.0,0.0,0.05,0.03,48,True,0.001,0,-8.198144718867653,-7.027942905314447,56,0.4642857142857143,-0.005116289431876754,-9.36834653242086,69,0.43478260869565216,-0.006956712636180621
20,2.0,0.0,0.05,0.03,48,True,0.002,0,-13.503192558467191,-13.716097581878937,57,0.40350877192982454,-0.009472720877131776,-13.290287535055445,69,0.391304347826087,-0.009505239759240239
20,2.0,0.0,0.05,0.03,48,True,0.003,0,-15.971166972202475,-16.48177471266729,58,0.39655172413793105,-0.011211607732738715,-15.460559231737664,69,0.37681159420289856,-0.010894497416112809
20,2.0,0.0,0.08,0.02,12,False,0.001,0,-11.006361124198591,-11.68437636003276,61,0.26229508196721313,-0.007917690917861566,-10.328345888364424,73,0.2602739726027397,-0.006843630830202254
20,2.0,0.0,0.08,0.02,12,False,0.002,0,-13.969835111597416,-15.287487575519053,61,0.22950819672131148,-0.010234534393388322,-12.652182647675776,73,0.2465753424657534,-0.008290759509705535
20,2.0,0.0,0.08,0.02,12,False,0.003,0,-16.615352220507617,-17.402818899773457,61,0.19672131147540983,-0.011606803460508219,-15.827885541241775,73,0.2328767123287671,-0.010228031786801307
20,2.0,0.0,0.08,0.02,12,True,0.001,0,-11.98733987471348,-11.63708322188734,62,0.2903225806451613,-0.0071707765953547935,-12.337596527539624,73,0.3013698630136986,-0.006910790732219762
20,2.0,0.0,0.08,0.02,12,True,0.002,0,-15.711481990205195,-16.072878005626592,62,0.25806451612903225,-0.009660695849975465,-15.350085974783799,73,0.273972602739726,-0.0084406574969783
20,2.0,0.0,0.08,0.02,12,True,0.003,0,-19.585893650500523,-18.662523712229916,62,0.22580645161290322,-0.011109862460659545,-20.50926358877113,73,0.2602739726027397,-0.010765456751306225
20,2.0,0.0,0.08,0.02,24,False,0.001,0,-8.563771922834391,-5.528710231294498,58,0.20689655172413793,-0.004881815105545926,-11.598833614374286,69,0.17391304347826086,-0.009035189753956228
20,2.0,0.0,0.08,0.02,24,False,0.002,0,-12.25940890184032,-11.02195061665747,58,0.15517241379310345,-0.009178601310206484,-13.496867187023172,69,0.15942028985507245,-0.010471526806565145
20,2.0,0.0,0.08,0.02,24,False,0.003,0,-14.112396652282275,-12.678237966264268,59,0.15254237288135594,-0.010448991709651183,-15.54655533830028,71,0.15492957746478872,-0.011872348549205262
20,2.0,0.0,0.08,0.02,24,True,0.001,0,-11.613843236211604,-10.684958481810805,61,0.3114754098360656,-0.006731027568398619,-12.542727990612402,73,0.3150684931506849,-0.007104627025489237
20,2.0,0.0,0.08,0.02,24,True,0.002,0,-15.842341880929482,-15.932213843238282,61,0.26229508196721313,-0.009761268057705693,-15.75246991862068,73,0.2876712328767123,-0.008746594243632347
20,2.0,0.0,0.08,0.02,24,True,0.003,0,-20.29202308417654,-19.354314961845436,62,0.24193548387096775,-0.01163265358433676,-21.229731206507648,73,0.2602739726027397,-0.011210724534688363
20,2.0,0.0,0.08,0.02,48,False,0.001,0,-8.405696645839615,-5.345012105630427,56,0.19642857142857142,-0.004879914949724236,-11.466381186048805,67,0.11940298507462686,-0.009547611940298469
20,2.0,0.0,0.08,0.02,48,False,0.002,0,-11.51001111750519,-10.34966260370833,56,0.16071428571428573,-0.008812827093756321,-12.670359631302048,67,0.11940298507462686,-0.010539552238805925
20,2.0,0.0,0.08,0.02,48,False,0.003,0,-13.2103422982101,-11.945579452432703,57,0.15789473684210525,-0.010080796120675695,-14.4751051439875,69,0.11594202898550725,-0.011876376811594152
20,2.0,0.0,0.08,0.02,48,True,0.001,0,-11.613843236211604,-10.684958481810805,61,0.3114754098360656,-0.006731027568398619,-12.542727990612402,73,0.3150684931506849,-0.007104627025489237
20,2.0,0.0,0.08,0.02,48,True,0.002,0,-15.842341880929482,-15.932213843238282,61,0.26229508196721313,-0.009761268057705693,-15.75246991862068,73,0.2876712328767123,-0.008746594243632347
20,2.0,0.0,0.08,0.02,48,True,0.003,0,-20.29202308417654,-19.354314961845436,62,0.24193548387096775,-0.01163265358433676,-21.229731206507648,73,0.2602739726027397,-0.011210724534688363
20,2.0,0.0,0.08,0.03,12,False,0.001,0,-7.896946440693998,-7.256541370603244,55,0.34545454545454546,-0.00627034724125716,-8.537351510784754,69,0.34782608695652173,-0.007344056263962267
20,2.0,0.0,0.08,0.03,12,False,0.002,0,-12.582895275652678,-12.498456111000163,56,0.32142857142857145,-0.010085502218178707,-12.667334440305192,69,0.3188405797101449,-0.01028181109714922
20,2.0,0.0,0.08,0.03,12,False,0.003,0,-15.609963118792777,-16.738798977485505,57,0.2807017543859649,-0.013208841777687545,-14.48112726010005,69,0.3188405797101449,-0.011626342174828486
20,2.0,0.0,0.08,0.03,12,True,0.001,0,-8.92415078199222,-7.024596082455162,56,0.4107142857142857,-0.0053264103889138475,-10.823705481529277,69,0.37681159420289856,-0.008010053321691973
20,2.0,0.0,0.08,0.03,12,True,0.002,0,-13.748533904137926,-11.265816038319064,57,0.3684210526315789,-0.008365152020808097,-16.231251769956785,69,0.3333333333333333,-0.011035163380402674
20,2.0,0.0,0.08,0.03,12,True,0.003,0,-17.157800495753847,-15.630536059175807,58,0.3275862068965517,-0.01126504396049073,-18.685064932331887,69,0.3333333333333333,-0.01246669794337583
20,2.0,0.0,0.08,0.03,24,False,0.001,0,-4.276981960404226,-0.5408941678379531,53,0.3584905660377358,-0.00058233855519828,-8.013069752970498,64,0.28125,-0.008270645908064879
20,2.0,0.0,0.08,0.03,24,False,0.002,0,-9.019726122294033,-5.794671306099997,54,0.3148148148148148,-0.005965727520836455,-12.24478093848807,65,0.24615384615384617,-0.012080762849708132
20,2.0,0.0,0.08,0.03,24,False,0.003,0,-11.033605108228933,-8.625741872642317,55,0.2727272727272727,-0.008777347038382493,-13.44146834381555,65,0.24615384615384617,-0.013211337826178655
20,2.0,0.0,0.08,0.03,24,True,0.001,0,-7.819084098345284,-5.302389340251801,56,0.4642857142857143,-0.00417320594043149,-10.335778856438766,69,0.42028985507246375,-0.007756565322934728
20,2.0,0.0,0.08,0.03,24,True,0.002,0,-13.26715827774495,-10.95308445591586,57,0.40350877192982454,-0.008351701760482909,-15.581232099574043,69,0.37681159420289856,-0.01076819399662494
20,2.0,0.0,0.08,0.03,24,True,0.003,0,-15.723635619366938,-13.477561772267626,58,0.39655172413793105,-0.010129067631845592,-17.96970946646625,69,0.36231884057971014,-0.012186302061186548
20,2.0,0.0,0.08,0.03,48,False,0.001,0,-7.387915683529539,-1.48464192209562,49,0.30612244897959184,-0.001776207847496535,-13.291189444963459,60,0.18333333333333332,-0.013477984480047039
20,2.0,0.0,0.08,0.03,48,False,0.002,0,-10.867451582333056,-7.027072213079777,50,0.26,-0.007840029894384964,-14.707830951586335,61,0.18032786885245902,-0.01479351517208787
20,2.0,0.0,0.08,0.03,48,False,0.003,0,-13.301674250905862,-10.856143347598328,51,0.23529411764705882,-0.011545831327763994,-15.747205154213395,61,0.18032786885245902,-0.015814208356264223
20,2.0,0.0,0.08,0.03,48,True,0.001,0,-7.819084098345284,-5.302389340251801,56,0.4642857142857143,-0.00417320594043149,-10.335778856438766,69,0.42028985507246375,-0.007756565322934728
20,2.0,0.0,0.08,0.03,48,True,0.002,0,-13.26715827774495,-10.95308445591586,57,0.40350877192982454,-0.008351701760482909,-15.581232099574043,69,0.37681159420289856,-0.01076819399662494
20,2.0,0.0,0.08,0.03,48,True,0.003,0,-15.723635619366938,-13.477561772267626,58,0.39655172413793105,-0.010129067631845592,-17.96970946646625,69,0.36231884057971014,-0.012186302061186548
20,2.0,0.0,0.1,0.02,12,False,0.001,0,-10.439741566906736,-12.043120417601736,61,0.26229508196721313,-0.00822107760357909,-8.836362716211738,73,0.2602739726027397,-0.006296507542531017
20,2.0,0.0,0.1,0.02,12,False,0.002,0,-13.349524739912907,-15.728349860491482,61,0.22950819672131148,-0.010571895670842484,-10.970699619334331,73,0.2465753424657534,-0.0077441841672397805
20,2.0,0.0,0.1,0.02,12,False,0.003,0,-15.908504335611088,-17.943274336112776,61,0.19672131147540983,-0.011978002351741658,-13.873734335109399,73,0.2328767123287671,-0.009682004389541036
20,2.0,0.0,0.1,0.02,12,True,0.001,0,-13.905383389879503,-15.473170252219385,62,0.2903225806451613,-0.008285174456334478,-12.337596527539624,73,0.3013698630136986,-0.006910790732219762
20,2.0,0.0,0.1,0.02,12,True,0.002,0,-18.194337935760625,-21.038589896737452,62,0.25806451612903225,-0.010807532083987933,-15.350085974783799,73,0.273972602739726,-0.0084406574969783
20,2.0,0.0,0.1,0.02,12,True,0.003,0,-22.442370356429095,-24.375477124087055,62,0.22580645161290322,-0.012289002982836403,-20.50926358877113,73,0.2602739726027397,-0.010765456751306225
20,2.0,0.0,0.1,0.02,24,False,0.001,0,-7.540442785856408,-6.603495367609818,58,0.1896551724137931,-0.005925216678483961,-8.477390204102997,69,0.17391304347826086,-0.0075594049287427785
20,2.0,0.0,0.1,0.02,24,False,0.002,0,-11.157739669935452,-12.168655518343632,58,0.13793103448275862,-0.01025766000917305,-10.146823821527274,69,0.15942028985507245,-0.009012822674578886
20,2.0,0.0,0.1,0.02,24,False,0.003,0,-12.930293211169392,-13.877907789008793,59,0.13559322033898305,-0.011544669868900079,-11.982678633329993,71,0.15492957746478872,-0.010471273628743772
20,2.0,0.0,0.1,0.02,24,True,0.001,0,-13.414625637650776,-14.286523284689148,61,0.3114754098360656,-0.007863694246771413,-12.542727990612402,73,0.3150684931506849,-0.007104627025489237
20,2.0,0.0,0.1,0.02,24,True,0.002,0,-18.271508228800112,-20.790546538979545,61,0.26229508196721313,-0.010926904885718364,-15.75246991862068,73,0.2876712328767123,-0.008746594243632347
20,2.0,0.0,0.1,0.02,24,True,0.003,0,-23.17266558266837,-25.11559995882909,62,0.24193548387096775,-0.012811794106513617,-21.229731206507648,73,0.2602739726027397,-0.011210724534688363
20,2.0,0.0,0.1,0.02,48,False,0.001,0,-8.868329797494537,-8.239534031953166,54,0.16666666666666666,-0.0075236188685173355,-9.497125563035908,67,0.1044776119402985,-0.008951492537313392
20,2.0,0.0,0.1,0.02,48,False,0.002,0,-11.114909343412233,-11.669079671565958,55,0.12727272727272726,-0.010378514859097344,-10.560739015258509,67,0.1044776119402985,-0.009944029850746211
20,2.0,0.0,0.1,0.02,48,False,0.003,0,-12.680643512544865,-13.192427692364706,56,0.125,-0.011621881765687764,-12.168859332725022,69,0.10144927536231885,-0.011298695652173871
20,2.0,0.0,0.1,0.02,48,True,0.001,0,-13.414625637650776,-14.286523284689148,61,0.3114754098360656,-0.007863694246771413,-12.542727990612402,73,0.3150684931506849,-0.007104627025489237
20,2.0,0.0,0.1,0.02,48,True,0.002,0,-18.271508228800112,-20.790546538979545,61,0.26229508196721313,-0.010926904885718364,-15.75246991862068,73,0.2876712328767123,-0.008746594243632347
20,2.0,0.0,0.1,0.02,48,True,0.003,0,-23.17266558266837,-25.11559995882909,62,0.24193548387096775,-0.012811794106513617,-21.229731206507648,73,0.2602739726027397,-0.011210724534688363
20,2.0,0.0,0.1,0.03,12,False,0.001,0,-7.69661555246551,-8.182576485706543,55,0.34545454545454546,-0.006947110887212036,-7.210654619224478,69,0.34782608695652173,-0.006595405346929882
20,2.0,0.0,0.1,0.03,12,False,0.002,0,-12.260578134791077,-12.91437499148819,56,0.32142857142857145,-0.0104529850382627,-11.606781278093964,69,0.3188405797101449,-0.009838495306505154
20,2.0,0.0,0.1,0.03,12,False,0.003,0,-15.300415616127303,-17.242120237951735,57,0.2807017543859649,-0.01360608971391982,-13.358710994302871,69,0.3188405797101449,-0.011198879462271617
20,2.0,0.0,0.1,0.03,12,True,0.001,0,-9.809014186725584,-9.519525737148925,56,0.4107142857142857,-0.0065602080207127845,-10.098502636302241,69,0.37681159420289856,-0.0077206330318369005
20,2.0,0.0,0.1,0.03,12,True,0.002,0,-15.30060145606824,-14.369951142179694,57,0.3684210526315789,-0.00961258792447078,-16.231251769956785,69,0.3333333333333333,-0.011035163380402674
20,2.0,0.0,0.1,0.03,12,True,0.003,0,-19.099931044448304,-19.514797156564722,58,0.3275862068965517,-0.012525504518679783,-18.685064932331887,69,0.3333333333333333,-0.01246669794337583
20,2.0,0.0,0.1,0.03,24,False,0.001,0,-3.1735944285652415,-1.1302028427287154,52,0.34615384615384615,-0.001224843050802294,-5.216986014401768,64,0.28125,-0.006051136980272572
20,2.0,0.0,0.1,0.03,24,False,0.002,0,-7.904854574735401,-6.51571740317712,53,0.3018867924528302,-0.006835560201230742,-9.293991746293681,65,0.24615384615384617,-0.010237611591261884
20,2.0,0.0,0.1,0.03,24,False,0.003,0,-9.892830897929542,-9.385205827053285,54,0.25925925925925924,-0.009703131453828184,-10.4004559688058,65,0.24615384615384617,-0.011403034909138576
20,2.0,0.0,0.1,0.03,24,True,0.001,0,-8.564797007401971,-7.488986874326205,56,0.4642857142857143,-0.005407003572230425,-9.640607140477739,69,0.42028985507246375,-0.007467145033079655
20,2.0,0.0,0.1,0.03,24,True,0.002,0,-14.735889128710253,-13.890546157846464,57,0.40350877192982454,-0.009599137664145593,-15.581232099574043,69,0.37681159420289856,-0.01076819399662494
20,2.0,0.0,0.1,0.03,24,True,0.003,0,-17.387998781190383,-16.806288095914514,58,0.39655172413793105,-0.011389528190034647,-17.96970946646625,69,0.36231884057971014,-0.012186302061186548
20,2.0,0.0,0.1,0.03,48,False,0.001,0,-7.928723106978275,-4.7538460118713735,46,0.2826086956521739,-0.005533334994901527,-11.103600202085177,60,0.16666666666666666,-0.012645901146713705
20,2.0,0.0,0.1,0.03,48,False,0.002,0,-11.727506423505464,-11.08212651936997,47,0.23404255319148937,-0.011766846481068592,-12.372886327640957,61,0.16393442622950818,-0.013975892221268191
20,2.0,0.0,0.1,0.03,48,False,0.003,0,-13.991486599263443,-14.68670049372393,48,0.1875,-0.01504522867723959,-13.296272704802954,61,0.16393442622950818,-0.014997405077575708
20,2.0,0.0,0.1,0.03,48,True,0.001,0,-8.564797007401971,-7.488986874326205,56,0.4642857142857143,-0.005407003572230425,-9.640607140477739,69,0.42028985507246375,-0.007467145033079655
20,2.0,0.0,0.1,0.03,48,True,0.002,0,-14.735889128710253,-13.890546157846464,57,0.40350877192982454,-0.009599137664145593,-15.581232099574043,69,0.37681159420289856,-0.01076819399662494
20,2.0,0.0,0.1,0.03,48,True,0.003,0,-17.387998781190383,-16.806288095914514,58,0.39655172413793105,-0.011389528190034647,-17.96970946646625,69,0.36231884057971014,-0.012186302061186548
20,2.0,0.0,0.15,0.02,12,False,0.001,0,-8.874242875593662,-10.37450066076129,61,0.26229508196721313,-0.007773866326334224,-7.373985090426035,73,0.2602739726027397,-0.005726885238362952
20,2.0,0.0,0.15,0.02,12,False,0.002,0,-11.558902933091787,-13.72717817553021,61,0.22950819672131148,-0.010142705189778174,-9.390627690653366,73,0.2465753424657534,-0.0072056866509799655
20,2.0,0.0,0.15,0.02,12,False,0.003,0,-13.945847301907508,-15.771372728240843,61,0.19672131147540983,-0.011566762444813191,-12.120321875574172,73,0.2328767123287671,-0.009174509564977779
20,2.0,0.0,0.15,0.02,12,True,0.001,0,-13.905383389879503,-15.473170252219385,62,0.2903225806451613,-0.008285174456334478,-12.337596527539624,73,0.3013698630136986,-0.006910790732219762
20,2.0,0.0,0.15,0.02,12,True,0.002,0,-18.194337935760625,-21.038589896737452,62,0.25806451612903225,-0.010807532083987933,-15.350085974783799,73,0.273972602739726,-0.0084406574969783
20,2.0,0.0,0.15,0.02,12,True,0.003,0,-22.442370356429095,-24.375477124087055,62,0.22580645161290322,-0.012289002982836403,-20.50926358877113,73,0.2602739726027397,-0.010765456751306225
20,2.0,0.0,0.15,0.02,24,False,0.001,0,-5.305653660202014,-3.747733650827502,58,0.1896551724137931,-0.003982632611559468,-6.863573669576526,69,0.17391304347826086,-0.006945640452108169
20,2.0,0.0,0.15,0.02,24,False,0.002,0,-8.269956126167187,-8.17548056642736,58,0.13793103448275862,-0.008336112631029484,-8.364431685907016,69,0.15942028985507245,-0.008429846469842548
20,2.0,0.0,0.15,0.02,24,False,0.003,0,-9.82037077326601,-9.61507806921614,59,0.13559322033898305,-0.009676296229031607,-10.025663477315879,71,0.15492957746478872,-0.009934523107215171
20,2.0,0.0,0.15,0.02,24,True,0.001,0,-13.414625637650776,-14.286523284689148,61,0.3114754098360656,-0.007863694246771413,-12.542727990612402,73,0.3150684931506849,-0.007104627025489237
20,2.0,0.0,0.15,0.02,24,True,0.002,0,-18.271508228800112,-20.790546538979545,61,0.26229508196721313,-0.010926904885718364,-15.75246991862068,73,0.2876712328767123,-0.008746594243632347
20,2.0,0.0,0.15,0.02,24,True,0.003,0,-23.17266558266837,-25.11559995882909,62,0.24193548387096775,-0.012811794106513617,-21.229731206507648,73,0.2602739726027397,-0.011210724534688363
20,2.0,0.0,0.15,0.02,48,False,0.001,0,-4.004532592350541,-2.992572301915601,52,0.17307692307692307,-0.0036129704429150307,-5.0164928827854816,67,0.1044776119402985,-0.0060229613649977545
20,2.0,0.0,0.15,0.02,48,False,0.002,0,-5.738475076135668,-5.592222806754045,53,0.1320754716981132,-0.006635914061465564,-5.884727345517289,67,0.1044776119402985,-0.0070503092296068945
20,2.0,0.0,0.15,0.02,48,False,0.003,0,-7.165306858143884,-6.79569047500369,54,0.12962962962962962,-0.007981339140073165,-7.534923241284077,69,0.10144927536231885,-0.008749113520271877
20,2.0,0.0,0.15,0.02,48,True,0.001,0,-13.414625637650776,-14.286523284689148,61,0.3114754098360656,-0.007863694246771413,-12.542727990612402,73,0.3150684931506849,-0.007104627025489237
20,2.0,0.0,0.15,0.02,48,True,0.002,0,-18.271508228800112,-20.790546538979545,61,0.26229508196721313,-0.010926904885718364,-15.75246991862068,73,0.2876712328767123,-0.008746594243632347
20,2.0,0.0,0.15,0.02,48,True,0.003,0,-23.17266558266837,-25.11559995882909,62,0.24193548387096775,-0.012811794106513617,-21.229731206507648,73,0.2602739726027397,-0.011210724534688363
20,2.0,0.0,0.15,0.03,12,False,0.001,0,-6.647081131219715,-7.098647404873728,55,0.34545454545454546,-0.006451112925176822,-6.195514857565702,69,0.34782608695652173,-0.0059975905815989085
20,2.0,0.0,0.15,0.03,12,False,0.002,0,-10.867003230467521,-11.47219563052557,56,0.32142857142857145,-0.00998547397853194,-10.26181083040947,69,0.3188405797101449,-0.00926878054292593
20,2.0,0.0,0.15,0.03,12,False,0.003,0,-13.725053287401874,-15.490674322540368,57,0.2807017543859649,-0.013165990866154269,-11.959432252263378,69,0.3188405797101449,-0.01066196464787861
20,2.0,0.0,0.15,0.03,12,True,0.001,0,-9.821087113660735,-9.519525737148925,56,0.4107142857142857,-0.0065602080207127845,-10.122648490172542,69,0.37681159420289856,-0.0077302152260513
20,2.0,0.0,0.15,0.03,12,True,0.002,0,-15.30060145606824,-14.369951142179694,57,0.3684210526315789,-0.00961258792447078,-16.231251769956785,69,0.3333333333333333,-0.011035163380402674
20,2.0,0.0,0.15,0.03,12,True,0.003,0,-19.099931044448304,-19.514797156564722,58,0.3275862068965517,-0.012525504518679783,-18.685064932331887,69,0.3333333333333333,-0.01246669794337583
20,2.0,0.0,0.15,0.03,24,False,0.001,0,-1.3809250617757693,0.7634023218185771,52,0.34615384615384615,0.0009418853315365647,-3.525252445370116,64,0.28125,-0.00462479923835644
20,2.0,0.0,0.15,0.03,24,False,0.002,0,-5.860965018450256,-3.9290124765113155,53,0.3018867924528302,-0.00473273476854533,-7.7929175603891965,65,0.24615384615384617,-0.009470600517339466
20,2.0,0.0,0.15,0.03,24,False,0.003,0,-7.642505181727266,-6.442887334912882,54,0.25925925925925924,-0.00766176025471263,-8.84212302854165,65,0.24615384615384617,-0.010685679829129258
20,2.0,0.0,0.15,0.03,24,True,0.001,0,-8.576370154095764,-7.488986874326205,56,0.4642857142857143,-0.005407003572230425,-9.663753433865324,69,0.42028985507246375,-0.007476727227294053
20,2.0,0.0,0.15,0.03,24,True,0.002,0,-14.735889128710253,-13.890546157846464,57,0.40350877192982454,-0.009599137664145593,-15.581232099574043,69,0.37681159420289856,-0.01076819399662494
20,2.0,0.0,0.15,0.03,24,True,0.003,0,-17.387998781190383,-16.806288095914514,58,0.39655172413793105,-0.011389528190034647,-17.96970946646625,69,0.36231884057971014,-0.012186302061186548
20,2.0,0.0,0.15,0.03,48,False,0.001,0,-5.585377903515696,-3.359144761661519,44,0.2727272727272727,-0.004452101224934441,-7.811611045369873,59,0.1694915254237288,-0.010345733477214127
20,2.0,0.0,0.15,0.03,48,False,0.002,0,-7.205521534068408,-6.250258412094747,45,0.24444444444444444,-0.008085598058167658,-8.160784656042068,60,0.16666666666666666,-0.011085857959207265
20,2.0,0.0,0.15,0.03,48,False,0.003,0,-9.242320173037996,-9.181071606507297,46,0.1956521739130435,-0.01157028067810731,-9.303568739568693,60,0.16666666666666666,-0.012424440459766473
20,2.0,0.0,0.15,0.03,48,True,0.001,0,-8.576370154095764,-7.488986874326205,56,0.4642857142857143,-0.005407003572230425,-9.663753433865324,69,0.42028985507246375,-0.007476727227294053
20,2.0,0.0,0.15,0.03,48,True,0.002,0,-14.735889128710253,-13.890546157846464,57,0.40350877192982454,-0.009599137664145593,-15.581232099574043,69,0.37681159420289856,-0.01076819399662494
20,2.0,0.0,0.15,0.03,48,True,0.003,0,-17.387998781190383,-16.806288095914514,58,0.39655172413793105,-0.011389528190034647,-17.96970946646625,69,0.36231884057971014,-0.012186302061186548
20,2.0,0.005,0.05,0.02,12,False,0.001,0,-18.349173701589635,-22.696781318119715,44,0.18181818181818182,-0.012277465331360727,-14.001566085059553,55,0.21818181818181817,-0.008364859309514137
20,2.0,0.005,0.05,0.02,12,False,0.002,0,-24.01367035655929,-29.76634480400632,44,0.11363636363636363,-0.015451399295657283,-18.260995909112264,55,0.2,-0.010646267885511814
20,2.0,0.005,0.05,0.02,12,False,0.003,0,-31.82430159273117,-37.67767711398638,46,0.08695652173913043,-0.01746943772939345,-25.970926071475965,55,0.16363636363636364,-0.013971489814253401
20,2.0,0.005,0.05,0.02,12,True,0.001,0,-18.24434916368075,-20.429568187650226,44,0.22727272727272727,-0.010941463108546724,-16.05913013971127,55,0.23636363636363636,-0.008954781815205232
20,2.0,0.005,0.05,0.02,12,True,0.002,0,-25.67588871166214,-30.14369110028659,44,0.1590909090909091,-0.014785900159215803,-21.208086323037694,55,0.21818181818181817,-0.011351863575822779
20,2.0,0.005,0.05,0.02,12,True,0.003,0,-36.07910223587694,-39.17751207416555,46,0.13043478260869565,-0.016899123542749334,-32.98069239758833,55,0.16363636363636364,-0.01513752609677528
20,2.0,0.005,0.05,0.02,24,False,0.001,0,-14.825204551183866,-14.552567930678437,44,0.18181818181818182,-0.009570709857267724,-15.097841171689295,55,0.18181818181818182,-0.00983919814569181
20,2.0,0.005,0.05,0.02,24,False,0.002,0,-24.30454827936513,-31.192112807773338,44,0.09090909090909091,-0.016102272727272684,-17.416983750956923,55,0.16363636363636364,-0.01131356954908031
20,2.0,0.005,0.05,0.02,24,False,0.003,0,-31.3514232929362,-40.62843754868013,46,0.08695652173913043,-0.018297056548076146,-22.074409037192268,55,0.14545454545454545,-0.01359167617667391
20,2.0,0.005,0.05,0.02,24,True,0.001,0,-17.37412947998329,-18.205477547250407,44,0.25,-0.010009819175117148,-16.542781412716174,55,0.2545454545454545,-0.009322204295817775
20,2.0,0.005,0.05,0.02,24,True,0.002,0,-25.626978216788125,-29.240345722406083,44,0.1590909090909091,-0.014614637534150697,-22.013610711170166,55,0.21818181818181817,-0.01186785385247073
20,2.0,0.005,0.05,0.02,24,True,0.003,0,-35.55794400670995,-37.88359675410521,46,0.15217391304347827,-0.016714478689650165,-33.23229125931469,55,0.16363636363636364,-0.015339228488932929
20,2.0,0.005,0.05,0.02,48,False,0.001,0,-13.862608024074968,-12.638060779636161,44,0.18181818181818182,-0.00876181818181815,-15.087155268513774,55,0.16363636363636364,-0.010032636363636329
20,2.0,0.005,0.05,0.02,48,False,0.002,0,-23.893422331323354,-31.192112807773338,44,0.09090909090909091,-0.016102272727272684,-16.59473185487337,55,0.16363636363636364,-0.011024090909090855
20,2.0,0.005,0.05,0.02,48,False,0.003,0,-27.678165635157576,-34.352804502654685,46,0.08695652173913043,-0.017364347826086906,-21.00352676766047,55,0.14545454545454545,-0.013283818181818133
20,2.0,0.005,0.05,0.02,48,True,0.001,0,-17.37412947998329,-18.205477547250407,44,0.25,-0.010009819175117148,-16.542781412716174,55,0.2545454545454545,-0.009322204295817775
20,2.0,0.005,0.05,0.02,48,True,0.002,0,-25.626978216788125,-29.240345722406083,44,0.1590909090909091,-0.014614637534150697,-22.013610711170166,55,0.21818181818181817,-0.01186785385247073
20,2.0,0.005,0.05,0.02,48,True,0.003,0,-35.55794400670995,-37.88359675410521,46,0.15217391304347827,-0.016714478689650165,-33.23229125931469,55,0.16363636363636364,-0.015339228488932929
20,2.0,0.005,0.05,0.03,12,False,0.001,0,-16.098350316414837,-17.52189466775514,42,0.2857142857142857,-0.012773174396612987,-14.674805965074535,52,0.28846153846153844,-0.011079815455344687
20,2.0,0.005,0.05,0.03,12,False,0.002,0,-21.25064537321844,-23.269067234213736,42,0.2619047619047619,-0.015923805100730822,-19.232223512223147,52,0.2692307692307692,-0.01385724644510857
20,2.0,0.005,0.05,0.03,12,False,0.003,0,-23.4683192410198,-25.793078772430416,42,0.23809523809523808,-0.017595345512225528,-21.143559709609185,52,0.2692307692307692,-0.015097514949284716
20,2.0,0.005,0.05,0.03,12,True,0.001,0,-14.945937602485568,-14.127368267436694,42,0.38095238095238093,-0.01005809227835606,-15.76450693753444,52,0.3076923076923077,-0.011481016455089402
20,2.0,0.005,0.05,0.03,12,True,0.002,0,-19.72296676288942,-18.657027291773076,42,0.35714285714285715,-0.012864510748625399,-20.788906234005765,52,0.28846153846153844,-0.01431792063523596
20,2.0,0.005,0.05,0.03,12,True,0.003,0,-21.909408125123925,-20.81211754237347,42,0.3333333333333333,-0.01418899645567097,-23.006698707874374,52,0.2692307692307692,-0.015617423066987681
20,2.0,0.005,0.05,0.03,24,False,0.001,0,-12.751328460123457,-11.822426863423166,42,0.2857142857142857,-0.009916941047018438,-13.680230056823747,51,0.2549019607843137,-0.011716043585973848
20,2.0,0.005,0.05,0.03,24,False,0.002,0,-16.68547276736036,-16.078500180828883,42,0.2619047619047619,-0.012952692497541845,-17.292445353891836,51,0.23529411764705882,-0.01432979348869663
20,2.0,0.005,0.05,0.03,24,False,0.003,0,-19.053721449843742,-18.556604985031623,42,0.23809523809523808,-0.01490397144350486,-19.550837914655858,52,0.23076923076923078,-0.015722530418159138
20,2.0,0.005,0.05,0.03,24,True,0.001,0,-13.64132715404886,-12.007261676518583,42,0.40476190476190477,-0.008863501920081361,-15.275392631579138,52,0.34615384615384615,-0.01131948872235362
20,2.0,0.005,0.05,0.03,24,True,0.002,0,-18.19527547398159,-16.249061128751475,42,0.38095238095238093,-0.01164932714333958,-20.141489819211706,52,0.3269230769230769,-0.01413815482692728
20,2.0,0.005,0.05,0.03,24,True,0.003,0,-20.291201239578854,-18.29114662215421,42,0.38095238095238093,-0.012953306675591495,-22.2912558570035,52,0.28846153846153844,-0.015419492709606812
20,2.0,0.005,0.05,0.03,48,False,0.001,0,-12.4359125822561,-10.34372945924636,40,0.275,-0.009487999999999967,-14.528095705265839,51,0.23529411764705882,-0.012659705882352887
20,2.0,0.005,0.05,0.03,48,False,0.002,0,-16.03085905781557,-14.038247984713925,40,0.25,-0.012474999999999983,-18.023470130917215,51,0.21568627450980393,-0.015213235294117606
20,2.0,0.005,0.05,0.03,48,False,0.003,0,-18.70648353321732,-18.05592678954124,40,0.225,-0.015457999999999967,-19.3570402768934,52,0.21153846153846154,-0.016165270188871577
20,2.0,0.005,0.05,0.03,48,True,0.001,0,-13.64132715404886,-12.007261676518583,42,0.40476190476190477,-0.008863501920081361,-15.275392631579138,52,0.34615384615384615,-0.01131948872235362
20,2.0,0.005,0.05,0.03,48,True,0.002,0,-18.19527547398159,-16.249061128751475,42,0.38095238095238093,-0.01164932714333958,-20.141489819211706,52,0.3269230769230769,-0.01413815482692728
20,2.0,0.005,0.05,0.03,48,True,0.003,0,-20.291201239578854,-18.29114662215421,42,0.38095238095238093,-0.012953306675591495,-22.2912558570035,52,0.28846153846153844,-0.015419492709606812
20,2.0,0.005,0.08,0.02,12,False,0.001,0,-15.981731540448443,-16.973435653886614,44,0.18181818181818182,-0.011060686679652331,-14.990027427010274,55,0.2,-0.009118537592483678
20,2.0,0.005,0.08,0.02,12,False,0.002,0,-20.995466851758415,-22.552923196823603,44,0.11363636363636363,-0.014283184175515808,-19.438010506693224,55,0.18181818181818182,-0.011456151035316834
20,2.0,0.005,0.08,0.02,12,False,0.003,0,-24.839020877053947,-26.162149769928863,46,0.08695652173913043,-0.01593004212079208,-23.515891984179035,55,0.16363636363636364,-0.0135690774905333
20,2.0,0.005,0.08,0.02,12,True,0.001,0,-17.635069297570645,-16.02930824374825,44,0.22727272727272727,-0.010023777293433338,-19.24083035139304,55,0.21818181818181817,-0.010149591907500592
20,2.0,0.005,0.08,0.02,12,True,0.002,0,-24.35794266216778,-23.590562814152502,44,0.1590909090909091,-0.013892435669612112,-25.125322510183057,55,0.2,-0.012564548498315785
20,2.0,0.005,0.08,0.02,12,True,0.003,0,-30.1307596983942,-27.60435226409829,46,0.13043478260869565,-0.015599340934053683,-32.65716713269011,55,0.16363636363636364,-0.015099736911995766
20,2.0,0.005,0.08,0.02,24,False,0.001,0,-13.994425887849541,-9.878520621117092,44,0.1590909090909091,-0.008108645902269214,-18.11033115458199,54,0.12962962962962962,-0.01227820310414348
20,2.0,0.005,0.08,0.02,24,False,0.002,0,-22.35446241929202,-24.20170154127417,44,0.06818181818181818,-0.01564886363636359,-20.507223297309874,54,0.1111111111111111,-0.013797332104936263
20,2.0,0.005,0.08,0.02,24,False,0.003,0,-24.13032219371761,-25.67138331677073,46,0.08695652173913043,-0.016347382635032662,-22.58926107066449,55,0.10909090909090909,-0.014999292379264903
20,2.0,0.005,0.08,0.02,24,True,0.001,0,-18.109680681891703,-16.495020091251277,44,0.22727272727272727,-0.010236750993298958,-19.72434127253213,55,0.23636363636363636,-0.010517014388113135
20,2.0,0.005,0.08,0.02,24,True,0.002,0,-25.883342009804736,-25.78105581947558,44,0.13636363636363635,-0.01484134207960524,-25.985628200133892,55,0.2,-0.013080538774963738
20,2.0,0.005,0.08,0.02,24,True,0.003,0,-29.91991063268995,-26.93051280173946,46,0.15217391304347827,-0.015414696080954514,-32.90930846364044,55,0.16363636363636364,-0.015301439304153414
20,2.0,0.005,0.08,0.02,48,False,0.001,0,-11.786183718039638,-7.14854507235262,44,0.1590909090909091,-0.006428455536194832,-16.423822363726657,54,0.09259259259259259,-0.012224629629629601
20,2.0,0.005,0.08,0.02,48,False,0.002,0,-20.986196866976627,-24.20170154127417,44,0.06818181818181818,-0.01564886363636359,-17.770692192679086,54,0.09259259259259259,-0.013213888888888834
20,2.0,0.005,0.08,0.02,48,False,0.003,0,-19.976645419371714,-20.446963647106735,46,0.08695652173913043,-0.014764782608695596,-19.506327191636693,55,0.09090909090909091,-0.01437090909090904
20,2.0,0.005,0.08,0.02,48,True,0.001,0,-18.109680681891703,-16.495020091251277,44,0.22727272727272727,-0.010236750993298958,-19.72434127253213,55,0.23636363636363636,-0.010517014388113135
20,2.0,0.005,0.08,0.02,48,True,0.002,0,-25.883342009804736,-25.78105581947558,44,0.13636363636363635,-0.01484134207960524,-25.985628200133892,55,0.2,-0.013080538774963738
20,2.0,0.005,0.08,0.02,48,True,0.003,0,-29.91991063268995,-26.93051280173946,46,0.15217391304347827,-0.015414696080954514,-32.90930846364044,55,0.16363636363636364,-0.015301439304153414
20,2.0,0.005,0.08,0.03,12,False,0.001,0,-13.43695414626044,-12.5303849035975,42,0.2857142857142857,-0.010785239618632763,-14.343523388923378,52,0.2692307692307692,-0.011492936716177855
20,2.0,0.005,0.08,0.03,12,False,0.002,0,-19.70482434365794,-18.868771105538176,42,0.2619047619047619,-0.014699960689154043,-20.540877581777707,52,0.25,-0.01490568054586388
20,2.0,0.005,0.08,0.03,12,False,0.003,0,-21.913738339989408,-21.183167089702078,42,0.23809523809523808,-0.016422178980023967,-22.644309590276738,52,0.25,-0.016204963453042308
20,2.0,0.005,0.08,0.03,12,True,0.001,0,-14.111479746104798,-11.600533629571492,42,0.38095238095238093,-0.009096707138713465,-16.622425862638107,52,0.28846153846153844,-0.012360719437324879
20,2.0,0.005,0.08,0.03,12,True,0.002,0,-19.79266400614918,-15.60521204674436,42,0.35714285714285715,-0.01192850033094534,-23.980115965554,52,0.2692307692307692,-0.01579239507248818
20,2.0,0.005,0.08,0.03,12,True,0.003,0,-22.008318469333243,-17.547386579460795,42,0.3333333333333333,-0.013278263209080435,-26.46925035920569,52,0.25,-0.01711053066000935
20,2.0,0.005,0.08,0.03,24,False,0.001,0,-10.20118757621951,-5.563665281303226,42,0.2857142857142857,-0.005798089442640998,-14.838709871135794,50,0.2,-0.013898338215830778
20,2.0,0.005,0.08,0.03,24,False,0.002,0,-14.773956724478266,-9.78368184148837,42,0.2619047619047619,-0.00962564271693125,-19.76423160746816,50,0.18,-0.01720279090678079
20,2.0,0.005,0.08,0.03,24,False,0.003,0,-16.592623999726314,-11.887635617801857,42,0.23809523809523808,-0.011655208791589159,-21.297612381650772,51,0.17647058823529413,-0.01826177397817215
20,2.0,0.005,0.08,0.03,24,True,0.001,0,-12.608977872431458,-9.086323049581022,42,0.40476190476190477,-0.007476474191556908,-16.131632695281894,52,0.3269230769230769,-0.012199191704589095
20,2.0,0.005,0.08,0.03,24,True,0.002,0,-17.999568804684813,-12.78777729758317,42,0.38095238095238093,-0.010288524574706642,-23.211360311786457,52,0.3076923076923077,-0.015612629264179499
20,2.0,0.005,0.08,0.03,24,True,0.003,0,-20.1070400951543,-14.599329211427447,42,0.38095238095238093,-0.011618630021033497,-25.614750978881155,52,0.2692307692307692,-0.01691260030262848
20,2.0,0.005,0.08,0.03,48,False,0.001,0,-8.426315635910699,-1.7697291292926518,40,0.275,-0.002178426089814307,-15.082902142528745,49,0.16326530612244897,-0.014941836854556884
20,2.0,0.005,0.08,0.03,48,False,0.002,0,-12.298018594583683,-5.003353678966154,40,0.25,-0.0059468121715944835,-19.592683510201212,49,0.14285714285714285,-0.01818817730078537
20,2.0,0.005,0.08,0.03,48,False,0.003,0,-14.659677787230194,-8.514287766396466,40,0.225,-0.0097095945940188,-20.805067808063924,50,0.14,-0.01909642804243665
20,2.0,0.005,0.08,0.03,48,True,0.001,0,-12.608977872431458,-9.086323049581022,42,0.40476190476190477,-0.007476474191556908,-16.131632695281894,52,0.3269230769230769,-0.012199191704589095
20,2.0,0.005,0.08,0.03,48,True,0.002,0,-17.999568804684813,-12.78777729758317,42,0.38095238095238093,-0.010288524574706642,-23.211360311786457,52,0.3076923076923077,-0.015612629264179499
20,2.0,0.005,0.08,0.03,48,True,0.003,0,-20.1070400951543,-14.599329211427447,42,0.38095238095238093,-0.011618630021033497,-25.614750978881155,52,0.2692307692307692,-0.01691260030262848
20,2.0,0.005,0.1,0.02,12,False,0.001,0,-16.37729613807124,-19.192384881065372,44,0.18181818181818182,-0.011855359601836103,-13.562207395077108,55,0.2,-0.008755446683392764
20,2.0,0.005,0.1,0.02,12,False,0.002,0,-21.50803741516392,-25.357100175098346,44,0.11363636363636363,-0.015100240088595994,-17.658974655229493,55,0.18181818181818182,-0.011093423762589564
20,2.0,0.005,0.1,0.02,12,False,0.003,0,-25.385841586930468,-29.366594929998552,46,0.08695652173913043,-0.016732895084613994,-21.405088243862387,55,0.16363636363636364,-0.013206713854169667
20,2.0,0.005,0.1,0.02,12,True,0.001,0,-21.131497070647224,-23.02216378990141,44,0.22727272727272727,-0.011594065188450166,-19.24083035139304,55,0.21818181818181817,-0.010149591907500592
20,2.0,0.005,0.1,0.02,12,True,0.002,0,-29.900025753248876,-34.67472899631469,44,0.1590909090909091,-0.015508432181175135,-25.125322510183057,55,0.2,-0.012564548498315785
20,2.0,0.005,0.1,0.02,12,True,0.003,0,-36.90807916182981,-41.15899119096951,46,0.13043478260869565,-0.017188617290031186,-32.65716713269011,55,0.16363636363636364,-0.015099736911995766
20,2.0,0.005,0.1,0.02,24,False,0.001,0,-12.920864764856269,-10.501024001135818,44,0.13636363636363635,-0.00901637317499649,-15.340705528576722,54,0.12962962962962962,-0.011501922494148517
20,2.0,0.005,0.1,0.02,24,False,0.002,0,-22.031275729483934,-26.52625031656649,44,0.045454545454545456,-0.01700909090909086,-17.536301142401378,54,0.1111111111111111,-0.013041765714064941
20,2.0,0.005,0.1,0.02,24,False,0.003,0,-23.70150467402862,-27.9223947439379,46,0.06521739130434782,-0.01764716524372832,-19.480614604119335,55,0.10909090909090909,-0.014277722936487337
20,2.0,0.005,0.1,0.02,24,True,0.001,0,-21.734347793145314,-23.7443543137585,44,0.22727272727272727,-0.011807038888315786,-19.72434127253213,55,0.23636363636363636,-0.010517014388113135
20,2.0,0.005,0.1,0.02,24,True,0.002,0,-32.24930744786053,-38.51298669558717,44,0.13636363636363635,-0.016457338591168262,-25.985628200133892,55,0.2,-0.013080538774963738
20,2.0,0.005,0.1,0.02,24,True,0.003,0,-36.32500274860495,-39.74069703356946,46,0.15217391304347827,-0.017003972436932017,-32.90930846364044,55,0.16363636363636364,-0.015301439304153414
20,2.0,0.005,0.1,0.02,48,False,0.001,0,-12.55391016176889,-9.501362482673663,44,0.13636363636363635,-0.008611641484271628,-15.606457840864119,54,0.07407407407407407,-0.01259444444444441
20,2.0,0.005,0.1,0.02,48,False,0.002,0,-21.687483967870982,-26.52625031656649,44,0.045454545454545456,-0.01700909090909086,-16.848717619175474,54,0.07407407407407407,-0.013583333333333272
20,2.0,0.005,0.1,0.02,48,False,0.003,0,-19.517400316742425,-20.586168698011896,46,0.06521739130434782,-0.015631304347826037,-18.448631935472957,55,0.07272727272727272,-0.014733272727272685
20,2.0,0.005,0.1,0.02,48,True,0.001,0,-21.734347793145314,-23.7443543137585,44,0.22727272727272727,-0.011807038888315786,-19.72434127253213,55,0.23636363636363636,-0.010517014388113135
20,2.0,0.005,0.1,0.02,48,True,0.002,0,-32.24930744786053,-38.51298669558717,44,0.13636363636363635,-0.016457338591168262,-25.985628200133892,55,0.2,-0.013080538774963738
20,2.0,0.005,0.1,0.02,48,True,0.003,0,-36.32500274860495,-39.74069703356946,46,0.15217391304347827,-0.017003972436932017,-32.90930846364044,55,0.16363636363636364,-0.015301439304153414
20,2.0,0.005,0.1,0.03,12,False,0.001,0,-13.711671113211093,-14.98185785022557,42,0.2857142857142857,-0.01206335917279551,-12.441484376196618,52,0.2692307692307692,-0.010724859793100925
20,2.0,0.005,0.1,0.03,12,False,0.002,0,-19.962409349984668,-20.82909590171859,42,0.2619047619047619,-0.015555924026666617,-19.09572279825075,52,0.25,-0.014522026699710035
20,2.0,0.005,0.1,0.03,12,False,0.003,0,-22.199945518464062,-23.331226876965914,42,0.23809523809523808,-0.017301494130876536,-21.06866415996221,52,0.25,-0.01582169422227308
20,2.0,0.005,0.1,0.03,12,True,0.001,0,-15.51547743554632,-15.620870950577443,42,0.38095238095238093,-0.010741770647778712,-15.410083920515197,52,0.28846153846153844,-0.011976680975786415
20,2.0,0.005,0.1,0.03,12,True,0.002,0,-22.318184638772742,-20.656253311991485,42,0.35714285714285715,-0.013621449057344697,-23.980115965554,52,0.2692307692307692,-0.01579239507248818
20,2.0,0.005,0.1,0.03,12,True,0.003,0,-24.835309533617753,-23.201368708029815,42,0.3333333333333333,-0.015018899218008176,-26.46925035920569,52,0.25,-0.01711053066000935
20,2.0,0.005,0.1,0.03,24,False,0.001,0,-9.428169844389782,-6.470288573413743,42,0.2619047619047619,-0.00683869906135063,-12.386051115365818,50,0.2,-0.01265496678825663
20,2.0,0.005,0.1,0.03,24,False,0.002,0,-14.19049621467708,-10.772536311569956,42,0.23809523809523808,-0.010908762790541435,-17.6084561177842,50,0.18,-0.01640269427080067
20,2.0,0.005,0.1,0.03,24,False,0.003,0,-16.008810363656657,-12.877480760170744,42,0.21428571428571427,-0.012962955120526537,-19.14013996714257,51,0.17647058823529413,-0.01752021143684656
20,2.0,0.005,0.1,0.03,24,True,0.001,0,-13.700227876283972,-12.429788246408497,42,0.40476190476190477,-0.009121537700622155,-14.970667506159446,52,0.3269230769230769,-0.011815153243050634
20,2.0,0.005,0.1,0.03,24,True,0.002,0,-20.06478597909419,-16.918211646401925,42,0.38095238095238093,-0.011981473301105997,-23.211360311786457,52,0.3076923076923077,-0.015612629264179499
20,2.0,0.005,0.1,0.03,24,True,0.003,0,-22.41267270424183,-19.21059442960251,42,0.38095238095238093,-0.013359266029961242,-25.614750978881155,52,0.2692307692307692,-0.01691260030262848
20,2.0,0.005,0.1,0.03,48,False,0.001,0,-9.01392370293932,-4.583058978544989,40,0.25,-0.005590712087203197,-13.44478842733365,49,0.14285714285714285,-0.014738061344352795
20,2.0,0.005,0.1,0.03,48,False,0.002,0,-13.445958107029119,-8.729316236474833,40,0.225,-0.009958740488952317,-18.162599977583405,49,0.12244897959183673,-0.018391748729356793
20,2.0,0.005,0.1,0.03,48,False,0.003,0,-15.540231784959552,-11.809224362649628,40,0.175,-0.013130573039501566,-19.271239207269474,50,0.12,-0.019295728042436663
20,2.0,0.005,0.1,0.03,48,True,0.001,0,-13.700227876283972,-12.429788246408497,42,0.40476190476190477,-0.009121537700622155,-14.970667506159446,52,0.3269230769230769,-0.011815153243050634
20,2.0,0.005,0.1,0.03,48,True,0.002,0,-20.06478597909419,-16.918211646401925,42,0.38095238095238093,-0.011981473301105997,-23.211360311786457,52,0.3076923076923077,-0.015612629264179499
20,2.0,0.005,0.1,0.03,48,True,0.003,0,-22.41267270424183,-19.21059442960251,42,0.38095238095238093,-0.013359266029961242,-25.614750978881155,52,0.2692307692307692,-0.01691260030262848
20,2.0,0.005,0.15,0.02,12,False,0.001,0,-16.41508670832075,-22.072574792118036,44,0.18181818181818182,-0.012370021240201172,-10.75759862452346,55,0.2,-0.007973544714126047
20,2.0,0.005,0.15,0.02,12,False,0.002,0,-21.83816694211392,-29.405553453256168,44,0.11363636363636363,-0.015638748739847743,-14.270780430971667,55,0.18181818181818182,-0.010332984290248816
20,2.0,0.005,0.15,0.02,12,False,0.003,0,-25.923173743672884,-34.33811340415649,46,0.08695652173913043,-0.01727070738194798,-17.50823408318928,55,0.16363636363636364,-0.012467654242986227
20,2.0,0.005,0.15,0.02,12,True,0.001,0,-21.131497070647224,-23.02216378990141,44,0.22727272727272727,-0.011594065188450166,-19.24083035139304,55,0.21818181818181817,-0.010149591907500592
20,2.0,0.005,0.15,0.02,12,True,0.002,0,-29.900025753248876,-34.67472899631469,44,0.1590909090909091,-0.015508432181175135,-25.125322510183057,55,0.2,-0.012564548498315785
20,2.0,0.005,0.15,0.02,12,True,0.003,0,-36.90807916182981,-41.15899119096951,46,0.13043478260869565,-0.017188617290031186,-32.65716713269011,55,0.16363636363636364,-0.015099736911995766
20,2.0,0.005,0.15,0.02,24,False,0.001,0,-9.005996433647692,-7.7778320614833305,44,0.13636363636363635,-0.007656884593721738,-10.234160805812051,54,0.12962962962962962,-0.009652848420074448
20,2.0,0.005,0.15,0.02,24,False,0.002,0,-15.563605415069414,-19.20229310897367,44,0.045454545454545456,-0.015609664819719789,-11.924917721165157,54,0.1111111111111111,-0.011194543491842724
20,2.0,0.005,0.15,0.02,24,False,0.003,0,-16.986473893988595,-20.525567769341446,46,0.06521739130434782,-0.016333925140418756,-13.447380018635746,55,0.10909090909090909,-0.01246590475466916
20,2.0,0.005,0.15,0.02,24,True,0.001,0,-21.734347793145314,-23.7443543137585,44,0.22727272727272727,-0.011807038888315786,-19.72434127253213,55,0.23636363636363636,-0.010517014388113135
20,2.0,0.005,0.15,0.02,24,True,0.002,0,-32.24930744786053,-38.51298669558717,44,0.13636363636363635,-0.016457338591168262,-25.985628200133892,55,0.2,-0.013080538774963738
20,2.0,0.005,0.15,0.02,24,True,0.003,0,-36.32500274860495,-39.74069703356946,46,0.15217391304347827,-0.017003972436932017,-32.90930846364044,55,0.16363636363636364,-0.015301439304153414
20,2.0,0.005,0.15,0.02,48,False,0.001,0,-6.642824856198967,-5.504085668678676,41,0.14634146341463414,-0.006014978662941829,-7.781564043719259,54,0.07407407407407407,-0.008896296296296272
20,2.0,0.005,0.15,0.02,48,False,0.002,0,-14.838958331416613,-21.01946335543172,41,0.04878048780487805,-0.016011222634324827,-8.658453307401505,54,0.07407407407407407,-0.009888888888888846
20,2.0,0.005,0.15,0.02,48,False,0.003,0,-15.324665048013486,-20.349840804766874,43,0.06976744186046512,-0.01579787150061183,-10.299489291260096,55,0.07272727272727272,-0.011393897133246242
20,2.0,0.005,0.15,0.02,48,True,0.001,0,-21.734347793145314,-23.7443543137585,44,0.22727272727272727,-0.011807038888315786,-19.72434127253213,55,0.23636363636363636,-0.010517014388113135
20,2.0,0.005,0.15,0.02,48,True,0.002,0,-32.24930744786053,-38.51298669558717,44,0.13636363636363635,-0.016457338591168262,-25.985628200133892,55,0.2,-0.013080538774963738
20,2.0,0.005,0.15,0.02,48,True,0.003,0,-36.32500274860495,-39.74069703356946,46,0.15217391304347827,-0.017003972436932017,-32.90930846364044,55,0.16363636363636364,-0.015301439304153414
20,2.0,0.005,0.15,0.03,12,False,0.001,0,-13.557354662685892,-16.58398303715486,42,0.2857142857142857,-0.012602528508225578,-10.530726288216924,52,0.2692307692307692,-0.00990425596784635
20,2.0,0.005,0.15,0.03,12,False,0.002,0,-19.695355602423064,-23.213821477842586,42,0.2619047619047619,-0.016120075947025594,-16.17688972700354,52,0.25,-0.01371771571934963
20,2.0,0.005,0.15,0.03,12,False,0.003,0,-22.021218136585,-26.070405137017417,42,0.23809523809523808,-0.017890526647004235,-17.97203113615258,52,0.25,-0.015039996556598286
20,2.0,0.005,0.15,0.03,12,True,0.001,0,-15.535496855221039,-15.620870950577443,42,0.38095238095238093,-0.010741770647778712,-15.450122759864636,52,0.28846153846153844,-0.011989395810417061
20,2.0,0.005,0.15,0.03,12,True,0.002,0,-22.318184638772742,-20.656253311991485,42,0.35714285714285715,-0.013621449057344697,-23.980115965554,52,0.2692307692307692,-0.01579239507248818
20,2.0,0.005,0.15,0.03,12,True,0.003,0,-24.835309533617753,-23.201368708029815,42,0.3333333333333333,-0.015018899218008176,-26.46925035920569,52,0.25,-0.01711053066000935
20,2.0,0.005,0.15,0.03,24,False,0.001,0,-6.841009155517137,-4.649860292477564,42,0.2619047619047619,-0.005414472928586603,-9.032158018556709,50,0.2,-0.010677749456359744
20,2.0,0.005,0.15,0.03,24,False,0.002,0,-10.674433535643567,-8.362258344120068,42,0.23809523809523808,-0.009442697363581267,-12.986608727167066,50,0.18,-0.014407694270800676
20,2.0,0.005,0.15,0.03,24,False,0.003,0,-12.256876991274906,-10.265349222148384,42,0.21428571428571427,-0.011524644531187489,-14.248404760401428,51,0.17647058823529413,-0.015566289868219113
20,2.0,0.005,0.15,0.03,24,True,0.001,0,-13.719420298119658,-12.429788246408497,42,0.40476190476190477,-0.009121537700622155,-15.00905234983082,52,0.3269230769230769,-0.011827868077681278
20,2.0,0.005,0.15,0.03,24,True,0.002,0,-20.06478597909419,-16.918211646401925,42,0.38095238095238093,-0.011981473301105997,-23.211360311786457,52,0.3076923076923077,-0.015612629264179499
20,2.0,0.005,0.15,0.03,24,True,0.003,0,-22.41267270424183,-19.21059442960251,42,0.38095238095238093,-0.013359266029961242,-25.614750978881155,52,0.2692307692307692,-0.01691260030262848
20,2.0,0.005,0.15,0.03,48,False,0.001,0,-6.075538116351358,-3.9120496649560654,37,0.24324324324324326,-0.005167037388129491,-8.23902656774665,49,0.14285714285714285,-0.011262261240229526
20,2.0,0.005,0.15,0.03,48,False,0.002,0,-8.26280488018604,-4.844546865256294,37,0.24324324324324326,-0.006362478018463149,-11.681062895115787,49,0.12244897959183673,-0.015114735130814171
20,2.0,0.005,0.15,0.03,48,False,0.003,0,-10.345526139176723,-7.59010663815873,37,0.1891891891891892,-0.009772744210636602,-13.100945640194716,50,0.12,-0.016421232588109725
20,2.0,0.005,0.15,0.03,48,True,0.001,0,-13.719420298119658,-12.429788246408497,42,0.40476190476190477,-0.009121537700622155,-15.00905234983082,52,0.3269230769230769,-0.011827868077681278
20,2.0,0.005,0.15,0.03,48,True,0.002,0,-20.06478597909419,-16.918211646401925,42,0.38095238095238093,-0.011981473301105997,-23.211360311786457,52,0.3076923076923077,-0.015612629264179499
20,2.0,0.005,0.15,0.03,48,True,0.003,0,-22.41267270424183,-19.21059442960251,42,0.38095238095238093,-0.013359266029961242,-25.614750978881155,52,0.2692307692307692,-0.01691260030262848
20,2.0,0.01,0.05,0.02,12,False,0.001,0,-14.16709764091975,-12.578018933476201,27,0.25925925925925924,-0.007813098507545288,-15.756176348363297,38,0.21052631578947367,-0.009333025484009095
20,2.0,0.01,0.05,0.02,12,False,0.002,0,-18.361852620259814,-18.408869977992342,27,0.18518518518518517,-0.01122234459210374,-18.314835262527286,38,0.21052631578947367,-0.010817167299443643
20,2.0,0.01,0.05,0.02,12,False,0.003,0,-28.425924979339673,-28.177030708106248,28,0.14285714285714285,-0.01471864911492817,-28.674819250573098,38,0.15789473684210525,-0.015080066171041497
20,2.0,0.01,0.05,0.02,12,True,0.001,0,-15.003131528818248,-14.052663604133052,27,0.25925925925925924,-0.008293551171027811,-15.953599453503445,38,0.21052631578947367,-0.009332294710337625
20,2.0,0.01,0.05,0.02,12,True,0.002,0,-21.24023904941634,-23.83079003379155,27,0.18518518518518517,-0.012854082292464231,-18.64968806504113,38,0.21052631578947367,-0.010843931751450936
20,2.0,0.01,0.05,0.02,12,True,0.003,0,-32.54438352327641,-32.63215721552867,28,0.17857142857142858,-0.015264331047223375,-32.456609831024146,38,0.15789473684210525,-0.015720367146278526
20,2.0,0.01,0.05,0.02,24,False,0.001,0,-6.855630034418956,-2.337280113272491,27,0.2962962962962963,-0.0018453250061567228,-11.37397995556542,38,0.21052631578947367,-0.007922356654920519
20,2.0,0.01,0.05,0.02,24,False,0.002,0,-13.710034906595311,-13.64721270306955,27,0.18518518518518517,-0.009519444444444398,-13.77285711012107,38,0.18421052631578946,-0.009587499999999955
20,2.0,0.01,0.05,0.02,24,False,0.003,0,-20.215505371187934,-21.45009931399307,28,0.14285714285714285,-0.013464999999999953,-18.980911428382797,38,0.15789473684210525,-0.012416052631578911
20,2.0,0.01,0.05,0.02,24,True,0.001,0,-12.743036217326239,-10.576048804652421,27,0.2962962962962963,-0.006600660592754422,-14.910023630000058,38,0.23684210526315788,-0.009018099952965486
20,2.0,0.01,0.05,0.02,24,True,0.002,0,-19.818042198247035,-21.65558493920548,27,0.18518518518518517,-0.012400680588502543,-17.98049945728859,38,0.21052631578947367,-0.010772120475273803
20,2.0,0.01,0.05,0.02,24,True,0.003,0,-29.738636783655508,-29.34388074616021,28,0.17857142857142858,-0.014793239958414946,-30.133392821150807,38,0.15789473684210525,-0.015220910745248539
20,2.0,0.01,0.05,0.02,48,False,0.001,0,-6.630276246238551,-0.926396548133641,27,0.2962962962962963,-0.0007603703703703393,-12.334155944343461,38,0.18421052631578946,-0.008594605263157848
20,2.0,0.01,0.05,0.02,48,False,0.002,0,-13.710034906595311,-13.64721270306955,27,0.18518518518518517,-0.009519444444444398,-13.77285711012107,38,0.18421052631578946,-0.009587499999999955
20,2.0,0.01,0.05,0.02,48,False,0.003,0,-20.215505371187934,-21.45009931399307,28,0.14285714285714285,-0.013464999999999953,-18.980911428382797,38,0.15789473684210525,-0.012416052631578911
20,2.0,0.01,0.05,0.02,48,True,0.001,0,-12.743036217326239,-10.576048804652421,27,0.2962962962962963,-0.006600660592754422,-14.910023630000058,38,0.23684210526315788,-0.009018099952965486
20,2.0,0.01,0.05,0.02,48,True,0.002,0,-19.818042198247035,-21.65558493920548,27,0.18518518518518517,-0.012400680588502543,-17.98049945728859,38,0.21052631578947367,-0.010772120475273803
20,2.0,0.01,0.05,0.02,48,True,0.003,0,-29.738636783655508,-29.34388074616021,28,0.17857142857142858,-0.014793239958414946,-30.133392821150807,38,0.15789473684210525,-0.015220910745248539
20,2.0,0.01,0.05,0.03,12,False,0.001,0,-9.98990563675202,-8.036591955171483,26,0.38461538461538464,-0.0062711916978290625,-11.94321931833256,37,0.2972972972972973,-0.009814593740333654
20,2.0,0.01,0.05,0.03,12,False,0.002,0,-15.677999592026403,-14.608965179519698,26,0.34615384615384615,-0.0106825882188225,-16.747034004533106,37,0.2702702702702703,-0.013126041357961261
20,2.0,0.01,0.05,0.03,12,False,0.003,0,-17.427615728614192,-16.55732293219564,26,0.34615384615384615,-0.012020290645335299,-18.29790852503275,37,0.2702702702702703,-0.014277918630615014
20,2.0,0.01,0.05,0.03,12,True,0.001,0,-10.648012335536102,-8.549135987117879,26,0.4230769230769231,-0.006322874641413344,-12.746888683954326,37,0.2972972972972973,-0.010199349317496447
20,2.0,0.01,0.05,0.03,12,True,0.002,0,-15.99996328251056,-14.096345731721785,26,0.38461538461538464,-0.010095126440795996,-17.903580833299337,37,0.2702702702702703,-0.013566501870495438
20,2.0,0.01,0.05,0.03,12,True,0.003,0,-17.927639616027662,-16.19817929789464,26,0.38461538461538464,-0.01147410553642427,-19.65709993416068,37,0.2702702702702703,-0.014773859939622453
20,2.0,0.01,0.05,0.03,24,False,0.001,0,-5.253141542818891,-0.7125461966934138,26,0.38461538461538464,-0.00068471267809794,-9.793736888944368,37,0.2972972972972973,-0.008905528456404847
20,2.0,0.01,0.05,0.03,24,False,0.002,0,-9.455416663567409,-5.160275263201268,26,0.34615384615384615,-0.004832111819808372,-13.75055806393355,37,0.2702702702702703,-0.012081910950054377
20,2.0,0.01,0.05,0.03,24,False,0.003,0,-10.623365295960681,-6.318630764248743,26,0.34615384615384615,-0.005906894168165929,-14.928099827672618,37,0.2702702702702703,-0.013099266462340553
20,2.0,0.01,0.05,0.03,24,True,0.001,0,-9.236148473376938,-6.08328708939199,26,0.46153846153846156,-0.004725005352923469,-12.389009857361886,37,0.32432432432432434,-0.010146527674789928
20,2.0,0.01,0.05,0.03,24,True,0.002,0,-14.274820547480578,-11.195087288410239,26,0.4230769230769231,-0.00846332809126785,-17.354553806550918,37,0.2972972972972973,-0.013487700303911328
20,2.0,0.01,0.05,0.03,24,True,0.003,0,-16.084961883977584,-13.134080740444837,26,0.4230769230769231,-0.009808520102446493,-19.035843027510335,37,0.2702702702702703,-0.014669182477342316
20,2.0,0.01,0.05,0.03,48,False,0.001,0,-5.77322414569606,-0.7323465250067087,26,0.38461538461538464,-0.0007319230769230341,-10.814101766385411,37,0.2702702702702703,-0.009865810810810751
20,2.0,0.01,0.05,0.03,48,False,0.002,0,-9.849446017876499,-4.918309154257195,26,0.34615384615384615,-0.004801923076923045,-14.780582881495802,37,0.24324324324324326,-0.013014189189189144
20,2.0,0.01,0.05,0.03,48,False,0.003,0,-10.93322207508315,-5.946143964890014,26,0.34615384615384615,-0.005799615384615344,-15.920300185276284,37,0.24324324324324326,-0.014003648648648608
20,2.0,0.01,0.05,0.03,48,True,0.001,0,-9.236148473376938,-6.08328708939199,26,0.46153846153846156,-0.004725005352923469,-12.389009857361886,37,0.32432432432432434,-0.010146527674789928
20,2.0,0.01,0.05,0.03,48,True,0.002,0,-14.274820547480578,-11.195087288410239,26,0.4230769230769231,-0.00846332809126785,-17.354553806550918,37,0.2972972972972973,-0.013487700303911328
20,2.0,0.01,0.05,0.03,48,True,0.003,0,-16.084961883977584,-13.134080740444837,26,0.4230769230769231,-0.009808520102446493,-19.035843027510335,37,0.2702702702702703,-0.014669182477342316
20,2.0,0.01,0.08,0.02,12,False,0.001,0,-13.32564539939234,-9.95560910347042,27,0.25925925925925924,-0.006939644408464945,-16.69568169531426,38,0.18421052631578946,-0.010278374300139332
20,2.0,0.01,0.08,0.02,12,False,0.002,0,-17.30370925212374,-15.230074089279821,27,0.18518518518518517,-0.0104269199518732,-19.37734441496766,38,0.18421052631578946,-0.011816662212392661
20,2.0,0.01,0.08,0.02,12,False,0.003,0,-22.30062974428357,-20.618476913179645,28,0.14285714285714285,-0.013257320615083066,-23.982782575387493,38,0.15789473684210525,-0.014297829132836193
20,2.0,0.01,0.08,0.02,12,True,0.001,0,-14.623270020841492,-12.372150309439741,27,0.25925925925925924,-0.00790750762047267,-16.87438973224324,38,0.18421052631578946,-0.010273335633396698
20,2.0,0.01,0.08,0.02,12,True,0.002,0,-20.35206808688951,-21.114705514940304,27,0.18518518518518517,-0.012506399420517485,-19.58943065883871,38,0.18421052631578946,-0.011811633612953962
20,2.0,0.01,0.08,0.02,12,True,0.003,0,-25.605164445391214,-24.858809538674713,28,0.17857142857142858,-0.014196652475794809,-26.351519352107715,38,0.15789473684210525,-0.014878961747255538
20,2.0,0.01,0.08,0.02,24,False,0.001,0,-6.673922223399994,-0.6724993947180997,27,0.25925925925925924,-0.0006384750707375428,-12.675345052081887,38,0.15789473684210525,-0.009793658513201863
20,2.0,0.01,0.08,0.02,24,False,0.002,0,-13.861276675629924,-12.749027894639502,27,0.14814814814814814,-0.0100324745844954,-14.973525456620344,38,0.13157894736842105,-0.011511359737527536
20,2.0,0.01,0.08,0.02,24,False,0.003,0,-15.68676532491365,-14.97641069795862,28,0.14285714285714285,-0.011542300682233499,-16.397119951868678,38,0.13157894736842105,-0.012556594841255918
20,2.0,0.01,0.08,0.02,24,True,0.001,0,-14.144865418149692,-12.43726775190265,27,0.25925925925925924,-0.008079919852013675,-15.852463084396732,38,0.21052631578947367,-0.00995914087602456
20,2.0,0.01,0.08,0.02,24,True,0.002,0,-21.17958464077384,-23.42605571476099,27,0.14814814814814814,-0.013878458366280322,-18.933113566786684,38,0.18421052631578946,-0.011739822336776827
20,2.0,0.01,0.08,0.02,24,True,0.003,0,-23.776986129318757,-22.849847705535257,28,0.17857142857142858,-0.01372556138698638,-24.704124553102258,38,0.15789473684210525,-0.01437950534622555
20,2.0,0.01,0.08,0.02,48,False,0.001,0,-6.234507752555366,1.4379267961075168,27,0.25925925925925924,0.0014736590137028219,-13.90694230121825,38,0.10526315789473684,-0.010959473684210476
20,2.0,0.01,0.08,0.02,48,False,0.002,0,-13.1562150958058,-11.133365050421114,27,0.14814814814814814,-0.009277376387942059,-15.179065141190486,38,0.10526315789473684,-0.011949999999999945
20,2.0,0.01,0.08,0.02,48,False,0.003,0,-14.809753507338826,-13.165765851782089,28,0.14285714285714285,-0.010777322726857334,-16.45374116289556,38,0.10526315789473684,-0.012940526315789432
20,2.0,0.01,0.08,0.02,48,True,0.001,0,-14.144865418149692,-12.43726775190265,27,0.25925925925925924,-0.008079919852013675,-15.852463084396732,38,0.21052631578947367,-0.00995914087602456
20,2.0,0.01,0.08,0.02,48,True,0.002,0,-21.17958464077384,-23.42605571476099,27,0.14814814814814814,-0.013878458366280322,-18.933113566786684,38,0.18421052631578946,-0.011739822336776827
20,2.0,0.01,0.08,0.02,48,True,0.003,0,-23.776986129318757,-22.849847705535257,28,0.17857142857142858,-0.01372556138698638,-24.704124553102258,38,0.15789473684210525,-0.01437950534622555
20,2.0,0.01,0.08,0.03,12,False,0.001,0,-7.929417999087298,-4.666083646433307,26,0.38461538461538464,-0.004212027825707169,-11.192752351741289,37,0.2702702702702703,-0.01004202056695169
20,2.0,0.01,0.08,0.03,12,False,0.002,0,-15.024476701521273,-12.369957097599027,26,0.34615384615384615,-0.009856570323198477,-17.67899630544352,37,0.24324324324324326,-0.014275282773310964
20,2.0,0.01,0.08,0.03,12,False,0.003,0,-16.885181991007812,-14.298206394072645,26,0.34615384615384615,-0.011274983170240466,-19.472157587942977,37,0.24324324324324326,-0.015538927454433608
20,2.0,0.01,0.08,0.03,12,True,0.001,0,-9.834257293881988,-7.591965334241004,26,0.4230769230769231,-0.005921983261990698,-12.076549253522971,37,0.2702702702702703,-0.01053403738562298
20,2.0,0.01,0.08,0.03,12,True,0.002,0,-15.90486372041773,-12.850964725140908,26,0.38461538461538464,-0.009734071150697453,-18.95876271569455,37,0.24324324324324326,-0.014766316537712727
20,2.0,0.01,0.08,0.03,12,True,0.003,0,-17.86203433413517,-14.892719564949736,26,0.38461538461538464,-0.011152728753470327,-20.831349103320605,37,0.24324324324324326,-0.016028980123817003
20,2.0,0.01,0.08,0.03,24,False,0.001,0,-2.261283372354705,3.683575323753432,26,0.38461538461538464,0.0042532100933759635,-8.206142068462842,37,0.24324324324324326,-0.008938351986531635
20,2.0,0.01,0.08,0.03,24,False,0.002,0,-6.914141134140343,-1.1435156705502123,26,0.34615384615384615,-0.0012513402173618565,-12.684766597730475,37,0.21621621621621623,-0.012979388518325946
20,2.0,0.01,0.08,0.03,24,False,0.003,0,-8.05093044308367,-2.328137947382198,26,0.34615384615384615,-0.0025303541701156567,-13.773722938785141,37,0.21621621621621623,-0.014051580083089911
20,2.0,0.01,0.08,0.03,24,True,0.001,0,-8.061176970239721,-4.340521098155757,26,0.46153846153846156,-0.0036365374837685894,-11.781832842323684,37,0.2972972972972973,-0.010481215742916461
20,2.0,0.01,0.08,0.03,24,True,0.002,0,-13.730665333306272,-9.05271363997894,26,0.4230769230769231,-0.007416070095783881,-18.408617026633603,37,0.2702702702702703,-0.014687514971128617
20,2.0,0.01,0.08,0.03,24,True,0.003,0,-15.540794702366856,-10.877506310651887,26,0.4230769230769231,-0.00880231166046819,-20.204083094081824,37,0.24324324324324326,-0.01592430266153686
20,2.0,0.01,0.08,0.03,48,False,0.001,0,-2.0414556194938966,4.588200578216996,25,0.36,0.005785354912601994,-8.671111817204789,37,0.21621621621621623,-0.009586216374953719
20,2.0,0.01,0.08,0.03,48,False,0.002,0,-6.408071502748932,0.22017957313714734,25,0.32,0.00026677526300264795,-13.03632257863501,37,0.1891891891891892,-0.013570829398337377
20,2.0,0.01,0.08,0.03,48,False,0.003,0,-7.370278949227135,-0.7095747255078118,25,0.32,-0.000857915737569018,-14.030983172946458,37,0.1891891891891892,-0.014586820332446194
20,2.0,0.01,0.08,0.03,48,True,0.001,0,-8.061176970239721,-4.340521098155757,26,0.46153846153846156,-0.0036365374837685894,-11.781832842323684,37,0.2972972972972973,-0.010481215742916461
20,2.0,0.01,0.08,0.03,48,True,0.002,0,-13.730665333306272,-9.05271363997894,26,0.4230769230769231,-0.007416070095783881,-18.408617026633603,37,0.2702702702702703,-0.014687514971128617
20,2.0,0.01,0.08,0.03,48,True,0.003,0,-15.540794702366856,-10.877506310651887,26,0.4230769230769231,-0.00880231166046819,-20.204083094081824,37,0.24324324324324326,-0.01592430266153686
20,2.0,0.01,0.1,0.02,12,False,0.001,0,-15.131950621480069,-15.682859686308602,27,0.25925925925925924,-0.008974296577949611,-14.581041556651536,38,0.18421052631578946,-0.009752847984349857
20,2.0,0.01,0.1,0.02,12,False,0.002,0,-19.87379402613844,-22.73462200610702,27,0.18518518518518517,-0.012497307365781642,-17.01296604616986,38,0.18421052631578946,-0.011291662212392667
20,2.0,0.01,0.1,0.02,12,False,0.003,0,-25.953826022247704,-30.778977012726077,28,0.14285714285714285,-0.015288079055647632,-21.128675031769326,38,0.15789473684210525,-0.01377335544862567
20,2.0,0.01,0.1,0.02,12,True,0.001,0,-15.006651504543864,-14.245413458843439,27,0.25925925925925924,-0.008448795171446184,-15.767889550244288,38,0.18421052631578946,-0.010011020242729748
20,2.0,0.01,0.1,0.02,12,True,0.002,0,-21.439914054227522,-24.39723088963694,27,0.18518518518518517,-0.013086405972584215,-18.482597218818103,38,0.18421052631578946,-0.01157812163267076
20,2.0,0.01,0.1,0.02,12,True,0.003,0,-26.973748683359496,-28.947166848801448,28,0.17857142857142858,-0.014793129402054081,-25.000330517917547,38,0.15789473684210525,-0.014674139127604171
20,2.0,0.01,0.1,0.02,24,False,0.001,0,-6.770892810182599,-2.963026828273939,27,0.2222222222222222,-0.0028573639596264394,-10.578758792091259,38,0.15789473684210525,-0.008927801997882507
20,2.0,0.01,0.1,0.02,24,False,0.002,0,-15.319774358669264,-17.91625211577207,27,0.1111111111111111,-0.012988030140050944,-12.723296601566458,38,0.13157894736842105,-0.01067446513193626
20,2.0,0.01,0.1,0.02,24,False,0.003,0,-17.19467123310478,-20.30847553802918,28,0.10714285714285714,-0.01438944353937636,-14.08086692818038,38,0.13157894736842105,-0.01174854987766818
20,2.0,0.01,0.1,0.02,24,True,0.001,0,-14.552675458057916,-14.26632636220987,27,0.25925925925925924,-0.008621207402987188,-14.839024553905961,38,0.21052631578947367,-0.009696825485357611
20,2.0,0.01,0.1,0.02,24,True,0.002,0,-22.44745476762464,-26.997419819715088,27,0.14814814814814814,-0.014458464918347054,-17.897489715534196,38,0.18421052631578946,-0.011506310356493627
20,2.0,0.01,0.1,0.02,24,True,0.003,0,-24.898632586048592,-26.315115035529608,28,0.17857142857142858,-0.014322038313245649,-23.482150136567576,38,0.15789473684210525,-0.014174682726574184
20,2.0,0.01,0.1,0.02,48,False,0.001,0,-9.411773357076111,-4.369230445429723,27,0.2222222222222222,-0.00408639115018199,-14.454316268722499,38,0.07894736842105263,-0.012010526315789426
20,2.0,0.01,0.1,0.02,48,False,0.002,0,-16.515933573495694,-17.371063981820406,27,0.1111111111111111,-0.01279469386715908,-15.66080316517098,38,0.07894736842105263,-0.012999999999999946
20,2.0,0.01,0.1,0.02,48,False,0.003,0,-18.30014398708233,-19.730576463756357,28,0.10714285714285714,-0.014203384626951235,-16.8697115104083,38,0.07894736842105263,-0.013989473684210491
20,2.0,0.01,0.1,0.02,48,True,0.001,0,-14.552675458057916,-14.26632636220987,27,0.25925925925925924,-0.008621207402987188,-14.839024553905961,38,0.21052631578947367,-0.009696825485357611
20,2.0,0.01,0.1,0.02,48,True,0.002,0,-22.44745476762464,-26.997419819715088,27,0.14814814814814814,-0.014458464918347054,-17.897489715534196,38,0.18421052631578946,-0.011506310356493627
20,2.0,0.01,0.1,0.02,48,True,0.003,0,-24.898632586048592,-26.315115035529608,28,0.17857142857142858,-0.014322038313245649,-23.482150136567576,38,0.15789473684210525,-0.014174682726574184
20,2.0,0.01,0.1,0.03,12,False,0.001,0,-9.212961359318541,-9.204719916213683,26,0.38461538461538464,-0.007044759413200834,-9.221202802423399,37,0.2702702702702703,-0.008962561107492231
20,2.0,0.01,0.1,0.03,12,False,0.002,0,-16.888416987419138,-17.636200252903343,26,0.34615384615384615,-0.012006588022257245,-16.140633721934933,37,0.24324324324324326,-0.013736093584121783
20,2.0,0.01,0.1,0.03,12,False,0.003,0,-18.965226979177473,-20.11713169976272,26,0.34615384615384615,-0.013461953798540772,-17.813322258592223,37,0.24324324324324326,-0.015000278805784962
20,2.0,0.01,0.1,0.03,12,True,0.001,0,-9.597294834959353,-8.735247467532126,26,0.4230769230769231,-0.00648408956492473,-10.459342202386578,37,0.2702702702702703,-0.009724902660073139
20,2.0,0.01,0.1,0.03,12,True,0.002,0,-16.33301940865598,-14.468155205668323,26,0.38461538461538464,-0.010336385647074443,-18.197883611643636,37,0.24324324324324326,-0.014526493422827275
20,2.0,0.01,0.1,0.03,12,True,0.003,0,-18.450647670077693,-16.792113348143808,26,0.38461538461538464,-0.011795088520211078,-20.109181992011578,37,0.24324324324324326,-0.01581862175768857
20,2.0,0.01,0.1,0.03,24,False,0.001,0,-2.0062692345168163,1.5718112692297852,26,0.34615384615384615,0.001804148401614251,-5.584349738263418,37,0.24324324324324326,-0.006759963894885154
20,2.0,0.01,0.1,0.03,24,False,0.002,0,-6.935988449447194,-3.7043300582098184,26,0.3076923076923077,-0.004091380336270609,-10.16764684068457,37,0.21621621621621623,-0.01140047789201901
20,2.0,0.01,0.1,0.03,24,False,0.003,0,-8.08996047265161,-4.943827802258553,26,0.3076923076923077,-0.005409405932245264,-11.236093143044666,37,0.21621621621621623,-0.012532184996095066
20,2.0,0.01,0.1,0.03,24,True,0.001,0,-7.723500134518872,-5.22318576893059,26,0.46153846153846156,-0.004198643786702623,-10.223814500107155,37,0.2972972972972973,-0.009672081017366621
20,2.0,0.01,0.1,0.03,24,True,0.002,0,-13.979173649956685,-10.269785944475336,26,0.4230769230769231,-0.008018384592160872,-17.688561355438033,37,0.2702702702702703,-0.014447691856243167
20,2.0,0.01,0.1,0.03,24,True,0.003,0,-15.912070828882737,-12.301963498600076,26,0.4230769230769231,-0.009444671427208944,-19.522178159165396,37,0.24324324324324326,-0.01571394429540843
20,2.0,0.01,0.1,0.03,48,False,0.001,0,-3.8918303462945825,-0.20706391069885216,25,0.32,-0.0002534542853151023,-7.576596781890313,37,0.1891891891891892,-0.00931635151008885
20,2.0,0.01,0.1,0.03,48,False,0.002,0,-9.075960265294446,-6.022437893506237,25,0.28,-0.0066889119777683885,-12.129482637082656,37,0.16216216216216217,-0.013840423992931974
20,2.0,0.01,0.1,0.03,48,False,0.003,0,-10.110643529174697,-7.184956450296521,25,0.24,-0.007931181812339327,-13.036330608052872,37,0.16216216216216217,-0.014856144656770518
20,2.0,0.01,0.1,0.03,48,True,0.001,0,-7.723500134518872,-5.22318576893059,26,0.46153846153846156,-0.004198643786702623,-10.223814500107155,37,0.2972972972972973,-0.009672081017366621
20,2.0,0.01,0.1,0.03,48,True,0.002,0,-13.979173649956685,-10.269785944475336,26,0.4230769230769231,-0.008018384592160872,-17.688561355438033,37,0.2702702702702703,-0.014447691856243167
20,2.0,0.01,0.1,0.03,48,True,0.003,0,-15.912070828882737,-12.301963498600076,26,0.4230769230769231,-0.009444671427208944,-19.522178159165396,37,0.24324324324324326,-0.01571394429540843
20,2.0,0.01,0.15,0.02,12,False,0.001,0,-13.765902514105106,-15.682859686308602,27,0.25925925925925924,-0.008974296577949611,-11.84894534190161,38,0.18421052631578946,-0.008973996400486298
20,2.0,0.01,0.15,0.02,12,False,0.002,0,-18.401199057018125,-22.73462200610702,27,0.18518518518518517,-0.012497307365781642,-14.067776107929229,38,0.18421052631578946,-0.010543169773898261
20,2.0,0.01,0.15,0.02,12,False,0.003,0,-24.255907800914862,-30.778977012726077,28,0.14285714285714285,-0.015288079055647632,-17.73283858910365,38,0.15789473684210525,-0.013055103956170494
20,2.0,0.01,0.15,0.02,12,True,0.001,0,-15.006651504543864,-14.245413458843439,27,0.25925925925925924,-0.008448795171446184,-15.767889550244288,38,0.18421052631578946,-0.010011020242729748
20,2.0,0.01,0.15,0.02,12,True,0.002,0,-21.439914054227522,-24.39723088963694,27,0.18518518518518517,-0.013086405972584215,-18.482597218818103,38,0.18421052631578946,-0.01157812163267076
20,2.0,0.01,0.15,0.02,12,True,0.003,0,-26.973748683359496,-28.947166848801448,28,0.17857142857142858,-0.014793129402054081,-25.000330517917547,38,0.15789473684210525,-0.014674139127604171
20,2.0,0.01,0.15,0.02,24,False,0.001,0,-3.4206813213763176,-1.0100974094412754,27,0.2222222222222222,-0.001116711304275773,-5.83126523331136,38,0.15789473684210525,-0.006300170418935143
20,2.0,0.01,0.15,0.02,24,False,0.002,0,-9.765189789248737,-12.058698986368386,27,0.1111111111111111,-0.011140807917828736,-7.471680592129088,38,0.13157894736842105,-0.008049465131936268
20,2.0,0.01,0.15,0.02,24,False,0.003,0,-11.218799352676271,-13.935888486096044,28,0.10714285714285714,-0.012609979253662081,-8.501710219256497,38,0.13157894736842105,-0.00912618145661556
20,2.0,0.01,0.15,0.02,24,True,0.001,0,-14.552675458057916,-14.26632636220987,27,0.25925925925925924,-0.008621207402987188,-14.839024553905961,38,0.21052631578947367,-0.009696825485357611
20,2.0,0.01,0.15,0.02,24,True,0.002,0,-22.44745476762464,-26.997419819715088,27,0.14814814814814814,-0.014458464918347054,-17.897489715534196,38,0.18421052631578946,-0.011506310356493627
20,2.0,0.01,0.15,0.02,24,True,0.003,0,-24.898632586048592,-26.315115035529608,28,0.17857142857142858,-0.014322038313245649,-23.482150136567576,38,0.15789473684210525,-0.014174682726574184
20,2.0,0.01,0.15,0.02,48,False,0.001,0,-3.586466931918305,-0.3181809130065635,27,0.2222222222222222,-0.00038824300203384675,-6.854752950830046,38,0.07894736842105263,-0.008069078947368389
20,2.0,0.01,0.15,0.02,48,False,0.002,0,-9.72142056516406,-11.736450362313722,27,0.1111111111111111,-0.010947471644936872,-7.7063907680143995,38,0.07894736842105263,-0.00906249999999996
20,2.0,0.01,0.15,0.02,48,False,0.003,0,-11.079967353538361,-13.600196863877862,28,0.10714285714285714,-0.012423920341236959,-8.559737843198858,38,0.07894736842105263,-0.010055921052631556
20,2.0,0.01,0.15,0.02,48,True,0.001,0,-14.552675458057916,-14.26632636220987,27,0.25925925925925924,-0.008621207402987188,-14.839024553905961,38,0.21052631578947367,-0.009696825485357611
20,2.0,0.01,0.15,0.02,48,True,0.002,0,-22.44745476762464,-26.997419819715088,27,0.14814814814814814,-0.014458464918347054,-17.897489715534196,38,0.18421052631578946,-0.011506310356493627
20,2.0,0.01,0.15,0.02,48,True,0.003,0,-24.898632586048592,-26.315115035529608,28,0.17857142857142858,-0.014322038313245649,-23.482150136567576,38,0.15789473684210525,-0.014174682726574184
20,2.0,0.01,0.15,0.03,12,False,0.001,0,-8.548226524663797,-9.204719916213683,26,0.38461538461538464,-0.007044759413200834,-7.891733133113911,37,0.2702702702702703,-0.008171665140184563
20,2.0,0.01,0.15,0.03,12,False,0.002,0,-15.845816740324938,-17.636200252903343,26,0.34615384615384615,-0.012006588022257245,-14.055433227746535,37,0.24324324324324326,-0.012967371620262663
20,2.0,0.01,0.15,0.03,12,False,0.003,0,-17.883777422505997,-20.11713169976272,26,0.34615384615384615,-0.013461953798540772,-15.650423145249274,37,0.24324324324324326,-0.014262615110830991
20,2.0,0.01,0.15,0.03,12,True,0.001,0,-9.614639375024211,-8.735247467532126,26,0.4230769230769231,-0.00648408956492473,-10.494031282516296,37,0.2702702702702703,-0.009742772157391883
20,2.0,0.01,0.15,0.03,12,True,0.002,0,-16.33301940865598,-14.468155205668323,26,0.38461538461538464,-0.010336385647074443,-18.197883611643636,37,0.24324324324324326,-0.014526493422827275
20,2.0,0.01,0.15,0.03,12,True,0.003,0,-18.450647670077693,-16.792113348143808,26,0.38461538461538464,-0.011795088520211078,-20.109181992011578,37,0.24324324324324326,-0.01581862175768857
20,2.0,0.01,0.15,0.03,24,False,0.001,0,-0.3773392811176999,2.8466507894914104,26,0.34615384615384615,0.003611749236016865,-3.60132935172681,37,0.24324324324324326,-0.004871407204677263
20,2.0,0.01,0.15,0.03,24,False,0.002,0,-4.6020494921318225,-1.7523524941558284,26,0.3076923076923077,-0.002173111105501391,-7.4517464901078165,37,0.21621621621621623,-0.009515906863057606
20,2.0,0.01,0.15,0.03,24,False,0.003,0,-5.621051794848927,-2.8375665567953363,26,0.3076923076923077,-0.0034930597783991183,-8.404537032902518,37,0.21621621621621623,-0.010678217874419842
20,2.0,0.01,0.15,0.03,24,True,0.001,0,-7.740243774775491,-5.22318576893059,26,0.46153846153846156,-0.004198643786702623,-10.257301780620391,37,0.2972972972972973,-0.009689950514685363
20,2.0,0.01,0.15,0.03,24,True,0.002,0,-13.979173649956685,-10.269785944475336,26,0.4230769230769231,-0.008018384592160872,-17.688561355438033,37,0.2702702702702703,-0.014447691856243167
20,2.0,0.01,0.15,0.03,24,True,0.003,0,-15.912070828882737,-12.301963498600076,26,0.4230769230769231,-0.009444671427208944,-19.522178159165396,37,0.24324324324324326,-0.01571394429540843
20,2.0,0.01,0.15,0.03,48,False,0.001,0,-0.9422987000054006,2.0459611513968574,25,0.32,0.002928954164282266,-3.9305585514076586,37,0.1891891891891892,-0.0057922900188612444
20,2.0,0.01,0.15,0.03,48,False,0.002,0,-4.7907849990374345,-1.956334866843819,25,0.28,-0.0026989119777684188,-7.625235131231049,37,0.16216216216216217,-0.010608390467164079
20,2.0,0.01,0.15,0.03,48,False,0.003,0,-5.648009531905554,-2.8711296044649965,25,0.24,-0.003945181812339343,-8.424889459346112,37,0.16216216216216217,-0.011685587717158403
20,2.0,0.01,0.15,0.03,48,True,0.001,0,-7.740243774775491,-5.22318576893059,26,0.46153846153846156,-0.004198643786702623,-10.257301780620391,37,0.2972972972972973,-0.009689950514685363
20,2.0,0.01,0.15,0.03,48,True,0.002,0,-13.979173649956685,-10.269785944475336,26,0.4230769230769231,-0.008018384592160872,-17.688561355438033,37,0.2702702702702703,-0.014447691856243167
20,2.0,0.01,0.15,0.03,48,True,0.003,0,-15.912070828882737,-12.301963498600076,26,0.4230769230769231,-0.009444671427208944,-19.522178159165396,37,0.24324324324324326,-0.01571394429540843
20,2.5,0.0,0.05,0.02,12,False,0.001,0,-16.131221608850833,-17.40467008550684,30,0.23333333333333334,-0.01003011260289884,-14.857773132194826,39,0.23076923076923078,-0.008787272247363477
20,2.5,0.0,0.05,0.02,12,False,0.002,0,-20.325747826105577,-23.202142900035685,31,0.16129032258064516,-0.012892346956190018,-17.44935275217547,39,0.23076923076923078,-0.010285202436637554
20,2.5,0.0,0.05,0.02,12,False,0.003,0,-30.790403131249494,-34.129409177498985,31,0.0967741935483871,-0.01626044722260628,-27.451397085000004,39,0.1794871794871795,-0.014490536176200615
20,2.5,0.0,0.05,0.02,12,True,0.001,0,-16.10021260614655,-15.275873957257485,30,0.3,-0.008422997677739063,-16.924551255035613,39,0.23076923076923078,-0.009383031227734423
20,2.5,0.0,0.05,0.02,12,True,0.002,0,-20.187845848805587,-20.46274442167374,31,0.25806451612903225,-0.010986735347923758,-19.912947275937437,39,0.23076923076923078,-0.01093334867939146
20,2.5,0.0,0.05,0.02,12,True,0.003,0,-33.53393977963477,-31.678025581063324,31,0.1935483870967742,-0.014455062530770777,-35.38985397820622,39,0.1794871794871795,-0.015761979605071
20,2.5,0.0,0.05,0.02,24,False,0.001,0,-10.875515112083587,-8.864342351604199,30,0.23333333333333334,-0.006347541123992673,-12.886687872562973,39,0.20512820512820512,-0.008651946102898728
20,2.5,0.0,0.05,0.02,24,False,0.002,0,-18.87554277337698,-22.326695074820673,31,0.12903225806451613,-0.013440322580645122,-15.42439047193329,39,0.1794871794871795,-0.010325546799985081
20,2.5,0.0,0.05,0.02,24,False,0.003,0,-26.242154839078648,-31.448941301887174,31,0.0967741935483871,-0.01667951612903221,-21.03536837627012,39,0.15384615384615385,-0.013132620249155532
20,2.5,0.0,0.05,0.02,24,True,0.001,0,-14.1612001688739,-12.189140644833513,30,0.3333333333333333,-0.006958165598745862,-16.133259692914287,39,0.2564102564102564,-0.009182234822396185
20,2.5,0.0,0.05,0.02,24,True,0.002,0,-19.41874852625304,-19.30479759172673,31,0.25806451612903225,-0.010648597108555365,-19.532699460779348,39,0.23076923076923078,-0.010968510319724727
20,2.5,0.0,0.05,0.02,24,True,0.003,0,-31.58279697429216,-29.735660027438172,31,0.22580645161290322,-0.014086207513467898,-33.42993392114615,39,0.1794871794871795,-0.015380251325176553
20,2.5,0.0,0.05,0.02,48,False,0.001,0,-9.863329598142654,-6.788689916780826,30,0.23333333333333334,-0.00516116666666663,-12.937969279504483,39,0.1794871794871795,-0.008924743589743562
20,2.5,0.0,0.05,0.02,48,False,0.002,0,-18.35898584135181,-22.326695074820673,31,0.12903225806451613,-0.013440322580645122,-14.391276607882949,39,0.1794871794871795,-0.009917307692307645
20,2.5,0.0,0.05,0.02,48,False,0.003,0,-25.534123971514294,-31.448941301887174,31,0.0967741935483871,-0.01667951612903221,-19.619306641141414,39,0.15384615384615385,-0.012698461538461488
20,2.5,0.0,0.05,0.02,48,True,0.001,0,-14.1612001688739,-12.189140644833513,30,0.3333333333333333,-0.006958165598745862,-16.133259692914287,39,0.2564102564102564,-0.009182234822396185
20,2.5,0.0,0.05,0.02,48,True,0.002,0,-19.41874852625304,-19.30479759172673,31,0.25806451612903225,-0.010648597108555365,-19.532699460779348,39,0.23076923076923078,-0.010968510319724727
20,2.5,0.0,0.05,0.02,48,True,0.003,0,-31.58279697429216,-29.735660027438172,31,0.22580645161290322,-0.014086207513467898,-33.42993392114615,39,0.1794871794871795,-0.015380251325176553
20,2.5,0.0,0.05,0.03,12,False,0.001,0,-17.704775875451393,-17.428619973012974,30,0.3,-0.012495212495535351,-17.98093177788981,38,0.2894736842105263,-0.012940572613205836
20,2.5,0.0,0.05,0.03,12,False,0.002,0,-19.61487147813896,-19.378816306175,30,0.3,-0.013784682859444291,-19.85092665010292,38,0.2894736842105263,-0.014167776584772807
20,2.5,0.0,0.05,0.03,12,False,0.003,0,-21.549621948323093,-21.35279449963276,30,0.26666666666666666,-0.0150729524852088,-21.74644939701342,38,0.2894736842105263,-0.015394026854773086
20,2.5,0.0,0.05,0.03,12,True,0.001,0,-16.47508202784756,-13.969955861538722,30,0.4,-0.009640541264590432,-18.980208194156397,38,0.2894736842105263,-0.013247186150263254
20,2.5,0.0,0.05,0.03,12,True,0.002,0,-18.636758306902994,-16.18250180240215,30,0.4,-0.01103488486474966,-21.091014811403838,38,0.2894736842105263,-0.014528765036247624
20,2.5,0.0,0.05,0.03,12,True,0.003,0,-20.846654909283,-18.441399230019062,30,0.36666666666666664,-0.012427620073744167,-23.251910588546938,38,0.2894736842105263,-0.015809171709310416
20,2.5,0.0,0.05,0.03,24,False,0.001,0,-14.571589928233262,-12.8037604748099,30,0.26666666666666666,-0.01050399224888227,-16.339419381656626,38,0.23684210526315788,-0.013371663760122818
20,2.5,0.0,0.05,0.03,24,False,0.002,0,-15.992821393230681,-14.289953125243791,30,0.26666666666666666,-0.011663446077258022,-17.69568966121757,38,0.23684210526315788,-0.014439328103250758
20,2.5,0.0,0.05,0.03,24,False,0.003,0,-17.423230724932214,-15.78840490644616,30,0.26666666666666666,-0.01282222668757349,-19.058056543418267,38,0.23684210526315788,-0.01550667454613274
20,2.5,0.0,0.05,0.03,24,True,0.001,0,-15.141792606664852,-11.650899843684378,30,0.43333333333333335,-0.008351814873346523,-18.632685369645326,38,0.3157894736842105,-0.013303868786889805
20,2.5,0.0,0.05,0.03,24,True,0.002,0,-17.19840856494885,-13.734536935015852,30,0.43333333333333335,-0.009716561291231076,-20.662280194881845,38,0.3157894736842105,-0.014559935417934898
20,2.5,0.0,0.05,0.03,24,True,0.003,0,-19.30481283429351,-15.86860112253557,30,0.43333333333333335,-0.011079822746980527,-22.741024546051452,38,0.2894736842105263,-0.01581493155717597
20,2.5,0.0,0.05,0.03,48,False,0.001,0,-15.194834681266983,-12.911247023949896,28,0.25,-0.011484999999999964,-17.478422338584068,38,0.21052631578947367,-0.01463815789473679
20,2.5,0.0,0.05,0.03,48,False,0.002,0,-16.356847215759295,-14.038247984713925,28,0.25,-0.012474999999999986,-18.675446446804663,38,0.21052631578947367,-0.015624999999999962
20,2.5,0.0,0.05,0.03,48,False,0.003,0,-17.521191937907865,-15.167510864049135,28,0.25,-0.013464999999999968,-19.8748730117666,38,0.21052631578947367,-0.016611842105263123
20,2.5,0.0,0.05,0.03,48,True,0.001,0,-15.141792606664852,-11.650899843684378,30,0.43333333333333335,-0.008351814873346523,-18.632685369645326,38,0.3157894736842105,-0.013303868786889805
20,2.5,0.0,0.05,0.03,48,True,0.002,0,-17.19840856494885,-13.734536935015852,30,0.43333333333333335,-0.009716561291231076,-20.662280194881845,38,0.3157894736842105,-0.014559935417934898
20,2.5,0.0,0.05,0.03,48,True,0.003,0,-19.30481283429351,-15.86860112253557,30,0.43333333333333335,-0.011079822746980527,-22.741024546051452,38,0.2894736842105263,-0.01581493155717597
20,2.5,0.0,0.08,0.02,12,False,0.001,0,-15.404394490914179,-14.188117163807123,30,0.23333333333333334,-0.009244003913726527,-16.620671818021233,39,0.20512820512820512,-0.00995734277267322
20,2.5,0.0,0.08,0.02,12,False,0.002,0,-19.407100353179317,-19.41375724729013,31,0.16129032258064516,-0.012199557753408571,-19.40044345906851,39,0.20512820512820512,-0.01150753327002629
20,2.5,0.0,0.08,0.02,12,False,0.003,0,-24.561631407824102,-25.01350771376014,31,0.0967741935483871,-0.014940537609842956,-24.109755101888066,39,0.1794871794871795,-0.013976324057181841
20,2.5,0.0,0.08,0.02,12,True,0.001,0,-15.853566669023857,-13.491690929122186,30,0.3,-0.00807555848223943,-18.21544240892553,39,0.20512820512820512,-0.010407133791836989
20,2.5,0.0,0.08,0.02,12,True,0.002,0,-19.737983286374636,-18.33092262650133,31,0.25806451612903225,-0.010683914782034645,-21.14504394624794,39,0.20512820512820512,-0.011956425602468379
20,2.5,0.0,0.08,0.02,12,True,0.003,0,-26.49937707437929,-24.459774069424267,31,0.1935483870967742,-0.0134907076920611,-28.538980079334312,39,0.1794871794871795,-0.014995441143532533
20,2.5,0.0,0.08,0.02,24,False,0.001,0,-13.83299647787016,-6.066080847870723,30,0.2,-0.005285308183149447,-21.5999121078696,38,0.13157894736842105,-0.013342813644860216
20,2.5,0.0,0.08,0.02,24,False,0.002,0,-21.706746643120955,-18.794020000224066,31,0.0967741935483871,-0.013412791779427929,-24.619473286017843,38,0.10526315789473684,-0.015056042077441326
20,2.5,0.0,0.08,0.02,24,False,0.003,0,-23.683532445977416,-20.311702922372678,31,0.0967741935483871,-0.014435834072937559,-27.055361969582155,39,0.10256410256410256,-0.016284838621596773
20,2.5,0.0,0.08,0.02,24,True,0.001,0,-15.66998796999541,-13.919676989380335,30,0.3,-0.008289498932079182,-17.420298950610484,39,0.23076923076923078,-0.01020633738649875
20,2.5,0.0,0.08,0.02,24,True,0.002,0,-20.809709697970927,-20.85625501566708,31,0.22580645161290322,-0.011935693882748906,-20.763164380274773,39,0.20512820512820512,-0.011991587242801643
20,2.5,0.0,0.08,0.02,24,True,0.003,0,-25.19160102208929,-23.199354781471087,31,0.22580645161290322,-0.013121852674758221,-27.183847262707495,39,0.1794871794871795,-0.014613712863638087
20,2.5,0.0,0.08,0.02,48,False,0.001,0,-11.212576389846925,-2.803133533833622,30,0.2,-0.00273740145308576,-19.622019245860226,38,0.07894736842105263,-0.013587105263157869
20,2.5,0.0,0.08,0.02,48,False,0.002,0,-18.971270194865472,-16.872736877295743,31,0.0967741935483871,-0.012796774193548337,-21.0698035124352,38,0.07894736842105263,-0.014574999999999946
20,2.5,0.0,0.08,0.02,48,False,0.003,0,-20.640569107969014,-18.19588274275655,31,0.0967741935483871,-0.013786451612903173,-23.085255473181476,39,0.07692307692307693,-0.015764615384615335
20,2.5,0.0,0.08,0.02,48,True,0.001,0,-15.66998796999541,-13.919676989380335,30,0.3,-0.008289498932079182,-17.420298950610484,39,0.23076923076923078,-0.01020633738649875
20,2.5,0.0,0.08,0.02,48,True,0.002,0,-20.809709697970927,-20.85625501566708,31,0.22580645161290322,-0.011935693882748906,-20.763164380274773,39,0.20512820512820512,-0.011991587242801643
20,2.5,0.0,0.08,0.02,48,True,0.003,0,-25.19160102208929,-23.199354781471087,31,0.22580645161290322,-0.013121852674758221,-27.183847262707495,39,0.1794871794871795,-0.014613712863638087
20,2.5,0.0,0.08,0.03,12,False,0.001,0,-17.442995008399834,-15.004943057617808,30,0.3,-0.011709103806363039,-19.88104695918186,38,0.2631578947368421,-0.014404197626023728
20,2.5,0.0,0.08,0.03,12,False,0.002,0,-19.430163611550693,-16.930760756646464,30,0.3,-0.013068800683236797,-21.929566466454922,38,0.2631578947368421,-0.01568477401904019
20,2.5,0.0,0.08,0.03,12,False,0.003,0,-21.459666154904525,-18.893381405545018,30,0.26666666666666666,-0.01442701934012661,-24.02595090426403,38,0.2631578947368421,-0.016964177574727502
20,2.5,0.0,0.08,0.03,12,True,0.001,0,-16.616547778082335,-12.752750705477922,30,0.4,-0.009293102069090804,-20.480344850686745,38,0.2631578947368421,-0.01456100193973694
20,2.5,0.0,0.08,0.03,12,True,0.002,0,-18.735961916777025,-14.895314733917287,30,0.4,-0.01072197027999758,-22.576609099636766,38,0.2631578947368421,-0.01584126503624762
20,2.5,0.0,0.08,0.03,12,True,0.003,0,-20.903931350796995,-17.084928169568087,30,0.36666666666666664,-0.012149093528517414,-24.722934532025906,38,0.2631578947368421,-0.01712035591983673
20,2.5,0.0,0.08,0.03,24,False,0.001,0,-14.66534032697924,-7.219591504006177,30,0.26666666666666666,-0.007175139852398983,-22.111089149952306,37,0.16216216216216217,-0.018047006577737966
20,2.5,0.0,0.08,0.03,24,False,0.002,0,-16.028717336729905,-8.513240162678061,30,0.26666666666666666,-0.008407910594842083,-23.544194510781747,37,0.16216216216216217,-0.019139263288294087
20,2.5,0.0,0.08,0.03,24,False,0.003,0,-17.403499550737717,-9.821116787988084,30,0.26666666666666666,-0.00963972846418936,-24.98588231348735,37,0.16216216216216217,-0.020231085115628433
20,2.5,0.0,0.08,0.03,24,True,0.001,0,-14.824332580058432,-9.532914588352158,30,0.43333333333333335,-0.007408476053412291,-20.115750571764703,38,0.2894736842105263,-0.014617684576363489
20,2.5,0.0,0.08,0.03,24,True,0.002,0,-16.808299507969053,-11.48392483949689,30,0.43333333333333335,-0.008808937695144958,-22.13267417644122,38,0.2894736842105263,-0.01587243541793489
20,2.5,0.0,0.08,0.03,24,True,0.003,0,-18.84040753356103,-13.48227753207103,30,0.43333333333333335,-0.01020777543059933,-24.19853753505103,38,0.2631578947368421,-0.01712611576770228
20,2.5,0.0,0.08,0.03,48,False,0.001,0,-12.728713146030726,-4.525627724826674,28,0.25,-0.005322037271163308,-20.93179856723478,37,0.13513513513513514,-0.018491756915494265
20,2.5,0.0,0.08,0.03,48,False,0.002,0,-13.762574300276215,-5.414086867093116,28,0.25,-0.00635526738799213,-22.111061733459316,37,0.13513513513513514,-0.01950191047941848
20,2.5,0.0,0.08,0.03,48,False,0.003,0,-14.799497243546385,-6.305534209323285,28,0.25,-0.00738834942002687,-23.293460277769487,37,0.13513513513513514,-0.02051195546758133
20,2.5,0.0,0.08,0.03,48,True,0.001,0,-14.824332580058432,-9.532914588352158,30,0.43333333333333335,-0.007408476053412291,-20.115750571764703,38,0.2894736842105263,-0.014617684576363489
20,2.5,0.0,0.08,0.03,48,True,0.002,0,-16.808299507969053,-11.48392483949689,30,0.43333333333333335,-0.008808937695144958,-22.13267417644122,38,0.2894736842105263,-0.01587243541793489
20,2.5,0.0,0.08,0.03,48,True,0.003,0,-18.84040753356103,-13.48227753207103,30,0.43333333333333335,-0.01020777543059933,-24.19853753505103,38,0.2631578947368421,-0.01712611576770228
20,2.5,0.0,0.1,0.02,12,False,0.001,0,-13.246529100126981,-12.010356281891635,30,0.23333333333333334,-0.00857833724705986,-14.482701918362325,39,0.20512820512820512,-0.009445291490621939
20,2.5,0.0,0.1,0.02,12,False,0.002,0,-16.844772468995018,-16.692051637091236,31,0.16129032258064516,-0.011556009366311803,-16.997493300898803,39,0.20512820512820512,-0.010995994808487836
20,2.5,0.0,0.1,0.02,12,False,0.003,0,-21.34482353970683,-21.493769386242644,31,0.0967741935483871,-0.01429763438403651,-21.195877693171017,39,0.1794871794871795,-0.013465298416156202
20,2.5,0.0,0.1,0.02,12,True,0.001,0,-19.177111822167262,-21.389769128598267,30,0.3,-0.009891488599054617,-16.96445451573626,39,0.20512820512820512,-0.010151544436828168
20,2.5,0.0,0.1,0.02,12,True,0.002,0,-24.06429698899117,-28.24324687568676,31,0.25806451612903225,-0.012472420253098235,-19.88534710229558,39,0.20512820512820512,-0.011728901108859106
20,2.5,0.0,0.1,0.02,12,True,0.003,0,-32.98904099836817,-39.016918007788966,31,0.1935483870967742,-0.015310235383664507,-26.961163988947366,39,0.1794871794871795,-0.014795870385923508
20,2.5,0.0,0.1,0.02,24,False,0.001,0,-11.54833530647776,-3.2819357909878435,30,0.2,-0.0032883081831494567,-19.814734821967676,38,0.13157894736842105,-0.013002483445330332
20,2.5,0.0,0.1,0.02,24,False,0.002,0,-18.728146414411984,-14.708286752831587,31,0.0967741935483871,-0.012125695005234378,-22.748006075992382,38,0.10526315789473684,-0.014744147471850053
20,2.5,0.0,0.1,0.02,24,False,0.003,0,-20.591720935602204,-16.003823285191817,31,0.0967741935483871,-0.013150027621324658,-25.17961858601259,39,0.10256410256410256,-0.016008538400665132
20,2.5,0.0,0.1,0.02,24,True,0.001,0,-19.159759902206027,-22.066883759696942,30,0.3,-0.010105429048894369,-16.252636044715114,39,0.23076923076923078,-0.00995074803148993
20,2.5,0.0,0.1,0.02,24,True,0.002,0,-25.960055458516187,-32.36023154516758,31,0.22580645161290322,-0.013724199353812494,-19.5598793718648,39,0.20512820512820512,-0.01176406274919237
20,2.5,0.0,0.1,0.02,24,True,0.003,0,-30.95024848898143,-36.176556874987554,31,0.22580645161290322,-0.014941380366361627,-25.723940102975302,39,0.1794871794871795,-0.014414142106029062
20,2.5,0.0,0.1,0.02,48,False,0.001,0,-11.265292081906292,-0.492763530741911,30,0.2,-0.0005454405434028016,-22.037820633070673,38,0.05263157894736842,-0.015163684210526291
20,2.5,0.0,0.1,0.02,48,False,0.002,0,-18.9606971640152,-14.426602358300634,31,0.0967741935483871,-0.011998953933511558,-23.49479196972977,38,0.05263157894736842,-0.016149999999999953
20,2.5,0.0,0.1,0.02,48,False,0.003,0,-20.606413582119405,-15.712001349835411,31,0.0967741935483871,-0.013023539780729924,-25.5008258144034,39,0.05128205128205128,-0.017297692307692267
20,2.5,0.0,0.1,0.02,48,True,0.001,0,-19.159759902206027,-22.066883759696942,30,0.3,-0.010105429048894369,-16.252636044715114,39,0.23076923076923078,-0.00995074803148993
20,2.5,0.0,0.1,0.02,48,True,0.002,0,-25.960055458516187,-32.36023154516758,31,0.22580645161290322,-0.013724199353812494,-19.5598793718648,39,0.20512820512820512,-0.01176406274919237
20,2.5,0.0,0.1,0.02,48,True,0.003,0,-30.95024848898143,-36.176556874987554,31,0.22580645161290322,-0.014941380366361627,-25.723940102975302,39,0.1794871794871795,-0.014414142106029062
20,2.5,0.0,0.1,0.03,12,False,0.001,0,-15.602266571812633,-13.229999402332844,30,0.3,-0.011043437139696374,-17.974533741292422,38,0.2631578947368421,-0.013878671310234257
20,2.5,0.0,0.1,0.03,12,False,0.002,0,-17.42827774056678,-14.999990434633936,30,0.3,-0.012403800683236803,-19.856565046499625,38,0.2631578947368421,-0.015159774019040199
20,2.5,0.0,0.1,0.03,12,False,0.003,0,-19.287525630707,-16.79865554694303,30,0.26666666666666666,-0.013762686006793281,-21.776395714470972,38,0.2631578947368421,-0.01643970389051698
20,2.5,0.0,0.1,0.03,12,True,0.001,0,-18.701600371961707,-17.93464040505792,30,0.4,-0.011109032185905988,-19.468560338865494,38,0.2631578947368421,-0.01429868654906999
20,2.5,0.0,0.1,0.03,12,True,0.002,0,-21.15064734420898,-20.70784714946125,30,0.4,-0.012570092600096621,-21.59344753895671,38,0.2631578947368421,-0.015607753055964416
20,2.5,0.0,0.1,0.03,12,True,0.003,0,-23.686524488746983,-23.589742744001715,30,0.36666666666666664,-0.014029272143174266,-23.78330623349225,38,0.2631578947368421,-0.016915533300185366
20,2.5,0.0,0.1,0.03,24,False,0.001,0,-12.753835668950835,-4.654879178011957,30,0.26666666666666666,-0.0051781398523989925,-20.852792159889713,37,0.16216216216216217,-0.017689926415005122
20,2.5,0.0,0.1,0.03,24,False,0.002,0,-14.1812247918803,-5.958366662190556,30,0.26666666666666666,-0.006546778697896345,-22.404082921570044,37,0.16216216216216217,-0.018840445944931308
20,2.5,0.0,0.1,0.03,24,False,0.003,0,-15.57164412409991,-7.163772286977294,30,0.26666666666666666,-0.007816739991368353,-23.979515961222525,37,0.16216216216216217,-0.01999029920019133
20,2.5,0.0,0.1,0.03,24,True,0.001,0,-16.36630349148074,-13.583835658753708,30,0.43333333333333335,-0.009224406170227477,-19.14877132420777,38,0.2894736842105263,-0.014355369185696538
20,2.5,0.0,0.1,0.03,24,True,0.002,0,-18.599900421571107,-16.004423270929692,30,0.43333333333333335,-0.010657060015244,-21.195377572212525,38,0.2894736842105263,-0.015638923437651688
20,2.5,0.0,0.1,0.03,24,True,0.003,0,-20.911495114775875,-18.518243139859763,30,0.43333333333333335,-0.012087954045256182,-23.30474708969199,38,0.2631578947368421,-0.016921293148050916
20,2.5,0.0,0.1,0.03,48,False,0.001,0,-12.113496406279584,-2.6218800378493734,28,0.25,-0.003360431850897188,-21.605112774709795,37,0.10810810810810811,-0.019841081239818585
20,2.5,0.0,0.1,0.03,48,False,0.002,0,-13.12099423171459,-3.501942341293267,28,0.25,-0.004471496485927764,-22.74004612213591,37,0.10810810810810811,-0.02084988345239146
20,2.5,0.0,0.1,0.03,48,False,0.003,0,-14.13304289466793,-4.388123071733499,28,0.25,-0.005582109856826995,-23.87796271760236,37,0.10810810810810811,-0.021858577089202965
20,2.5,0.0,0.1,0.03,48,True,0.001,0,-16.36630349148074,-13.583835658753708,30,0.43333333333333335,-0.009224406170227477,-19.14877132420777,38,0.2894736842105263,-0.014355369185696538
20,2.5,0.0,0.1,0.03,48,True,0.002,0,-18.599900421571107,-16.004423270929692,30,0.43333333333333335,-0.010657060015244,-21.195377572212525,38,0.2894736842105263,-0.015638923437651688
20,2.5,0.0,0.1,0.03,48,True,0.003,0,-20.911495114775875,-18.518243139859763,30,0.43333333333333335,-0.012087954045256182,-23.30474708969199,38,0.2631578947368421,-0.016921293148050916
20,2.5,0.0,0.15,0.02,12,False,0.001,0,-13.11694670493863,-14.499948445291109,30,0.23333333333333334,-0.009333174316661958,-11.733944964586154,39,0.20512820512820512,-0.008686410460190776
20,2.5,0.0,0.15,0.02,12,False,0.002,0,-16.99134713870814,-19.963303822894677,31,0.16129032258064516,-0.012320344226152998,-14.019390454521602,39,0.20512820512820512,-0.010266694483800977
20,2.5,0.0,0.15,0.02,12,False,0.003,0,-21.846203673202176,-25.94478974168303,31,0.0967741935483871,-0.015095678438145004,-17.74761760472132,39,0.1794871794871795,-0.012765463628635771
20,2.5,0.0,0.15,0.02,12,True,0.001,0,-19.177111822167262,-21.389769128598267,30,0.3,-0.009891488599054617,-16.96445451573626,39,0.20512820512820512,-0.010151544436828168
20,2.5,0.0,0.15,0.02,12,True,0.002,0,-24.06429698899117,-28.24324687568676,31,0.25806451612903225,-0.012472420253098235,-19.88534710229558,39,0.20512820512820512,-0.011728901108859106
20,2.5,0.0,0.15,0.02,12,True,0.003,0,-32.98904099836817,-39.016918007788966,31,0.1935483870967742,-0.015310235383664507,-26.961163988947366,39,0.1794871794871795,-0.014795870385923508
20,2.5,0.0,0.15,0.02,24,False,0.001,0,-7.721082309479556,-1.1231884383241644,30,0.2,-0.0012943915972798176,-14.318976180634946,38,0.13157894736842105,-0.011688667655856652
20,2.5,0.0,0.15,0.02,24,False,0.002,0,-13.306177528494468,-10.037515195756125,31,0.0967741935483871,-0.01013941281386899,-16.57483986123281,38,0.10526315789473684,-0.013431647471850054
20,2.5,0.0,0.15,0.02,24,False,0.003,0,-14.818357244330608,-11.147221892683127,31,0.0967741935483871,-0.011201348758349175,-18.48949259597809,39,0.10256410256410256,-0.014730974298101036
20,2.5,0.0,0.15,0.02,24,True,0.001,0,-19.159759902206027,-22.066883759696942,30,0.3,-0.010105429048894369,-16.252636044715114,39,0.23076923076923078,-0.00995074803148993
20,2.5,0.0,0.15,0.02,24,True,0.002,0,-25.960055458516187,-32.36023154516758,31,0.22580645161290322,-0.013724199353812494,-19.5598793718648,39,0.20512820512820512,-0.01176406274919237
20,2.5,0.0,0.15,0.02,24,True,0.003,0,-30.95024848898143,-36.176556874987554,31,0.22580645161290322,-0.014941380366361627,-25.723940102975302,39,0.1794871794871795,-0.014414142106029062
20,2.5,0.0,0.15,0.02,48,False,0.001,0,-5.460980081424848,1.9385159997028945,29,0.20689655172413793,0.002517064959491467,-12.86047616255259,38,0.05263157894736842,-0.012536052631578934
20,2.5,0.0,0.15,0.02,48,False,0.002,0,-12.656363550406548,-11.423800571412116,30,0.1,-0.010830923331539283,-13.88892652940098,38,0.05263157894736842,-0.013524999999999959
20,2.5,0.0,0.15,0.02,48,False,0.003,0,-13.974822976445543,-12.608018530255896,30,0.1,-0.011893388929602114,-15.34162742263519,39,0.05128205128205128,-0.01474256410256407
20,2.5,0.0,0.15,0.02,48,True,0.001,0,-19.159759902206027,-22.066883759696942,30,0.3,-0.010105429048894369,-16.252636044715114,39,0.23076923076923078,-0.00995074803148993
20,2.5,0.0,0.15,0.02,48,True,0.002,0,-25.960055458516187,-32.36023154516758,31,0.22580645161290322,-0.013724199353812494,-19.5598793718648,39,0.20512820512820512,-0.01176406274919237
20,2.5,0.0,0.15,0.02,48,True,0.003,0,-30.95024848898143,-36.176556874987554,31,0.22580645161290322,-0.014941380366361627,-25.723940102975302,39,0.1794871794871795,-0.014414142106029062
20,2.5,0.0,0.15,0.03,12,False,0.001,0,-15.309210463409666,-15.250935492572333,30,0.3,-0.011798274209298472,-15.367485434246998,38,0.2631578947368421,-0.013099819726370695
20,2.5,0.0,0.15,0.03,12,False,0.002,0,-17.217370337138455,-17.306110226642797,30,0.3,-0.01319361337173937,-17.128630447634116,38,0.2631578947368421,-0.01441128158054579
20,2.5,0.0,0.15,0.03,12,False,0.003,0,-19.175392368252247,-19.417722243645045,30,0.26666666666666666,-0.014587331529372057,-18.93306249285945,38,0.2631578947368421,-0.0157214523980618
20,2.5,0.0,0.15,0.03,12,True,0.001,0,-18.701600371961707,-17.93464040505792,30,0.4,-0.011109032185905988,-19.468560338865494,38,0.2631578947368421,-0.01429868654906999
20,2.5,0.0,0.15,0.03,12,True,0.002,0,-21.15064734420898,-20.70784714946125,30,0.4,-0.012570092600096621,-21.59344753895671,38,0.2631578947368421,-0.015607753055964416
20,2.5,0.0,0.15,0.03,12,True,0.003,0,-23.686524488746983,-23.589742744001715,30,0.36666666666666664,-0.014029272143174266,-23.78330623349225,38,0.2631578947368421,-0.016915533300185366
20,2.5,0.0,0.15,0.03,24,False,0.001,0,-9.56720230683511,-2.5440091064572914,30,0.26666666666666666,-0.003184223266529353,-16.59039550721293,37,0.16216216216216217,-0.016340602090680802
20,2.5,0.0,0.15,0.03,24,False,0.002,0,-10.746925939109339,-3.616750068074437,30,0.26666666666666666,-0.00449428710015211,-17.87710181014424,37,0.16216216216216217,-0.017492472971958335
20,2.5,0.0,0.15,0.03,24,False,0.003,0,-11.941127757629879,-4.703781235104252,30,0.26666666666666666,-0.0058031051662936865,-19.178474280155505,37,0.16216216216216217,-0.018643677578569714
20,2.5,0.0,0.15,0.03,24,True,0.001,0,-16.36630349148074,-13.583835658753708,30,0.43333333333333335,-0.009224406170227477,-19.14877132420777,38,0.2894736842105263,-0.014355369185696538
20,2.5,0.0,0.15,0.03,24,True,0.002,0,-18.599900421571107,-16.004423270929692,30,0.43333333333333335,-0.010657060015244,-21.195377572212525,38,0.2894736842105263,-0.015638923437651688
20,2.5,0.0,0.15,0.03,24,True,0.003,0,-20.911495114775875,-18.518243139859763,30,0.43333333333333335,-0.012087954045256182,-23.30474708969199,38,0.2631578947368421,-0.016921293148050916
20,2.5,0.0,0.15,0.03,48,False,0.001,0,-8.164138714451735,0.13257033541234226,27,0.25925925925925924,0.00019448178897094512,-16.46084776431581,37,0.10810810810810811,-0.01816696122952937
20,2.5,0.0,0.15,0.03,48,False,0.002,0,-9.067899585680488,-0.688029514266532,27,0.25925925925925924,-0.001004221064111896,-17.447769657094444,37,0.10810810810810811,-0.019206000578645806
20,2.5,0.0,0.15,0.03,48,False,0.003,0,-9.977732065185007,-1.5164240870499948,27,0.25925925925925924,-0.0022021366742462057,-18.43904004332002,37,0.10810810810810811,-0.0202448172231248
20,2.5,0.0,0.15,0.03,48,True,0.001,0,-16.36630349148074,-13.583835658753708,30,0.43333333333333335,-0.009224406170227477,-19.14877132420777,38,0.2894736842105263,-0.014355369185696538
20,2.5,0.0,0.15,0.03,48,True,0.002,0,-18.599900421571107,-16.004423270929692,30,0.43333333333333335,-0.010657060015244,-21.195377572212525,38,0.2894736842105263,-0.015638923437651688
20,2.5,0.0,0.15,0.03,48,True,0.003,0,-20.911495114775875,-18.518243139859763,30,0.43333333333333335,-0.012087954045256182,-23.30474708969199,38,0.2631578947368421,-0.016921293148050916
20,2.5,0.005,0.05,0.02,12,False,0.001,0,-19.984845730611056,-11.954577744004359,14,0.21428571428571427,-0.007877744847590335,-28.01511371721775,24,0.16666666666666666,-0.013073289331175325
20,2.5,0.005,0.05,0.02,12,False,0.002,0,-22.317764797959292,-13.727676481339913,14,0.21428571428571427,-0.009014253923228526,-30.907853114578675,24,0.16666666666666666,-0.014229682622259253
20,2.5,0.005,0.05,0.02,12,False,0.003,0,-32.20529333306283,-29.14757302106276,14,0.14285714285714285,-0.015132691979283987,-35.263013645062905,24,0.16666666666666666,-0.016022188104149068
20,2.5,0.005,0.05,0.02,12,True,0.001,0,-28.00683944441593,-20.470450656251966,14,0.21428571428571427,-0.010956192387644429,-35.54322823257989,24,0.16666666666666666,-0.014003924703091544
20,2.5,0.005,0.05,0.02,12,True,0.002,0,-31.2759764454891,-22.916792950046723,14,0.21428571428571427,-0.012161176631066617,-39.63515994093147,24,0.16666666666666666,-0.015201990371388344
20,2.5,0.005,0.05,0.02,12,True,0.003,0,-52.33842128094794,-58.895564420532,14,0.14285714285714285,-0.018347803905393777,-45.78127814136388,24,0.16666666666666666,-0.017035997981607695
20,2.5,0.005,0.05,0.02,24,False,0.001,0,-9.732910799545937,-4.805470924720288,14,0.2857142857142857,-0.003592412511873718,-14.660350674371589,24,0.16666666666666666,-0.009820833333333294
20,2.5,0.005,0.05,0.02,24,False,0.002,0,-13.159362019945224,-10.161851339032516,14,0.21428571428571427,-0.00748749999999995,-16.15687270085793,24,0.16666666666666666,-0.01081249999999996
20,2.5,0.005,0.05,0.02,24,False,0.003,0,-19.553248798861265,-21.45009931399308,14,0.14285714285714285,-0.01346499999999995,-17.65639828372945,24,0.16666666666666666,-0.011804166666666638
20,2.5,0.005,0.05,0.02,24,True,0.001,0,-23.721664234189657,-15.442206040981793,14,0.2857142857142857,-0.008723204531307174,-32.00112242739752,24,0.16666666666666666,-0.013930706901760173
20,2.5,0.005,0.05,0.02,24,True,0.002,0,-29.08445154501318,-22.678957601573924,14,0.21428571428571427,-0.012316569912629619,-35.48994548845244,24,0.16666666666666666,-0.015088289184107881
20,2.5,0.005,0.05,0.02,24,True,0.003,0,-47.49310317475921,-55.841790121301145,14,0.14285714285714285,-0.018433374999137334,-39.144416228217274,24,0.16666666666666666,-0.016245192013310216
20,2.5,0.005,0.05,0.02,48,False,0.001,0,-8.253786293349247,-1.8472219123269045,14,0.2857142857142857,-0.0014999999999999792,-14.660350674371589,24,0.16666666666666666,-0.009820833333333294
20,2.5,0.005,0.05,0.02,48,False,0.002,0,-13.159362019945224,-10.161851339032516,14,0.21428571428571427,-0.00748749999999995,-16.15687270085793,24,0.16666666666666666,-0.01081249999999996
20,2.5,0.005,0.05,0.02,48,False,0.003,0,-19.553248798861265,-21.45009931399308,14,0.14285714285714285,-0.01346499999999995,-17.65639828372945,24,0.16666666666666666,-0.011804166666666638
20,2.5,0.005,0.05,0.02,48,True,0.001,0,-23.721664234189657,-15.442206040981793,14,0.2857142857142857,-0.008723204531307174,-32.00112242739752,24,0.16666666666666666,-0.013930706901760173
20,2.5,0.005,0.05,0.02,48,True,0.002,0,-29.08445154501318,-22.678957601573924,14,0.21428571428571427,-0.012316569912629619,-35.48994548845244,24,0.16666666666666666,-0.015088289184107881
20,2.5,0.005,0.05,0.02,48,True,0.003,0,-47.49310317475921,-55.841790121301145,14,0.14285714285714285,-0.018433374999137334,-39.144416228217274,24,0.16666666666666666,-0.016245192013310216
20,2.5,0.005,0.05,0.03,12,False,0.001,0,-17.30008558048365,-7.9564790346148575,14,0.35714285714285715,-0.005989696593292683,-26.643692126352445,24,0.20833333333333334,-0.017649747664508636
20,2.5,0.005,0.05,0.03,12,False,0.002,0,-19.25673298157024,-9.893206706921891,14,0.35714285714285715,-0.007412845837671456,-28.620259256218592,24,0.20833333333333334,-0.01880155762225925
20,2.5,0.005,0.05,0.03,12,False,0.003,0,-21.232885651836114,-11.842499087661642,14,0.35714285714285715,-0.008834286193243572,-30.623272216010587,24,0.20833333333333334,-0.01995269630954094
20,2.5,0.005,0.05,0.03,12,True,0.001,0,-21.98236190061575,-10.244660700031906,14,0.42857142857142855,-0.006973596878598645,-33.72006310119959,24,0.20833333333333334,-0.01917470494286399
20,2.5,0.005,0.05,0.03,12,True,0.002,0,-24.6025713357811,-12.573060176093488,14,0.42857142857142855,-0.008469406216039107,-36.632082495468715,24,0.20833333333333334,-0.020410531612533648
20,2.5,0.005,0.05,0.03,12,True,0.003,0,-27.301763528374437,-14.943226497121117,14,0.42857142857142855,-0.009963212374502354,-39.66030055962776,24,0.20833333333333334,-0.02164534517474002
20,2.5,0.005,0.05,0.03,24,False,0.001,0,-10.436756873778668,-3.1177212664742564,14,0.35714285714285715,-0.0028387521164676406,-17.75579248108308,24,0.20833333333333334,-0.014813333333333277
20,2.5,0.005,0.05,0.03,24,False,0.002,0,-11.669972641734995,-4.382512847024139,14,0.35714285714285715,-0.003981064808215575,-18.957432436445853,24,0.20833333333333334,-0.015799999999999956
20,2.5,0.005,0.05,0.03,24,False,0.003,0,-12.906750952832995,-5.652017792997903,14,0.35714285714285715,-0.005122803455165316,-20.161484112668088,24,0.20833333333333334,-0.016786666666666627
20,2.5,0.005,0.05,0.03,24,True,0.001,0,-19.71862264731406,-7.0008049399666,14,0.5,-0.005037997887450302,-32.43644035466152,24,0.20833333333333334,-0.019517528808199288
20,2.5,0.005,0.05,0.03,24,True,0.002,0,-22.09250710667789,-9.108240543812718,14,0.5,-0.0064687344204045205,-35.07677366954306,24,0.20833333333333334,-0.020712455425253188
20,2.5,0.005,0.05,0.03,24,True,0.003,0,-24.541172087444675,-11.267256595689949,14,0.5,-0.007897735554189761,-37.8150875791994,24,0.20833333333333334,-0.02190653100105065
20,2.5,0.005,0.05,0.03,48,False,0.001,0,-10.364405228472624,-2.9730179758621675,14,0.35714285714285715,-0.002926428571428529,-17.75579248108308,24,0.20833333333333334,-0.014813333333333277
20,2.5,0.005,0.05,0.03,48,False,0.002,0,-11.474458402126597,-3.991484367807342,14,0.35714285714285715,-0.003924999999999967,-18.957432436445853,24,0.20833333333333334,-0.015799999999999956
20,2.5,0.005,0.05,0.03,48,False,0.003,0,-12.586739479727878,-5.01199484678767,14,0.35714285714285715,-0.0049235714285713736,-20.161484112668088,24,0.20833333333333334,-0.016786666666666627
20,2.5,0.005,0.05,0.03,48,True,0.001,0,-19.71862264731406,-7.0008049399666,14,0.5,-0.005037997887450302,-32.43644035466152,24,0.20833333333333334,-0.019517528808199288
20,2.5,0.005,0.05,0.03,48,True,0.002,0,-22.09250710667789,-9.108240543812718,14,0.5,-0.0064687344204045205,-35.07677366954306,24,0.20833333333333334,-0.020712455425253188
20,2.5,0.005,0.05,0.03,48,True,0.003,0,-24.541172087444675,-11.267256595689949,14,0.5,-0.007897735554189761,-37.8150875791994,24,0.20833333333333334,-0.02190653100105065
20,2.5,0.005,0.08,0.02,12,False,0.001,0,-20.413121954757834,-12.760781586535378,14,0.21428571428571427,-0.008332869085078253,-28.065462322980288,24,0.16666666666666666,-0.013080110161871333
20,2.5,0.005,0.08,0.02,12,False,0.002,0,-23.144416672634577,-14.969981766146308,14,0.21428571428571427,-0.009617720688498196,-31.31885157912285,24,0.16666666666666666,-0.014280021620382074
20,2.5,0.005,0.08,0.02,12,False,0.003,0,-30.39148570571481,-24.64297730285667,14,0.14285714285714285,-0.01434539212245091,-36.13999410857295,24,0.16666666666666666,-0.016115871342110403
20,2.5,0.005,0.08,0.02,12,True,0.001,0,-31.806755806018685,-28.070283379457482,14,0.21428571428571427,-0.012351322683002375,-35.54322823257989,24,0.16666666666666666,-0.014003924703091544
20,2.5,0.005,0.08,0.02,12,True,0.002,0,-35.677837007607394,-31.720514074283308,14,0.21428571428571427,-0.013628145378026462,-39.63515994093147,24,0.16666666666666666,-0.015201990371388344
20,2.5,0.005,0.08,0.02,12,True,0.003,0,-52.33842128094794,-58.895564420532,14,0.14285714285714285,-0.018347803905393777,-45.78127814136388,24,0.16666666666666666,-0.017035997981607695
20,2.5,0.005,0.08,0.02,24,False,0.001,0,-12.409398630291523,-6.696292368935341,14,0.21428571428571427,-0.0055954847814954,-18.122504891647708,24,0.125,-0.012367686275612086
20,2.5,0.005,0.08,0.02,24,False,0.002,0,-15.773627190323555,-11.705890643271173,14,0.14285714285714285,-0.009564038940161898,-19.84136373737594,24,0.125,-0.013442986251085304
20,2.5,0.005,0.08,0.02,24,False,0.003,0,-17.33742849545138,-13.092227574510034,14,0.14285714285714285,-0.010632204018647498,-21.582629416392727,24,0.125,-0.01451794183198858
20,2.5,0.005,0.08,0.02,24,True,0.001,0,-33.36303494302554,-34.72494745865355,14,0.21428571428571427,-0.013715704531307169,-32.00112242739752,24,0.16666666666666666,-0.013930706901760173
20,2.5,0.005,0.08,0.02,24,True,0.002,0,-43.25677578199175,-51.02360607553106,14,0.14285714285714285,-0.017304069912629623,-35.48994548845244,24,0.16666666666666666,-0.015088289184107881
20,2.5,0.005,0.08,0.02,24,True,0.003,0,-47.49310317475921,-55.841790121301145,14,0.14285714285714285,-0.018433374999137334,-39.144416228217274,24,0.16666666666666666,-0.016245192013310216
20,2.5,0.005,0.08,0.02,48,False,0.001,0,-10.703517331707415,-2.8797854114724912,14,0.21428571428571427,-0.002725145970898138,-18.52724925194234,24,0.08333333333333333,-0.013149166666666622
20,2.5,0.005,0.08,0.02,48,False,0.002,0,-14.537295220985255,-9.134804264919914,14,0.14285714285714285,-0.008199999999999949,-19.939786177050596,24,0.08333333333333333,-0.014137499999999947
20,2.5,0.005,0.08,0.02,48,False,0.003,0,-15.80393778969399,-10.252717480994617,14,0.14285714285714285,-0.009194285714285651,-21.355158098393364,24,0.08333333333333333,-0.01512583333333331
20,2.5,0.005,0.08,0.02,48,True,0.001,0,-33.36303494302554,-34.72494745865355,14,0.21428571428571427,-0.013715704531307169,-32.00112242739752,24,0.16666666666666666,-0.013930706901760173
20,2.5,0.005,0.08,0.02,48,True,0.002,0,-43.25677578199175,-51.02360607553106,14,0.14285714285714285,-0.017304069912629623,-35.48994548845244,24,0.16666666666666666,-0.015088289184107881
20,2.5,0.005,0.08,0.02,48,True,0.003,0,-47.49310317475921,-55.841790121301145,14,0.14285714285714285,-0.018433374999137334,-39.144416228217274,24,0.16666666666666666,-0.016245192013310216
20,2.5,0.005,0.08,0.03,12,False,0.001,0,-17.093559493906724,-8.612044821847284,14,0.35714285714285715,-0.006444820830780601,-25.575074165966168,24,0.20833333333333334,-0.01739177407828306
20,2.5,0.005,0.08,0.03,12,False,0.002,0,-19.362070313838412,-10.86578763749772,14,0.35714285714285715,-0.008016312602941127,-27.858352990179107,24,0.20833333333333334,-0.01863116306072778
20,2.5,0.005,0.08,0.03,12,False,0.003,0,-21.697314472254412,-13.179618761656194,14,0.35714285714285715,-0.009585500882353163,-30.215010182852627,24,0.20833333333333334,-0.019869531835932878
20,2.5,0.005,0.08,0.03,12,True,0.001,0,-23.667145299178166,-13.614227497156737,14,0.42857142857142855,-0.008368727173956595,-33.72006310119959,24,0.20833333333333334,-0.01917470494286399
20,2.5,0.005,0.08,0.03,12,True,0.002,0,-26.55188792110009,-16.471693346731463,14,0.42857142857142855,-0.009936374962998947,-36.632082495468715,24,0.20833333333333334,-0.020410531612533648
20,2.5,0.005,0.08,0.03,12,True,0.003,0,-29.546165690212547,-19.432030820797337,14,0.42857142857142855,-0.01150172692044502,-39.66030055962776,24,0.20833333333333334,-0.02164534517474002
20,2.5,0.005,0.08,0.03,24,False,0.001,0,-9.116157614844854,-0.13476172882733065,14,0.35714285714285715,-0.00013853554308906443,-18.097553500862375,24,0.16666666666666666,-0.01652810294227874
20,2.5,0.005,0.08,0.03,24,False,0.002,0,-10.421324326389929,-1.4802185948946571,14,0.35714285714285715,-0.001507988929067186,-19.3624300578852,24,0.16666666666666666,-0.0175992362510853
20,2.5,0.005,0.08,0.03,24,False,0.003,0,-11.74309583197247,-2.8485011759676375,14,0.35714285714285715,-0.002875971413571208,-20.637690487977302,24,0.16666666666666666,-0.01867002516532189
20,2.5,0.005,0.08,0.03,24,True,0.001,0,-19.829592222566806,-7.222744090472091,14,0.5,-0.0051562004161626734,-32.43644035466152,24,0.20833333333333334,-0.019517528808199288
20,2.5,0.005,0.08,0.03,24,True,0.002,0,-22.291649737089724,-9.50652580463639,14,0.5,-0.006661326714505718,-35.07677366954306,24,0.20833333333333334,-0.020712455425253188
20,2.5,0.005,0.08,0.03,24,True,0.003,0,-24.844344661360246,-11.87360174352109,14,0.5,-0.008164419876230048,-37.8150875791994,24,0.20833333333333334,-0.02190653100105065
20,2.5,0.005,0.08,0.03,48,False,0.001,0,-8.037334960053128,0.9819289603215159,13,0.3076923076923077,0.0011744642963461315,-17.05659888042777,24,0.16666666666666666,-0.016046458578053677
20,2.5,0.005,0.08,0.03,48,False,0.002,0,-9.083627071726465,0.013439936008549912,13,0.3076923076923077,1.604184996174711e-05,-18.180694079461478,24,0.16666666666666666,-0.017073778655770158
20,2.5,0.005,0.08,0.03,48,False,0.003,0,-10.133232699228914,-0.9585019980101959,13,0.3076923076923077,-0.001141758237478377,-19.307963400447633,24,0.16666666666666666,-0.018100931345854575
20,2.5,0.005,0.08,0.03,48,True,0.001,0,-19.829592222566806,-7.222744090472091,14,0.5,-0.0051562004161626734,-32.43644035466152,24,0.20833333333333334,-0.019517528808199288
20,2.5,0.005,0.08,0.03,48,True,0.002,0,-22.291649737089724,-9.50652580463639,14,0.5,-0.006661326714505718,-35.07677366954306,24,0.20833333333333334,-0.020712455425253188
20,2.5,0.005,0.08,0.03,48,True,0.003,0,-24.844344661360246,-11.87360174352109,14,0.5,-0.008164419876230048,-37.8150875791994,24,0.20833333333333334,-0.02190653100105065
20,2.5,0.005,0.1,0.02,12,False,0.001,0,-20.413121954757834,-12.760781586535378,14,0.21428571428571427,-0.008332869085078253,-28.065462322980288,24,0.16666666666666666,-0.013080110161871333
20,2.5,0.005,0.1,0.02,12,False,0.002,0,-23.144416672634577,-14.969981766146308,14,0.21428571428571427,-0.009617720688498196,-31.31885157912285,24,0.16666666666666666,-0.014280021620382074
20,2.5,0.005,0.1,0.02,12,False,0.003,0,-30.39148570571481,-24.64297730285667,14,0.14285714285714285,-0.01434539212245091,-36.13999410857295,24,0.16666666666666666,-0.016115871342110403
20,2.5,0.005,0.1,0.02,12,True,0.001,0,-31.806755806018685,-28.070283379457482,14,0.21428571428571427,-0.012351322683002375,-35.54322823257989,24,0.16666666666666666,-0.014003924703091544
20,2.5,0.005,0.1,0.02,12,True,0.002,0,-35.677837007607394,-31.720514074283308,14,0.21428571428571427,-0.013628145378026462,-39.63515994093147,24,0.16666666666666666,-0.015201990371388344
20,2.5,0.005,0.1,0.02,12,True,0.003,0,-52.33842128094794,-58.895564420532,14,0.14285714285714285,-0.018347803905393777,-45.78127814136388,24,0.16666666666666666,-0.017035997981607695
20,2.5,0.005,0.1,0.02,24,False,0.001,0,-11.862688705424386,-4.458990845148635,14,0.21428571428571427,-0.004169056210066845,-19.266386565700138,24,0.125,-0.012660913459689773
20,2.5,0.005,0.1,0.02,24,False,0.002,0,-15.045730567902377,-8.834653362526804,14,0.14285714285714285,-0.008139038940161877,-21.25680777327795,24,0.125,-0.013780403125565777
20,2.5,0.005,0.1,0.02,24,False,0.003,0,-16.67217942998281,-10.044592480264305,14,0.14285714285714285,-0.009208632590076074,-23.299766379701314,24,0.125,-0.014899370639641323
20,2.5,0.005,0.1,0.02,24,True,0.001,0,-33.36303494302554,-34.72494745865355,14,0.21428571428571427,-0.013715704531307169,-32.00112242739752,24,0.16666666666666666,-0.013930706901760173
20,2.5,0.005,0.1,0.02,24,True,0.002,0,-43.25677578199175,-51.02360607553106,14,0.14285714285714285,-0.017304069912629623,-35.48994548845244,24,0.16666666666666666,-0.015088289184107881
20,2.5,0.005,0.1,0.02,24,True,0.003,0,-47.49310317475921,-55.841790121301145,14,0.14285714285714285,-0.018433374999137334,-39.144416228217274,24,0.16666666666666666,-0.016245192013310216
20,2.5,0.005,0.1,0.02,48,False,0.001,0,-14.552299477417233,-2.3446545883749055,14,0.21428571428571427,-0.002307372593006079,-26.75994436645956,24,0.041666666666666664,-0.01647749999999996
20,2.5,0.005,0.1,0.02,48,False,0.002,0,-18.39684226330627,-8.405640516601798,14,0.14285714285714285,-0.007858397995632775,-28.388044010010738,24,0.041666666666666664,-0.017462499999999947
20,2.5,0.005,0.1,0.02,48,False,0.003,0,-19.808775423526484,-9.598139557614578,14,0.14285714285714285,-0.008928552371616315,-30.019411289438388,24,0.041666666666666664,-0.01844749999999998
20,2.5,0.005,0.1,0.02,48,True,0.001,0,-33.36303494302554,-34.72494745865355,14,0.21428571428571427,-0.013715704531307169,-32.00112242739752,24,0.16666666666666666,-0.013930706901760173
20,2.5,0.005,0.1,0.02,48,True,0.002,0,-43.25677578199175,-51.02360607553106,14,0.14285714285714285,-0.017304069912629623,-35.48994548845244,24,0.16666666666666666,-0.015088289184107881
20,2.5,0.005,0.1,0.02,48,True,0.003,0,-47.49310317475921,-55.841790121301145,14,0.14285714285714285,-0.018433374999137334,-39.144416228217274,24,0.16666666666666666,-0.016245192013310216
20,2.5,0.005,0.1,0.03,12,False,0.001,0,-17.093559493906724,-8.612044821847284,14,0.35714285714285715,-0.006444820830780601,-25.575074165966168,24,0.20833333333333334,-0.01739177407828306
20,2.5,0.005,0.1,0.03,12,False,0.002,0,-19.362070313838412,-10.86578763749772,14,0.35714285714285715,-0.008016312602941127,-27.858352990179107,24,0.20833333333333334,-0.01863116306072778
20,2.5,0.005,0.1,0.03,12,False,0.003,0,-21.697314472254412,-13.179618761656194,14,0.35714285714285715,-0.009585500882353163,-30.215010182852627,24,0.20833333333333334,-0.019869531835932878
20,2.5,0.005,0.1,0.03,12,True,0.001,0,-23.667145299178166,-13.614227497156737,14,0.42857142857142855,-0.008368727173956595,-33.72006310119959,24,0.20833333333333334,-0.01917470494286399
20,2.5,0.005,0.1,0.03,12,True,0.002,0,-26.55188792110009,-16.471693346731463,14,0.42857142857142855,-0.009936374962998947,-36.632082495468715,24,0.20833333333333334,-0.020410531612533648
20,2.5,0.005,0.1,0.03,12,True,0.003,0,-29.546165690212547,-19.432030820797337,14,0.42857142857142855,-0.01150172692044502,-39.66030055962776,24,0.20833333333333334,-0.02164534517474002
20,2.5,0.005,0.1,0.03,24,False,0.001,0,-8.413377246318642,1.1648416399274075,14,0.35714285714285715,0.0012878930283394927,-17.99159613256469,24,0.16666666666666666,-0.016498087967657084
20,2.5,0.005,0.1,0.03,24,False,0.002,0,-9.778090120371532,-0.07563600766061007,14,0.35714285714285715,-8.298892906716657e-05,-19.480544233082455,24,0.16666666666666666,-0.017658832368862103
20,2.5,0.005,0.1,0.03,24,False,0.003,0,-11.16812380581904,-1.333799738748836,14,0.35714285714285715,-0.0014523999849997817,-21.002447872889242,24,0.16666666666666666,-0.018818874406204847
20,2.5,0.005,0.1,0.03,24,True,0.001,0,-19.829592222566806,-7.222744090472091,14,0.5,-0.0051562004161626734,-32.43644035466152,24,0.20833333333333334,-0.019517528808199288
20,2.5,0.005,0.1,0.03,24,True,0.002,0,-22.291649737089724,-9.50652580463639,14,0.5,-0.006661326714505718,-35.07677366954306,24,0.20833333333333334,-0.020712455425253188
20,2.5,0.005,0.1,0.03,24,True,0.003,0,-24.844344661360246,-11.87360174352109,14,0.5,-0.008164419876230048,-37.8150875791994,24,0.20833333333333334,-0.02190653100105065
20,2.5,0.005,0.1,0.03,48,False,0.001,0,-9.83124589826341,0.6619873328704022,13,0.3076923076923077,0.0007909990476885523,-20.324479129397222,24,0.125,-0.018958750244720348
20,2.5,0.005,0.1,0.03,48,False,0.002,0,-10.954964533019266,-0.44707807367829755,13,0.3076923076923077,-0.0005304515917457819,-21.462850992360234,24,0.125,-0.019983153655770153
20,2.5,0.005,0.1,0.03,48,False,0.003,0,-12.087644727021708,-1.5707260121701345,13,0.3076923076923077,-0.0018506268705863226,-22.60456344187328,24,0.125,-0.021007389679187916
20,2.5,0.005,0.1,0.03,48,True,0.001,0,-19.829592222566806,-7.222744090472091,14,0.5,-0.0051562004161626734,-32.43644035466152,24,0.20833333333333334,-0.019517528808199288
20,2.5,0.005,0.1,0.03,48,True,0.002,0,-22.291649737089724,-9.50652580463639,14,0.5,-0.006661326714505718,-35.07677366954306,24,0.20833333333333334,-0.020712455425253188
20,2.5,0.005,0.1,0.03,48,True,0.003,0,-24.844344661360246,-11.87360174352109,14,0.5,-0.008164419876230048,-37.8150875791994,24,0.20833333333333334,-0.02190653100105065
20,2.5,0.005,0.15,0.02,12,False,0.001,0,-20.413121954757834,-12.760781586535378,14,0.21428571428571427,-0.008332869085078253,-28.065462322980288,24,0.16666666666666666,-0.013080110161871333
20,2.5,0.005,0.15,0.02,12,False,0.002,0,-23.144416672634577,-14.969981766146308,14,0.21428571428571427,-0.009617720688498196,-31.31885157912285,24,0.16666666666666666,-0.014280021620382074
20,2.5,0.005,0.15,0.02,12,False,0.003,0,-30.39148570571481,-24.64297730285667,14,0.14285714285714285,-0.01434539212245091,-36.13999410857295,24,0.16666666666666666,-0.016115871342110403
20,2.5,0.005,0.15,0.02,12,True,0.001,0,-31.806755806018685,-28.070283379457482,14,0.21428571428571427,-0.012351322683002375,-35.54322823257989,24,0.16666666666666666,-0.014003924703091544
20,2.5,0.005,0.15,0.02,12,True,0.002,0,-35.677837007607394,-31.720514074283308,14,0.21428571428571427,-0.013628145378026462,-39.63515994093147,24,0.16666666666666666,-0.015201990371388344
20,2.5,0.005,0.15,0.02,12,True,0.003,0,-52.33842128094794,-58.895564420532,14,0.14285714285714285,-0.018347803905393777,-45.78127814136388,24,0.16666666666666666,-0.017035997981607695
20,2.5,0.005,0.15,0.02,24,False,0.001,0,-9.882105142491438,-0.49782371928273894,14,0.21428571428571427,-0.0006029847814954178,-19.266386565700138,24,0.125,-0.012660913459689773
20,2.5,0.005,0.15,0.02,24,False,0.002,0,-12.525786153478222,-3.7947645336784945,14,0.14285714285714285,-0.004576538940161904,-21.25680777327795,24,0.125,-0.013780403125565777
20,2.5,0.005,0.15,0.02,24,False,0.003,0,-13.999556661315811,-4.699346942930308,14,0.14285714285714285,-0.0056497040186475195,-23.299766379701314,24,0.125,-0.014899370639641323
20,2.5,0.005,0.15,0.02,24,True,0.001,0,-33.36303494302554,-34.72494745865355,14,0.21428571428571427,-0.013715704531307169,-32.00112242739752,24,0.16666666666666666,-0.013930706901760173
20,2.5,0.005,0.15,0.02,24,True,0.002,0,-43.25677578199175,-51.02360607553106,14,0.14285714285714285,-0.017304069912629623,-35.48994548845244,24,0.16666666666666666,-0.015088289184107881
20,2.5,0.005,0.15,0.02,24,True,0.003,0,-47.49310317475921,-55.841790121301145,14,0.14285714285714285,-0.018433374999137334,-39.144416228217274,24,0.16666666666666666,-0.016245192013310216
20,2.5,0.005,0.15,0.02,48,False,0.001,0,-7.747254930722337,1.0101667300721242,14,0.21428571428571427,0.0012586988355653482,-16.504676591516798,24,0.041666666666666664,-0.01439729166666664
20,2.5,0.005,0.15,0.02,48,False,0.002,0,-10.593489071329216,-3.5330547294944674,14,0.14285714285714285,-0.004295897995632801,-17.653923413163966,24,0.041666666666666664,-0.015384374999999957
20,2.5,0.005,0.15,0.02,48,False,0.003,0,-11.617956587059375,-4.4304363727492255,14,0.14285714285714285,-0.005369623800187759,-18.805476801369522,24,0.041666666666666664,-0.01637145833333332
20,2.5,0.005,0.15,0.02,48,True,0.001,0,-33.36303494302554,-34.72494745865355,14,0.21428571428571427,-0.013715704531307169,-32.00112242739752,24,0.16666666666666666,-0.013930706901760173
20,2.5,0.005,0.15,0.02,48,True,0.002,0,-43.25677578199175,-51.02360607553106,14,0.14285714285714285,-0.017304069912629623,-35.48994548845244,24,0.16666666666666666,-0.015088289184107881
20,2.5,0.005,0.15,0.02,48,True,0.003,0,-47.49310317475921,-55.841790121301145,14,0.14285714285714285,-0.018433374999137334,-39.144416228217274,24,0.16666666666666666,-0.016245192013310216
20,2.5,0.005,0.15,0.03,12,False,0.001,0,-17.093559493906724,-8.612044821847284,14,0.35714285714285715,-0.006444820830780601,-25.575074165966168,24,0.20833333333333334,-0.01739177407828306
20,2.5,0.005,0.15,0.03,12,False,0.002,0,-19.362070313838412,-10.86578763749772,14,0.35714285714285715,-0.008016312602941127,-27.858352990179107,24,0.20833333333333334,-0.01863116306072778
20,2.5,0.005,0.15,0.03,12,False,0.003,0,-21.697314472254412,-13.179618761656194,14,0.35714285714285715,-0.009585500882353163,-30.215010182852627,24,0.20833333333333334,-0.019869531835932878
20,2.5,0.005,0.15,0.03,12,True,0.001,0,-23.667145299178166,-13.614227497156737,14,0.42857142857142855,-0.008368727173956595,-33.72006310119959,24,0.20833333333333334,-0.01917470494286399
20,2.5,0.005,0.15,0.03,12,True,0.002,0,-26.55188792110009,-16.471693346731463,14,0.42857142857142855,-0.009936374962998947,-36.632082495468715,24,0.20833333333333334,-0.020410531612533648
20,2.5,0.005,0.15,0.03,12,True,0.003,0,-29.546165690212547,-19.432030820797337,14,0.42857142857142855,-0.01150172692044502,-39.66030055962776,24,0.20833333333333334,-0.02164534517474002
20,2.5,0.005,0.15,0.03,24,False,0.001,0,-7.181592629371125,3.6284108738224408,14,0.35714285714285715,0.004853964456910919,-17.99159613256469,24,0.16666666666666666,-0.016498087967657084
20,2.5,0.005,0.15,0.03,24,False,0.002,0,-8.433205085002022,2.614134063078412,14,0.35714285714285715,0.0034795110709328085,-19.480544233082455,24,0.16666666666666666,-0.017658832368862103
20,2.5,0.005,0.15,0.03,24,False,0.003,0,-9.705965687729494,1.5905164974302555,14,0.35714285714285715,0.0021065285864287726,-21.002447872889242,24,0.16666666666666666,-0.018818874406204847
20,2.5,0.005,0.15,0.03,24,True,0.001,0,-19.829592222566806,-7.222744090472091,14,0.5,-0.0051562004161626734,-32.43644035466152,24,0.20833333333333334,-0.019517528808199288
20,2.5,0.005,0.15,0.03,24,True,0.002,0,-22.291649737089724,-9.50652580463639,14,0.5,-0.006661326714505718,-35.07677366954306,24,0.20833333333333334,-0.020712455425253188
20,2.5,0.005,0.15,0.03,24,True,0.003,0,-24.844344661360246,-11.87360174352109,14,0.5,-0.008164419876230048,-37.8150875791994,24,0.20833333333333334,-0.02190653100105065
20,2.5,0.005,0.15,0.03,48,False,0.001,0,-7.437973453745435,3.2423066541268466,13,0.3076923076923077,0.004631383663073164,-18.118253561617717,24,0.125,-0.018541820645536986
20,2.5,0.005,0.15,0.03,48,False,0.002,0,-8.4553903954275,2.3257055612259108,13,0.3076923076923077,0.0033060868697926517,-19.23648635208091,24,0.125,-0.019610588881390955
20,2.5,0.005,0.15,0.03,48,False,0.003,0,-9.480466992839036,1.400982584260346,13,0.3076923076923077,0.001982065437105968,-20.36191656993842,24,0.125,-0.02067901411461574
20,2.5,0.005,0.15,0.03,48,True,0.001,0,-19.829592222566806,-7.222744090472091,14,0.5,-0.0051562004161626734,-32.43644035466152,24,0.20833333333333334,-0.019517528808199288
20,2.5,0.005,0.15,0.03,48,True,0.002,0,-22.291649737089724,-9.50652580463639,14,0.5,-0.006661326714505718,-35.07677366954306,24,0.20833333333333334,-0.020712455425253188
20,2.5,0.005,0.15,0.03,48,True,0.003,0,-24.844344661360246,-11.87360174352109,14,0.5,-0.008164419876230048,-37.8150875791994,24,0.20833333333333334,-0.02190653100105065
20,2.5,0.01,0.05,0.02,12,False,0.001,0,-29.52039346522306,,5,,,-29.52039346522306,20,0.15,-0.013596102751085064
20,2.5,0.01,0.05,0.02,12,False,0.002,0,-32.34481482778786,,5,,,-32.34481482778786,20,0.15,-0.014734619161733789
20,2.5,0.01,0.05,0.02,12,False,0.003,0,-36.956667615937704,,5,,,-36.956667615937704,20,0.15,-0.016636673799832233
20,2.5,0.01,0.05,0.02,12,True,0.001,0,-39.870081936694746,,5,,,-39.870081936694746,20,0.15,-0.014712865197384526
20,2.5,0.01,0.05,0.02,12,True,0.002,0,-44.31189366937255,,5,,,-44.31189366937255,20,0.15,-0.015901388460688698
20,2.5,0.01,0.05,0.02,12,True,0.003,0,-51.55302157892122,,5,,,-51.55302157892122,20,0.15,-0.01785324565278259
20,2.5,0.01,0.05,0.02,24,False,0.001,0,-17.116083174412918,,5,,,-17.116083174412918,20,0.15,-0.010985749999999966
20,2.5,0.01,0.05,0.02,24,False,0.002,0,-18.6780139135737,,5,,,-18.6780139135737,20,0.15,-0.011976249999999952
20,2.5,0.01,0.05,0.02,24,False,0.003,0,-20.243079486003843,,5,,,-20.243079486003843,20,0.15,-0.01296674999999998
20,2.5,0.01,0.05,0.02,24,True,0.001,0,-34.725055079774116,,5,,,-34.725055079774116,20,0.15,-0.014625003835786878
20,2.5,0.01,0.05,0.02,24,True,0.002,0,-38.31875336705189,,5,,,-38.31875336705189,20,0.15,-0.015764947035952145
20,2.5,0.01,0.05,0.02,24,True,0.003,0,-42.08127187616928,,5,,,-42.08127187616928,20,0.15,-0.01690427849082561
20,2.5,0.01,0.05,0.02,48,False,0.001,0,-17.116083174412918,,5,,,-17.116083174412918,20,0.15,-0.010985749999999966
20,2.5,0.01,0.05,0.02,48,False,0.002,0,-18.6780139135737,,5,,,-18.6780139135737,20,0.15,-0.011976249999999952
20,2.5,0.01,0.05,0.02,48,False,0.003,0,-20.243079486003843,,5,,,-20.243079486003843,20,0.15,-0.01296674999999998
20,2.5,0.01,0.05,0.02,48,True,0.001,0,-34.725055079774116,,5,,,-34.725055079774116,20,0.15,-0.014625003835786878
20,2.5,0.01,0.05,0.02,48,True,0.002,0,-38.31875336705189,,5,,,-38.31875336705189,20,0.15,-0.015764947035952145
20,2.5,0.01,0.05,0.02,48,True,0.003,0,-42.08127187616928,,5,,,-42.08127187616928,20,0.15,-0.01690427849082561
20,2.5,0.01,0.05,0.03,12,False,0.001,0,-26.100968859044215,,5,,,-26.100968859044215,20,0.2,-0.017590102751085045
20,2.5,0.01,0.05,0.03,12,False,0.002,0,-27.965941013198265,,5,,,-27.965941013198265,20,0.2,-0.018724619161733794
20,2.5,0.01,0.05,0.03,12,False,0.003,0,-29.849085006211727,,5,,,-29.849085006211727,20,0.2,-0.01985853364630247
20,2.5,0.01,0.05,0.03,12,True,0.001,0,-34.580041925801744,,5,,,-34.580041925801744,20,0.2,-0.019420051485111466
20,2.5,0.01,0.05,0.03,12,True,0.002,0,-37.53990833559415,,5,,,-37.53990833559415,20,0.2,-0.020655387950063074
20,2.5,0.01,0.05,0.03,12,True,0.003,0,-40.6181186099319,,5,,,-40.6181186099319,20,0.2,-0.02188971228454136
20,2.5,0.01,0.05,0.03,24,False,0.001,0,-18.837390234931743,,5,,,-18.837390234931743,20,0.2,-0.015478999999999951
20,2.5,0.01,0.05,0.03,24,False,0.002,0,-20.057404559470754,,5,,,-20.057404559470754,20,0.2,-0.01646499999999996
20,2.5,0.01,0.05,0.03,24,False,0.003,0,-21.2798674826776,,5,,,-21.2798674826776,20,0.2,-0.017450999999999953
20,2.5,0.01,0.05,0.03,24,True,0.001,0,-32.975229915840536,,5,,,-32.975229915840536,20,0.2,-0.019831440123513826
20,2.5,0.01,0.05,0.03,24,True,0.002,0,-35.60308014645624,,5,,,-35.60308014645624,20,0.2,-0.02101769652532652
20,2.5,0.01,0.05,0.03,24,True,0.003,0,-38.327060214349835,,5,,,-38.327060214349835,20,0.2,-0.02220313527611412
20,2.5,0.01,0.05,0.03,48,False,0.001,0,-18.837390234931743,,5,,,-18.837390234931743,20,0.2,-0.015478999999999951
20,2.5,0.01,0.05,0.03,48,False,0.002,0,-20.057404559470754,,5,,,-20.057404559470754,20,0.2,-0.01646499999999996
20,2.5,0.01,0.05,0.03,48,False,0.003,0,-21.2798674826776,,5,,,-21.2798674826776,20,0.2,-0.017450999999999953
20,2.5,0.01,0.05,0.03,48,True,0.001,0,-32.975229915840536,,5,,,-32.975229915840536,20,0.2,-0.019831440123513826
20,2.5,0.01,0.05,0.03,48,True,0.002,0,-35.60308014645624,,5,,,-35.60308014645624,20,0.2,-0.02101769652532652
20,2.5,0.01,0.05,0.03,48,True,0.003,0,-38.327060214349835,,5,,,-38.327060214349835,20,0.2,-0.02220313527611412
20,2.5,0.01,0.08,0.02,12,False,0.001,0,-29.58496998458949,,5,,,-29.58496998458949,20,0.15,-0.01360428774792027
20,2.5,0.01,0.08,0.02,12,False,0.002,0,-32.86913843323391,,5,,,-32.86913843323391,20,0.15,-0.01479502595948117
20,2.5,0.01,0.08,0.02,12,False,0.003,0,-38.0812162837866,,5,,,-38.0812162837866,20,0.15,-0.016749093685385835
20,2.5,0.01,0.08,0.02,12,True,0.001,0,-39.870081936694746,,5,,,-39.870081936694746,20,0.15,-0.014712865197384526
20,2.5,0.01,0.08,0.02,12,True,0.002,0,-44.31189366937255,,5,,,-44.31189366937255,20,0.15,-0.015901388460688698
20,2.5,0.01,0.08,0.02,12,True,0.003,0,-51.55302157892122,,5,,,-51.55302157892122,20,0.15,-0.01785324565278259
20,2.5,0.01,0.08,0.02,24,False,0.001,0,-16.329231287248707,,5,,,-16.329231287248707,20,0.1,-0.011977172506152637
20,2.5,0.01,0.08,0.02,24,False,0.002,0,-17.86254725122083,,5,,,-17.86254725122083,20,0.1,-0.013019919814134742
20,2.5,0.01,0.08,0.02,24,False,0.003,0,-19.413806318273597,,5,,,-19.413806318273597,20,0.1,-0.014062454372125898
20,2.5,0.01,0.08,0.02,24,True,0.001,0,-34.725055079774116,,5,,,-34.725055079774116,20,0.15,-0.014625003835786878
20,2.5,0.01,0.08,0.02,24,True,0.002,0,-38.31875336705189,,5,,,-38.31875336705189,20,0.15,-0.015764947035952145
20,2.5,0.01,0.08,0.02,24,True,0.003,0,-42.08127187616928,,5,,,-42.08127187616928,20,0.15,-0.01690427849082561
20,2.5,0.01,0.08,0.02,48,False,0.001,0,-14.908623823023186,,5,,,-14.908623823023186,20,0.1,-0.011484999999999959
20,2.5,0.01,0.08,0.02,48,False,0.002,0,-16.2099724332783,,5,,,-16.2099724332783,20,0.1,-0.01247499999999994
20,2.5,0.01,0.08,0.02,48,False,0.003,0,-17.51393288210192,,5,,,-17.51393288210192,20,0.1,-0.013464999999999982
20,2.5,0.01,0.08,0.02,48,True,0.001,0,-34.725055079774116,,5,,,-34.725055079774116,20,0.15,-0.014625003835786878
20,2.5,0.01,0.08,0.02,48,True,0.002,0,-38.31875336705189,,5,,,-38.31875336705189,20,0.15,-0.015764947035952145
20,2.5,0.01,0.08,0.02,48,True,0.003,0,-42.08127187616928,,5,,,-42.08127187616928,20,0.15,-0.01690427849082561
20,2.5,0.01,0.08,0.03,12,False,0.001,0,-24.87810906081012,,5,,,-24.87810906081012,20,0.2,-0.017280534447614355
20,2.5,0.01,0.08,0.03,12,False,0.002,0,-27.09741952477392,,5,,,-27.09741952477392,20,0.2,-0.01852014568789603
20,2.5,0.01,0.08,0.03,12,False,0.003,0,-29.385632570244333,,5,,,-29.385632570244333,20,0.2,-0.01975873627797279
20,2.5,0.01,0.08,0.03,12,True,0.001,0,-34.580041925801744,,5,,,-34.580041925801744,20,0.2,-0.019420051485111466
20,2.5,0.01,0.08,0.03,12,True,0.002,0,-37.53990833559415,,5,,,-37.53990833559415,20,0.2,-0.020655387950063074
20,2.5,0.01,0.08,0.03,12,True,0.003,0,-40.6181186099319,,5,,,-40.6181186099319,20,0.2,-0.02188971228454136
20,2.5,0.01,0.08,0.03,24,False,0.001,0,-15.794721880124149,,5,,,-15.794721880124149,20,0.15,-0.015471922506152624
20,2.5,0.01,0.08,0.03,24,False,0.002,0,-16.924542015136385,,5,,,-16.924542015136385,20,0.15,-0.016511169814134745
20,2.5,0.01,0.08,0.03,24,False,0.003,0,-18.06268700483937,,5,,,-18.06268700483937,20,0.15,-0.017550204372125865
20,2.5,0.01,0.08,0.03,24,True,0.001,0,-32.975229915840536,,5,,,-32.975229915840536,20,0.2,-0.019831440123513826
20,2.5,0.01,0.08,0.03,24,True,0.002,0,-35.60308014645624,,5,,,-35.60308014645624,20,0.2,-0.02101769652532652
20,2.5,0.01,0.08,0.03,24,True,0.003,0,-38.327060214349835,,5,,,-38.327060214349835,20,0.2,-0.02220313527611412
20,2.5,0.01,0.08,0.03,48,False,0.001,0,-14.851988461692862,,5,,,-14.851988461692862,20,0.15,-0.014979749999999948
20,2.5,0.01,0.08,0.03,48,False,0.002,0,-15.845944401167907,,5,,,-15.845944401167907,20,0.15,-0.01596624999999994
20,2.5,0.01,0.08,0.03,48,False,0.003,0,-16.84189523459997,,5,,,-16.84189523459997,20,0.15,-0.016952749999999947
20,2.5,0.01,0.08,0.03,48,True,0.001,0,-32.975229915840536,,5,,,-32.975229915840536,20,0.2,-0.019831440123513826
20,2.5,0.01,0.08,0.03,48,True,0.002,0,-35.60308014645624,,5,,,-35.60308014645624,20,0.2,-0.02101769652532652
20,2.5,0.01,0.08,0.03,48,True,0.003,0,-38.327060214349835,,5,,,-38.327060214349835,20,0.2,-0.02220313527611412
20,2.5,0.01,0.1,0.02,12,False,0.001,0,-29.58496998458949,,5,,,-29.58496998458949,20,0.15,-0.01360428774792027
20,2.5,0.01,0.1,0.02,12,False,0.002,0,-32.86913843323391,,5,,,-32.86913843323391,20,0.15,-0.01479502595948117
20,2.5,0.01,0.1,0.02,12,False,0.003,0,-38.0812162837866,,5,,,-38.0812162837866,20,0.15,-0.016749093685385835
20,2.5,0.01,0.1,0.02,12,True,0.001,0,-39.870081936694746,,5,,,-39.870081936694746,20,0.15,-0.014712865197384526
20,2.5,0.01,0.1,0.02,12,True,0.002,0,-44.31189366937255,,5,,,-44.31189366937255,20,0.15,-0.015901388460688698
20,2.5,0.01,0.1,0.02,12,True,0.003,0,-51.55302157892122,,5,,,-51.55302157892122,20,0.15,-0.01785324565278259
20,2.5,0.01,0.1,0.02,24,False,0.001,0,-17.479768280960172,,5,,,-17.479768280960172,20,0.1,-0.012329045127045857
20,2.5,0.01,0.1,0.02,24,False,0.002,0,-19.277431266839727,,5,,,-19.277431266839727,20,0.1,-0.013424820063511308
20,2.5,0.01,0.1,0.02,24,False,0.003,0,-21.12017360844397,,5,,,-21.12017360844397,20,0.1,-0.014520168941309194
20,2.5,0.01,0.1,0.02,24,True,0.001,0,-34.725055079774116,,5,,,-34.725055079774116,20,0.15,-0.014625003835786878
20,2.5,0.01,0.1,0.02,24,True,0.002,0,-38.31875336705189,,5,,,-38.31875336705189,20,0.15,-0.015764947035952145
20,2.5,0.01,0.1,0.02,24,True,0.003,0,-42.08127187616928,,5,,,-42.08127187616928,20,0.15,-0.01690427849082561
20,2.5,0.01,0.1,0.02,48,False,0.001,0,-23.048499598491762,,5,,,-23.048499598491762,20,0.05,-0.015478999999999965
20,2.5,0.01,0.1,0.02,48,False,0.002,0,-24.54124882305809,,5,,,-24.54124882305809,20,0.05,-0.016464999999999935
20,2.5,0.01,0.1,0.02,48,False,0.003,0,-26.03699403190409,,5,,,-26.03699403190409,20,0.05,-0.017450999999999987
20,2.5,0.01,0.1,0.02,48,True,0.001,0,-34.725055079774116,,5,,,-34.725055079774116,20,0.15,-0.014625003835786878
20,2.5,0.01,0.1,0.02,48,True,0.002,0,-38.31875336705189,,5,,,-38.31875336705189,20,0.15,-0.015764947035952145
20,2.5,0.01,0.1,0.02,48,True,0.003,0,-42.08127187616928,,5,,,-42.08127187616928,20,0.15,-0.01690427849082561
20,2.5,0.01,0.1,0.03,12,False,0.001,0,-24.87810906081012,,5,,,-24.87810906081012,20,0.2,-0.017280534447614355
20,2.5,0.01,0.1,0.03,12,False,0.002,0,-27.09741952477392,,5,,,-27.09741952477392,20,0.2,-0.01852014568789603
20,2.5,0.01,0.1,0.03,12,False,0.003,0,-29.385632570244333,,5,,,-29.385632570244333,20,0.2,-0.01975873627797279
20,2.5,0.01,0.1,0.03,12,True,0.001,0,-34.580041925801744,,5,,,-34.580041925801744,20,0.2,-0.019420051485111466
20,2.5,0.01,0.1,0.03,12,True,0.002,0,-37.53990833559415,,5,,,-37.53990833559415,20,0.2,-0.020655387950063074
20,2.5,0.01,0.1,0.03,12,True,0.003,0,-40.6181186099319,,5,,,-40.6181186099319,20,0.2,-0.02188971228454136
20,2.5,0.01,0.1,0.03,24,False,0.001,0,-15.691872517157007,,5,,,-15.691872517157007,20,0.15,-0.015435904536606638
20,2.5,0.01,0.1,0.03,24,False,0.002,0,-17.04482407999356,,5,,,-17.04482407999356,20,0.15,-0.016582685155466906
20,2.5,0.01,0.1,0.03,24,False,0.003,0,-18.42672541665608,,5,,,-18.42672541665608,20,0.15,-0.01772882346118541
20,2.5,0.01,0.1,0.03,24,True,0.001,0,-32.975229915840536,,5,,,-32.975229915840536,20,0.2,-0.019831440123513826
20,2.5,0.01,0.1,0.03,24,True,0.002,0,-35.60308014645624,,5,,,-35.60308014645624,20,0.2,-0.02101769652532652
20,2.5,0.01,0.1,0.03,24,True,0.003,0,-38.327060214349835,,5,,,-38.327060214349835,20,0.2,-0.02220313527611412
20,2.5,0.01,0.1,0.03,48,False,0.001,0,-18.44743129435132,,5,,,-18.44743129435132,20,0.1,-0.01847449999999995
20,2.5,0.01,0.1,0.03,48,False,0.002,0,-19.448468694483747,,5,,,-19.448468694483747,20,0.1,-0.019457499999999937
20,2.5,0.01,0.1,0.03,48,False,0.003,0,-20.451515201238106,,5,,,-20.451515201238106,20,0.1,-0.020440499999999952
20,2.5,0.01,0.1,0.03,48,True,0.001,0,-32.975229915840536,,5,,,-32.975229915840536,20,0.2,-0.019831440123513826
20,2.5,0.01,0.1,0.03,48,True,0.002,0,-35.60308014645624,,5,,,-35.60308014645624,20,0.2,-0.02101769652532652
20,2.5,0.01,0.1,0.03,48,True,0.003,0,-38.327060214349835,,5,,,-38.327060214349835,20,0.2,-0.02220313527611412
20,2.5,0.01,0.15,0.02,12,False,0.001,0,-29.58496998458949,,5,,,-29.58496998458949,20,0.15,-0.01360428774792027
20,2.5,0.01,0.15,0.02,12,False,0.002,0,-32.86913843323391,,5,,,-32.86913843323391,20,0.15,-0.01479502595948117
20,2.5,0.01,0.15,0.02,12,False,0.003,0,-38.0812162837866,,5,,,-38.0812162837866,20,0.15,-0.016749093685385835
20,2.5,0.01,0.15,0.02,12,True,0.001,0,-39.870081936694746,,5,,,-39.870081936694746,20,0.15,-0.014712865197384526
20,2.5,0.01,0.15,0.02,12,True,0.002,0,-44.31189366937255,,5,,,-44.31189366937255,20,0.15,-0.015901388460688698
20,2.5,0.01,0.15,0.02,12,True,0.003,0,-51.55302157892122,,5,,,-51.55302157892122,20,0.15,-0.01785324565278259
20,2.5,0.01,0.15,0.02,24,False,0.001,0,-17.479768280960172,,5,,,-17.479768280960172,20,0.1,-0.012329045127045857
20,2.5,0.01,0.15,0.02,24,False,0.002,0,-19.277431266839727,,5,,,-19.277431266839727,20,0.1,-0.013424820063511308
20,2.5,0.01,0.15,0.02,24,False,0.003,0,-21.12017360844397,,5,,,-21.12017360844397,20,0.1,-0.014520168941309194
20,2.5,0.01,0.15,0.02,24,True,0.001,0,-34.725055079774116,,5,,,-34.725055079774116,20,0.15,-0.014625003835786878
20,2.5,0.01,0.15,0.02,24,True,0.002,0,-38.31875336705189,,5,,,-38.31875336705189,20,0.15,-0.015764947035952145
20,2.5,0.01,0.15,0.02,24,True,0.003,0,-42.08127187616928,,5,,,-42.08127187616928,20,0.15,-0.01690427849082561
20,2.5,0.01,0.15,0.02,48,False,0.001,0,-13.645793117772891,,5,,,-13.645793117772891,20,0.05,-0.012982749999999982
20,2.5,0.01,0.15,0.02,48,False,0.002,0,-14.69949846489521,,5,,,-14.69949846489521,20,0.05,-0.013971249999999949
20,2.5,0.01,0.15,0.02,48,False,0.003,0,-15.755318624498456,,5,,,-15.755318624498456,20,0.05,-0.014959749999999997
20,2.5,0.01,0.15,0.02,48,True,0.001,0,-34.725055079774116,,5,,,-34.725055079774116,20,0.15,-0.014625003835786878
20,2.5,0.01,0.15,0.02,48,True,0.002,0,-38.31875336705189,,5,,,-38.31875336705189,20,0.15,-0.015764947035952145
20,2.5,0.01,0.15,0.02,48,True,0.003,0,-42.08127187616928,,5,,,-42.08127187616928,20,0.15,-0.01690427849082561
20,2.5,0.01,0.15,0.03,12,False,0.001,0,-24.87810906081012,,5,,,-24.87810906081012,20,0.2,-0.017280534447614355
20,2.5,0.01,0.15,0.03,12,False,0.002,0,-27.09741952477392,,5,,,-27.09741952477392,20,0.2,-0.01852014568789603
20,2.5,0.01,0.15,0.03,12,False,0.003,0,-29.385632570244333,,5,,,-29.385632570244333,20,0.2,-0.01975873627797279
20,2.5,0.01,0.15,0.03,12,True,0.001,0,-34.580041925801744,,5,,,-34.580041925801744,20,0.2,-0.019420051485111466
20,2.5,0.01,0.15,0.03,12,True,0.002,0,-37.53990833559415,,5,,,-37.53990833559415,20,0.2,-0.020655387950063074
20,2.5,0.01,0.15,0.03,12,True,0.003,0,-40.6181186099319,,5,,,-40.6181186099319,20,0.2,-0.02188971228454136
20,2.5,0.01,0.15,0.03,24,False,0.001,0,-15.691872517157007,,5,,,-15.691872517157007,20,0.15,-0.015435904536606638
20,2.5,0.01,0.15,0.03,24,False,0.002,0,-17.04482407999356,,5,,,-17.04482407999356,20,0.15,-0.016582685155466906
20,2.5,0.01,0.15,0.03,24,False,0.003,0,-18.42672541665608,,5,,,-18.42672541665608,20,0.15,-0.01772882346118541
20,2.5,0.01,0.15,0.03,24,True,0.001,0,-32.975229915840536,,5,,,-32.975229915840536,20,0.2,-0.019831440123513826
20,2.5,0.01,0.15,0.03,24,True,0.002,0,-35.60308014645624,,5,,,-35.60308014645624,20,0.2,-0.02101769652532652
20,2.5,0.01,0.15,0.03,24,True,0.003,0,-38.327060214349835,,5,,,-38.327060214349835,20,0.2,-0.02220313527611412
20,2.5,0.01,0.15,0.03,48,False,0.001,0,-16.30514104675068,,5,,,-16.30514104675068,20,0.1,-0.017974184480979916
20,2.5,0.01,0.15,0.03,48,False,0.002,0,-17.300213629771246,,5,,,-17.300213629771246,20,0.1,-0.019010422270744894
20,2.5,0.01,0.15,0.03,48,False,0.003,0,-18.30086477874019,,5,,,-18.30086477874019,20,0.1,-0.020046449322513343
20,2.5,0.01,0.15,0.03,48,True,0.001,0,-32.975229915840536,,5,,,-32.975229915840536,20,0.2,-0.019831440123513826
20,2.5,0.01,0.15,0.03,48,True,0.002,0,-35.60308014645624,,5,,,-35.60308014645624,20,0.2,-0.02101769652532652
20,2.5,0.01,0.15,0.03,48,True,0.003,0,-38.327060214349835,,5,,,-38.327060214349835,20,0.2,-0.02220313527611412
25,2.0,0.0,0.05,0.02,12,False,0.001,0,-12.408228492044564,-16.24898872319956,50,0.28,-0.008893215199628778,-8.567468260889571,62,0.27419354838709675,-0.005707597015421658
25,2.0,0.0,0.05,0.02,12,False,0.002,0,-17.431265465592308,-22.41839305477403,50,0.22,-0.011949358575362123,-12.444137876410586,63,0.25396825396825395,-0.007900906655420639
25,2.0,0.0,0.05,0.02,12,False,0.003,0,-21.88077271942029,-26.608882432591564,51,0.17647058823529413,-0.013971930491710706,-17.152663006249014,63,0.23809523809523808,-0.01042087305229011
25,2.0,0.0,0.05,0.02,12,True,0.001,0,-11.67540565213987,-13.281266516288902,51,0.3137254901960784,-0.007199067830431521,-10.06954478799084,62,0.2903225806451613,-0.006229873888825639
25,2.0,0.0,0.05,0.02,12,True,0.002,0,-17.744120410321223,-20.887789872610863,51,0.2549019607843137,-0.010769000044319207,-14.600450948031584,63,0.2698412698412698,-0.00849567860561959
25,2.0,0.0,0.05,0.02,12,True,0.003,0,-22.82963317170269,-25.39020879093476,52,0.21153846153846154,-0.012873133727204996,-20.269057552470617,63,0.25396825396825395,-0.011096105310641535
25,2.0,0.0,0.05,0.02,24,False,0.001,0,-10.001476499602258,-11.88623288333797,48,0.20833333333333334,-0.008093887608930287,-8.11672011586655,61,0.22950819672131148,-0.0059864080899237745
25,2.0,0.0,0.05,0.02,24,False,0.002,0,-17.334822065010414,-23.1291021847576,48,0.14583333333333334,-0.013362761985098984,-11.540541945263229,62,0.20967741935483872,-0.008192541651961486
25,2.0,0.0,0.05,0.02,24,False,0.003,0,-21.529797767959817,-27.987055766018003,50,0.12,-0.015539813873587936,-15.07253976990163,62,0.1935483870967742,-0.010344047481951153
25,2.0,0.0,0.05,0.02,24,True,0.001,0,-10.99823237596485,-12.24226061994591,49,0.30612244897959184,-0.0071932712649189125,-9.754204131983789,62,0.2903225806451613,-0.006249680321856318
25,2.0,0.0,0.05,0.02,24,True,0.002,0,-17.766980540981088,-21.25164965951779,49,0.24489795918367346,-0.011370441008877942,-14.28231142244439,63,0.2698412698412698,-0.008626726120714119
25,2.0,0.0,0.05,0.02,24,True,0.003,0,-23.558687171699933,-27.86525838516796,51,0.19607843137254902,-0.014231102359068258,-19.252115958231908,63,0.25396825396825395,-0.010953412721629498
25,2.0,0.0,0.05,0.02,48,False,0.001,0,-8.805210198527817,-9.463800820887286,48,0.20833333333333334,-0.006908541666666635,-8.146619576168348,59,0.22033898305084745,-0.006069406779660969
25,2.0,0.0,0.05,0.02,48,False,0.002,0,-15.584333527147901,-19.35575988841556,48,0.14583333333333334,-0.012267187499999943,-11.812907165880246,60,0.2,-0.008484999999999956
25,2.0,0.0,0.05,0.02,48,False,0.003,0,-20.581921080422692,-25.833083232703878,50,0.12,-0.01505939999999995,-15.330758928141506,60,0.18333333333333332,-0.010641583333333284
25,2.0,0.0,0.05,0.02,48,True,0.001,0,-10.99823237596485,-12.24226061994591,49,0.30612244897959184,-0.0071932712649189125,-9.754204131983789,62,0.2903225806451613,-0.006249680321856318
25,2.0,0.0,0.05,0.02,48,True,0.002,0,-17.389606619833124,-21.25164965951779,49,0.24489795918367346,-0.011370441008877942,-13.527563580148463,63,0.2857142857142857,-0.008228316143958869
25,2.0,0.0,0.05,0.02,48,True,0.003,0,-23.134072555789437,-27.86525838516796,51,0.19607843137254902,-0.014231102359068258,-18.402886726410912,63,0.2698412698412698,-0.010555798775762142
25,2.0,0.0,0.05,0.03,12,False,0.001,0,-9.619892433561168,-11.795199635194935,48,0.375,-0.008647343003175755,-7.4445852319274,57,0.3684210526315789,-0.00606172362923944
25,2.0,0.0,0.05,0.03,12,False,0.002,0,-12.869745339466936,-16.69521393007195,48,0.3541666666666667,-0.011658949389463371,-9.044276748861922,57,0.3684210526315789,-0.007322484573889899
25,2.0,0.0,0.05,0.03,12,False,0.003,0,-16.30758888846495,-21.699864838721485,48,0.2916666666666667,-0.014685341747648894,-10.915312938208412,57,0.3684210526315789,-0.00882746889176557
25,2.0,0.0,0.05,0.03,12,True,0.001,0,-10.631373167479149,-9.789281550391673,49,0.40816326530612246,-0.0068632364309088615,-11.473464784566625,57,0.3684210526315789,-0.008386639983380819
25,2.0,0.0,0.05,0.03,12,True,0.002,0,-14.184065978901533,-14.380361760734791,49,0.3877551020408163,-0.009729404492421554,-13.987770197068274,57,0.3684210526315789,-0.009961394439040268
25,2.0,0.0,0.05,0.03,12,True,0.003,0,-17.958689923421762,-19.499008311853625,49,0.32653061224489793,-0.01279878426777919,-16.418371534989898,57,0.3684210526315789,-0.011589154048677676
25,2.0,0.0,0.05,0.03,24,False,0.001,0,-6.160358991461991,-5.930518984450684,46,0.34782608695652173,-0.005302194422329948,-6.3901989984732985,55,0.32727272727272727,-0.005854098547158615
25,2.0,0.0,0.05,0.03,24,False,0.002,0,-9.5614213165521,-11.914971993385718,46,0.30434782608695654,-0.010162348146389163,-7.207870639718479,56,0.32142857142857145,-0.006686831370217979
25,2.0,0.0,0.05,0.03,24,False,0.003,0,-11.738059342905967,-14.667631533910404,46,0.2826086956521739,-0.012411606805271572,-8.808487151901529,56,0.32142857142857145,-0.008066775835188549
25,2.0,0.0,0.05,0.03,24,True,0.001,0,-8.83770930634646,-7.8961080930662755,48,0.4375,-0.0061220641480921505,-9.779310519626643,57,0.40350877192982454,-0.007629112598734708
25,2.0,0.0,0.05,0.03,24,True,0.002,0,-13.283565375738888,-14.559251523049108,48,0.3958333333333333,-0.010588496870799782,-12.007879228428669,57,0.40350877192982454,-0.00915318608757663
25,2.0,0.0,0.05,0.03,24,True,0.003,0,-15.929639461780852,-17.930641488169,48,0.375,-0.012849154649308756,-13.928637435392702,57,0.38596491228070173,-0.010485186644849032
25,2.0,0.0,0.05,0.03,48,False,0.001,0,-7.736880633796261,-6.311095280849309,44,0.3181818181818182,-0.006038636363636322,-9.162665986743212,53,0.2830188679245283,-0.008446975626568563
25,2.0,0.0,0.05,0.03,48,False,0.002,0,-9.745123326170653,-11.664679559195825,44,0.2727272727272727,-0.010661363636363613,-7.82556709314548,55,0.3090909090909091,-0.007391950520675969
25,2.0,0.0,0.05,0.03,48,False,0.003,0,-10.834448588391599,-12.762630039760024,44,0.2727272727272727,-0.011653181818181783,-8.906267137023175,55,0.3090909090909091,-0.008404925594910446
25,2.0,0.0,0.05,0.03,48,True,0.001,0,-8.83770930634646,-7.8961080930662755,48,0.4375,-0.0061220641480921505,-9.779310519626643,57,0.40350877192982454,-0.007629112598734708
25,2.0,0.0,0.05,0.03,48,True,0.002,0,-13.283565375738888,-14.559251523049108,48,0.3958333333333333,-0.010588496870799782,-12.007879228428669,57,0.40350877192982454,-0.00915318608757663
25,2.0,0.0,0.05,0.03,48,True,0.003,0,-15.929639461780852,-17.930641488169,48,0.375,-0.012849154649308756,-13.928637435392702,57,0.38596491228070173,-0.010485186644849032
25,2.0,0.0,0.08,0.02,12,False,0.001,0,-10.14038374508371,-9.75246818464543,50,0.28,-0.006832713503425165,-10.52829930552199,61,0.2459016393442623,-0.007105645275160779
25,2.0,0.0,0.08,0.02,12,False,0.002,0,-13.399926167977469,-14.326293784274757,50,0.22,-0.009912078020488867,-12.473558551680183,62,0.24193548387096775,-0.00825204833893314
25,2.0,0.0,0.08,0.02,12,False,0.003,0,-16.43414187173589,-17.556432474237997,51,0.17647058823529413,-0.011997279550619275,-15.311851269233777,63,0.23809523809523808,-0.009971914612929669
25,2.0,0.0,0.08,0.02,12,True,0.001,0,-11.406549599447814,-9.25058618218947,51,0.3137254901960784,-0.005924302170021485,-13.56251301670616,61,0.26229508196721313,-0.008043632365173282
25,2.0,0.0,0.08,0.02,12,True,0.002,0,-15.660019540138606,-15.345191283599632,51,0.2549019607843137,-0.009516096325711649,-15.97484779667758,62,0.25806451612903225,-0.009223455292315929
25,2.0,0.0,0.08,0.02,12,True,0.003,0,-19.26659365695449,-19.08837070125638,52,0.21153846153846154,-0.011665685153131896,-19.444816612652602,63,0.25396825396825395,-0.010975485923904968
25,2.0,0.0,0.08,0.02,24,False,0.001,0,-7.652755858040055,-4.729240829483871,48,0.20833333333333334,-0.0042585144879322065,-10.57627088659624,59,0.1694915254237288,-0.008521358902910054
25,2.0,0.0,0.08,0.02,24,False,0.002,0,-12.735981109711966,-13.36592187709917,48,0.14583333333333334,-0.010476667440318879,-12.106040342324762,60,0.16666666666666666,-0.009628159483016697
25,2.0,0.0,0.08,0.02,24,False,0.003,0,-15.529638667880125,-16.805053040717517,50,0.12,-0.012793169178859849,-14.254224295042732,62,0.16129032258064516,-0.011132728024930635
25,2.0,0.0,0.08,0.02,24,True,0.001,0,-10.837131847053442,-8.591310505889771,49,0.30612244897959184,-0.00586647435306357,-13.082953188217115,61,0.26229508196721313,-0.008063763493827416
25,2.0,0.0,0.08,0.02,24,True,0.002,0,-15.650416244597205,-15.704462962286408,49,0.24489795918367346,-0.01006639836298028,-15.596369526908001,62,0.25806451612903225,-0.009356616477008757
25,2.0,0.0,0.08,0.02,24,True,0.003,0,-19.774390006758203,-21.040810936269935,51,0.19607843137254902,-0.012999978322758432,-18.507969077246475,63,0.25396825396825395,-0.01083279333489293
25,2.0,0.0,0.08,0.02,48,False,0.001,0,-8.646808409716755,-4.98086816982594,47,0.19148936170212766,-0.004614236936356117,-12.312748649607569,55,0.12727272727272726,-0.009906086037007962
25,2.0,0.0,0.08,0.02,48,False,0.002,0,-13.08215831348248,-12.211561154610164,47,0.14893617021276595,-0.009899270564220986,-13.952755472354797,56,0.125,-0.011122028594827709
25,2.0,0.0,0.08,0.02,48,False,0.003,0,-16.03794836284239,-16.10345389944042,49,0.12244897959183673,-0.01255712794390754,-15.972442826244357,58,0.1206896551724138,-0.012521007362056333
25,2.0,0.0,0.08,0.02,48,True,0.001,0,-10.837131847053442,-8.591310505889771,49,0.30612244897959184,-0.00586647435306357,-13.082953188217115,61,0.26229508196721313,-0.008063763493827416
25,2.0,0.0,0.08,0.02,48,True,0.002,0,-15.255409230402947,-15.704462962286408,49,0.24489795918367346,-0.01006639836298028,-14.806355498519483,62,0.27419354838709675,-0.008951780532886486
25,2.0,0.0,0.08,0.02,48,True,0.003,0,-19.367220829596526,-21.040810936269935,51,0.19607843137254902,-0.012999978322758432,-17.693630722923118,63,0.2698412698412698,-0.010435179389025573
25,2.0,0.0,0.08,0.03,12,False,0.001,0,-6.978322532099364,-6.597952506609123,48,0.375,-0.005876924569630325,-7.358692557589606,56,0.35714285714285715,-0.006322217299268985
25,2.0,0.0,0.08,0.03,12,False,0.002,0,-10.268246887215243,-11.48555007918862,48,0.3541666666666667,-0.00953678214480373,-9.050943695241866,56,0.35714285714285715,-0.007698505156642589
25,2.0,0.0,0.08,0.03,12,False,0.003,0,-13.242482455927346,-15.458652165387113,48,0.2916666666666667,-0.01258727512273925,-11.02631274646758,56,0.35714285714285715,-0.009322933759700223
25,2.0,0.0,0.08,0.03,12,True,0.001,0,-9.644429901375405,-7.0772136510206325,49,0.40816326530612246,-0.005536439519053519,-12.211646151730179,56,0.35714285714285715,-0.009005731470538883
25,2.0,0.0,0.08,0.03,12,True,0.002,0,-12.7306679215326,-11.067563921903073,49,0.3877551020408163,-0.008425361846523892,-14.393771921162127,56,0.35714285714285715,-0.010434226219704013
25,2.0,0.0,0.08,0.03,12,True,0.003,0,-16.195310016743605,-15.470993359361948,49,0.32653061224489793,-0.011517410270803654,-16.919626674125258,56,0.35714285714285715,-0.012110642354244933
25,2.0,0.0,0.08,0.03,24,False,0.001,0,-2.568615921785609,-0.6467305438486172,46,0.34782608695652173,-0.0007087604468045431,-4.490501299722601,53,0.3018867924528302,-0.004792694017047654
25,2.0,0.0,0.08,0.03,24,False,0.002,0,-6.335363770269799,-5.838392486223093,46,0.30434782608695654,-0.006118345261070699,-6.832335054316505,54,0.2777777777777778,-0.00723312671646674
25,2.0,0.0,0.08,0.03,24,False,0.003,0,-8.057185874467118,-8.1244899423647,46,0.2826086956521739,-0.008463113239882105,-7.989881806569534,54,0.2777777777777778,-0.00841767738482266
25,2.0,0.0,0.08,0.03,24,True,0.001,0,-8.145211455996751,-5.973026198981055,48,0.4375,-0.005021800074739341,-10.31739671301245,56,0.39285714285714285,-0.008161682222048596
25,2.0,0.0,0.08,0.03,24,True,0.002,0,-11.86206779999998,-11.440806851911463,48,0.3958333333333333,-0.009257286669779251,-12.2833287480885,56,0.39285714285714285,-0.009557393314803401
25,2.0,0.0,0.08,0.03,24,True,0.003,0,-14.372121754158007,-14.431694664486516,48,0.375,-0.011541085360729569,-14.312548843829498,56,0.375,-0.01095149647029586
25,2.0,0.0,0.08,0.03,48,False,0.001,0,-5.026242647603787,-2.6848450542948976,42,0.2857142857142857,-0.003178049603607392,-7.367640240912677,49,0.24489795918367346,-0.008052010388702022
25,2.0,0.0,0.08,0.03,48,False,0.002,0,-8.171731251905445,-8.677913446043563,42,0.23809523809523808,-0.009475033502940497,-7.665549057767328,49,0.2653061224489796,-0.008346628804450609
25,2.0,0.0,0.08,0.03,48,False,0.003,0,-9.184528303275155,-9.68096968024328,42,0.23809523809523808,-0.010541484940946675,-8.68808692630703,49,0.2653061224489796,-0.009442963863642838
25,2.0,0.0,0.08,0.03,48,True,0.001,0,-8.145211455996751,-5.973026198981055,48,0.4375,-0.005021800074739341,-10.31739671301245,56,0.39285714285714285,-0.008161682222048596
25,2.0,0.0,0.08,0.03,48,True,0.002,0,-11.86206779999998,-11.440806851911463,48,0.3958333333333333,-0.009257286669779251,-12.2833287480885,56,0.39285714285714285,-0.009557393314803401
25,2.0,0.0,0.08,0.03,48,True,0.003,0,-14.372121754158007,-14.431694664486516,48,0.375,-0.011541085360729569,-14.312548843829498,56,0.375,-0.01095149647029586
25,2.0,0.0,0.1,0.02,12,False,0.001,0,-9.63549461323494,-10.012585189336539,50,0.28,-0.007132625674946884,-9.258404037133339,61,0.2459016393442623,-0.006635519522099647
25,2.0,0.0,0.1,0.02,12,False,0.002,0,-12.843466905147096,-14.564197796208074,50,0.22,-0.01023208722399943,-11.122736014086117,62,0.24193548387096775,-0.007807440928267215
25,2.0,0.0,0.1,0.02,12,False,0.003,0,-15.815412880625228,-17.79343917454496,51,0.17647058823529413,-0.012330637125831196,-13.837386586705495,63,0.23809523809523808,-0.009551946726298784
25,2.0,0.0,0.1,0.02,12,True,0.001,0,-14.924766586553538,-16.287020156400917,51,0.3137254901960784,-0.008069665151992889,-13.56251301670616,61,0.26229508196721313,-0.008043632365173282
25,2.0,0.0,0.1,0.02,12,True,0.002,0,-20.719392971055704,-25.463938145433833,51,0.2549019607843137,-0.011699314556662612,-15.97484779667758,62,0.25806451612903225,-0.009223455292315929
25,2.0,0.0,0.1,0.02,12,True,0.003,0,-25.249918625056665,-31.055020637460732,52,0.21153846153846154,-0.013843888898814848,-19.444816612652602,63,0.25396825396825395,-0.010975485923904968
25,2.0,0.0,0.1,0.02,24,False,0.001,0,-6.837414028390203,-4.861428700935341,48,0.1875,-0.004674556154598875,-8.813399355845066,59,0.1694915254237288,-0.00768049237780138
25,2.0,0.0,0.1,0.02,24,False,0.002,0,-12.049372842346116,-13.804770813473686,48,0.125,-0.011307917440318874,-10.293974871218548,60,0.16666666666666666,-0.008837784894705119
25,2.0,0.0,0.1,0.02,24,False,0.003,0,-14.72752030891799,-17.09028559836878,50,0.1,-0.013590369178859852,-12.3647550194672,62,0.16129032258064516,-0.010403012331390285
25,2.0,0.0,0.1,0.02,24,True,0.001,0,-15.01017393781331,-16.937394687409505,49,0.2857142857142857,-0.009016023404174905,-13.082953188217115,61,0.26229508196721313,-0.008063763493827416
25,2.0,0.0,0.1,0.02,24,True,0.002,0,-22.1013723709037,-28.606375214899398,49,0.22448979591836735,-0.013233616109979694,-15.596369526908001,62,0.25806451612903225,-0.009356616477008757
25,2.0,0.0,0.1,0.02,24,True,0.003,0,-27.950652003606095,-37.39333492996571,51,0.17647058823529413,-0.01605988731177227,-18.507969077246475,63,0.25396825396825395,-0.01083279333489293
25,2.0,0.0,0.1,0.02,48,False,0.001,0,-8.603634687006474,-6.070158645311084,46,0.17391304347826086,-0.005901941689654701,-11.137110728701865,55,0.10909090909090909,-0.009906086037007966
25,2.0,0.0,0.1,0.02,48,False,0.002,0,-12.191751668973488,-11.761260540956002,47,0.1276595744680851,-0.010323738649327369,-12.622242796990975,56,0.10714285714285714,-0.011122028594827712
25,2.0,0.0,0.1,0.02,48,False,0.003,0,-14.889243921697133,-15.324327223144255,49,0.10204081632653061,-0.012963862637785092,-14.45416062025001,58,0.10344827586206896,-0.012521007362056339
25,2.0,0.0,0.1,0.02,48,True,0.001,0,-15.01017393781331,-16.937394687409505,49,0.2857142857142857,-0.009016023404174905,-13.082953188217115,61,0.26229508196721313,-0.008063763493827416
25,2.0,0.0,0.1,0.02,48,True,0.002,0,-21.70636535670944,-28.606375214899398,49,0.22448979591836735,-0.013233616109979694,-14.806355498519483,62,0.27419354838709675,-0.008951780532886486
25,2.0,0.0,0.1,0.02,48,True,0.003,0,-27.543482826444414,-37.39333492996571,51,0.17647058823529413,-0.01605988731177227,-17.693630722923118,63,0.2698412698412698,-0.010435179389025573
25,2.0,0.0,0.1,0.03,12,False,0.001,0,-7.104886672053,-7.487143624594883,48,0.375,-0.0065792375128560605,-6.722629719511119,56,0.35714285714285715,-0.00595749258119821
25,2.0,0.0,0.1,0.03,12,False,0.002,0,-10.087688043008175,-11.754250425251069,48,0.3541666666666667,-0.009870125065127234,-8.421125660765282,56,0.35714285714285715,-0.007372532852790304
25,2.0,0.0,0.1,0.03,12,False,0.003,0,-13.068790854657134,-15.730714108003971,48,0.2916666666666667,-0.012941467546401917,-10.406867601310296,56,0.35714285714285715,-0.009035560473554336
25,2.0,0.0,0.1,0.03,12,True,0.001,0,-11.95146936473093,-11.69129257773168,49,0.40816326530612246,-0.007769368337023755,-12.211646151730179,56,0.35714285714285715,-0.009005731470538883
25,2.0,0.0,0.1,0.03,12,True,0.002,0,-15.631902862674163,-16.8700338041862,49,0.3877551020408163,-0.010697691025676935,-14.393771921162127,56,0.35714285714285715,-0.010434226219704013
25,2.0,0.0,0.1,0.03,12,True,0.003,0,-19.84270976275348,-22.765792851381697,49,0.32653061224489793,-0.013828973429487603,-16.919626674125258,56,0.35714285714285715,-0.012110642354244933
25,2.0,0.0,0.1,0.03,24,False,0.001,0,-1.7638465583872143,-0.48455671855248766,45,0.3333333333333333,-0.0005529685453069686,-3.043136398221941,53,0.3018867924528302,-0.003474570556285553
25,2.0,0.0,0.1,0.03,24,False,0.002,0,-5.491491092843342,-5.675657282530027,45,0.28888888888888886,-0.006287998335575109,-5.307324903156656,54,0.2777777777777778,-0.0060002244573806466
25,2.0,0.0,0.1,0.03,24,False,0.003,0,-7.173914167174905,-7.896164580180878,45,0.26666666666666666,-0.008686745663332145,-6.451663754168933,54,0.2777777777777778,-0.007245348806038575
25,2.0,0.0,0.1,0.03,24,True,0.001,0,-10.349840412598034,-10.38228411218362,47,0.425531914893617,-0.007518654963425006,-10.31739671301245,56,0.39285714285714285,-0.008161682222048596
25,2.0,0.0,0.1,0.03,24,True,0.002,0,-15.14111855531217,-17.99890836253584,47,0.3829787234042553,-0.012278583611752663,-12.2833287480885,56,0.39285714285714285,-0.009557393314803401
25,2.0,0.0,0.1,0.03,24,True,0.003,0,-18.118303618060956,-21.924058392292412,47,0.3617021276595745,-0.014608456505419675,-14.312548843829498,56,0.375,-0.01095149647029586
25,2.0,0.0,0.1,0.03,48,False,0.001,0,-5.383331762342156,-4.097629393466744,40,0.275,-0.004925076336771107,-6.669034131217568,47,0.23404255319148937,-0.007919453676339429
25,2.0,0.0,0.1,0.03,48,False,0.002,0,-7.92589168354785,-10.346290535125023,40,0.225,-0.011376849149844362,-5.5054928319706775,48,0.25,-0.006805933571210006
25,2.0,0.0,0.1,0.03,48,False,0.003,0,-8.908141795488635,-11.410930321620523,40,0.2,-0.012496398657782421,-6.405353269356748,48,0.25,-0.00790594227746874
25,2.0,0.0,0.1,0.03,48,True,0.001,0,-10.611134949344287,-10.904873185676122,47,0.425531914893617,-0.0079554107891903,-10.31739671301245,56,0.39285714285714285,-0.008161682222048596
25,2.0,0.0,0.1,0.03,48,True,0.002,0,-15.14111855531217,-17.99890836253584,47,0.3829787234042553,-0.012278583611752663,-12.2833287480885,56,0.39285714285714285,-0.009557393314803401
25,2.0,0.0,0.1,0.03,48,True,0.003,0,-18.118303618060956,-21.924058392292412,47,0.3617021276595745,-0.014608456505419675,-14.312548843829498,56,0.375,-0.01095149647029586
25,2.0,0.0,0.15,0.02,12,False,0.001,0,-7.904260781996825,-8.3443833091152,50,0.28,-0.006587027916708149,-7.464138254878451,61,0.2459016393442623,-0.005930525943252607
25,2.0,0.0,0.15,0.02,12,False,0.002,0,-10.810436178379,-12.449125270581584,50,0.22,-0.009708474837100974,-9.171747086176415,62,0.24193548387096775,-0.007132857525384295
25,2.0,0.0,0.15,0.02,12,False,0.003,0,-13.529781706274246,-15.402530906291606,51,0.17647058823529413,-0.011838761943034402,-11.657032506256884,63,0.23809523809523808,-0.008906735954630698
25,2.0,0.0,0.15,0.02,12,True,0.001,0,-14.924766586553538,-16.287020156400917,51,0.3137254901960784,-0.008069665151992889,-13.56251301670616,61,0.26229508196721313,-0.008043632365173282
25,2.0,0.0,0.15,0.02,12,True,0.002,0,-20.719392971055704,-25.463938145433833,51,0.2549019607843137,-0.011699314556662612,-15.97484779667758,62,0.25806451612903225,-0.009223455292315929
25,2.0,0.0,0.15,0.02,12,True,0.003,0,-25.249918625056665,-31.055020637460732,52,0.21153846153846154,-0.013843888898814848,-19.444816612652602,63,0.25396825396825395,-0.010975485923904968
25,2.0,0.0,0.15,0.02,24,False,0.001,0,-4.2490860696135755,-2.0916003969378103,48,0.1875,-0.00238825412176369,-6.40657174228934,59,0.1694915254237288,-0.0064059644695334105
25,2.0,0.0,0.15,0.02,24,False,0.002,0,-8.198391181446187,-8.682050885210145,48,0.125,-0.008986047691728734,-7.714731477682227,60,0.16666666666666666,-0.007603586736255098
25,2.0,0.0,0.15,0.02,24,False,0.003,0,-10.422490785844925,-11.293839122799469,50,0.1,-0.011385688283815056,-9.551142448890381,62,0.16129032258064516,-0.009227029944681733
25,2.0,0.0,0.15,0.02,24,True,0.001,0,-15.01017393781331,-16.937394687409505,49,0.2857142857142857,-0.009016023404174905,-13.082953188217115,61,0.26229508196721313,-0.008063763493827416
25,2.0,0.0,0.15,0.02,24,True,0.002,0,-22.1013723709037,-28.606375214899398,49,0.22448979591836735,-0.013233616109979694,-15.596369526908001,62,0.25806451612903225,-0.009356616477008757
25,2.0,0.0,0.15,0.02,24,True,0.003,0,-27.950652003606095,-37.39333492996571,51,0.17647058823529413,-0.01605988731177227,-18.507969077246475,63,0.25396825396825395,-0.01083279333489293
25,2.0,0.0,0.15,0.02,48,False,0.001,0,-3.530370439742357,-0.9322512784999107,44,0.18181818181818182,-0.0012065536785400316,-6.128489600984803,55,0.10909090909090909,-0.007078641047057188
25,2.0,0.0,0.15,0.02,48,False,0.002,0,-6.730519557993889,-6.145566223992372,45,0.13333333333333333,-0.007021685433904596,-7.315472891995405,56,0.10714285714285714,-0.008366613348029545
25,2.0,0.0,0.15,0.02,48,False,0.003,0,-8.859952808104067,-8.926689347106311,47,0.10638297872340426,-0.009898323488019268,-8.793216269101823,58,0.10344827586206896,-0.009881330966483347
25,2.0,0.0,0.15,0.02,48,True,0.001,0,-15.01017393781331,-16.937394687409505,49,0.2857142857142857,-0.009016023404174905,-13.082953188217115,61,0.26229508196721313,-0.008063763493827416
25,2.0,0.0,0.15,0.02,48,True,0.002,0,-21.70636535670944,-28.606375214899398,49,0.22448979591836735,-0.013233616109979694,-14.806355498519483,62,0.27419354838709675,-0.008951780532886486
25,2.0,0.0,0.15,0.02,48,True,0.003,0,-27.543482826444414,-37.39333492996571,51,0.17647058823529413,-0.01605988731177227,-17.693630722923118,63,0.2698412698412698,-0.010435179389025573
25,2.0,0.0,0.15,0.03,12,False,0.001,0,-5.897734830805623,-6.363482410099388,48,0.375,-0.00601090651469071,-5.431987251511858,56,0.35714285714285715,-0.005189553147096969
25,2.0,0.0,0.15,0.03,12,False,0.002,0,-8.646924894016522,-10.271102389909741,48,0.3541666666666667,-0.009324695495441343,-7.0227473981233,56,0.35714285714285715,-0.006625672656741357
25,2.0,0.0,0.15,0.03,12,False,0.003,0,-11.409819527205547,-13.931026261940346,48,0.2916666666666667,-0.012418850164680325,-8.888612792470749,56,0.35714285714285715,-0.008309698355427744
25,2.0,0.0,0.15,0.03,12,True,0.001,0,-11.95146936473093,-11.69129257773168,49,0.40816326530612246,-0.007769368337023755,-12.211646151730179,56,0.35714285714285715,-0.009005731470538883
25,2.0,0.0,0.15,0.03,12,True,0.002,0,-15.631902862674163,-16.8700338041862,49,0.3877551020408163,-0.010697691025676935,-14.393771921162127,56,0.35714285714285715,-0.010434226219704013
25,2.0,0.0,0.15,0.03,12,True,0.003,0,-19.84270976275348,-22.765792851381697,49,0.32653061224489793,-0.013828973429487603,-16.919626674125258,56,0.35714285714285715,-0.012110642354244933
25,2.0,0.0,0.15,0.03,24,False,0.001,0,0.29983220624012347,1.449200162115995,45,0.3333333333333333,0.0018857536230505632,-0.849535749635748,53,0.3018867924528302,-0.0011137753376476308
25,2.0,0.0,0.15,0.03,24,False,0.002,0,-3.2717083201148123,-2.978258536475993,45,0.28888888888888886,-0.0038113372704122917,-3.5651581037536317,54,0.2777777777777778,-0.00445055313913711
25,2.0,0.0,0.15,0.03,24,False,0.003,0,-4.764090927885671,-4.8993933058806265,45,0.26666666666666666,-0.006237100224393484,-4.628788549890715,54,0.2777777777777778,-0.005737391377371809
25,2.0,0.0,0.15,0.03,24,True,0.001,0,-10.349840412598034,-10.38228411218362,47,0.425531914893617,-0.007518654963425006,-10.31739671301245,56,0.39285714285714285,-0.008161682222048596
25,2.0,0.0,0.15,0.03,24,True,0.002,0,-15.14111855531217,-17.99890836253584,47,0.3829787234042553,-0.012278583611752663,-12.2833287480885,56,0.39285714285714285,-0.009557393314803401
25,2.0,0.0,0.15,0.03,24,True,0.003,0,-18.118303618060956,-21.924058392292412,47,0.3617021276595745,-0.014608456505419675,-14.312548843829498,56,0.375,-0.01095149647029586
25,2.0,0.0,0.15,0.03,48,False,0.001,0,-3.1936541235178706,-2.63229526510386,38,0.2631578947368421,-0.0036411078316444466,-3.7550129819318814,47,0.23404255319148937,-0.005266544971506151
25,2.0,0.0,0.15,0.03,48,False,0.002,0,-3.6520688071686775,-5.136171975355602,38,0.23684210526315788,-0.006996949842134087,-2.167965638981753,48,0.25,-0.0032386826285735336
25,2.0,0.0,0.15,0.03,48,False,0.003,0,-4.48419875198986,-6.008935194622493,38,0.21052631578947367,-0.008155733710440339,-2.9594623093572263,48,0.25,-0.004408917197986937
25,2.0,0.0,0.15,0.03,48,True,0.001,0,-10.611134949344287,-10.904873185676122,47,0.425531914893617,-0.0079554107891903,-10.31739671301245,56,0.39285714285714285,-0.008161682222048596
25,2.0,0.0,0.15,0.03,48,True,0.002,0,-15.14111855531217,-17.99890836253584,47,0.3829787234042553,-0.012278583611752663,-12.2833287480885,56,0.39285714285714285,-0.009557393314803401
25,2.0,0.0,0.15,0.03,48,True,0.003,0,-18.118303618060956,-21.924058392292412,47,0.3617021276595745,-0.014608456505419675,-14.312548843829498,56,0.375,-0.01095149647029586
25,2.0,0.005,0.05,0.02,12,False,0.001,0,-14.770476603992552,-17.557043305611497,38,0.23684210526315788,-0.009891603056833247,-11.983909902373608,52,0.23076923076923078,-0.007512165718644838
25,2.0,0.005,0.05,0.02,12,False,0.002,0,-20.22166260572677,-24.795569526577154,38,0.15789473684210525,-0.01346696921944412,-15.64775568487639,52,0.21153846153846154,-0.009586469728674208
25,2.0,0.005,0.05,0.02,12,False,0.003,0,-23.737949559904088,-25.999867400540754,40,0.175,-0.014048125093446223,-21.476031719267418,52,0.19230769230769232,-0.012369210624570874
25,2.0,0.005,0.05,0.02,12,True,0.001,0,-15.909847691439289,-16.846855134846805,38,0.2631578947368421,-0.009179920521741824,-14.972840248031774,52,0.23076923076923078,-0.008557455460140462
25,2.0,0.005,0.05,0.02,12,True,0.002,0,-23.20454993947483,-26.73823770868309,38,0.18421052631578946,-0.013444376793317982,-19.67086217026657,52,0.21153846153846154,-0.010773355877857584
25,2.0,0.005,0.05,0.02,12,True,0.003,0,-27.728508910363175,-28.139247746049925,40,0.2,-0.014077101160766511,-27.317770074676424,52,0.19230769230769232,-0.013633931170225759
25,2.0,0.005,0.05,0.02,24,False,0.001,0,-10.216706096413914,-9.100247424960054,38,0.23684210526315788,-0.00643209194197795,-11.333164767867773,52,0.19230769230769232,-0.008028653846153797
25,2.0,0.005,0.05,0.02,24,False,0.002,0,-18.466256786628215,-24.184221325293123,38,0.13157894736842105,-0.013868395275925564,-12.748292247963304,52,0.19230769230769232,-0.009022115384615333
25,2.0,0.005,0.05,0.02,24,False,0.003,0,-21.36394655426833,-25.993392433936066,40,0.15,-0.014639882372272553,-16.734500674600593,52,0.17307692307692307,-0.01135701923076919
25,2.0,0.005,0.05,0.02,24,True,0.001,0,-13.478021744852569,-12.624622983159059,38,0.2894736842105263,-0.007469190186182526,-14.331420506546081,52,0.25,-0.008563175427657844
25,2.0,0.005,0.05,0.02,24,True,0.002,0,-22.357775825200484,-26.00548154279047,38,0.18421052631578946,-0.01336618444316362,-18.710070107610502,52,0.23076923076923078,-0.010741560100692871
25,2.0,0.005,0.05,0.02,24,True,0.003,0,-26.81725702125494,-28.429308953516156,40,0.2,-0.014264527314892982,-25.205205088993726,52,0.19230769230769232,-0.013270869480813623
25,2.0,0.005,0.05,0.02,48,False,0.001,0,-8.882967314854746,-6.432769861841719,38,0.23684210526315788,-0.0049159210526315365,-11.333164767867773,52,0.19230769230769232,-0.008028653846153797
25,2.0,0.005,0.05,0.02,48,False,0.002,0,-17.298655923082457,-21.849019598201608,38,0.13157894736842105,-0.013262499999999943,-12.748292247963304,52,0.19230769230769232,-0.009022115384615333
25,2.0,0.005,0.05,0.02,48,False,0.003,0,-18.488790080302202,-20.243079486003815,40,0.15,-0.012966749999999947,-16.734500674600593,52,0.17307692307692307,-0.01135701923076919
25,2.0,0.005,0.05,0.02,48,True,0.001,0,-13.478021744852569,-12.624622983159059,38,0.2894736842105263,-0.007469190186182526,-14.331420506546081,52,0.25,-0.008563175427657844
25,2.0,0.005,0.05,0.02,48,True,0.002,0,-22.357775825200484,-26.00548154279047,38,0.18421052631578946,-0.01336618444316362,-18.710070107610502,52,0.23076923076923078,-0.010741560100692871
25,2.0,0.005,0.05,0.02,48,True,0.003,0,-26.81725702125494,-28.429308953516156,40,0.2,-0.014264527314892982,-25.205205088993726,52,0.19230769230769232,-0.013270869480813623
25,2.0,0.005,0.05,0.03,12,False,0.001,0,-14.200806455842656,-15.560125408142312,36,0.3055555555555556,-0.011678640150557484,-12.841487503543,49,0.2857142857142857,-0.01032556361978635
25,2.0,0.005,0.05,0.03,12,False,0.002,0,-19.72106630678593,-22.449028054584613,37,0.2702702702702703,-0.015604502190421992,-16.99310455898725,49,0.2653061224489796,-0.013130630451858229
25,2.0,0.005,0.05,0.03,12,False,0.003,0,-23.46782389297513,-28.314919529122257,37,0.24324324324324326,-0.018625091888744498,-18.620728256828002,49,0.2653061224489796,-0.014304752599518472
25,2.0,0.005,0.05,0.03,12,True,0.001,0,-15.128922944155,-15.138655596985263,36,0.3333333333333333,-0.010907388267601915,-15.119190291324736,49,0.2857142857142857,-0.011434850692393953
25,2.0,0.005,0.05,0.03,12,True,0.002,0,-20.79807415314915,-21.632272950264987,37,0.2972972972972973,-0.014660042001759839,-19.963875356033316,49,0.2653061224489796,-0.014322987941417736
25,2.0,0.005,0.05,0.03,12,True,0.003,0,-24.866931095262615,-27.755335020999592,37,0.2702702702702703,-0.01773673251525635,-21.978527169525634,49,0.2653061224489796,-0.015579844113996657
25,2.0,0.005,0.05,0.03,24,False,0.001,0,-10.135630797574771,-9.35537161597738,36,0.3055555555555556,-0.008339707267868706,-10.915889979172164,49,0.2653061224489796,-0.009863331100406282
25,2.0,0.005,0.05,0.03,24,False,0.002,0,-16.06264545924741,-17.9092621569492,37,0.24324324324324326,-0.014652936993702893,-14.216028761545621,49,0.24489795918367346,-0.012503621441810012
25,2.0,0.005,0.05,0.03,24,False,0.003,0,-17.67102323684312,-19.302916979456445,37,0.24324324324324326,-0.015723663470878734,-16.039129494229794,49,0.24489795918367346,-0.013870672428392433
25,2.0,0.005,0.05,0.03,24,True,0.001,0,-12.953091922668602,-12.091963839485864,36,0.3611111111111111,-0.009444947100611374,-13.814220005851341,49,0.32653061224489793,-0.010857090687801163
25,2.0,0.005,0.05,0.03,24,True,0.002,0,-20.122846073303492,-21.909625683340145,37,0.2972972972972973,-0.015342403725241727,-18.336066463266835,49,0.30612244897959184,-0.013726685121185639
25,2.0,0.005,0.05,0.03,24,True,0.003,0,-22.106560314433185,-23.97814915661166,37,0.2972972972972973,-0.016576541010288465,-20.23497147225471,49,0.2857142857142857,-0.014965074888158153
25,2.0,0.005,0.05,0.03,48,False,0.001,0,-9.164945325900618,-7.447181662015984,36,0.3055555555555556,-0.007047222222222169,-10.882708989785252,49,0.2653061224489796,-0.00983303274265111
25,2.0,0.005,0.05,0.03,48,False,0.002,0,-14.481235140631227,-14.780582881495825,37,0.24324324324324326,-0.013014189189189165,-14.18188739976663,49,0.24489795918367346,-0.012473383620460956
25,2.0,0.005,0.05,0.03,48,False,0.003,0,-15.63294115075907,-15.920300185276266,37,0.24324324324324326,-0.014003648648648595,-15.345582116241873,49,0.24489795918367346,-0.013483449996353498
25,2.0,0.005,0.05,0.03,48,True,0.001,0,-12.953091922668602,-12.091963839485864,36,0.3611111111111111,-0.009444947100611374,-13.814220005851341,49,0.32653061224489793,-0.010857090687801163
25,2.0,0.005,0.05,0.03,48,True,0.002,0,-20.122846073303492,-21.909625683340145,37,0.2972972972972973,-0.015342403725241727,-18.336066463266835,49,0.30612244897959184,-0.013726685121185639
25,2.0,0.005,0.05,0.03,48,True,0.003,0,-22.106560314433185,-23.97814915661166,37,0.2972972972972973,-0.016576541010288465,-20.23497147225471,49,0.2857142857142857,-0.014965074888158153
25,2.0,0.005,0.08,0.02,12,False,0.001,0,-11.436836292305623,-11.29716818303661,38,0.23684210526315788,-0.007968706088144284,-11.576504401574635,52,0.21153846153846154,-0.007815539122053574
25,2.0,0.005,0.08,0.02,12,False,0.002,0,-15.922281792402798,-16.728386586275523,38,0.15789473684210525,-0.01157383691040037,-15.116176998530072,52,0.19230769230769232,-0.009949703131482489
25,2.0,0.005,0.08,0.02,12,False,0.003,0,-17.795008193230874,-18.047722559777558,40,0.175,-0.01227782014355465,-17.54229382668419,52,0.19230769230769232,-0.011450621302085564
25,2.0,0.005,0.08,0.02,12,True,0.001,0,-14.64786514459556,-13.347388406956394,38,0.2631578947368421,-0.00825734029329678,-15.948341882234724,52,0.21153846153846154,-0.00932553238321739
25,2.0,0.005,0.08,0.02,12,True,0.002,0,-21.058893479308953,-21.52086253915027,38,0.18421052631578946,-0.01255034811834469,-20.596924419467637,52,0.19230769230769232,-0.011540663570165274
25,2.0,0.005,0.08,0.02,12,True,0.003,0,-23.33606287041637,-23.058125818457448,40,0.2,-0.013254793014471484,-23.61399992237529,52,0.19230769230769232,-0.013059027324071916
25,2.0,0.005,0.08,0.02,24,False,0.001,0,-7.341072609813107,-2.826821513117916,38,0.23684210526315788,-0.00258675504078768,-11.8553237065083,52,0.1346153846153846,-0.009588162896436322
25,2.0,0.005,0.08,0.02,24,False,0.002,0,-13.904628984195906,-14.63976450629409,38,0.13157894736842105,-0.01122093593809049,-13.169493462097723,52,0.1346153846153846,-0.010619839808193181
25,2.0,0.005,0.08,0.02,24,False,0.003,0,-15.369237962508482,-16.247913719440692,40,0.15,-0.012153653778799197,-14.49056220557627,52,0.1346153846153846,-0.011651357768610086
25,2.0,0.005,0.08,0.02,24,True,0.001,0,-12.616849123989688,-9.940217865805002,38,0.2894736842105263,-0.0065466099577374814,-15.293480382174375,52,0.23076923076923078,-0.009331252350734773
25,2.0,0.005,0.08,0.02,24,True,0.002,0,-20.3373182505092,-21.04141034830802,38,0.18421052631578946,-0.012472155768190324,-19.633226152710375,52,0.21153846153846154,-0.011508867793000562
25,2.0,0.005,0.08,0.02,24,True,0.003,0,-22.651452712747744,-23.324414378605745,40,0.2,-0.013442219168597955,-21.978491046889744,52,0.19230769230769232,-0.012695965634659776
25,2.0,0.005,0.08,0.02,48,False,0.001,0,-7.409472527734764,-2.6920580638207974,37,0.21621621621621623,-0.002593211450462929,-12.126886991648732,52,0.11538461538461539,-0.009948846153846107
25,2.0,0.005,0.08,0.02,48,False,0.002,0,-13.350438322338643,-13.352010742111792,37,0.13513513513513514,-0.010705001239314085,-13.348865902565494,52,0.11538461538461539,-0.010940384615384555
25,2.0,0.005,0.08,0.02,48,False,0.003,0,-12.96958419288514,-11.36587103064717,39,0.15384615384615385,-0.009769212032088963,-14.573297355123108,52,0.11538461538461539,-0.011931923076923036
25,2.0,0.005,0.08,0.02,48,True,0.001,0,-12.616849123989688,-9.940217865805002,38,0.2894736842105263,-0.0065466099577374814,-15.293480382174375,52,0.23076923076923078,-0.009331252350734773
25,2.0,0.005,0.08,0.02,48,True,0.002,0,-20.3373182505092,-21.04141034830802,38,0.18421052631578946,-0.012472155768190324,-19.633226152710375,52,0.21153846153846154,-0.011508867793000562
25,2.0,0.005,0.08,0.02,48,True,0.003,0,-22.651452712747744,-23.324414378605745,40,0.2,-0.013442219168597955,-21.978491046889744,52,0.19230769230769232,-0.012695965634659776
25,2.0,0.005,0.08,0.03,12,False,0.001,0,-10.515059643747563,-9.631059603921406,36,0.3055555555555556,-0.008816832239163581,-11.399059683573718,49,0.2653061224489796,-0.010110264660013617
25,2.0,0.005,0.08,0.03,12,False,0.002,0,-16.616738885404217,-16.598735387064963,37,0.2702702702702703,-0.013660204143295978,-16.634742383743475,49,0.24489795918367346,-0.013611559666436346
25,2.0,0.005,0.08,0.03,12,False,0.003,0,-19.719404130054855,-21.074234935954532,37,0.24324324324324326,-0.01671124869967253,-18.364573324155174,49,0.24489795918367346,-0.014870242602642926
25,2.0,0.005,0.08,0.03,12,True,0.001,0,-13.553538562536371,-12.699021571871523,36,0.3333333333333333,-0.009933553582021037,-14.408055553201217,49,0.2653061224489796,-0.011712706488187466
25,2.0,0.005,0.08,0.03,12,True,0.002,0,-19.642167963971016,-18.52353979356682,37,0.2972972972972973,-0.013741850389625105,-20.760796134375212,49,0.24489795918367346,-0.01523273068770951
25,2.0,0.005,0.08,0.03,12,True,0.003,0,-23.32702822235811,-23.842685218829196,37,0.2702702702702703,-0.01684775073547794,-22.811371225887022,49,0.24489795918367346,-0.016510061561391235
25,2.0,0.005,0.08,0.03,24,False,0.001,0,-7.062495956471812,-3.3521885136717815,36,0.3055555555555556,-0.003701197764731779,-10.772803399271842,49,0.20408163265306123,-0.011222741078179057
25,2.0,0.005,0.08,0.03,24,False,0.002,0,-12.626477289963397,-10.51676448858678,37,0.24324324324324326,-0.010764809350125203,-14.736190091340012,49,0.1836734693877551,-0.014535603869859364
25,2.0,0.005,0.08,0.03,24,False,0.003,0,-13.778815312377997,-11.686481440808643,37,0.24324324324324326,-0.011896444607435568,-15.871149183947349,49,0.1836734693877551,-0.015606603121611336
25,2.0,0.005,0.08,0.03,24,True,0.001,0,-11.971731843157452,-10.698349454868344,36,0.3611111111111111,-0.008810011669474298,-13.245114231446559,49,0.30612244897959184,-0.011134946483594676
25,2.0,0.005,0.08,0.03,24,True,0.002,0,-19.02143358535043,-18.902843971784346,37,0.2972972972972973,-0.014424212113106993,-19.140023198916516,49,0.2857142857142857,-0.014636427867477415
25,2.0,0.005,0.08,0.03,24,True,0.003,0,-20.947837312654144,-20.824388586790608,37,0.2972972972972973,-0.01568755923051006,-21.071286038517684,49,0.2653061224489796,-0.015895292335552733
25,2.0,0.005,0.08,0.03,48,False,0.001,0,-6.878649442281954,-2.462028305054892,35,0.2857142857142857,-0.002940966390489377,-11.295270579509017,48,0.1875,-0.01187132521381655
25,2.0,0.005,0.08,0.03,48,False,0.002,0,-12.695676404605658,-10.13793045706472,36,0.2222222222222222,-0.010883542575511187,-15.253422352146597,48,0.16666666666666666,-0.015188364273772322
25,2.0,0.005,0.08,0.03,48,False,0.003,0,-13.72359144770287,-11.138950863409102,36,0.2222222222222222,-0.011931890361450662,-16.308232031996635,48,0.16666666666666666,-0.01621700837753817
25,2.0,0.005,0.08,0.03,48,True,0.001,0,-11.971731843157452,-10.698349454868344,36,0.3611111111111111,-0.008810011669474298,-13.245114231446559,49,0.30612244897959184,-0.011134946483594676
25,2.0,0.005,0.08,0.03,48,True,0.002,0,-19.02143358535043,-18.902843971784346,37,0.2972972972972973,-0.014424212113106993,-19.140023198916516,49,0.2857142857142857,-0.014636427867477415
25,2.0,0.005,0.08,0.03,48,True,0.003,0,-20.947837312654144,-20.824388586790608,37,0.2972972972972973,-0.01568755923051006,-21.071286038517684,49,0.2653061224489796,-0.015895292335552733
25,2.0,0.005,0.1,0.02,12,False,0.001,0,-11.353377629700358,-13.230755159868291,38,0.23684210526315788,-0.008888853682251811,-9.476000099532422,52,0.21153846153846154,-0.007047462198976645
25,2.0,0.005,0.1,0.02,12,False,0.002,0,-15.863902755046329,-19.133067739056557,38,0.15789473684210525,-0.012519901651861632,-12.594737771036101,52,0.19230769230769232,-0.009182395439174797
25,2.0,0.005,0.1,0.02,12,False,0.003,0,-17.63103441276388,-20.512170513056045,40,0.175,-0.013201101051949849,-14.749898312471716,52,0.19230769230769232,-0.010684082840547107
25,2.0,0.005,0.1,0.02,12,True,0.001,0,-17.40649778021153,-18.736170808594604,38,0.2631578947368421,-0.00970301420319378,-16.076824751828457,52,0.21153846153846154,-0.009354592726841582
25,2.0,0.005,0.1,0.02,12,True,0.002,0,-25.446972242986803,-30.016186464984173,38,0.18421052631578946,-0.01402141285980595,-20.877758020989436,52,0.19230769230769232,-0.011590331494530677
25,2.0,0.005,0.1,0.02,12,True,0.003,0,-27.88213759440933,-31.70163462323044,40,0.2,-0.01467632392286668,-24.062640565588218,52,0.19230769230769232,-0.013129220364182986
25,2.0,0.005,0.1,0.02,24,False,0.001,0,-6.373284264513108,-3.795951366370227,38,0.21052631578947367,-0.0036378076723666297,-8.95061716265599,52,0.1346153846153846,-0.008187344673702943
25,2.0,0.005,0.1,0.02,24,False,0.002,0,-13.410651596821808,-16.680846301963584,38,0.10526315789473684,-0.012795935938090482,-10.140456891680032,52,0.1346153846153846,-0.009240955288722624
25,2.0,0.005,0.1,0.02,24,False,0.003,0,-14.783246578518408,-18.228053067336294,40,0.125,-0.013648403778799199,-11.338440089700521,52,0.1346153846153846,-0.010294324910603666
25,2.0,0.005,0.1,0.02,24,True,0.001,0,-15.97696105940857,-16.543463256921218,38,0.2631578947368421,-0.009174241536684849,-15.410458861895924,52,0.23076923076923078,-0.009360312694358965
25,2.0,0.005,0.1,0.02,24,True,0.002,0,-26.483728377343965,-33.08238563831156,38,0.15789473684210525,-0.01509715576819033,-19.885071116376373,52,0.21153846153846154,-0.011558535717365969
25,2.0,0.005,0.1,0.02,24,True,0.003,0,-29.14670954406733,-35.92055874463185,40,0.175,-0.015933469168597957,-22.372860343502815,52,0.19230769230769232,-0.01276615867477085
25,2.0,0.005,0.1,0.02,48,False,0.001,0,-8.525133227754248,-6.098385974736833,36,0.19444444444444445,-0.005684171613667173,-10.951880480771662,52,0.09615384615384616,-0.009948846153846107
25,2.0,0.005,0.1,0.02,48,False,0.002,0,-14.244696962526612,-16.43393533787674,37,0.10810810810810811,-0.012732503183607585,-12.055458587176485,52,0.09615384615384616,-0.010940384615384548
25,2.0,0.005,0.1,0.02,48,False,0.003,0,-12.9790459104347,-12.796840218958662,39,0.1282051282051282,-0.011206897498823044,-13.161251601910735,52,0.09615384615384616,-0.011931923076923047
25,2.0,0.005,0.1,0.02,48,True,0.001,0,-15.97696105940857,-16.543463256921218,38,0.2631578947368421,-0.009174241536684849,-15.410458861895924,52,0.23076923076923078,-0.009360312694358965
25,2.0,0.005,0.1,0.02,48,True,0.002,0,-26.483728377343965,-33.08238563831156,38,0.15789473684210525,-0.01509715576819033,-19.885071116376373,52,0.21153846153846154,-0.011558535717365969
25,2.0,0.005,0.1,0.02,48,True,0.003,0,-29.14670954406733,-35.92055874463185,40,0.175,-0.015933469168597957,-22.372860343502815,52,0.19230769230769232,-0.01276615867477085
25,2.0,0.005,0.1,0.03,12,False,0.001,0,-10.588059008904164,-12.033200220824028,36,0.3055555555555556,-0.010307971719020113,-9.142917796984298,49,0.2653061224489796,-0.008887611598789123
25,2.0,0.005,0.1,0.03,12,False,0.002,0,-16.526317888892258,-18.541884473996838,37,0.2702702702702703,-0.014631838202094032,-14.510751303787679,49,0.24489795918367346,-0.012797273952150629
25,2.0,0.005,0.1,0.03,12,False,0.003,0,-19.766054686708827,-23.449656835841107,37,0.24324324324324326,-0.017709390222261933,-16.082452537576543,49,0.24489795918367346,-0.014056773214887828
25,2.0,0.005,0.1,0.03,12,True,0.001,0,-14.927771406033052,-16.41226014096095,36,0.3333333333333333,-0.011459542709134537,-13.443282671105154,49,0.2653061224489796,-0.01133599501611518
25,2.0,0.005,0.1,0.03,12,True,0.002,0,-22.20764837504863,-23.458442022971028,37,0.2972972972972973,-0.015252673637612348,-20.956854727126235,49,0.24489795918367346,-0.015285439505403411
25,2.0,0.005,0.1,0.03,12,True,0.003,0,-26.743344488418906,-30.373858930887828,37,0.2702702702702703,-0.01838454090671599,-23.11283004594998,49,0.24489795918367346,-0.016584552134570333
25,2.0,0.005,0.1,0.03,24,False,0.001,0,-6.130899843444995,-4.381369043142752,36,0.2777777777777778,-0.004915242319893013,-7.880430643747238,49,0.20408163265306123,-0.00917028476407865
25,2.0,0.005,0.1,0.03,24,False,0.002,0,-11.731306779054535,-11.596662158119392,37,0.21621621621621623,-0.012221324028277298,-11.865951399989676,49,0.1836734693877551,-0.012936222376525548
25,2.0,0.005,0.1,0.03,24,False,0.003,0,-12.870762303755445,-12.789155360077627,37,0.21621621621621623,-0.01338091341325637,-12.95236924743326,49,0.1836734693877551,-0.014052570096737688
25,2.0,0.005,0.1,0.03,24,True,0.001,0,-13.905717495750014,-15.443793722453103,36,0.3333333333333333,-0.011290774896947388,-12.367641269046928,49,0.30612244897959184,-0.01075823501152239
25,2.0,0.005,0.1,0.03,24,True,0.002,0,-22.887722878905706,-26.461816485582297,37,0.2702702702702703,-0.017389752653647533,-19.31362927222911,49,0.2857142857142857,-0.014689136685171312
25,2.0,0.005,0.1,0.03,24,True,0.003,0,-25.121285890229345,-28.905018453357442,37,0.2702702702702703,-0.018650126798077628,-21.337553327101247,49,0.2653061224489796,-0.015969782908731828
25,2.0,0.005,0.1,0.03,48,False,0.001,0,-7.291614423800654,-5.464020960171195,34,0.2647058823529412,-0.006412259969342345,-9.119207887430113,47,0.1702127659574468,-0.010817310856663709
25,2.0,0.005,0.1,0.03,48,False,0.002,0,-13.518856866617819,-13.903083515045676,35,0.2,-0.014326796312409724,-13.134630218189962,47,0.14893617021276595,-0.014609393300873857
25,2.0,0.005,0.1,0.03,48,False,0.003,0,-14.55823965618478,-15.0379771958003,35,0.17142857142857143,-0.015431975595820206,-14.07850211656926,47,0.14893617021276595,-0.0156394979174858
25,2.0,0.005,0.1,0.03,48,True,0.001,0,-14.241210319700166,-16.114779370353403,36,0.3333333333333333,-0.01186098389169652,-12.367641269046928,49,0.30612244897959184,-0.01075823501152239
25,2.0,0.005,0.1,0.03,48,True,0.002,0,-22.887722878905706,-26.461816485582297,37,0.2702702702702703,-0.017389752653647533,-19.31362927222911,49,0.2857142857142857,-0.014689136685171312
25,2.0,0.005,0.1,0.03,48,True,0.003,0,-25.121285890229345,-28.905018453357442,37,0.2702702702702703,-0.018650126798077628,-21.337553327101247,49,0.2653061224489796,-0.015969782908731828
25,2.0,0.005,0.15,0.02,12,False,0.001,0,-8.360113925882494,-9.186326742693762,38,0.23684210526315788,-0.007575037892778133,-7.533901109071229,52,0.21153846153846154,-0.0062478001181253216
25,2.0,0.005,0.15,0.02,12,False,0.002,0,-12.079346471756693,-13.785816997157248,38,0.15789473684210525,-0.01120740165186164,-10.37287594635614,52,0.19230769230769232,-0.008426427772117748
25,2.0,0.005,0.15,0.02,12,False,0.003,0,-13.707467920638045,-15.010382165347451,40,0.175,-0.011955476051949854,-12.40455367592864,52,0.19230769230769232,-0.009971638182987151
25,2.0,0.005,0.15,0.02,12,True,0.001,0,-17.40649778021153,-18.736170808594604,38,0.2631578947368421,-0.00970301420319378,-16.076824751828457,52,0.21153846153846154,-0.009354592726841582
25,2.0,0.005,0.15,0.02,12,True,0.002,0,-25.446972242986803,-30.016186464984173,38,0.18421052631578946,-0.01402141285980595,-20.877758020989436,52,0.19230769230769232,-0.011590331494530677
25,2.0,0.005,0.15,0.02,12,True,0.003,0,-27.88213759440933,-31.70163462323044,40,0.2,-0.01467632392286668,-24.062640565588218,52,0.19230769230769232,-0.013129220364182986
25,2.0,0.005,0.15,0.02,24,False,0.001,0,-4.689493072260991,-0.9374230995489097,38,0.21052631578947367,-0.0010872123646174798,-8.441563044973071,52,0.1346153846153846,-0.008333022579707017
25,2.0,0.005,0.15,0.02,24,False,0.002,0,-9.754591130145533,-9.913630753387912,38,0.10526315789473684,-0.010170935938090498,-9.595551506903155,52,0.1346153846153846,-0.009426525324745557
25,2.0,0.005,0.15,0.02,24,False,0.003,0,-10.95715509236879,-11.154658102034645,40,0.125,-0.01115715377879921,-10.759652082702935,52,0.1346153846153846,-0.010519627083131922
25,2.0,0.005,0.15,0.02,24,True,0.001,0,-15.97696105940857,-16.543463256921218,38,0.2631578947368421,-0.009174241536684849,-15.410458861895924,52,0.23076923076923078,-0.009360312694358965
25,2.0,0.005,0.15,0.02,24,True,0.002,0,-26.483728377343965,-33.08238563831156,38,0.15789473684210525,-0.01509715576819033,-19.885071116376373,52,0.21153846153846154,-0.011558535717365969
25,2.0,0.005,0.15,0.02,24,True,0.003,0,-29.14670954406733,-35.92055874463185,40,0.175,-0.015933469168597957,-22.372860343502815,52,0.19230769230769232,-0.01276615867477085
25,2.0,0.005,0.15,0.02,48,False,0.001,0,-4.289330068744203,-1.2171685913211043,36,0.19444444444444445,-0.0015237549470005173,-7.361491546167302,52,0.09615384615384616,-0.008095738681824035
25,2.0,0.005,0.15,0.02,48,False,0.002,0,-8.99915230869665,-9.672948092221466,37,0.10810810810810811,-0.010036557237661656,-8.325356525171832,52,0.09615384615384616,-0.009130206122762727
25,2.0,0.005,0.15,0.02,48,False,0.003,0,-9.508608771605543,-9.722992222745788,39,0.1282051282051282,-0.010037834417819856,-9.294225320465298,52,0.09615384615384616,-0.010164509434042611
25,2.0,0.005,0.15,0.02,48,True,0.001,0,-15.97696105940857,-16.543463256921218,38,0.2631578947368421,-0.009174241536684849,-15.410458861895924,52,0.23076923076923078,-0.009360312694358965
25,2.0,0.005,0.15,0.02,48,True,0.002,0,-26.483728377343965,-33.08238563831156,38,0.15789473684210525,-0.01509715576819033,-19.885071116376373,52,0.21153846153846154,-0.011558535717365969
25,2.0,0.005,0.15,0.02,48,True,0.003,0,-29.14670954406733,-35.92055874463185,40,0.175,-0.015933469168597957,-22.372860343502815,52,0.19230769230769232,-0.01276615867477085
25,2.0,0.005,0.15,0.03,12,False,0.001,0,-8.366518643475686,-9.022553093130934,36,0.3055555555555556,-0.008921166163464564,-7.710484193820438,49,0.2653061224489796,-0.008045790806792446
25,2.0,0.005,0.15,0.03,12,False,0.002,0,-13.399755127294846,-14.27904071917094,37,0.2702702702702703,-0.013283865229121066,-12.520469535418751,49,0.24489795918367346,-0.011995022550375803
25,2.0,0.005,0.15,0.03,12,False,0.003,0,-16.079794672067123,-18.1102497360748,37,0.24324324324324326,-0.016362768600640315,-14.049339608059444,49,0.24489795918367346,-0.013300709496660935
25,2.0,0.005,0.15,0.03,12,True,0.001,0,-14.94502796592543,-16.41226014096095,36,0.3333333333333333,-0.011459542709134537,-13.47779579088991,49,0.2653061224489796,-0.011349488310008921
25,2.0,0.005,0.15,0.03,12,True,0.002,0,-22.20764837504863,-23.458442022971028,37,0.2972972972972973,-0.015252673637612348,-20.956854727126235,49,0.24489795918367346,-0.015285439505403411
25,2.0,0.005,0.15,0.03,12,True,0.003,0,-26.743344488418906,-30.373858930887828,37,0.2702702702702703,-0.01838454090671599,-23.11283004594998,49,0.24489795918367346,-0.016584552134570333
25,2.0,0.005,0.15,0.03,24,False,0.001,0,-4.667776191333387,-1.6983186028668127,36,0.2777777777777778,-0.0022229472728244656,-7.637233779799962,49,0.20408163265306123,-0.009345068121575942
25,2.0,0.005,0.15,0.03,24,False,0.002,0,-9.475877725214922,-7.565695745627361,37,0.21621621621621623,-0.009525378082331368,-11.386059704802484,49,0.1836734693877551,-0.013133153843325392
25,2.0,0.005,0.15,0.03,24,False,0.003,0,-10.496610906578184,-8.532848534253471,37,0.21621621621621623,-0.010687670170013137,-12.460373278902894,49,0.1836734693877551,-0.014291666279828896
25,2.0,0.005,0.15,0.03,24,True,0.001,0,-13.921432498900103,-15.443793722453103,36,0.3333333333333333,-0.011290774896947388,-12.399071275347104,49,0.30612244897959184,-0.010771728305416136
25,2.0,0.005,0.15,0.03,24,True,0.002,0,-22.887722878905706,-26.461816485582297,37,0.2702702702702703,-0.017389752653647533,-19.31362927222911,49,0.2857142857142857,-0.014689136685171312
25,2.0,0.005,0.15,0.03,24,True,0.003,0,-25.121285890229345,-28.905018453357442,37,0.2702702702702703,-0.018650126798077628,-21.337553327101247,49,0.2653061224489796,-0.015969782908731828
25,2.0,0.005,0.15,0.03,48,False,0.001,0,-4.462755987304987,-1.8191477520691153,34,0.2647058823529412,-0.002603871403461937,-7.106364222540858,47,0.1702127659574468,-0.009435083970559713
25,2.0,0.005,0.15,0.03,48,False,0.002,0,-9.114481300870473,-7.447307671845399,35,0.2,-0.010051796312409754,-10.781654929895547,47,0.14893617021276595,-0.013477566998715645
25,2.0,0.005,0.15,0.03,48,False,0.003,0,-9.99612471394866,-8.291305287974204,35,0.17142857142857143,-0.011161261310105941,-11.700944139923118,47,0.14893617021276595,-0.014576486790262076
25,2.0,0.005,0.15,0.03,48,True,0.001,0,-14.256925322850254,-16.114779370353403,36,0.3333333333333333,-0.01186098389169652,-12.399071275347104,49,0.30612244897959184,-0.010771728305416136
25,2.0,0.005,0.15,0.03,48,True,0.002,0,-22.887722878905706,-26.461816485582297,37,0.2702702702702703,-0.017389752653647533,-19.31362927222911,49,0.2857142857142857,-0.014689136685171312
25,2.0,0.005,0.15,0.03,48,True,0.003,0,-25.121285890229345,-28.905018453357442,37,0.2702702702702703,-0.018650126798077628,-21.337553327101247,49,0.2653061224489796,-0.015969782908731828
25,2.0,0.01,0.05,0.02,12,False,0.001,0,-21.031418091462353,-20.97211868648073,31,0.1935483870967742,-0.011352044793921393,-21.090717496443975,40,0.15,-0.011304688553251636
25,2.0,0.01,0.05,0.02,12,False,0.002,0,-24.71229903336952,-25.96675401344051,31,0.16129032258064516,-0.013625215245295277,-23.45784405329853,40,0.15,-0.012470419764863098
25,2.0,0.01,0.05,0.02,12,False,0.003,0,-36.60847203298445,-39.029973068005695,32,0.125,-0.016762628791075932,-34.1869709979632,40,0.125,-0.016007043701716482
25,2.0,0.01,0.05,0.02,12,True,0.001,0,-21.28469140033675,-20.97211868648073,31,0.1935483870967742,-0.011352044793921393,-21.59726411419277,40,0.15,-0.011393060166370806
25,2.0,0.01,0.05,0.02,12,True,0.002,0,-25.055810448742587,-25.96675401344051,31,0.16129032258064516,-0.013625215245295277,-24.144866884044664,40,0.15,-0.012584733887967959
25,2.0,0.01,0.05,0.02,12,True,0.003,0,-37.30490557510735,-39.029973068005695,32,0.125,-0.016762628791075932,-35.579838082209,40,0.125,-0.016147196313860374
25,2.0,0.01,0.05,0.02,24,False,0.001,0,-12.100211548381456,-10.6741124161276,31,0.22580645161290322,-0.007342646298116575,-13.526310680635312,40,0.175,-0.009238374999999955
25,2.0,0.01,0.05,0.02,24,False,0.002,0,-17.053905766826382,-19.113687389780885,31,0.16129032258064516,-0.01193061356403782,-14.994124143871876,40,0.175,-0.010230624999999955
25,2.0,0.01,0.05,0.02,24,False,0.003,0,-26.44350211015189,-28.09151820063321,32,0.125,-0.015461271677481174,-24.79548601967057,40,0.125,-0.01471062499999996
25,2.0,0.01,0.05,0.02,24,True,0.001,0,-17.158129310248476,-14.093469576435535,31,0.22580645161290322,-0.008789013555988708,-20.22278904406142,40,0.2,-0.011261146585940629
25,2.0,0.01,0.05,0.02,24,True,0.002,0,-22.898343732353677,-23.24458105521469,31,0.16129032258064516,-0.013064290688691619,-22.552106409492662,40,0.2,-0.01240432826114985
25,2.0,0.01,0.05,0.02,24,True,0.003,0,-34.32230342072775,-35.10756475807417,32,0.125,-0.016622494294889267,-33.53704208338134,40,0.125,-0.01603355649222308
25,2.0,0.01,0.05,0.02,48,False,0.001,0,-10.546794956179452,-7.5672792317235915,31,0.22580645161290322,-0.005687258064516098,-13.526310680635312,40,0.175,-0.009238374999999955
25,2.0,0.01,0.05,0.02,48,False,0.002,0,-15.966871864256566,-16.939619584641257,31,0.16129032258064516,-0.011187903225806414,-14.994124143871876,40,0.175,-0.010230624999999955
25,2.0,0.01,0.05,0.02,48,False,0.003,0,-24.795486019670555,-24.795486019670545,32,0.125,-0.014710624999999942,-24.79548601967057,40,0.125,-0.01471062499999996
25,2.0,0.01,0.05,0.02,48,True,0.001,0,-17.158129310248476,-14.093469576435535,31,0.22580645161290322,-0.008789013555988708,-20.22278904406142,40,0.2,-0.011261146585940629
25,2.0,0.01,0.05,0.02,48,True,0.002,0,-22.898343732353677,-23.24458105521469,31,0.16129032258064516,-0.013064290688691619,-22.552106409492662,40,0.2,-0.01240432826114985
25,2.0,0.01,0.05,0.02,48,True,0.003,0,-34.32230342072775,-35.10756475807417,32,0.125,-0.016622494294889267,-33.53704208338134,40,0.125,-0.01603355649222308
25,2.0,0.01,0.05,0.03,12,False,0.001,0,-17.264155969251057,-18.643525811600696,29,0.27586206896551724,-0.013229344766378947,-15.884786126901421,39,0.23076923076923078,-0.012324167746924743
25,2.0,0.01,0.05,0.03,12,False,0.002,0,-24.054498178745426,-26.898428837202534,29,0.2413793103448276,-0.017245500962701162,-21.210567520288315,39,0.20512820512820512,-0.01553953309216728
25,2.0,0.01,0.05,0.03,12,False,0.003,0,-26.038901470540708,-29.150647862526814,29,0.2413793103448276,-0.018506070778273636,-22.9271550785546,39,0.20512820512820512,-0.016705973814693634
25,2.0,0.01,0.05,0.03,12,True,0.001,0,-17.84832304038786,-19.568991978016626,29,0.27586206896551724,-0.013548788509381486,-16.127654102759095,39,0.23076923076923078,-0.012414805298841841
25,2.0,0.01,0.05,0.03,12,True,0.002,0,-24.252889210310123,-26.898428837202534,29,0.2413793103448276,-0.017245500962701162,-21.60734958341771,39,0.20512820512820512,-0.015656778346633805
25,2.0,0.01,0.05,0.03,12,True,0.003,0,-26.290142047727517,-29.150647862526814,29,0.2413793103448276,-0.018506070778273636,-23.42963623292822,39,0.20512820512820512,-0.01684972008355917
25,2.0,0.01,0.05,0.03,24,False,0.001,0,-11.354289244248811,-13.05423328212815,29,0.27586206896551724,-0.010935150123174482,-9.654345206369474,39,0.28205128205128205,-0.008924743589743534
25,2.0,0.01,0.05,0.03,24,False,0.002,0,-16.047291577156315,-18.744146896580006,29,0.2413793103448276,-0.014781248298483077,-13.350436257732621,39,0.2564102564102564,-0.01196346153846149
25,2.0,0.01,0.05,0.03,24,False,0.003,0,-17.72625997954752,-20.19162093295564,29,0.20689655172413793,-0.015872448832976973,-15.260899026139402,39,0.2564102564102564,-0.013402569392200664
25,2.0,0.01,0.05,0.03,24,True,0.001,0,-15.145142969134941,-15.892036067270919,29,0.3103448275862069,-0.012275650072361257,-14.398249870998965,39,0.3076923076923077,-0.011545979100042925
25,2.0,0.01,0.05,0.03,24,True,0.002,0,-20.658837448648907,-21.866378405109284,29,0.2413793103448276,-0.015908343365264213,-19.45129649218853,39,0.28205128205128205,-0.01476494032479964
25,2.0,0.01,0.05,0.03,24,True,0.003,0,-22.46672459347993,-23.764464175212503,29,0.2413793103448276,-0.01710515493863054,-21.168985011747363,39,0.2564102564102564,-0.01593496567190931
25,2.0,0.01,0.05,0.03,48,False,0.001,0,-9.956522734927315,-10.258700263485158,29,0.27586206896551724,-0.009419137931034442,-9.654345206369474,39,0.28205128205128205,-0.008924743589743534
25,2.0,0.01,0.05,0.03,48,False,0.002,0,-14.169555490567824,-14.988674723403026,29,0.2413793103448276,-0.013162931034482727,-13.350436257732621,39,0.2564102564102564,-0.01196346153846149
25,2.0,0.01,0.05,0.03,48,False,0.003,0,-15.300833795140804,-16.131377613470068,29,0.2413793103448276,-0.014152241379310313,-14.470289976811538,39,0.2564102564102564,-0.012953974358974319
25,2.0,0.01,0.05,0.03,48,True,0.001,0,-15.145142969134941,-15.892036067270919,29,0.3103448275862069,-0.012275650072361257,-14.398249870998965,39,0.3076923076923077,-0.011545979100042925
25,2.0,0.01,0.05,0.03,48,True,0.002,0,-20.658837448648907,-21.866378405109284,29,0.2413793103448276,-0.015908343365264213,-19.45129649218853,39,0.28205128205128205,-0.01476494032479964
25,2.0,0.01,0.05,0.03,48,True,0.003,0,-22.46672459347993,-23.764464175212503,29,0.2413793103448276,-0.01710515493863054,-21.168985011747363,39,0.2564102564102564,-0.01593496567190931
25,2.0,0.01,0.08,0.02,12,False,0.001,0,-20.53160154589962,-18.70607246495865,31,0.1935483870967742,-0.011015813314405628,-22.357130626840593,40,0.125,-0.012307281051669243
25,2.0,0.01,0.08,0.02,12,False,0.002,0,-24.03938306064304,-23.268786503656543,31,0.16129032258064516,-0.013322394679406175,-24.809979617629534,40,0.125,-0.013498123163736792
25,2.0,0.01,0.08,0.02,12,False,0.003,0,-29.15003174177606,-29.896460750059873,32,0.125,-0.015828410041075935,-28.403602733492253,40,0.125,-0.01531587864449328
25,2.0,0.01,0.08,0.02,12,True,0.001,0,-20.775353361385903,-18.70607246495865,31,0.1935483870967742,-0.011015813314405628,-22.844634257813155,40,0.125,-0.01239156016637081
25,2.0,0.01,0.08,0.02,12,True,0.002,0,-24.303925928331005,-23.268786503656543,31,0.16129032258064516,-0.013322394679406175,-25.339065353005463,40,0.125,-0.013582233887967959
25,2.0,0.01,0.08,0.02,12,True,0.003,0,-29.444694847465712,-29.896460750059873,32,0.125,-0.015828410041075935,-28.992928944871554,40,0.125,-0.015399821313860373
25,2.0,0.01,0.08,0.02,24,False,0.001,0,-12.664463408892427,-11.166016142926333,31,0.1935483870967742,-0.008224099580170847,-14.162910674858523,40,0.125,-0.010854701640464088
25,2.0,0.01,0.08,0.02,24,False,0.002,0,-18.240893764855592,-20.895147713811486,31,0.12903225806451613,-0.013342768847308043,-15.586639815899701,40,0.125,-0.011897204124708243
25,2.0,0.01,0.08,0.02,24,False,0.003,0,-23.060137200157392,-23.582530956521342,32,0.125,-0.01471312852443553,-22.53774344379344,40,0.1,-0.015292787913130167
25,2.0,0.01,0.08,0.02,24,True,0.001,0,-18.56661024447348,-15.668225338415084,31,0.1935483870967742,-0.010077400652762896,-21.464995150531877,40,0.175,-0.012259646585940632
25,2.0,0.01,0.08,0.02,24,True,0.002,0,-24.272470980848773,-24.794914995356468,31,0.12903225806451613,-0.01435138746288517,-23.750026966341082,40,0.175,-0.013401828261149848
25,2.0,0.01,0.08,0.02,24,True,0.003,0,-27.717782653289746,-27.73938655436028,32,0.125,-0.01568827554488927,-27.696178752219208,40,0.125,-0.015286181492223078
25,2.0,0.01,0.08,0.02,48,False,0.001,0,-11.552149350032554,-8.195674877041917,31,0.1935483870967742,-0.0067476769904703075,-14.908623823023191,40,0.1,-0.011484999999999952
25,2.0,0.01,0.08,0.02,48,False,0.002,0,-20.685527664070893,-19.217317507826326,31,0.12903225806451613,-0.013047555107388992,-22.15373782031546,40,0.075,-0.014968749999999956
25,2.0,0.01,0.08,0.02,48,False,0.003,0,-22.616090561514874,-21.593245926471273,32,0.125,-0.014394197050108647,-23.638935196558474,40,0.075,-0.015956249999999967
25,2.0,0.01,0.08,0.02,48,True,0.001,0,-18.56661024447348,-15.668225338415084,31,0.1935483870967742,-0.010077400652762896,-21.464995150531877,40,0.175,-0.012259646585940632
25,2.0,0.01,0.08,0.02,48,True,0.002,0,-24.272470980848773,-24.794914995356468,31,0.12903225806451613,-0.01435138746288517,-23.750026966341082,40,0.175,-0.013401828261149848
25,2.0,0.01,0.08,0.02,48,True,0.003,0,-27.717782653289746,-27.73938655436028,32,0.125,-0.01568827554488927,-27.696178752219208,40,0.125,-0.015286181492223078
25,2.0,0.01,0.08,0.03,12,False,0.001,0,-14.732420550183285,-14.510856589936072,29,0.27586206896551724,-0.01183699387448278,-14.9539845104305,39,0.20512820512820512,-0.012647122554838146
25,2.0,0.01,0.08,0.03,12,False,0.002,0,-23.502506619766436,-24.717307615463564,29,0.2413793103448276,-0.016921796219854193,-22.287705624069307,39,0.1794871794871795,-0.016710026980137124
25,2.0,0.01,0.08,0.03,12,False,0.003,0,-25.566420587966924,-26.900638473175388,29,0.2413793103448276,-0.018217939869418373,-24.232202702758457,39,0.1794871794871795,-0.017955607959415722
25,2.0,0.01,0.08,0.03,12,True,0.001,0,-16.567980822605875,-17.98337494022902,29,0.27586206896551724,-0.01318936865196808,-15.152586704982728,39,0.20512820512820512,-0.012733562672480778
25,2.0,0.01,0.08,0.03,12,True,0.002,0,-23.65359926940078,-24.717307615463564,29,0.2413793103448276,-0.016921796219854193,-22.589890923337993,39,0.1794871794871795,-0.016796294389604987
25,2.0,0.01,0.08,0.03,12,True,0.003,0,-25.72730033247567,-26.900638473175388,29,0.2413793103448276,-0.018217939869418373,-24.55396219177596,39,0.1794871794871795,-0.018041703004920435
25,2.0,0.01,0.08,0.03,24,False,0.001,0,-8.59383564280984,-8.756314685586172,29,0.27586206896551724,-0.008499683505053125,-8.431356600033507,39,0.23076923076923078,-0.009187043177300971
25,2.0,0.01,0.08,0.03,24,False,0.002,0,-14.14494777065254,-15.550527808566315,29,0.2413793103448276,-0.013524590925103424,-12.739367732738762,39,0.20512820512820512,-0.013072400870171785
25,2.0,0.01,0.08,0.03,24,False,0.003,0,-15.491111635177468,-17.153209014815925,29,0.20689655172413793,-0.014761092347855827,-13.829014255539011,39,0.20512820512820512,-0.01414115844805928
25,2.0,0.01,0.08,0.03,24,True,0.001,0,-13.36660267102928,-13.555148151272519,29,0.3103448275862069,-0.01129978232760171,-13.17805719078604,39,0.28205128205128205,-0.01162410227118392
25,2.0,0.01,0.08,0.03,24,True,0.002,0,-19.337467003376506,-18.89130031087472,29,0.2413793103448276,-0.014969422403795826,-19.783633695878294,39,0.2564102564102564,-0.015664302954691418
25,2.0,0.01,0.08,0.03,24,True,0.003,0,-21.13249199181444,-20.67930736963123,29,0.2413793103448276,-0.01620303702513275,-21.585676613997656,39,0.23076923076923078,-0.016887275011384657
25,2.0,0.01,0.08,0.03,48,False,0.001,0,-6.304314963614736,-3.325135375997738,29,0.27586206896551724,-0.003896076090690467,-9.283494551231735,38,0.21052631578947367,-0.010161710680875994
25,2.0,0.01,0.08,0.03,48,False,0.002,0,-12.8172630739025,-7.922099283460785,29,0.2413793103448276,-0.00874867756338677,-17.712426864344216,38,0.15789473684210525,-0.016954491782591664
25,2.0,0.01,0.08,0.03,48,False,0.003,0,-13.85374423619867,-8.910757651930407,29,0.2413793103448276,-0.009813580003888264,-18.796730820466934,38,0.15789473684210525,-0.01796637769211867
25,2.0,0.01,0.08,0.03,48,True,0.001,0,-13.36660267102928,-13.555148151272519,29,0.3103448275862069,-0.01129978232760171,-13.17805719078604,39,0.28205128205128205,-0.01162410227118392
25,2.0,0.01,0.08,0.03,48,True,0.002,0,-19.337467003376506,-18.89130031087472,29,0.2413793103448276,-0.014969422403795826,-19.783633695878294,39,0.2564102564102564,-0.015664302954691418
25,2.0,0.01,0.08,0.03,48,True,0.003,0,-21.13249199181444,-20.67930736963123,29,0.2413793103448276,-0.01620303702513275,-21.585676613997656,39,0.23076923076923078,-0.016887275011384657
25,2.0,0.01,0.1,0.02,12,False,0.001,0,-24.0280848108197,-28.626864951049484,31,0.1935483870967742,-0.012787929720085819,-19.429304670589918,40,0.125,-0.011808031051669244
25,2.0,0.01,0.1,0.02,12,False,0.002,0,-28.81667124909631,-36.03717507903871,31,0.16129032258064516,-0.01512563533022966,-21.596167419153907,40,0.125,-0.012999373163736788
25,2.0,0.01,0.1,0.02,12,False,0.003,0,-36.929271452870466,-49.076039926298535,32,0.125,-0.01760532367656993,-24.78250297944239,40,0.125,-0.014817628644493281
25,2.0,0.01,0.1,0.02,12,True,0.001,0,-25.859189028331382,-28.626864951049484,31,0.1935483870967742,-0.012787929720085819,-23.09151310561328,40,0.125,-0.01242933861308226
25,2.0,0.01,0.1,0.02,12,True,0.002,0,-30.921383989999644,-36.03717507903871,31,0.16129032258064516,-0.01512563533022966,-25.805592900960576,40,0.125,-0.013646802189642987
25,2.0,0.01,0.1,0.02,12,True,0.003,0,-39.408974213627225,-49.076039926298535,32,0.125,-0.01760532367656993,-29.741908500955912,40,0.125,-0.015491072266004768
25,2.0,0.01,0.1,0.02,24,False,0.001,0,-15.294963745828518,-18.58246276829326,31,0.16129032258064516,-0.01144506732210633,-12.007464723363775,40,0.125,-0.0100321379509107
25,2.0,0.01,0.1,0.02,24,False,0.002,0,-24.04582109931045,-34.72865392094506,31,0.0967741935483871,-0.01656051078279191,-13.362988277675848,40,0.125,-0.011102154249396517
25,2.0,0.01,0.1,0.02,24,False,0.003,0,-28.931563246131425,-38.58128333988321,32,0.09375,-0.017827191024435533,-19.281843152379643,40,0.1,-0.014525145197721818
25,2.0,0.01,0.1,0.02,24,True,0.001,0,-24.338948065442295,-26.996941608807422,31,0.16129032258064516,-0.013298368394698378,-21.68095452207717,40,0.175,-0.012297425032652081
25,2.0,0.01,0.1,0.02,24,True,0.002,0,-34.73290246193473,-45.30983505258195,31,0.0967741935483871,-0.01756912939836904,-24.15596987128751,40,0.175,-0.013466396562824876
25,2.0,0.01,0.1,0.02,24,True,0.003,0,-39.30213859451069,-50.233871573440986,32,0.09375,-0.018802338044889275,-28.370405615580385,40,0.125,-0.015377432444367466
25,2.0,0.01,0.1,0.02,48,False,0.001,0,-19.386502172456826,-23.39211548213076,31,0.16129032258064516,-0.012878688423531263,-15.380888862782893,40,0.075,-0.012483499999999956
25,2.0,0.01,0.1,0.02,48,False,0.002,0,-25.927638070231822,-35.23920183691216,31,0.0967741935483871,-0.016754573557029633,-16.616074303551482,40,0.075,-0.013472499999999946
25,2.0,0.01,0.1,0.02,48,False,0.003,0,-28.471587208629245,-39.089435625469115,32,0.09375,-0.018014813712690814,-17.85373879178938,40,0.075,-0.014461499999999966
25,2.0,0.01,0.1,0.02,48,True,0.001,0,-24.338948065442295,-26.996941608807422,31,0.16129032258064516,-0.013298368394698378,-21.68095452207717,40,0.175,-0.012297425032652081
25,2.0,0.01,0.1,0.02,48,True,0.002,0,-34.73290246193473,-45.30983505258195,31,0.0967741935483871,-0.01756912939836904,-24.15596987128751,40,0.175,-0.013466396562824876
25,2.0,0.01,0.1,0.02,48,True,0.003,0,-39.30213859451069,-50.233871573440986,32,0.09375,-0.018802338044889275,-28.370405615580385,40,0.125,-0.015377432444367466
25,2.0,0.01,0.1,0.03,12,False,0.001,0,-17.19846631337762,-21.8004410738345,29,0.27586206896551724,-0.014376684263270201,-12.596491552920737,39,0.20512820512820512,-0.011623019990735584
25,2.0,0.01,0.1,0.03,12,False,0.002,0,-27.471622450291967,-34.5722207386664,29,0.2413793103448276,-0.0188493982948724,-20.371024161917532,39,0.1794871794871795,-0.016198488518598658
25,2.0,0.01,0.1,0.03,12,False,0.003,0,-29.986014262960204,-37.804428840224695,29,0.2413793103448276,-0.020178672156860027,-22.16759968569571,39,0.1794871794871795,-0.01744458231839008
25,2.0,0.01,0.1,0.03,12,True,0.001,0,-19.30366964957962,-24.634517826574175,29,0.27586206896551724,-0.01508369998217794,-13.97282147258507,39,0.20512820512820512,-0.012260258515261753
25,2.0,0.01,0.1,0.03,12,True,0.002,0,-28.709924096124702,-34.5722207386664,29,0.2413793103448276,-0.0188493982948724,-22.847627453583005,39,0.1794871794871795,-0.016862518288758864
25,2.0,0.01,0.1,0.03,12,True,0.003,0,-31.375849986336668,-37.804428840224695,29,0.2413793103448276,-0.020178672156860027,-24.947271132448638,39,0.1794871794871795,-0.018135293725068526
25,2.0,0.01,0.1,0.03,24,False,0.001,0,-10.118758759957325,-14.329991917999793,29,0.2413793103448276,-0.01207263536663258,-5.907525601914857,39,0.23076923076923078,-0.007120367295482514
25,2.0,0.01,0.1,0.03,24,False,0.002,0,-16.664080838951005,-22.98665603903734,29,0.20689655172413793,-0.01730821161475859,-10.341505638864673,39,0.20512820512820512,-0.011574460019572883
25,2.0,0.01,0.1,0.03,24,False,0.003,0,-18.20295383905996,-24.995408155664524,29,0.1724137931034483,-0.018540919934062726,-11.410499522455394,39,0.20512820512820512,-0.012699681057833402
25,2.0,0.01,0.1,0.03,24,True,0.001,0,-16.194382454303934,-20.229968085348553,29,0.27586206896551724,-0.014379350472051062,-12.158796823259319,39,0.28205128205128205,-0.011150798113964891
25,2.0,0.01,0.1,0.03,24,True,0.002,0,-24.27684791809826,-28.557897954701257,29,0.20689655172413793,-0.018753043093451,-19.99579788149526,39,0.2564102564102564,-0.01573052685384529
25,2.0,0.01,0.1,0.03,24,True,0.003,0,-26.43764746360861,-30.966689025505847,29,0.20689655172413793,-0.019982864611339645,-21.908605901711372,39,0.23076923076923078,-0.016980865731532752
25,2.0,0.01,0.1,0.03,48,False,0.001,0,-8.650633082031227,-9.16572227218554,29,0.2413793103448276,-0.009790566778550017,-8.135543891876914,38,0.18421052631578946,-0.009898947522981252
25,2.0,0.01,0.1,0.03,48,False,0.002,0,-14.686081907639085,-16.67477687503052,29,0.20689655172413793,-0.01543289070198251,-12.697386940247648,38,0.15789473684210525,-0.014329491782591653
25,2.0,0.01,0.1,0.03,48,False,0.003,0,-15.852827811972432,-18.091800037292714,29,0.1724137931034483,-0.01659846455110405,-13.61385558665215,38,0.15789473684210525,-0.01534400927106603
25,2.0,0.01,0.1,0.03,48,True,0.001,0,-16.629364478616505,-21.09993213397369,29,0.27586206896551724,-0.015087196120705158,-12.158796823259319,39,0.28205128205128205,-0.011150798113964891
25,2.0,0.01,0.1,0.03,48,True,0.002,0,-24.27684791809826,-28.557897954701257,29,0.20689655172413793,-0.018753043093451,-19.99579788149526,39,0.2564102564102564,-0.01573052685384529
25,2.0,0.01,0.1,0.03,48,True,0.003,0,-26.43764746360861,-30.966689025505847,29,0.20689655172413793,-0.019982864611339645,-21.908605901711372,39,0.23076923076923078,-0.016980865731532752
25,2.0,0.01,0.15,0.02,12,False,0.001,0,-24.12596048676982,-28.626864951049484,31,0.1935483870967742,-0.012787929720085819,-19.62505602249016,40,0.125,-0.011843585554304259
25,2.0,0.01,0.15,0.02,12,False,0.002,0,-29.00718159033964,-36.03717507903871,31,0.16129032258064516,-0.01512563533022966,-21.97718810164057,40,0.125,-0.01306221947103115
25,2.0,0.01,0.15,0.02,12,False,0.003,0,-37.23770617596331,-49.076039926298535,32,0.125,-0.01760532367656993,-25.39937242562808,40,0.125,-0.014907657555042572
25,2.0,0.01,0.15,0.02,12,True,0.001,0,-25.859189028331382,-28.626864951049484,31,0.1935483870967742,-0.012787929720085819,-23.09151310561328,40,0.125,-0.01242933861308226
25,2.0,0.01,0.15,0.02,12,True,0.002,0,-30.921383989999644,-36.03717507903871,31,0.16129032258064516,-0.01512563533022966,-25.805592900960576,40,0.125,-0.013646802189642987
25,2.0,0.01,0.15,0.02,12,True,0.003,0,-39.408974213627225,-49.076039926298535,32,0.125,-0.01760532367656993,-29.741908500955912,40,0.125,-0.015491072266004768
25,2.0,0.01,0.15,0.02,24,False,0.001,0,-15.623745615009327,-18.58246276829326,31,0.16129032258064516,-0.01144506732210633,-12.66502846172539,40,0.125,-0.010853322893411257
25,2.0,0.01,0.15,0.02,24,False,0.002,0,-24.377695564951157,-34.72865392094506,31,0.0967741935483871,-0.01656051078279191,-14.026737208957256,40,0.125,-0.011947817533901364
25,2.0,0.01,0.15,0.02,24,False,0.003,0,-29.235973762980695,-38.58128333988321,32,0.09375,-0.017827191024435533,-19.890664186078183,40,0.1,-0.015395185721406806
25,2.0,0.01,0.15,0.02,24,True,0.001,0,-24.338948065442295,-26.996941608807422,31,0.16129032258064516,-0.013298368394698378,-21.68095452207717,40,0.175,-0.012297425032652081
25,2.0,0.01,0.15,0.02,24,True,0.002,0,-34.73290246193473,-45.30983505258195,31,0.0967741935483871,-0.01756912939836904,-24.15596987128751,40,0.175,-0.013466396562824876
25,2.0,0.01,0.15,0.02,24,True,0.003,0,-39.30213859451069,-50.233871573440986,32,0.09375,-0.018802338044889275,-28.370405615580385,40,0.125,-0.015377432444367466
25,2.0,0.01,0.15,0.02,48,False,0.001,0,-16.631963472768902,-23.39211548213076,31,0.16129032258064516,-0.012878688423531263,-9.871811463407042,40,0.075,-0.010217822147553597
25,2.0,0.01,0.15,0.02,48,False,0.002,0,-23.06193050840705,-35.23920183691216,31,0.0967741935483871,-0.016754573557029633,-10.884659179901938,40,0.075,-0.011236224305109024
25,2.0,0.01,0.15,0.02,48,False,0.003,0,-25.495995944957166,-39.089435625469115,32,0.09375,-0.018014813712690814,-11.90255626444522,40,0.075,-0.012254518037836247
25,2.0,0.01,0.15,0.02,48,True,0.001,0,-24.338948065442295,-26.996941608807422,31,0.16129032258064516,-0.013298368394698378,-21.68095452207717,40,0.175,-0.012297425032652081
25,2.0,0.01,0.15,0.02,48,True,0.002,0,-34.73290246193473,-45.30983505258195,31,0.0967741935483871,-0.01756912939836904,-24.15596987128751,40,0.175,-0.013466396562824876
25,2.0,0.01,0.15,0.02,48,True,0.003,0,-39.30213859451069,-50.233871573440986,32,0.09375,-0.018802338044889275,-28.370405615580385,40,0.125,-0.015377432444367466
25,2.0,0.01,0.15,0.03,12,False,0.001,0,-17.24717742009937,-21.8004410738345,29,0.27586206896551724,-0.014376684263270201,-12.693913766364243,39,0.20512820512820512,-0.01166802997796205
25,2.0,0.01,0.15,0.03,12,False,0.002,0,-27.59041604263694,-34.5722207386664,29,0.2413793103448276,-0.0188493982948724,-20.60861134660747,39,0.1794871794871795,-0.016262946269669804
25,2.0,0.01,0.15,0.03,12,False,0.003,0,-30.16964527502526,-37.804428840224695,29,0.2413793103448276,-0.020178672156860027,-22.53486170982583,39,0.1794871794871795,-0.0175369196625432
25,2.0,0.01,0.15,0.03,12,True,0.001,0,-19.324594374527674,-24.634517826574175,29,0.27586206896551724,-0.01508369998217794,-14.014670922481171,39,0.20512820512820512,-0.012277211628102611
25,2.0,0.01,0.15,0.03,12,True,0.002,0,-28.709924096124702,-34.5722207386664,29,0.2413793103448276,-0.0188493982948724,-22.847627453583005,39,0.1794871794871795,-0.016862518288758864
25,2.0,0.01,0.15,0.03,12,True,0.003,0,-31.375849986336668,-37.804428840224695,29,0.2413793103448276,-0.020178672156860027,-24.947271132448638,39,0.1794871794871795,-0.018135293725068526
25,2.0,0.01,0.15,0.03,24,False,0.001,0,-10.855851432363117,-14.329991917999793,29,0.2413793103448276,-0.01207263536663258,-7.381710946726441,39,0.23076923076923078,-0.008731157043234569
25,2.0,0.01,0.15,0.03,24,False,0.002,0,-17.54500911953904,-22.98665603903734,29,0.20689655172413793,-0.01730821161475859,-12.10336220004074,39,0.20512820512820512,-0.013211572924922158
25,2.0,0.01,0.15,0.03,24,False,0.003,0,-19.13841309836649,-24.995408155664524,29,0.1724137931034483,-0.018540919934062726,-13.281418041068463,39,0.20512820512820512,-0.014388266633356888
25,2.0,0.01,0.15,0.03,24,True,0.001,0,-16.212506527429067,-20.229968085348553,29,0.27586206896551724,-0.014379350472051062,-12.195044969509583,39,0.28205128205128205,-0.011167751226805753
25,2.0,0.01,0.15,0.03,24,True,0.002,0,-24.27684791809826,-28.557897954701257,29,0.20689655172413793,-0.018753043093451,-19.99579788149526,39,0.2564102564102564,-0.01573052685384529
25,2.0,0.01,0.15,0.03,24,True,0.003,0,-26.43764746360861,-30.966689025505847,29,0.20689655172413793,-0.019982864611339645,-21.908605901711372,39,0.23076923076923078,-0.016980865731532752
25,2.0,0.01,0.15,0.03,48,False,0.001,0,-9.590989676354344,-13.308424302856341,29,0.2413793103448276,-0.012280948800371973,-5.873555049852344,38,0.18421052631578946,-0.008024147805263454
25,2.0,0.01,0.15,0.03,48,False,0.002,0,-15.745010840739354,-21.46749185060466,29,0.20689655172413793,-0.017257788784011775,-10.022529830874047,38,0.15789473684210525,-0.012766037354985087
25,2.0,0.01,0.15,0.03,48,False,0.003,0,-17.109589994037364,-23.28211945859331,29,0.1724137931034483,-0.018457382894557534,-10.937060529481414,38,0.15789473684210525,-0.013867301764429253
25,2.0,0.01,0.15,0.03,48,True,0.001,0,-16.647488551741638,-21.09993213397369,29,0.27586206896551724,-0.015087196120705158,-12.195044969509583,39,0.28205128205128205,-0.011167751226805753
25,2.0,0.01,0.15,0.03,48,True,0.002,0,-24.27684791809826,-28.557897954701257,29,0.20689655172413793,-0.018753043093451,-19.99579788149526,39,0.2564102564102564,-0.01573052685384529
25,2.0,0.01,0.15,0.03,48,True,0.003,0,-26.43764746360861,-30.966689025505847,29,0.20689655172413793,-0.019982864611339645,-21.908605901711372,39,0.23076923076923078,-0.016980865731532752
25,2.5,0.0,0.05,0.02,12,False,0.001,0,-20.326511391964733,-19.699804413134583,30,0.2,-0.011135460458712191,-20.953218370794882,37,0.16216216216216217,-0.011307039755635667
25,2.5,0.0,0.05,0.02,12,False,0.002,0,-25.853345089955294,-28.445005662970182,30,0.1,-0.015296758804685364,-23.261684516940406,37,0.16216216216216217,-0.012459824384370453
25,2.5,0.0,0.05,0.02,12,False,0.003,0,-34.72364351624424,-42.69836240257473,31,0.06451612903225806,-0.01879616652883101,-26.748924629913738,37,0.16216216216216217,-0.014290574617964302
25,2.5,0.0,0.05,0.02,12,True,0.001,0,-23.572963522712115,-18.225710338053197,30,0.23333333333333334,-0.01003129386800047,-28.92021670737103,37,0.16216216216216217,-0.012773420709313895
25,2.5,0.0,0.05,0.02,12,True,0.002,0,-31.47198841851089,-30.458907422689578,30,0.13333333333333333,-0.015065844685940338,-32.4850694143322,37,0.16216216216216217,-0.014007986015992286
25,2.5,0.0,0.05,0.02,12,True,0.003,0,-43.02329625087246,-48.33917205715384,31,0.0967741935483871,-0.01863817482322749,-37.70742044459109,37,0.16216216216216217,-0.01592018426023908
25,2.5,0.0,0.05,0.02,24,False,0.001,0,-12.081049127472983,-8.864342351604202,30,0.23333333333333334,-0.006347541123992676,-15.297755903341764,37,0.16216216216216217,-0.010135675675675651
25,2.5,0.0,0.05,0.02,24,False,0.002,0,-22.761430084571693,-28.71202347791936,30,0.1,-0.015467499999999948,-16.810836691224022,37,0.16216216216216217,-0.011127027027026972
25,2.5,0.0,0.05,0.02,24,False,0.003,0,-32.89343671112616,-42.95279581141413,31,0.06451612903225806,-0.018929677419354796,-22.83407761083819,37,0.13513513513513514,-0.014003648648648592
25,2.5,0.0,0.05,0.02,24,True,0.001,0,-20.151404864059366,-13.552929112210094,30,0.26666666666666666,-0.008134693726950394,-26.749880615908637,37,0.1891891891891892,-0.012761594911556148
25,2.5,0.0,0.05,0.02,24,True,0.002,0,-30.310736488300307,-30.73695844997393,30,0.13333333333333333,-0.015236585881254924,-29.88451452662669,37,0.1891891891891892,-0.013943475077671602
25,2.5,0.0,0.05,0.02,24,True,0.003,0,-42.08189841792473,-48.60882751397663,31,0.0967741935483871,-0.018771685713751273,-35.554969321872825,37,0.16216216216216217,-0.015927591784922975
25,2.5,0.0,0.05,0.02,48,False,0.001,0,-11.043222910061298,-6.788689916780831,30,0.23333333333333334,-0.005161166666666635,-15.297755903341764,37,0.16216216216216217,-0.010135675675675651
25,2.5,0.0,0.05,0.02,48,False,0.002,0,-22.761430084571693,-28.71202347791936,30,0.1,-0.015467499999999948,-16.810836691224022,37,0.16216216216216217,-0.011127027027026972
25,2.5,0.0,0.05,0.02,48,False,0.003,0,-32.89343671112616,-42.95279581141413,31,0.06451612903225806,-0.018929677419354796,-22.83407761083819,37,0.13513513513513514,-0.014003648648648592
25,2.5,0.0,0.05,0.02,48,True,0.001,0,-20.151404864059366,-13.552929112210094,30,0.26666666666666666,-0.008134693726950394,-26.749880615908637,37,0.1891891891891892,-0.012761594911556148
25,2.5,0.0,0.05,0.02,48,True,0.002,0,-30.310736488300307,-30.73695844997393,30,0.13333333333333333,-0.015236585881254924,-29.88451452662669,37,0.1891891891891892,-0.013943475077671602
25,2.5,0.0,0.05,0.02,48,True,0.003,0,-42.08189841792473,-48.60882751397663,31,0.0967741935483871,-0.018771685713751273,-35.554969321872825,37,0.16216216216216217,-0.015927591784922975
25,2.5,0.0,0.05,0.03,12,False,0.001,0,-19.86578047615615,-17.989542522515404,29,0.27586206896551724,-0.013105915360991021,-21.742018429796897,37,0.21621621621621623,-0.015338548287555522
25,2.5,0.0,0.05,0.03,12,False,0.002,0,-27.272688521041697,-25.713122287801806,29,0.2413793103448276,-0.017086291856909155,-28.83225475428159,37,0.1891891891891892,-0.018671498588567394
25,2.5,0.0,0.05,0.03,12,False,0.003,0,-28.54227382141323,-26.18270740712158,30,0.26666666666666666,-0.017354347794471738,-30.901840235704878,37,0.1891891891891892,-0.019844770511947534
25,2.5,0.0,0.05,0.03,12,True,0.001,0,-21.949714608153947,-17.11871161052857,29,0.3103448275862069,-0.011938807458429714,-26.78071760577932,37,0.21621621621621623,-0.016804929241233748
25,2.5,0.0,0.05,0.03,12,True,0.002,0,-30.341093693679756,-24.111528118919544,29,0.27586206896551724,-0.015672018120700286,-36.57065926843997,37,0.1891891891891892,-0.020219660220189225
25,2.5,0.0,0.05,0.03,12,True,0.003,0,-32.27685601738309,-24.89945389673936,30,0.3,-0.016056811714952324,-39.65425813802682,37,0.1891891891891892,-0.021474380154222317
25,2.5,0.0,0.05,0.03,24,False,0.001,0,-12.323589449758348,-11.00403046297209,29,0.27586206896551724,-0.009593965109796383,-13.643148436544609,37,0.24324324324324326,-0.012024729729729683
25,2.5,0.0,0.05,0.03,24,False,0.002,0,-17.10937076071579,-16.261344541669576,29,0.2413793103448276,-0.01344274298548024,-17.957396979762006,37,0.21621621621621623,-0.015170945945945907
25,2.5,0.0,0.05,0.03,24,False,0.003,0,-18.76493669660818,-17.340183716072033,30,0.23333333333333334,-0.014077789543120335,-20.189689677144326,37,0.21621621621621623,-0.016631086656643947
25,2.5,0.0,0.05,0.03,24,True,0.001,0,-18.026630194558773,-14.548660559477467,29,0.3448275862068966,-0.011011620456730587,-21.50459982964008,37,0.2702702702702703,-0.015226792788962867
25,2.5,0.0,0.05,0.03,24,True,0.002,0,-24.666307247039903,-20.573104640292946,29,0.3103448275862069,-0.014680120744336002,-28.75950985378686,37,0.24324324324324326,-0.018590354597163284
25,2.5,0.0,0.05,0.03,24,True,0.003,0,-26.63434479721265,-22.181361111464362,30,0.3,-0.015449265619374307,-31.087328482960935,37,0.24324324324324326,-0.01979411615020786
25,2.5,0.0,0.05,0.03,48,False,0.001,0,-11.472340238865112,-9.301532041185617,28,0.2857142857142857,-0.008632142857142812,-13.643148436544609,37,0.24324324324324326,-0.012024729729729683
25,2.5,0.0,0.05,0.03,48,False,0.002,0,-15.99782248223796,-14.038247984713918,28,0.25,-0.012474999999999976,-17.957396979762006,37,0.21621621621621623,-0.015170945945945907
25,2.5,0.0,0.05,0.03,48,False,0.003,0,-15.794921457744909,-12.444618316061515,29,0.27586206896551724,-0.011403275862068926,-19.145224599428303,37,0.21621621621621623,-0.016158243243243206
25,2.5,0.0,0.05,0.03,48,True,0.001,0,-18.026630194558773,-14.548660559477467,29,0.3448275862068966,-0.011011620456730587,-21.50459982964008,37,0.2702702702702703,-0.015226792788962867
25,2.5,0.0,0.05,0.03,48,True,0.002,0,-24.666307247039903,-20.573104640292946,29,0.3103448275862069,-0.014680120744336002,-28.75950985378686,37,0.24324324324324326,-0.018590354597163284
25,2.5,0.0,0.05,0.03,48,True,0.003,0,-26.63434479721265,-22.181361111464362,30,0.3,-0.015449265619374307,-31.087328482960935,37,0.24324324324324326,-0.01979411615020786
25,2.5,0.0,0.08,0.02,12,False,0.001,0,-16.936132532573488,-16.10318781340123,30,0.2,-0.010349351769539883,-17.76907725174575,37,0.16216216216216217,-0.010651303282313502
25,2.5,0.0,0.08,0.02,12,False,0.002,0,-21.83155891882211,-23.638931932068157,30,0.1,-0.014580876628477877,-20.02418590557607,37,0.16216216216216217,-0.01186106499253696
25,2.5,0.0,0.08,0.02,12,False,0.003,0,-26.948099431505426,-30.515528378927904,31,0.06451612903225806,-0.01747625691606769,-23.380670484082952,37,0.16216216216216217,-0.013748567249268836
25,2.5,0.0,0.08,0.02,12,True,0.001,0,-22.5535233347722,-16.18682996217337,30,0.23333333333333334,-0.009683854672500845,-28.92021670737103,37,0.16216216216216217,-0.012773420709313895
25,2.5,0.0,0.08,0.02,12,True,0.002,0,-29.72177996726934,-26.95849052020648,30,0.13333333333333333,-0.014752930101188265,-32.4850694143322,37,0.16216216216216217,-0.014007986015992286
25,2.5,0.0,0.08,0.02,12,True,0.003,0,-36.5280959954394,-35.34877154628772,31,0.0967741935483871,-0.017673819984517815,-37.70742044459109,37,0.16216216216216217,-0.01592018426023908
25,2.5,0.0,0.08,0.02,24,False,0.001,0,-12.070066668470764,-5.941245622982103,30,0.2,-0.005201680656661535,-18.198887713959426,37,0.10810810810810811,-0.01269265042212336
25,2.5,0.0,0.08,0.02,24,False,0.002,0,-22.245298291666934,-24.69149021931593,30,0.06666666666666667,-0.015799999999999956,-19.799106364017934,37,0.10810810810810811,-0.013737517972657548
25,2.5,0.0,0.08,0.02,24,False,0.003,0,-28.294819186601117,-27.003491123258144,31,0.06451612903225806,-0.017000967741935442,-29.586147249944094,37,0.08108108108108109,-0.017326257203383953
25,2.5,0.0,0.08,0.02,24,True,0.001,0,-20.983465713459314,-15.217050811009988,30,0.23333333333333334,-0.00946602706028372,-26.749880615908637,37,0.1891891891891892,-0.012761594911556148
25,2.5,0.0,0.08,0.02,24,True,0.002,0,-31.136296643804233,-32.38807876098178,30,0.1,-0.01656658588125493,-29.88451452662669,37,0.1891891891891892,-0.013943475077671602
25,2.5,0.0,0.08,0.02,24,True,0.003,0,-35.56265856771871,-35.57034781356459,31,0.0967741935483871,-0.0178073308750416,-35.554969321872825,37,0.16216216216216217,-0.015927591784922975
25,2.5,0.0,0.08,0.02,48,False,0.001,0,-10.941877653391076,-2.803133533833638,30,0.2,-0.002737401453085775,-19.080621772948515,37,0.08108108108108109,-0.013374054054054025
25,2.5,0.0,0.08,0.02,48,False,0.002,0,-27.049103489126075,-24.69149021931593,30,0.06666666666666667,-0.015799999999999956,-29.40671675893622,37,0.05405405405405406,-0.017058108108108046
25,2.5,0.0,0.08,0.02,48,False,0.003,0,-29.070088544151062,-27.003491123258144,31,0.06451612903225806,-0.017000967741935442,-31.136685965043984,37,0.05405405405405406,-0.018043513513513465
25,2.5,0.0,0.08,0.02,48,True,0.001,0,-20.983465713459314,-15.217050811009988,30,0.23333333333333334,-0.00946602706028372,-26.749880615908637,37,0.1891891891891892,-0.012761594911556148
25,2.5,0.0,0.08,0.02,48,True,0.002,0,-31.136296643804233,-32.38807876098178,30,0.1,-0.01656658588125493,-29.88451452662669,37,0.1891891891891892,-0.013943475077671602
25,2.5,0.0,0.08,0.02,48,True,0.003,0,-35.56265856771871,-35.57034781356459,31,0.0967741935483871,-0.0178073308750416,-35.554969321872825,37,0.16216216216216217,-0.015927591784922975
25,2.5,0.0,0.08,0.03,12,False,0.001,0,-15.16607906973315,-13.157515013628467,29,0.27586206896551724,-0.011259768441157598,-17.174643125837836,37,0.21621621621621623,-0.013873217219638762
25,2.5,0.0,0.08,0.03,12,False,0.002,0,-24.07769436877714,-22.290939790709075,29,0.2413793103448276,-0.016345724088418653,-25.864448946845208,37,0.1891891891891892,-0.0180727391967339
25,2.5,0.0,0.08,0.03,12,False,0.003,0,-25.49622558010924,-23.036390317655766,30,0.26666666666666666,-0.01670841464938955,-27.95606084256271,37,0.1891891891891892,-0.019302763143252067
25,2.5,0.0,0.08,0.03,12,True,0.001,0,-19.40164712283726,-15.697179024977391,29,0.3103448275862069,-0.011579387601016308,-23.10611522069713,37,0.21621621621621623,-0.015995334646639155
25,2.5,0.0,0.08,0.03,12,True,0.002,0,-29.368453531021785,-22.1662477936036,29,0.27586206896551724,-0.015348313377853319,-36.57065926843997,37,0.1891891891891892,-0.020219660220189225
25,2.5,0.0,0.08,0.03,12,True,0.003,0,-31.350399542862405,-23.04654094769799,30,0.3,-0.015778285169725573,-39.65425813802682,37,0.1891891891891892,-0.021474380154222317
25,2.5,0.0,0.08,0.03,24,False,0.001,0,-9.40691110035751,-4.624976441552033,29,0.27586206896551724,-0.005030882430860657,-14.188845759162986,37,0.1891891891891892,-0.013920396862560483
25,2.5,0.0,0.08,0.03,24,False,0.002,0,-14.972988002288737,-9.89561520599772,29,0.2413793103448276,-0.009988609274811733,-20.050360798579757,37,0.16216216216216217,-0.0179573955118027
25,2.5,0.0,0.08,0.03,24,False,0.003,0,-16.145133566182974,-10.945454546446792,30,0.23333333333333334,-0.010811997637418578,-21.344812585919154,37,0.16216216216216217,-0.019025545391197617
25,2.5,0.0,0.08,0.03,24,True,0.001,0,-15.409363761911955,-12.265295880207937,29,0.3448275862068966,-0.010035752711971041,-18.553431643615973,37,0.2702702702702703,-0.014306719897324276
25,2.5,0.0,0.08,0.03,24,True,0.002,0,-23.016711551719556,-17.648252181127138,29,0.3103448275862069,-0.013741199782867617,-28.385170922311975,37,0.24324324324324326,-0.01850833387713607
25,2.5,0.0,0.08,0.03,24,True,0.003,0,-25.015895966347596,-19.209294945407503,30,0.3,-0.014577218302993111,-30.82249698728769,37,0.24324324324324326,-0.019740439731750683
25,2.5,0.0,0.08,0.03,48,False,0.001,0,-8.260325375954272,-1.1342458464692888,28,0.2857142857142857,-0.0013993586997347398,-15.386404905439255,36,0.16666666666666666,-0.015080694607591325
25,2.5,0.0,0.08,0.03,48,False,0.002,0,-16.768856144810073,-5.414086867093129,28,0.25,-0.006355267387992139,-28.123625422527017,36,0.1111111111111111,-0.022190852437180098
25,2.5,0.0,0.08,0.03,48,False,0.003,0,-16.579789107495042,-3.703935693079047,29,0.27586206896551724,-0.004505302888301811,-29.455642521911038,36,0.1111111111111111,-0.023198954230569706
25,2.5,0.0,0.08,0.03,48,True,0.001,0,-15.409363761911955,-12.265295880207937,29,0.3448275862068966,-0.010035752711971041,-18.553431643615973,37,0.2702702702702703,-0.014306719897324276
25,2.5,0.0,0.08,0.03,48,True,0.002,0,-23.016711551719556,-17.648252181127138,29,0.3103448275862069,-0.013741199782867617,-28.385170922311975,37,0.24324324324324326,-0.01850833387713607
25,2.5,0.0,0.08,0.03,48,True,0.003,0,-25.015895966347596,-19.209294945407503,30,0.3,-0.014577218302993111,-30.82249698728769,37,0.24324324324324326,-0.019740439731750683
25,2.5,0.0,0.1,0.02,12,False,0.001,0,-19.599930654142412,-23.776505827755678,30,0.2,-0.012180538722076082,-15.423355480529144,37,0.16216216216216217,-0.010111573552583766
25,2.5,0.0,0.1,0.02,12,False,0.002,0,-26.22676805757269,-35.012048386917115,30,0.1,-0.016444225300995475,-17.44148772822827,37,0.16216216216216217,-0.011321875803347774
25,2.5,0.0,0.1,0.02,12,False,0.003,0,-33.828622611594405,-47.19559145385689,31,0.06451612903225806,-0.019310490346255045,-20.461653769331914,37,0.16216216216216217,-0.013209918600620194
25,2.5,0.0,0.1,0.02,12,True,0.001,0,-27.05661902005557,-25.193021332740116,30,0.23333333333333334,-0.011515041625037045,-28.92021670737103,37,0.16216216216216217,-0.012773420709313895
25,2.5,0.0,0.1,0.02,12,True,0.002,0,-38.51188042830392,-44.538691442275635,30,0.13333333333333333,-0.016616278773705865,-32.4850694143322,37,0.16216216216216217,-0.014007986015992286
25,2.5,0.0,0.1,0.02,12,True,0.003,0,-51.5621930299705,-65.41696561534991,31,0.0967741935483871,-0.01950805341470517,-37.70742044459109,37,0.16216216216216217,-0.01592018426023908
25,2.5,0.0,0.1,0.02,24,False,0.001,0,-12.500224179845995,-8.148312106799583,30,0.16666666666666666,-0.00719868065666154,-16.852136252892407,37,0.10810810810810811,-0.012343122109092663
25,2.5,0.0,0.1,0.02,24,False,0.002,0,-25.933967746774393,-33.406861566598515,30,0.03333333333333333,-0.018459999999999945,-18.46107392695027,37,0.10810810810810811,-0.01341719378313137
25,2.5,0.0,0.1,0.02,24,False,0.003,0,-31.69326684073711,-36.02188899647215,31,0.03225806451612903,-0.019572580645161246,-27.364644685002066,37,0.08108108108108109,-0.01703502183537493
25,2.5,0.0,0.1,0.02,24,True,0.001,0,-27.24612654180141,-27.742372467694178,30,0.2,-0.012794360393617053,-26.749880615908637,37,0.1891891891891892,-0.012761594911556148
25,2.5,0.0,0.1,0.02,24,True,0.002,0,-55.2640338285566,-80.64355313048651,30,0.06666666666666667,-0.019891585881254926,-29.88451452662669,37,0.1891891891891892,-0.013943475077671602
25,2.5,0.0,0.1,0.02,24,True,0.003,0,-62.25757014009422,-88.96017095831562,31,0.06451612903225806,-0.021021847004073856,-35.554969321872825,37,0.16216216216216217,-0.015927591784922975
25,2.5,0.0,0.1,0.02,48,False,0.001,0,-14.235033994228454,-6.9524171921643605,30,0.16666666666666666,-0.006605074176931739,-21.517650796292546,37,0.05405405405405406,-0.01499324324324321
25,2.5,0.0,0.1,0.02,48,False,0.002,0,-28.181632882768724,-33.406861566598515,30,0.03333333333333333,-0.018459999999999945,-22.956404198938934,37,0.05405405405405406,-0.015979729729729667
25,2.5,0.0,0.1,0.02,48,False,0.003,0,-30.20996710570155,-36.02188899647215,31,0.03225806451612903,-0.019572580645161246,-24.398045214930956,37,0.05405405405405406,-0.016966216216216173
25,2.5,0.0,0.1,0.02,48,True,0.001,0,-27.24612654180141,-27.742372467694178,30,0.2,-0.012794360393617053,-26.749880615908637,37,0.1891891891891892,-0.012761594911556148
25,2.5,0.0,0.1,0.02,48,True,0.002,0,-55.2640338285566,-80.64355313048651,30,0.06666666666666667,-0.019891585881254926,-29.88451452662669,37,0.1891891891891892,-0.013943475077671602
25,2.5,0.0,0.1,0.02,48,True,0.003,0,-62.25757014009422,-88.96017095831562,31,0.06451612903225806,-0.021021847004073856,-35.554969321872825,37,0.16216216216216217,-0.015927591784922975
25,2.5,0.0,0.1,0.03,12,False,0.001,0,-16.88347246488268,-19.44255863030092,29,0.27586206896551724,-0.013799458829945023,-14.324386299464443,37,0.21621621621621623,-0.012793757760179296
25,2.5,0.0,0.1,0.03,12,False,0.002,0,-26.74829790311084,-30.13290182542434,29,0.2413793103448276,-0.01827332616343686,-23.36369398079734,37,0.1891891891891892,-0.017533550007544713
25,2.5,0.0,0.1,0.03,12,False,0.003,0,-28.0916112832725,-30.92102590196977,30,0.26666666666666666,-0.01860378919391648,-25.26219666457523,37,0.1891891891891892,-0.018764114494603426
25,2.5,0.0,0.1,0.03,12,True,0.001,0,-21.24147450922058,-21.709188192717097,29,0.3103448275862069,-0.01347371893122617,-20.773760825724068,37,0.21621621621621623,-0.015455604916909425
25,2.5,0.0,0.1,0.03,12,True,0.002,0,-33.74920101206746,-30.927742755694954,29,0.27586206896551724,-0.01727591545287152,-36.57065926843997,37,0.1891891891891892,-0.020219660220189225
25,2.5,0.0,0.1,0.03,12,True,0.003,0,-35.77675665226563,-31.89925516650444,30,0.3,-0.017673659714252502,-39.65425813802682,37,0.1891891891891892,-0.021474380154222317
25,2.5,0.0,0.1,0.03,24,False,0.001,0,-9.627249948850034,-6.7607935401593755,29,0.2413793103448276,-0.007226592913129777,-12.493706357540692,37,0.1891891891891892,-0.013023586970097902
25,2.5,0.0,0.1,0.03,24,False,0.002,0,-15.824086967828329,-12.472361908646139,29,0.20689655172413793,-0.012534852140040272,-19.17581202701052,37,0.16216216216216217,-0.017658578168439916
25,2.5,0.0,0.1,0.03,24,False,0.003,0,-17.068703061162772,-13.561168984614675,30,0.2,-0.013307175831264237,-20.57623713771087,37,0.16216216216216217,-0.018784759475760516
25,2.5,0.0,0.1,0.03,24,True,0.001,0,-17.840604923778724,-18.83342350896883,29,0.3103448275862069,-0.013115320856420394,-16.847786338588616,37,0.2702702702702703,-0.013766990167594549
25,2.5,0.0,0.1,0.03,24,True,0.002,0,-27.782913451928046,-27.180655981544113,29,0.27586206896551724,-0.017524820472522785,-28.385170922311975,37,0.24324324324324326,-0.01850833387713607
25,2.5,0.0,0.1,0.03,24,True,0.003,0,-29.950092443841896,-29.0776879003961,30,0.26666666666666666,-0.018231051636326445,-30.82249698728769,37,0.24324324324324326,-0.019740439731750683
25,2.5,0.0,0.1,0.03,48,False,0.001,0,-9.809121561163927,-4.502707363256772,28,0.25,-0.005573610743963897,-15.115535759071083,36,0.1388888888888889,-0.01591277794092465
25,2.5,0.0,0.1,0.03,48,False,0.002,0,-16.078750929703197,-10.040363530141631,28,0.21428571428571427,-0.011311503426578424,-22.117138329264765,36,0.1111111111111111,-0.0205283524371801
25,2.5,0.0,0.1,0.03,48,False,0.003,0,-15.188844024117714,-7.1359782048266,29,0.20689655172413793,-0.00866950698025452,-23.241709843408827,36,0.1111111111111111,-0.02153812089723638
25,2.5,0.0,0.1,0.03,48,True,0.001,0,-18.275665247616043,-19.70354415664347,29,0.3103448275862069,-0.01382316650507449,-16.847786338588616,37,0.2702702702702703,-0.013766990167594549
25,2.5,0.0,0.1,0.03,48,True,0.002,0,-27.782913451928046,-27.180655981544113,29,0.27586206896551724,-0.017524820472522785,-28.385170922311975,37,0.24324324324324326,-0.01850833387713607
25,2.5,0.0,0.1,0.03,48,True,0.003,0,-29.950092443841896,-29.0776879003961,30,0.26666666666666666,-0.018231051636326445,-30.82249698728769,37,0.24324324324324326,-0.019740439731750683
25,2.5,0.0,0.15,0.02,12,False,0.001,0,-17.53147206469838,-23.776505827755678,30,0.2,-0.012180538722076082,-11.286438301641086,37,0.16216216216216217,-0.008949286841511618
25,2.5,0.0,0.15,0.02,12,False,0.002,0,-24.00844501522966,-35.012048386917115,30,0.1,-0.016444225300995475,-13.004841643542203,37,0.16216216216216217,-0.01019149280392234
25,2.5,0.0,0.15,0.02,12,False,0.003,0,-31.38680421044587,-47.19559145385689,31,0.06451612903225806,-0.019310490346255045,-15.578016967034849,37,0.16216216216216217,-0.012111316475888052
25,2.5,0.0,0.15,0.02,12,True,0.001,0,-27.05661902005557,-25.193021332740116,30,0.23333333333333334,-0.011515041625037045,-28.92021670737103,37,0.16216216216216217,-0.012773420709313895
25,2.5,0.0,0.15,0.02,12,True,0.002,0,-38.51188042830392,-44.538691442275635,30,0.13333333333333333,-0.016616278773705865,-32.4850694143322,37,0.16216216216216217,-0.014007986015992286
25,2.5,0.0,0.15,0.02,12,True,0.003,0,-51.5621930299705,-65.41696561534991,31,0.0967741935483871,-0.01950805341470517,-37.70742044459109,37,0.16216216216216217,-0.01592018426023908
25,2.5,0.0,0.15,0.02,24,False,0.001,0,-8.979106149811187,-5.489230306611688,30,0.16666666666666666,-0.005632093266845942,-12.468981993010686,37,0.10810810810810811,-0.010993797784768347
25,2.5,0.0,0.15,0.02,24,False,0.002,0,-17.611240094664375,-21.457590906104688,30,0.03333333333333333,-0.01679749999999996,-13.764889283224061,37,0.10810810810810811,-0.012069220810158399
25,2.5,0.0,0.15,0.02,24,False,0.003,0,-21.534236552373066,-23.339188027202084,31,0.03225806451612903,-0.017965322580645125,-19.72928507754405,37,0.08108108108108109,-0.015688400213753312
25,2.5,0.0,0.15,0.02,24,True,0.001,0,-27.24612654180141,-27.742372467694178,30,0.2,-0.012794360393617053,-26.749880615908637,37,0.1891891891891892,-0.012761594911556148
25,2.5,0.0,0.15,0.02,24,True,0.002,0,-55.2640338285566,-80.64355313048651,30,0.06666666666666667,-0.019891585881254926,-29.88451452662669,37,0.1891891891891892,-0.013943475077671602
25,2.5,0.0,0.15,0.02,24,True,0.003,0,-62.25757014009422,-88.96017095831562,31,0.06451612903225806,-0.021021847004073856,-35.554969321872825,37,0.16216216216216217,-0.015927591784922975
25,2.5,0.0,0.15,0.02,48,False,0.001,0,-7.703237208887915,-2.951414805138513,30,0.16666666666666666,-0.003534169368299043,-12.455059612637317,37,0.05405405405405406,-0.012294594594594577
25,2.5,0.0,0.15,0.02,48,False,0.002,0,-17.46412058358825,-21.457590906104688,30,0.03333333333333333,-0.01679749999999996,-13.470650261071814,37,0.05405405405405406,-0.013283783783783733
25,2.5,0.0,0.15,0.02,48,False,0.003,0,-18.913733626027998,-23.339188027202084,31,0.03225806451612903,-0.017965322580645125,-14.48827922485391,37,0.05405405405405406,-0.014272972972972935
25,2.5,0.0,0.15,0.02,48,True,0.001,0,-27.24612654180141,-27.742372467694178,30,0.2,-0.012794360393617053,-26.749880615908637,37,0.1891891891891892,-0.012761594911556148
25,2.5,0.0,0.15,0.02,48,True,0.002,0,-55.2640338285566,-80.64355313048651,30,0.06666666666666667,-0.019891585881254926,-29.88451452662669,37,0.1891891891891892,-0.013943475077671602
25,2.5,0.0,0.15,0.02,48,True,0.003,0,-62.25757014009422,-88.96017095831562,31,0.06451612903225806,-0.021021847004073856,-35.554969321872825,37,0.16216216216216217,-0.015927591784922975
25,2.5,0.0,0.15,0.03,12,False,0.001,0,-15.543150857476121,-19.44255863030092,29,0.27586206896551724,-0.013799458829945023,-11.643743084651321,37,0.21621621621621623,-0.011640476708470163
25,2.5,0.0,0.15,0.03,12,False,0.002,0,-24.44203798938893,-30.13290182542434,29,0.2413793103448276,-0.01827332616343686,-18.751174153353517,37,0.1891891891891892,-0.01640316700811928
25,2.5,0.0,0.15,0.03,12,False,0.003,0,-25.677146772167966,-30.92102590196977,30,0.26666666666666666,-0.01860378919391648,-20.43326764236616,37,0.1891891891891892,-0.01766551236987128
25,2.5,0.0,0.15,0.03,12,True,0.001,0,-21.278772085141114,-21.709188192717097,29,0.3103448275862069,-0.01347371893122617,-20.848355977565134,37,0.21621621621621623,-0.015473474414228167
25,2.5,0.0,0.15,0.03,12,True,0.002,0,-33.74920101206746,-30.927742755694954,29,0.27586206896551724,-0.01727591545287152,-36.57065926843997,37,0.1891891891891892,-0.020219660220189225
25,2.5,0.0,0.15,0.03,12,True,0.003,0,-35.77675665226563,-31.89925516650444,30,0.3,-0.017673659714252502,-39.65425813802682,37,0.1891891891891892,-0.021474380154222317
25,2.5,0.0,0.15,0.03,24,False,0.001,0,-7.431595700623836,-4.697555542715562,29,0.2413793103448276,-0.00560598526849295,-10.16563585853211,37,0.1891891891891892,-0.011700995981048058
25,2.5,0.0,0.15,0.03,24,False,0.002,0,-12.505714906799467,-9.43269219947534,29,0.20689655172413793,-0.010815024553833387,-15.578737614123593,37,0.16216216216216217,-0.016310605195466947
25,2.5,0.0,0.15,0.03,24,False,0.003,0,-13.580088182112151,-10.390818314480793,30,0.2,-0.01164634249793091,-16.76935804974351,37,0.16216216216216217,-0.017438137854138898
25,2.5,0.0,0.15,0.03,24,True,0.001,0,-17.868279259983858,-18.83342350896883,29,0.3103448275862069,-0.013115320856420394,-16.903135010998884,37,0.2702702702702703,-0.013784859664913291
25,2.5,0.0,0.15,0.03,24,True,0.002,0,-27.782913451928046,-27.180655981544113,29,0.27586206896551724,-0.017524820472522785,-28.385170922311975,37,0.24324324324324326,-0.01850833387713607
25,2.5,0.0,0.15,0.03,24,True,0.003,0,-29.950092443841896,-29.0776879003961,30,0.26666666666666666,-0.018231051636326445,-30.82249698728769,37,0.24324324324324326,-0.019740439731750683
25,2.5,0.0,0.15,0.03,48,False,0.001,0,-6.719012806857688,-2.1219646650699384,28,0.25,-0.0030079909047169263,-11.316060948645438,36,0.1388888888888889,-0.01395543891031243
25,2.5,0.0,0.15,0.03,48,False,0.002,0,-11.417597171666953,-5.931453632118177,28,0.21428571428571427,-0.008063358395068564,-16.90374071121573,36,0.1111111111111111,-0.018838806150274848
25,2.5,0.0,0.15,0.03,48,False,0.003,0,-11.690389562928566,-5.4972146727663285,29,0.20689655172413793,-0.007432793583296148,-17.883564453090802,36,0.1111111111111111,-0.019879534368211597
25,2.5,0.0,0.15,0.03,48,True,0.001,0,-18.303339583821177,-19.70354415664347,29,0.3103448275862069,-0.01382316650507449,-16.903135010998884,37,0.2702702702702703,-0.013784859664913291
25,2.5,0.0,0.15,0.03,48,True,0.002,0,-27.782913451928046,-27.180655981544113,29,0.27586206896551724,-0.017524820472522785,-28.385170922311975,37,0.24324324324324326,-0.01850833387713607
25,2.5,0.0,0.15,0.03,48,True,0.003,0,-29.950092443841896,-29.0776879003961,30,0.26666666666666666,-0.018231051636326445,-30.82249698728769,37,0.24324324324324326,-0.019740439731750683
25,2.5,0.005,0.05,0.02,12,False,0.001,0,-12.593061703343135,-13.753914034547636,21,0.19047619047619047,-0.008989837916937294,-11.432209372138635,27,0.2222222222222222,-0.007543609933063933
25,2.5,0.005,0.05,0.02,12,False,0.002,0,-14.313181804127343,-15.464984819895683,21,0.19047619047619047,-0.010077691104864938,-13.161378788359,27,0.2222222222222222,-0.008649462146818747
25,2.5,0.005,0.05,0.02,12,False,0.003,0,-20.824444233795948,-25.961190567612846,22,0.13636363636363635,-0.014264120450080693,-15.687697899979051,27,0.2222222222222222,-0.01032089692758159
25,2.5,0.005,0.05,0.02,12,True,0.001,0,-15.286164007983713,-18.07033894283564,21,0.19047619047619047,-0.010550727750205515,-12.501989073131785,27,0.2222222222222222,-0.007973501787145641
25,2.5,0.005,0.05,0.02,12,True,0.002,0,-17.26842832216003,-20.139165121221545,21,0.19047619047619047,-0.011685212888885695,-14.397691523098516,27,0.2222222222222222,-0.009117190002242623
25,2.5,0.005,0.05,0.02,12,True,0.003,0,-25.853029924015896,-34.57428029666015,22,0.13636363636363635,-0.01584290154297433,-17.131779551371643,27,0.2222222222222222,-0.0108263078697682
25,2.5,0.005,0.05,0.02,24,False,0.001,0,-8.314695472751762,-8.683690225470889,21,0.23809523809523808,-0.0062232750079158124,-7.945700720032636,27,0.2222222222222222,-0.0059377777777777415
25,2.5,0.005,0.05,0.02,24,False,0.002,0,-11.131757446334193,-12.976299711647707,21,0.19047619047619047,-0.00914999999999996,-9.287215181020679,27,0.2222222222222222,-0.006933333333333281
25,2.5,0.005,0.05,0.02,24,False,0.003,0,-16.619686493926547,-22.60795089343143,22,0.13636363636363635,-0.013917954545454504,-10.631422094421664,27,0.2222222222222222,-0.00792888888888886
25,2.5,0.005,0.05,0.02,24,True,0.001,0,-12.78175339561615,-13.572323364650783,21,0.23809523809523808,-0.008514755544753764,-11.991183426581518,27,0.2222222222222222,-0.007951426484026561
25,2.5,0.005,0.05,0.02,24,True,0.002,0,-16.03750327680183,-18.309982128632548,21,0.19047619047619047,-0.011242588313199502,-13.765024424971106,27,0.2222222222222222,-0.009059043538401423
25,2.5,0.005,0.05,0.02,24,True,0.003,0,-23.795935262670497,-32.028855189678524,22,0.13636363636363635,-0.016006222916909035,-15.56301533566247,27,0.2222222222222222,-0.010166204731958187
25,2.5,0.005,0.05,0.02,48,False,0.001,0,-7.126194152466928,-6.306687584901221,21,0.23809523809523808,-0.004828333333333319,-7.945700720032636,27,0.2222222222222222,-0.0059377777777777415
25,2.5,0.005,0.05,0.02,48,False,0.002,0,-11.131757446334193,-12.976299711647707,21,0.19047619047619047,-0.00914999999999996,-9.287215181020679,27,0.2222222222222222,-0.006933333333333281
25,2.5,0.005,0.05,0.02,48,False,0.003,0,-16.619686493926547,-22.60795089343143,22,0.13636363636363635,-0.013917954545454504,-10.631422094421664,27,0.2222222222222222,-0.00792888888888886
25,2.5,0.005,0.05,0.02,48,True,0.001,0,-12.78175339561615,-13.572323364650783,21,0.23809523809523808,-0.008514755544753764,-11.991183426581518,27,0.2222222222222222,-0.007951426484026561
25,2.5,0.005,0.05,0.02,48,True,0.002,0,-16.03750327680183,-18.309982128632548,21,0.19047619047619047,-0.011242588313199502,-13.765024424971106,27,0.2222222222222222,-0.009059043538401423
25,2.5,0.005,0.05,0.02,48,True,0.003,0,-23.795935262670497,-32.028855189678524,22,0.13636363636363635,-0.016006222916909035,-15.56301533566247,27,0.2222222222222222,-0.010166204731958187
25,2.5,0.005,0.05,0.03,12,False,0.001,0,-10.67595823366479,-6.71653862298163,20,0.35,-0.005546446034775804,-14.63537784434795,27,0.25925925925925924,-0.011981387710841694
25,2.5,0.005,0.05,0.03,12,False,0.002,0,-15.059390267380955,-14.082369287918377,20,0.3,-0.010831840000218229,-16.036411246843535,27,0.25925925925925924,-0.013082795480152096
25,2.5,0.005,0.05,0.03,12,False,0.003,0,-16.63792364538918,-15.830966587081278,20,0.3,-0.012122037365829091,-17.444880703697084,27,0.25925925925925924,-0.014183756073115103
25,2.5,0.005,0.05,0.03,12,True,0.001,0,-12.840351909140875,-10.154851266560087,20,0.35,-0.007648573787061119,-15.52585255172166,27,0.25925925925925924,-0.012411279564923399
25,2.5,0.005,0.05,0.03,12,True,0.002,0,-17.398273889558684,-17.750403562483005,20,0.3,-0.012519737873440023,-17.046144216634364,27,0.25925925925925924,-0.013550523335575973
25,2.5,0.005,0.05,0.03,12,True,0.003,0,-19.189663139901498,-19.7989693619379,20,0.3,-0.013858696568012094,-18.5803569178651,27,0.25925925925925924,-0.014689167015301714
25,2.5,0.005,0.05,0.03,24,False,0.001,0,-7.817975787128352,-3.699947383719036,20,0.35,-0.0034356264815273477,-11.936004190537668,27,0.25925925925925924,-0.01074537037037032
25,2.5,0.005,0.05,0.03,24,False,0.002,0,-11.335400402825535,-9.621208290881475,20,0.3,-0.008524245365750891,-13.049592514769596,27,0.25925925925925924,-0.011736111111111079
25,2.5,0.005,0.05,0.03,24,False,0.003,0,-12.523295934955794,-10.881176031828604,20,0.3,-0.00961846241861573,-14.165415838082982,27,0.25925925925925924,-0.012726851851851809
25,2.5,0.005,0.05,0.03,24,True,0.001,0,-12.161429800237702,-8.837779045384455,20,0.4,-0.007111114884994123,-15.485080555090951,27,0.25925925925925924,-0.012759019076619138
25,2.5,0.005,0.05,0.03,24,True,0.002,0,-16.287140332314813,-15.653407639695278,20,0.35,-0.011886836609879776,-16.920873024934345,27,0.25925925925925924,-0.01386182131617922
25,2.5,0.005,0.05,0.03,24,True,0.003,0,-17.914905044129746,-17.45881567874014,20,0.35,-0.013130736485283493,-18.370994409519348,27,0.25925925925925924,-0.014964167694921137
25,2.5,0.005,0.05,0.03,48,False,0.001,0,-7.752486529936263,-3.5689688693348582,20,0.35,-0.0034969999999999715,-11.936004190537668,27,0.25925925925925924,-0.01074537037037032
25,2.5,0.005,0.05,0.03,48,False,0.002,0,-11.035924734301844,-9.022256953834091,20,0.3,-0.008484999999999963,-13.049592514769596,27,0.25925925925925924,-0.011736111111111079
25,2.5,0.005,0.05,0.03,48,False,0.003,0,-12.127362958224822,-10.08931007836666,20,0.3,-0.009478999999999967,-14.165415838082982,27,0.25925925925925924,-0.012726851851851809
25,2.5,0.005,0.05,0.03,48,True,0.001,0,-12.161429800237702,-8.837779045384455,20,0.4,-0.007111114884994123,-15.485080555090951,27,0.25925925925925924,-0.012759019076619138
25,2.5,0.005,0.05,0.03,48,True,0.002,0,-16.287140332314813,-15.653407639695278,20,0.35,-0.011886836609879776,-16.920873024934345,27,0.25925925925925924,-0.01386182131617922
25,2.5,0.005,0.05,0.03,48,True,0.003,0,-17.914905044129746,-17.45881567874014,20,0.35,-0.013130736485283493,-18.370994409519348,27,0.25925925925925924,-0.014964167694921137
25,2.5,0.005,0.08,0.02,12,False,0.001,0,-10.508156575155724,-10.536957358932048,21,0.19047619047619047,-0.007866825503834,-10.479355791379401,27,0.18518518518518517,-0.007919487708497415
25,2.5,0.005,0.08,0.02,12,False,0.002,0,-12.149499859363923,-12.234701877069728,21,0.19047619047619047,-0.009055002281711388,-12.064297841658117,27,0.18518518518518517,-0.009063652367372346
25,2.5,0.005,0.08,0.02,12,False,0.003,0,-16.145724251105346,-17.919406026202683,22,0.13636363636363635,-0.012404247813914198,-14.372042476008009,27,0.18518518518518517,-0.010773244990954615
25,2.5,0.005,0.08,0.02,12,True,0.001,0,-13.422290375655113,-15.519144687935484,21,0.19047619047619047,-0.010054386042348908,-11.325436063374742,27,0.18518518518518517,-0.00834331660196045
25,2.5,0.005,0.08,0.02,12,True,0.002,0,-15.219583455849621,-17.488598485117485,21,0.19047619047619047,-0.011238192053525591,-12.950568426581757,27,0.18518518518518517,-0.009486634446687051
25,2.5,0.005,0.08,0.02,12,True,0.003,0,-19.94542229023176,-24.57528749131517,22,0.13636363636363635,-0.014484037906610703,-15.315557089148353,27,0.18518518518518517,-0.011195381943842264
25,2.5,0.005,0.08,0.02,24,False,0.001,0,-10.32285885867318,-9.134424998174898,21,0.19047619047619047,-0.0073505537692925855,-11.511292719171463,27,0.14814814814814814,-0.009316334092282828
25,2.5,0.005,0.08,0.02,24,False,0.002,0,-12.931080626378076,-13.058513737221132,21,0.14285714285714285,-0.010325250886624244,-12.803647515535022,27,0.14814814814814814,-0.01034567680530928
25,2.5,0.005,0.08,0.02,24,False,0.003,0,-14.759083499758178,-15.418738958772753,22,0.13636363636363635,-0.011914707401885116,-14.099428040743604,27,0.14814814814814814,-0.011374870982415086
25,2.5,0.005,0.08,0.02,24,True,0.001,0,-13.42573013130586,-15.884106103341344,21,0.19047619047619047,-0.010416660306658517,-10.967354159270377,27,0.18518518518518517,-0.008321241298841372
25,2.5,0.005,0.08,0.02,24,True,0.002,0,-16.525430390907175,-20.548845054277333,21,0.14285714285714285,-0.013142588313199506,-12.50201572753702,27,0.18518518518518517,-0.009428487982845849
25,2.5,0.005,0.08,0.02,24,True,0.003,0,-18.792732786959167,-23.5323180423119,22,0.13636363636363635,-0.014647359280545407,-14.053147531606436,27,0.18518518518518517,-0.010535278806032248
25,2.5,0.005,0.08,0.02,48,False,0.001,0,-10.148005964459347,-7.439099417406656,21,0.19047619047619047,-0.006235295553810686,-12.856912511512038,27,0.1111111111111111,-0.010375555555555508
25,2.5,0.005,0.08,0.02,48,False,0.002,0,-13.521633755105146,-12.944095220299067,21,0.14285714285714285,-0.010263769641639818,-14.099172289911227,27,0.1111111111111111,-0.011366666666666593
25,2.5,0.005,0.08,0.02,48,False,0.003,0,-15.322057791947831,-15.300190269747267,22,0.13636363636363635,-0.011856138016000262,-15.343925314148395,27,0.1111111111111111,-0.012357777777777749
25,2.5,0.005,0.08,0.02,48,True,0.001,0,-13.42573013130586,-15.884106103341344,21,0.19047619047619047,-0.010416660306658517,-10.967354159270377,27,0.18518518518518517,-0.008321241298841372
25,2.5,0.005,0.08,0.02,48,True,0.002,0,-16.525430390907175,-20.548845054277333,21,0.14285714285714285,-0.013142588313199506,-12.50201572753702,27,0.18518518518518517,-0.009428487982845849
25,2.5,0.005,0.08,0.02,48,True,0.003,0,-18.792732786959167,-23.5323180423119,22,0.13636363636363635,-0.014647359280545407,-14.053147531606436,27,0.18518518518518517,-0.010535278806032248
25,2.5,0.005,0.08,0.03,12,False,0.001,0,-8.328791755202506,-2.9503219299910834,20,0.35,-0.002869533001017342,-13.70726158041393,27,0.2222222222222222,-0.01249170748604858
25,2.5,0.005,0.08,0.03,12,False,0.002,0,-13.295242694532204,-11.484451209972445,20,0.3,-0.009758016735907002,-15.106034179091964,27,0.2222222222222222,-0.013670222536568556
25,2.5,0.005,0.08,0.03,12,False,0.003,0,-14.881337289541914,-13.240805045372571,20,0.3,-0.011153137648205812,-16.521869533711257,27,0.2222222222222222,-0.014847980244722735
25,2.5,0.005,0.08,0.03,12,True,0.001,0,-11.64893552920375,-8.853658956421032,20,0.35,-0.00712741499381168,-14.44421210198647,27,0.2222222222222222,-0.012915536379511617
25,2.5,0.005,0.08,0.03,12,True,0.002,0,-15.859990761319777,-15.849157301736359,20,0.3,-0.012050365996311915,-15.870824220903195,27,0.2222222222222222,-0.014093204615883263
25,2.5,0.005,0.08,0.03,12,True,0.003,0,-17.574350188157144,-17.834253098816447,20,0.3,-0.013440906750171969,-17.31444727749784,27,0.2222222222222222,-0.015270117197610384
25,2.5,0.005,0.08,0.03,24,False,0.001,0,-6.760573862720814,0.15613041953272055,20,0.35,0.00017078300912722194,-13.677278144974348,27,0.18518518518518517,-0.01375411187006059
25,2.5,0.005,0.08,0.03,24,False,0.002,0,-10.65642938549274,-6.594366243782452,20,0.3,-0.006573528423189151,-14.718492527203026,27,0.18518518518518517,-0.014779010138642633
25,2.5,0.005,0.08,0.03,24,False,0.003,0,-11.832692999498887,-7.903097506357685,20,0.3,-0.00782506531852024,-15.762288492640089,27,0.18518518518518517,-0.015803759871303953
25,2.5,0.005,0.08,0.03,24,True,0.001,0,-10.464447450447263,-6.450353727677394,20,0.4,-0.00569610665509278,-14.478541173217135,27,0.2222222222222222,-0.013263275891207352
25,2.5,0.005,0.08,0.03,24,True,0.002,0,-14.154289580528593,-12.473776902225534,20,0.35,-0.010525401215750617,-15.834802258831651,27,0.2222222222222222,-0.014404502596486509
25,2.5,0.005,0.08,0.03,24,True,0.003,0,-15.682473166134605,-14.157025400310413,20,0.35,-0.011822665510711702,-17.207920931958796,27,0.2222222222222222,-0.015545117877229802
25,2.5,0.005,0.08,0.03,48,False,0.001,0,-7.397133187117173,-1.1924576542246126,20,0.3,-0.0013798063592475346,-13.601808720009732,27,0.18518518518518517,-0.013690555773084744
25,2.5,0.005,0.08,0.03,48,False,0.002,0,-11.092764757558886,-7.542824741155529,20,0.25,-0.008019030921246699,-14.642704773962242,27,0.18518518518518517,-0.01471558102735125
25,2.5,0.005,0.08,0.03,48,False,0.003,0,-12.1693277962414,-8.652390846338994,20,0.25,-0.009165894671961295,-15.68626474614381,27,0.18518518518518517,-0.01574045749261146
25,2.5,0.005,0.08,0.03,48,True,0.001,0,-10.464447450447263,-6.450353727677394,20,0.4,-0.00569610665509278,-14.478541173217135,27,0.2222222222222222,-0.013263275891207352
25,2.5,0.005,0.08,0.03,48,True,0.002,0,-14.154289580528593,-12.473776902225534,20,0.35,-0.010525401215750617,-15.834802258831651,27,0.2222222222222222,-0.014404502596486509
25,2.5,0.005,0.08,0.03,48,True,0.003,0,-15.682473166134605,-14.157025400310413,20,0.35,-0.011822665510711702,-17.207920931958796,27,0.2222222222222222,-0.015545117877229802
25,2.5,0.005,0.1,0.02,12,False,0.001,0,-12.564560507311022,-17.732268328294545,21,0.19047619047619047,-0.010482806864599998,-7.396852686327501,27,0.18518518518518517,-0.006440228449238151
25,2.5,0.005,0.1,0.02,12,False,0.002,0,-14.461364411637081,-20.170850109875076,21,0.19047619047619047,-0.01171692895673653,-8.751878713399089,27,0.18518518518518517,-0.007585874589594577
25,2.5,0.005,0.1,0.02,12,False,0.003,0,-19.819030334306113,-28.901381460583934,22,0.13636363636363635,-0.014988849465541828,-10.736679208028294,27,0.18518518518518517,-0.009296948694658328
25,2.5,0.005,0.1,0.02,12,True,0.001,0,-18.40023601798403,-28.03569158648093,21,0.19047619047619047,-0.012670367403114906,-8.764780449487136,27,0.18518518518518517,-0.007234502348429185
25,2.5,0.005,0.1,0.02,12,True,0.002,0,-20.884716358753117,-31.484398023075553,21,0.19047619047619047,-0.013900118728550733,-10.285034694430681,27,0.18518518518518517,-0.008419099067029211
25,2.5,0.005,0.1,0.02,12,True,0.003,0,-29.90779398502982,-47.331830468915165,22,0.13636363636363635,-0.017068639558238334,-12.483757501144478,27,0.18518518518518517,-0.010168964923592195
25,2.5,0.005,0.1,0.02,24,False,0.001,0,-12.11970004020134,-15.275781229671654,21,0.14285714285714285,-0.011154363293102114,-8.963618850731027,27,0.14814814814814814,-0.008097721218870394
25,2.5,0.005,0.1,0.02,24,False,0.002,0,-15.071438027670938,-19.954172332482422,21,0.09523809523809523,-0.014125250886624233,-10.188703722859454,27,0.14814814814814814,-0.00916782513818082
25,2.5,0.005,0.1,0.02,24,False,0.003,0,-16.966610790339953,-22.510668167318492,22,0.09090909090909091,-0.015538343765521483,-11.422553413361415,27,0.14814814814814814,-0.010237622515143463
25,2.5,0.005,0.1,0.02,24,True,0.001,0,-22.631070652588928,-36.72789905871789,21,0.14285714285714285,-0.015171422211420418,-8.534242246459966,27,0.18518518518518517,-0.007212427045310104
25,2.5,0.005,0.1,0.02,24,True,0.002,0,-28.963375760858824,-47.94878165371182,21,0.09523809523809523,-0.017892588313199505,-9.97796986800583,27,0.18518518518518517,-0.00836095260318801
25,2.5,0.005,0.1,0.02,24,True,0.003,0,-32.52777759328959,-53.6108432032784,22,0.09090909090909091,-0.01917690473509086,-11.444711983300783,27,0.18518518518518517,-0.009508861785782183
25,2.5,0.005,0.1,0.02,48,False,0.001,0,-10.725417966079666,-13.028029902290262,21,0.14285714285714285,-0.010039105077620215,-8.42280602986907,27,0.1111111111111111,-0.008156666666666612
25,2.5,0.005,0.1,0.02,48,False,0.002,0,-14.624674678743617,-19.791326839996938,21,0.09523809523809523,-0.01406376964163981,-9.458022517490294,27,0.1111111111111111,-0.009149999999999934
25,2.5,0.005,0.1,0.02,48,False,0.003,0,-16.41818251785863,-22.341048325718443,22,0.09090909090909091,-0.01547977437963663,-10.495316709998814,27,0.1111111111111111,-0.010143333333333308
25,2.5,0.005,0.1,0.02,48,True,0.001,0,-22.631070652588928,-36.72789905871789,21,0.14285714285714285,-0.015171422211420418,-8.534242246459966,27,0.18518518518518517,-0.007212427045310104
25,2.5,0.005,0.1,0.02,48,True,0.002,0,-28.963375760858824,-47.94878165371182,21,0.09523809523809523,-0.017892588313199505,-9.97796986800583,27,0.18518518518518517,-0.00836095260318801
25,2.5,0.005,0.1,0.02,48,True,0.003,0,-32.52777759328959,-53.6108432032784,22,0.09090909090909091,-0.01917690473509086,-11.444711983300783,27,0.18518518518518517,-0.009508861785782183
25,2.5,0.005,0.1,0.03,12,False,0.001,0,-9.490200890389065,-8.11051863481285,20,0.35,-0.006552084064759106,-10.869883145965279,27,0.2222222222222222,-0.011012448226789318
25,2.5,0.005,0.1,0.03,12,False,0.002,0,-14.943505379055788,-17.78387898444715,20,0.3,-0.0125530397446834,-12.103131773664426,27,0.2222222222222222,-0.012192444758790789
25,2.5,0.005,0.1,0.03,12,False,0.003,0,-16.74876147413522,-20.149114117493347,20,0.3,-0.013996199464996206,-13.3484088307771,27,0.2222222222222222,-0.013371683948426449
25,2.5,0.005,0.1,0.03,12,True,0.001,0,-13.583105916102795,-15.019647179981346,20,0.35,-0.00987419542261598,-12.146564652224246,27,0.2222222222222222,-0.011806722125980352
25,2.5,0.005,0.1,0.03,12,True,0.002,0,-19.37950432232927,-25.241209958505923,20,0.3,-0.014845389005088316,-13.517798686152618,27,0.2222222222222222,-0.013025669236225423
25,2.5,0.005,0.1,0.03,12,True,0.003,0,-21.57777292890885,-28.244817371834415,20,0.3,-0.016283968566962365,-14.910728485983288,27,0.2222222222222222,-0.014243700177360312
25,2.5,0.005,0.1,0.03,24,False,0.001,0,-7.525300808284237,-3.9412173832478556,20,0.3,-0.004011497190163003,-11.10938423332062,27,0.18518518518518517,-0.012248172633359856
25,2.5,0.005,0.1,0.03,24,False,0.002,0,-11.939642709149036,-11.70195099237904,20,0.25,-0.011062278423189133,-12.177334425919032,27,0.18518518518518517,-0.013354206687777573
25,2.5,0.005,0.1,0.03,24,False,0.003,0,-13.19237687879113,-13.129198796370117,20,0.25,-0.012309315318520241,-13.255554961212141,27,0.18518518518518517,-0.014459774011348068
25,2.5,0.005,0.1,0.03,24,True,0.001,0,-13.077638231252038,-13.908464591458838,20,0.35,-0.010161480464544341,-12.246811871045239,27,0.2222222222222222,-0.012154461637676087
25,2.5,0.005,0.1,0.03,24,True,0.002,0,-18.67437226724075,-23.79259773525379,20,0.3,-0.01601165121575061,-13.556146799227706,27,0.2222222222222222,-0.013336967216828668
25,2.5,0.005,0.1,0.03,24,True,0.003,0,-20.536975834257326,-26.187344878314345,20,0.3,-0.017303415510711698,-14.886606790200307,27,0.2222222222222222,-0.014518700856979734
25,2.5,0.005,0.1,0.03,48,False,0.001,0,-6.871272254771597,-4.693897349409718,20,0.25,-0.005416250135399413,-9.048647160133475,27,0.18518518518518517,-0.010732037254566215
25,2.5,0.005,0.1,0.03,48,False,0.002,0,-11.666284884390251,-13.403918403835089,20,0.2,-0.013102123061413593,-9.928651364945413,27,0.18518518518518517,-0.011760025471795698
25,2.5,0.005,0.1,0.03,48,False,0.003,0,-12.773363913755361,-14.7360372839592,20,0.2,-0.014296922623349995,-10.810690543551523,27,0.18518518518518517,-0.012787864900018875
25,2.5,0.005,0.1,0.03,48,True,0.001,0,-13.67966799824944,-15.112524125453643,20,0.35,-0.011187856655092783,-12.246811871045239,27,0.2222222222222222,-0.012154461637676087
25,2.5,0.005,0.1,0.03,48,True,0.002,0,-18.67437226724075,-23.79259773525379,20,0.3,-0.01601165121575061,-13.556146799227706,27,0.2222222222222222,-0.013336967216828668
25,2.5,0.005,0.1,0.03,48,True,0.003,0,-20.536975834257326,-26.187344878314345,20,0.3,-0.017303415510711698,-14.886606790200307,27,0.2222222222222222,-0.014518700856979734
25,2.5,0.005,0.15,0.02,12,False,0.001,0,-11.816718737136245,-17.732268328294545,21,0.19047619047619047,-0.010482806864599998,-5.901169145977944,27,0.18518518518518517,-0.0055914639005683895
25,2.5,0.005,0.15,0.02,12,False,0.002,0,-13.723706709146402,-20.170850109875076,21,0.19047619047619047,-0.01171692895673653,-7.276563308417726,27,0.18518518518518517,-0.006819880970594595
25,2.5,0.005,0.15,0.02,12,False,0.003,0,-19.081321162470232,-28.901381460583934,22,0.13636363636363635,-0.014988849465541828,-9.261260864356528,27,0.18518518518518517,-0.00861339864626253
25,2.5,0.005,0.15,0.02,12,True,0.001,0,-18.439681480362374,-28.03569158648093,21,0.19047619047619047,-0.012670367403114906,-8.843671374243817,27,0.18518518518518517,-0.007271793499579809
25,2.5,0.005,0.15,0.02,12,True,0.002,0,-20.974405274820462,-31.484398023075553,21,0.19047619047619047,-0.013900118728550733,-10.46441252656537,27,0.18518518518518517,-0.008496853255132532
25,2.5,0.005,0.15,0.02,12,True,0.003,0,-30.05958512876821,-47.331830468915165,22,0.13636363636363635,-0.017068639558238334,-12.787339788621253,27,0.18518518518518517,-0.010287020307536705
25,2.5,0.005,0.15,0.02,24,False,0.001,0,-7.791558285245588,-8.994072233921386,21,0.14285714285714285,-0.008776982340721162,-6.58904433656979,27,0.14814814814814814,-0.006798071155611146
25,2.5,0.005,0.15,0.02,24,False,0.002,0,-9.960868977774016,-12.213360658401093,21,0.09523809523809523,-0.011750250886624245,-7.7083772971469395,27,0.14814814814814814,-0.00790946671741592
25,2.5,0.005,0.15,0.02,24,False,0.003,0,-11.485148238457626,-14.131268043639169,22,0.09090909090909091,-0.013273571038248767,-8.839028433276084,27,0.14814814814814814,-0.009020395935116297
25,2.5,0.005,0.15,0.02,24,True,0.001,0,-22.668782067518677,-36.72789905871789,21,0.14285714285714285,-0.015171422211420418,-8.60966507631947,27,0.18518518518518517,-0.007249718196460728
25,2.5,0.005,0.15,0.02,24,True,0.002,0,-29.04879605960966,-47.94878165371182,21,0.09523809523809523,-0.017892588313199505,-10.148810465507504,27,0.18518518518518517,-0.00843870679129133
25,2.5,0.005,0.15,0.02,24,True,0.003,0,-32.66828126229694,-53.6108432032784,22,0.09090909090909091,-0.01917690473509086,-11.725719321315468,27,0.18518518518518517,-0.009626917169726691
25,2.5,0.005,0.15,0.02,48,False,0.001,0,-6.1075339662921575,-7.62596562358414,21,0.14285714285714285,-0.007661724125239265,-4.589102309000175,27,0.1111111111111111,-0.005520075388997496
25,2.5,0.005,0.15,0.02,48,False,0.002,0,-8.794127321426561,-12.125490822748999,21,0.09523809523809523,-0.011688769641639823,-5.462763820104126,27,0.1111111111111111,-0.006555528970366824
25,2.5,0.005,0.15,0.02,48,False,0.003,0,-10.19089480730234,-14.041510528887633,22,0.09090909090909091,-0.013215001652363912,-6.340279085717049,27,0.1111111111111111,-0.007590824789334471
25,2.5,0.005,0.15,0.02,48,True,0.001,0,-22.668782067518677,-36.72789905871789,21,0.14285714285714285,-0.015171422211420418,-8.60966507631947,27,0.18518518518518517,-0.007249718196460728
25,2.5,0.005,0.15,0.02,48,True,0.002,0,-29.04879605960966,-47.94878165371182,21,0.09523809523809523,-0.017892588313199505,-10.148810465507504,27,0.18518518518518517,-0.00843870679129133
25,2.5,0.005,0.15,0.02,48,True,0.003,0,-32.66828126229694,-53.6108432032784,22,0.09090909090909091,-0.01917690473509086,-11.725719321315468,27,0.18518518518518517,-0.009626917169726691
25,2.5,0.005,0.15,0.03,12,False,0.001,0,-8.750899953996196,-8.11051863481285,20,0.35,-0.006552084064759106,-9.391281273179544,27,0.2222222222222222,-0.010163683678119555
25,2.5,0.005,0.15,0.03,12,False,0.002,0,-14.227428727850697,-17.78387898444715,20,0.3,-0.0125530397446834,-10.670978471254246,27,0.2222222222222222,-0.011426451139790806
25,2.5,0.005,0.15,0.03,12,False,0.003,0,-16.062809821679757,-20.149114117493347,20,0.3,-0.013996199464996206,-11.976505525866166,27,0.2222222222222222,-0.012688133900030648
25,2.5,0.005,0.15,0.03,12,True,0.001,0,-13.619805220635165,-15.019647179981346,20,0.35,-0.00987419542261598,-12.219963261288981,27,0.2222222222222222,-0.011844013277130975
25,2.5,0.005,0.15,0.03,12,True,0.002,0,-19.46137331250173,-25.241209958505923,20,0.3,-0.014845389005088316,-13.68153666649754,27,0.2222222222222222,-0.013103423424328743
25,2.5,0.005,0.15,0.03,12,True,0.003,0,-21.710575618198874,-28.244817371834415,20,0.3,-0.016283968566962365,-15.176333864563336,27,0.2222222222222222,-0.014361755561304822
25,2.5,0.005,0.15,0.03,24,False,0.001,0,-5.142268807837571,-1.2573586614286674,20,0.3,-0.001515247190163003,-9.027178954246473,27,0.18518518518518517,-0.010948522570100604
25,2.5,0.005,0.15,0.03,24,False,0.002,0,-8.733877535984057,-7.432408261797344,20,0.25,-0.008568528423189151,-10.03534681017077,27,0.18518518518518517,-0.012095848267012675
25,2.5,0.005,0.15,0.03,24,False,0.003,0,-9.80935389616345,-8.563710472503443,20,0.25,-0.009818065318520251,-11.054997319823457,27,0.18518518518518517,-0.013242547431320903
25,2.5,0.005,0.15,0.03,24,True,0.001,0,-13.113416583337695,-13.908464591458838,20,0.35,-0.010161480464544341,-12.318368575216555,27,0.2222222222222222,-0.012191752788826712
25,2.5,0.005,0.15,0.03,24,True,0.002,0,-18.753927906528588,-23.79259773525379,20,0.3,-0.01601165121575061,-13.715258077803385,27,0.2222222222222222,-0.013414721404931988
25,2.5,0.005,0.15,0.03,24,True,0.003,0,-20.66563850499344,-26.187344878314345,20,0.3,-0.017303415510711698,-15.143932131672534,27,0.2222222222222222,-0.014636756240924243
25,2.5,0.005,0.15,0.03,48,False,0.001,0,-5.155430591469793,-3.0822652019612864,20,0.25,-0.003934489573402701,-7.2285959809783,27,0.18518518518518517,-0.00957391596280817
25,2.5,0.005,0.15,0.03,48,False,0.002,0,-8.532977393594278,-8.973307089954288,20,0.2,-0.010608373061413615,-8.092647697234268,27,0.18518518518518517,-0.010681607976047735
25,2.5,0.005,0.15,0.03,48,False,0.003,0,-9.499899120863255,-10.03789247374594,20,0.2,-0.01180567262335001,-8.96190576798057,27,0.18518518518518517,-0.011788837335659578
25,2.5,0.005,0.15,0.03,48,True,0.001,0,-13.7154463503351,-15.112524125453643,20,0.35,-0.011187856655092783,-12.318368575216555,27,0.2222222222222222,-0.012191752788826712
25,2.5,0.005,0.15,0.03,48,True,0.002,0,-18.753927906528588,-23.79259773525379,20,0.3,-0.01601165121575061,-13.715258077803385,27,0.2222222222222222,-0.013414721404931988
25,2.5,0.005,0.15,0.03,48,True,0.003,0,-20.66563850499344,-26.187344878314345,20,0.3,-0.017303415510711698,-15.143932131672534,27,0.2222222222222222,-0.014636756240924243
25,2.5,0.01,0.05,0.02,12,False,0.001,0,-17.268045598952824,-13.323597999882772,6,0.16666666666666666,-0.008802574162038076,-21.21249319802288,20,0.15,-0.011861028963310987
25,2.5,0.01,0.05,0.02,12,False,0.002,0,-19.163750116233583,-15.062759314398072,6,0.16666666666666666,-0.009958794023427002,-23.264740918069094,20,0.15,-0.012950773913228006
25,2.5,0.01,0.05,0.02,12,False,0.003,0,-299.95819222240476,-573.2679155394637,6,0.0,-0.022740193732293756,-26.64846890534583,20,0.15,-0.0148042589270885
25,2.5,0.01,0.05,0.02,12,True,0.001,0,-17.268045598952824,-13.323597999882772,6,0.16666666666666666,-0.008802574162038076,-21.21249319802288,20,0.15,-0.011861028963310987
25,2.5,0.01,0.05,0.02,12,True,0.002,0,-19.163750116233583,-15.062759314398072,6,0.16666666666666666,-0.009958794023427002,-23.264740918069094,20,0.15,-0.012950773913228006
25,2.5,0.01,0.05,0.02,12,True,0.003,0,-299.95819222240476,-573.2679155394637,6,0.0,-0.022740193732293756,-26.64846890534583,20,0.15,-0.0148042589270885
25,2.5,0.01,0.05,0.02,24,False,0.001,0,-10.726412606600048,-4.336742038787165,6,0.3333333333333333,-0.003053962527705411,-17.116083174412932,20,0.15,-0.010985749999999971
25,2.5,0.01,0.05,0.02,24,False,0.002,0,-17.417443307215784,-16.156872700857875,6,0.16666666666666666,-0.010812499999999928,-18.678013913573693,20,0.15,-0.011976249999999947
25,2.5,0.01,0.05,0.02,24,False,0.003,0,-455531251.56448704,-911062482.8858945,6,0.0,-0.023429999999999968,-20.243079486003847,20,0.15,-0.012966749999999977
25,2.5,0.01,0.05,0.02,24,True,0.001,0,-13.918939599818241,-5.96287495056033,6,0.3333333333333333,-0.004084374047066928,-21.875004249076152,20,0.15,-0.012448992566705461
25,2.5,0.01,0.05,0.02,24,True,0.002,0,-19.979900490466086,-16.156872700857875,6,0.16666666666666666,-0.010812499999999928,-23.802928280074294,20,0.15,-0.013488807148794635
25,2.5,0.01,0.05,0.02,24,True,0.003,0,-455531254.31509215,-911062482.8858945,6,0.0,-0.023429999999999968,-25.74428976803401,20,0.15,-0.014528418811935982
25,2.5,0.01,0.05,0.02,48,False,0.001,0,-7.479190728462505,2.1577017174879205,6,0.3333333333333333,0.0018283333333333127,-17.116083174412932,20,0.15,-0.010985749999999971
25,2.5,0.01,0.05,0.02,48,False,0.002,0,-17.417443307215784,-16.156872700857875,6,0.16666666666666666,-0.010812499999999928,-18.678013913573693,20,0.15,-0.011976249999999947
25,2.5,0.01,0.05,0.02,48,False,0.003,0,-455531251.56448704,-911062482.8858945,6,0.0,-0.023429999999999968,-20.243079486003847,20,0.15,-0.012966749999999977
25,2.5,0.01,0.05,0.02,48,True,0.001,0,-13.918939599818241,-5.96287495056033,6,0.3333333333333333,-0.004084374047066928,-21.875004249076152,20,0.15,-0.012448992566705461
25,2.5,0.01,0.05,0.02,48,True,0.002,0,-19.979900490466086,-16.156872700857875,6,0.16666666666666666,-0.010812499999999928,-23.802928280074294,20,0.15,-0.013488807148794635
25,2.5,0.01,0.05,0.02,48,True,0.003,0,-455531254.31509215,-911062482.8858945,6,0.0,-0.023429999999999968,-25.74428976803401,20,0.15,-0.014528418811935982
25,2.5,0.01,0.05,0.03,12,False,0.001,0,-9.207559270278443,2.6991780527535196,6,0.5,0.0019158068721348911,-21.114296593310407,20,0.2,-0.01585502896331096
25,2.5,0.01,0.05,0.03,12,False,0.002,0,-11.143247890260398,0.35015045863700234,6,0.5,0.0002489571199561288,-22.6366462391578,20,0.2,-0.01694077391322802
25,2.5,0.01,0.05,0.03,12,False,0.003,0,-13.076337323464278,-1.9865348658228177,6,0.5,-0.0014152415448571772,-24.166139781105738,20,0.2,-0.018026118773558752
25,2.5,0.01,0.05,0.03,12,True,0.001,0,-9.207559270278443,2.6991780527535196,6,0.5,0.0019158068721348911,-21.114296593310407,20,0.2,-0.01585502896331096
25,2.5,0.01,0.05,0.03,12,True,0.002,0,-11.143247890260398,0.35015045863700234,6,0.5,0.0002489571199561288,-22.6366462391578,20,0.2,-0.01694077391322802
25,2.5,0.01,0.05,0.03,12,True,0.003,0,-13.076337323464278,-1.9865348658228177,6,0.5,-0.0014152415448571772,-24.166139781105738,20,0.2,-0.018026118773558752
25,2.5,0.01,0.05,0.03,24,False,0.001,1,-4.318099652429369,10.201190930073007,6,0.5,0.008689578394908781,-18.837390234931746,20,0.2,-0.015478999999999942
25,2.5,0.01,0.05,0.03,24,False,0.002,1,-5.71327503378002,8.630854491910714,6,0.5,0.007344182114163606,-20.057404559470754,20,0.2,-0.01646499999999996
25,2.5,0.01,0.05,0.03,24,False,0.003,1,-7.111269130138947,7.057329222399727,6,0.5,0.00600012527128086,-21.27986748267762,20,0.2,-0.017450999999999967
25,2.5,0.01,0.05,0.03,24,True,0.001,1,-7.749444061203499,6.777401733234056,6,0.6666666666666666,0.004971698834103133,-22.276289855641053,20,0.2,-0.016942242566705436
25,2.5,0.01,0.05,0.03,24,True,0.002,0,-9.48060348935354,4.749185428049401,6,0.6666666666666666,0.0034596037299323783,-23.71039240675648,20,0.2,-0.01797755714879464
25,2.5,0.01,0.05,0.03,24,True,0.003,0,-11.22864205928857,2.694287226282438,6,0.6666666666666666,0.0019495290777215984,-25.151571344859576,20,0.2,-0.019012668811935966
25,2.5,0.01,0.05,0.03,48,False,0.001,1,-5.2883182935400885,8.260753647851569,6,0.5,0.008485000000000036,-18.837390234931746,20,0.2,-0.015478999999999942
25,2.5,0.01,0.05,0.03,48,False,0.002,1,-6.386331189022961,7.284742181424831,6,0.5,0.00747500000000002,-20.057404559470754,20,0.2,-0.01646499999999996
25,2.5,0.01,0.05,0.03,48,False,0.003,1,-7.48654782331986,6.306771836037901,6,0.5,0.00646500000000006,-21.27986748267762,20,0.2,-0.017450999999999967
25,2.5,0.01,0.05,0.03,48,True,0.001,1,-7.749444061203499,6.777401733234056,6,0.6666666666666666,0.004971698834103133,-22.276289855641053,20,0.2,-0.016942242566705436
25,2.5,0.01,0.05,0.03,48,True,0.002,0,-9.48060348935354,4.749185428049401,6,0.6666666666666666,0.0034596037299323783,-23.71039240675648,20,0.2,-0.01797755714879464
25,2.5,0.01,0.05,0.03,48,True,0.003,0,-11.22864205928857,2.694287226282438,6,0.6666666666666666,0.0019495290777215984,-25.151571344859576,20,0.2,-0.019012668811935966
25,2.5,0.01,0.08,0.02,12,False,0.001,0,-18.40614471790226,-25.41371514487994,6,0.16666666666666666,-0.012057878184539956,-11.39857429092458,20,0.15,-0.008865528963310984
25,2.5,0.01,0.08,0.02,12,False,0.002,0,-20.804624468697547,-28.774273893713477,6,0.16666666666666666,-0.013381721099666635,-12.83497504368162,20,0.15,-0.009958273913227983
25,2.5,0.01,0.08,0.02,12,False,0.003,0,-294.2379034166716,-573.2679155394637,6,0.0,-0.022740193732293756,-15.207891293879477,20,0.15,-0.011814758927088486
25,2.5,0.01,0.08,0.02,12,True,0.001,0,-18.40614471790226,-25.41371514487994,6,0.16666666666666666,-0.012057878184539956,-11.39857429092458,20,0.15,-0.008865528963310984
25,2.5,0.01,0.08,0.02,12,True,0.002,0,-20.804624468697547,-28.774273893713477,6,0.16666666666666666,-0.013381721099666635,-12.83497504368162,20,0.15,-0.009958273913227983
25,2.5,0.01,0.08,0.02,12,True,0.003,0,-294.2379034166716,-573.2679155394637,6,0.0,-0.022740193732293756,-15.207891293879477,20,0.15,-0.011814758927088486
25,2.5,0.01,0.08,0.02,24,False,0.001,0,-22.432628873874325,-37.78441939424871,6,0.16666666666666666,-0.01470312919437206,-7.080838353499942,20,0.15,-0.006492499999999961
25,2.5,0.01,0.08,0.02,24,False,0.002,0,-436477867.36778504,-872955726.5613801,6,0.0,-0.022449999999999932,-8.174189884350348,20,0.15,-0.007487499999999922
25,2.5,0.01,0.08,0.02,24,False,0.003,0,-455531246.0778152,-911062482.8858945,6,0.0,-0.023429999999999968,-9.269735798542792,20,0.15,-0.008482499999999966
25,2.5,0.01,0.08,0.02,24,True,0.001,0,-29.857861908044466,-47.69506140594611,6,0.16666666666666666,-0.015733540713733573,-12.020662410142817,20,0.15,-0.009453492566705458
25,2.5,0.01,0.08,0.02,24,True,0.002,0,-436477869.97094864,-872955726.5613801,6,0.0,-0.022449999999999932,-13.380517086391993,20,0.15,-0.010496307148794608
25,2.5,0.01,0.08,0.02,24,True,0.003,0,-455531248.8160455,-911062482.8858945,6,0.0,-0.023429999999999968,-14.746196448916425,20,0.15,-0.011538918811935965
25,2.5,0.01,0.08,0.02,48,False,0.001,0,-12.701546535355154,-18.322254717210367,6,0.16666666666666666,-0.011015340598762427,-7.080838353499942,20,0.15,-0.006492499999999961
25,2.5,0.01,0.08,0.02,48,False,0.002,0,-436477867.36778504,-872955726.5613801,6,0.0,-0.022449999999999932,-8.174189884350348,20,0.15,-0.007487499999999922
25,2.5,0.01,0.08,0.02,48,False,0.003,0,-455531246.0778152,-911062482.8858945,6,0.0,-0.023429999999999968,-9.269735798542792,20,0.15,-0.008482499999999966
25,2.5,0.01,0.08,0.02,48,True,0.001,0,-29.857861908044466,-47.69506140594611,6,0.16666666666666666,-0.015733540713733573,-12.020662410142817,20,0.15,-0.009453492566705458
25,2.5,0.01,0.08,0.02,48,True,0.002,0,-436477869.97094864,-872955726.5613801,6,0.0,-0.022449999999999932,-13.380517086391993,20,0.15,-0.010496307148794608
25,2.5,0.01,0.08,0.02,48,True,0.003,0,-455531248.8160455,-911062482.8858945,6,0.0,-0.023429999999999968,-14.746196448916425,20,0.15,-0.011538918811935965
25,2.5,0.01,0.08,0.03,12,False,0.001,0,-7.764801316597371,-2.302113294492369,6,0.5,-0.001339497150366989,-13.227489338702373,20,0.2,-0.012541775663005055
25,2.5,0.01,0.08,0.03,12,False,0.002,0,-10.009710332093523,-5.517697899382671,6,0.5,-0.0031739699562835025,-14.501722764804374,20,0.2,-0.013683393641642852
25,2.5,0.01,0.08,0.03,12,False,0.003,0,-12.293308260729441,-8.800419015935752,6,0.5,-0.005005108818723403,-15.78619750552313,20,0.2,-0.014824401519675456
25,2.5,0.01,0.08,0.03,12,True,0.001,0,-7.764801316597371,-2.302113294492369,6,0.5,-0.001339497150366989,-13.227489338702373,20,0.2,-0.012541775663005055
25,2.5,0.01,0.08,0.03,12,True,0.002,0,-10.009710332093523,-5.517697899382671,6,0.5,-0.0031739699562835025,-14.501722764804374,20,0.2,-0.013683393641642852
25,2.5,0.01,0.08,0.03,12,True,0.003,0,-12.293308260729441,-8.800419015935752,6,0.5,-0.005005108818723403,-15.78619750552313,20,0.2,-0.014824401519675456
25,2.5,0.01,0.08,0.03,24,False,0.001,1,0.6230006694551333,9.64349753960822,6,0.5,0.0080147523619094,-8.397496200697953,20,0.2,-0.009487999999999937
25,2.5,0.01,0.08,0.03,24,False,0.002,1,-0.7842259549174013,7.716327443801649,6,0.5,0.006322450025887722,-9.284779353636452,20,0.2,-0.010479999999999936
25,2.5,0.01,0.08,0.03,24,False,0.003,1,-2.2189877551253003,5.7358677953864845,6,0.5,0.004632876078511396,-10.173843305637085,20,0.2,-0.011471999999999944
25,2.5,0.01,0.08,0.03,24,True,0.001,1,-3.86288963486711,6.496286169557511,6,0.6666666666666666,0.004695892933774262,-14.22206543929173,20,0.2,-0.01362898926639953
25,2.5,0.01,0.08,0.03,24,True,0.002,0,-5.599599013078479,4.23504148992944,6,0.6666666666666666,0.0030102217103629182,-15.434239516086398,20,0.2,-0.014720176877209473
25,2.5,0.01,0.08,0.03,24,True,0.003,0,-7.378550772601428,1.8993501396665426,6,0.6666666666666666,0.0013272656596275943,-16.6564516848694,20,0.2,-0.015810951558052667
25,2.5,0.01,0.08,0.03,48,False,0.001,0,-2.9967682178262427,2.403959765045468,6,0.3333333333333333,0.0026305059754165375,-8.397496200697953,20,0.2,-0.009487999999999937
25,2.5,0.01,0.08,0.03,48,False,0.002,0,-4.051343977062189,1.1820913995120756,6,0.3333333333333333,0.0012889240082504018,-9.284779353636452,20,0.2,-0.010479999999999936
25,2.5,0.01,0.08,0.03,48,False,0.003,0,-5.110530574473171,-0.0472178433092562,6,0.3333333333333333,-5.130951453658633e-05,-10.173843305637085,20,0.2,-0.011471999999999944
25,2.5,0.01,0.08,0.03,48,True,0.001,1,-3.86288963486711,6.496286169557511,6,0.6666666666666666,0.004695892933774262,-14.22206543929173,20,0.2,-0.01362898926639953
25,2.5,0.01,0.08,0.03,48,True,0.002,0,-5.599599013078479,4.23504148992944,6,0.6666666666666666,0.0030102217103629182,-15.434239516086398,20,0.2,-0.014720176877209473
25,2.5,0.01,0.08,0.03,48,True,0.003,0,-7.378550772601428,1.8993501396665426,6,0.6666666666666666,0.0013272656596275943,-16.6564516848694,20,0.2,-0.015810951558052667
25,2.5,0.01,0.1,0.02,12,False,0.001,0,-16.411984952534603,-25.41371514487994,6,0.16666666666666666,-0.012057878184539956,-7.410254760189265,20,0.15,-0.00686852896331098
25,2.5,0.01,0.1,0.02,12,False,0.002,0,-18.690842341868457,-28.774273893713477,6,0.16666666666666666,-0.013381721099666635,-8.607410790023435,20,0.15,-0.007963273913227997
25,2.5,0.01,0.1,0.02,12,False,0.003,0,-291.93173779983096,-573.2679155394637,6,0.0,-0.022740193732293756,-10.59556006019815,20,0.15,-0.0098217589270885
25,2.5,0.01,0.1,0.02,12,True,0.001,0,-16.845037139395963,-25.41371514487994,6,0.16666666666666666,-0.012057878184539956,-8.276359133911983,20,0.15,-0.007368629721043777
25,2.5,0.01,0.1,0.02,12,True,0.002,0,-19.20064851000491,-28.774273893713477,6,0.16666666666666666,-0.013381721099666635,-9.627023126296345,20,0.15,-0.008517101150689899
25,2.5,0.01,0.1,0.02,12,True,0.003,0,-292.5429156709916,-573.2679155394637,6,0.0,-0.022740193732293756,-11.817915802519465,20,0.15,-0.010429095949750894
25,2.5,0.01,0.1,0.02,24,False,0.001,0,-21.255640078881495,-37.78441939424871,6,0.16666666666666666,-0.01470312919437206,-4.726860763514282,20,0.15,-0.004847372620893175
25,2.5,0.01,0.1,0.02,24,False,0.002,0,-436477866.1663126,-872955726.5613801,6,0.0,-0.022449999999999932,-5.771245004539271,20,0.15,-0.005897400249376501
25,2.5,0.01,0.1,0.02,24,False,0.003,0,-455531244.8542565,-911062482.8858945,6,0.0,-0.023429999999999968,-6.8226185214883985,20,0.15,-0.006947214569183273
25,2.5,0.01,0.1,0.02,24,True,0.001,0,-28.275006863537904,-47.69506140594611,6,0.16666666666666666,-0.015733540713733573,-8.854952321129694,20,0.15,-0.007956593324438248
25,2.5,0.01,0.1,0.02,24,True,0.002,0,-436477868.351813,-872955726.5613801,6,0.0,-0.022449999999999932,-10.142245869592772,20,0.15,-0.009055134386256524
25,2.5,0.01,0.1,0.02,24,True,0.003,0,-455531247.16537005,-911062482.8858945,6,0.0,-0.023429999999999968,-11.444845535243536,20,0.15,-0.010153255834598371
25,2.5,0.01,0.1,0.02,48,False,0.001,0,-10.75024889871174,-18.322254717210367,6,0.16666666666666666,-0.011015340598762427,-3.178243080213116,20,0.15,-0.0034969999999999502
25,2.5,0.01,0.1,0.02,48,False,0.002,0,-436477865.3253748,-872955726.5613801,6,0.0,-0.022449999999999932,-4.089369360276691,20,0.15,-0.004494999999999932
25,2.5,0.01,0.1,0.02,48,False,0.003,0,-455531243.94410944,-911062482.8858945,6,0.0,-0.023429999999999968,-5.002324293142574,20,0.15,-0.005492999999999975
25,2.5,0.01,0.1,0.02,48,True,0.001,0,-28.275006863537904,-47.69506140594611,6,0.16666666666666666,-0.015733540713733573,-8.854952321129694,20,0.15,-0.007956593324438248
25,2.5,0.01,0.1,0.02,48,True,0.002,0,-436477868.351813,-872955726.5613801,6,0.0,-0.022449999999999932,-10.142245869592772,20,0.15,-0.009055134386256524
25,2.5,0.01,0.1,0.02,48,True,0.003,0,-455531247.16537005,-911062482.8858945,6,0.0,-0.023429999999999968,-11.444845535243536,20,0.15,-0.010153255834598371
25,2.5,0.01,0.1,0.03,12,False,0.001,0,-6.040199411279251,-2.302113294492369,6,0.5,-0.001339497150366989,-9.778285528066133,20,0.2,-0.01054477566300505
25,2.5,0.01,0.1,0.03,12,False,0.002,0,-8.198877109628786,-5.517697899382671,6,0.5,-0.0031739699562835025,-10.8800563198749,20,0.2,-0.011688393641642864
25,2.5,0.01,0.1,0.03,12,False,0.003,0,-10.39457493948454,-8.800419015935752,6,0.5,-0.005005108818723403,-11.988730863033329,20,0.2,-0.01283140151967547
25,2.5,0.01,0.1,0.03,12,True,0.001,0,-6.430850527229883,-2.302113294492369,6,0.5,-0.001339497150366989,-10.559587759967398,20,0.2,-0.011044876420737848
25,2.5,0.01,0.1,0.03,12,True,0.002,0,-8.653916358674413,-5.517697899382671,6,0.5,-0.0031739699562835025,-11.790134817966155,20,0.2,-0.012242220879104765
25,2.5,0.01,0.1,0.03,12,True,0.003,0,-10.918642697342424,-8.800419015935752,6,0.5,-0.005005108818723403,-13.036866378749094,20,0.2,-0.013438738542337864
25,2.5,0.01,0.1,0.03,24,False,0.001,1,1.8181949247124969,9.64349753960822,6,0.5,0.0080147523619094,-6.007107690183226,20,0.2,-0.007454982030453942
25,2.5,0.01,0.1,0.03,24,False,0.002,1,0.3935977562697781,7.716327443801649,6,0.5,0.006322450025887722,-6.929131931262093,20,0.2,-0.008556515341332107
25,2.5,0.01,0.1,0.03,24,False,0.003,1,-1.061917935446571,5.7358677953864845,6,0.5,0.004632876078511396,-7.859703666279627,20,0.2,-0.009657619089059504
25,2.5,0.01,0.1,0.03,24,True,0.001,1,-2.495258480555285,6.496286169557511,6,0.6666666666666666,0.004695892933774262,-11.486803130668081,20,0.2,-0.012132090024132324
25,2.5,0.01,0.1,0.03,24,True,0.002,0,-4.214661068469783,4.23504148992944,6,0.6666666666666666,0.0030102217103629182,-12.664363626869006,20,0.2,-0.01327900411467139
25,2.5,0.01,0.1,0.03,24,True,0.003,0,-5.979139678841246,1.8993501396665426,6,0.6666666666666666,0.0013272656596275943,-13.857629497349036,20,0.2,-0.014425288580715076
25,2.5,0.01,0.1,0.03,48,False,0.001,0,-1.6503021315284296,0.8138584361429165,6,0.3333333333333333,0.0008248600549103114,-4.114462699199776,20,0.2,-0.005493999999999921
25,2.5,0.01,0.1,0.03,48,False,0.002,0,-2.7782609959627624,-0.691281237524931,6,0.3333333333333333,-0.000692216458972647,-4.865240754400594,20,0.2,-0.00648999999999994
25,2.5,0.01,0.1,0.03,48,False,0.003,0,-3.9243352816971004,-2.2311449238064194,6,0.3333333333333333,-0.002207236019165594,-5.6175256395877815,20,0.2,-0.007485999999999954
25,2.5,0.01,0.1,0.03,48,True,0.001,1,-2.495258480555285,6.496286169557511,6,0.6666666666666666,0.004695892933774262,-11.486803130668081,20,0.2,-0.012132090024132324
25,2.5,0.01,0.1,0.03,48,True,0.002,0,-4.214661068469783,4.23504148992944,6,0.6666666666666666,0.0030102217103629182,-12.664363626869006,20,0.2,-0.01327900411467139
25,2.5,0.01,0.1,0.03,48,True,0.003,0,-5.979139678841246,1.8993501396665426,6,0.6666666666666666,0.0013272656596275943,-13.857629497349036,20,0.2,-0.014425288580715076
25,2.5,0.01,0.15,0.02,12,False,0.001,0,-15.501667325400458,-25.41371514487994,6,0.16666666666666666,-0.012057878184539956,-5.5896195059209735,20,0.15,-0.005722696822606806
25,2.5,0.01,0.15,0.02,12,False,0.002,0,-17.80441492941327,-28.774273893713477,6,0.16666666666666666,-0.013381721099666635,-6.834555965113062,20,0.15,-0.006929182527578017
25,2.5,0.01,0.15,0.02,12,False,0.003,0,-291.0498365157856,-573.2679155394637,6,0.0,-0.022740193732293756,-8.831757492107553,20,0.15,-0.008898966361754171
25,2.5,0.01,0.15,0.02,12,True,0.001,0,-16.891850506366502,-25.41371514487994,6,0.16666666666666666,-0.012057878184539956,-8.369985867853066,20,0.15,-0.007418972775097119
25,2.5,0.01,0.15,0.02,12,True,0.002,0,-19.30589515482452,-28.774273893713477,6,0.16666666666666666,-0.013381721099666635,-9.83751641593556,20,0.15,-0.008622069304629382
25,2.5,0.01,0.15,0.02,12,True,0.003,0,-292.7203912107965,-573.2679155394637,6,0.0,-0.022740193732293756,-12.172866882129231,20,0.15,-0.010588470718075981
25,2.5,0.01,0.15,0.02,24,False,0.001,0,-20.20918163241989,-37.78441939424871,6,0.16666666666666666,-0.01470312919437206,-2.6339438705910765,20,0.15,-0.0030928450354931907
25,2.5,0.01,0.15,0.02,24,False,0.002,0,-436477865.077739,-872955726.5613801,6,0.0,-0.022449999999999932,-3.594097866095261,20,0.15,-0.004198616381343885
25,2.5,0.01,0.15,0.02,24,False,0.003,0,-455531243.7247552,-911062482.8858945,6,0.0,-0.023429999999999968,-4.563615869736974,20,0.15,-0.005303958686146601
25,2.5,0.01,0.15,0.02,24,True,0.001,0,-28.322593462790525,-47.69506140594611,6,0.16666666666666666,-0.015733540713733573,-8.950125519634938,20,0.15,-0.008006936378491591
25,2.5,0.01,0.15,0.02,24,True,0.002,0,-436477868.4583049,-872955726.5613801,6,0.0,-0.022449999999999932,-10.35522959572867,20,0.15,-0.009160102540196008
25,2.5,0.01,0.15,0.02,24,True,0.003,0,-455531247.3385241,-911062482.8858945,6,0.0,-0.023429999999999968,-11.791153716295973,20,0.15,-0.01031263060292346
25,2.5,0.01,0.15,0.02,48,False,0.001,0,-9.138335435969768,-18.322254717210367,6,0.16666666666666666,-0.011015340598762427,0.04558384527082964,20,0.15,6.23982248533543e-05
25,2.5,0.01,0.15,0.02,48,False,0.002,0,-436477863.6440397,-872955726.5613801,6,0.0,-0.022449999999999932,-0.7266992226499654,20,0.15,-0.0009924641099952343
25,2.5,0.01,0.15,0.02,48,False,0.003,0,-455531242.1941297,-911062482.8858945,6,0.0,-0.023429999999999968,-1.5023649298928563,20,0.15,-0.0020471134656015405
25,2.5,0.01,0.15,0.02,48,True,0.001,0,-28.322593462790525,-47.69506140594611,6,0.16666666666666666,-0.015733540713733573,-8.950125519634938,20,0.15,-0.008006936378491591
25,2.5,0.01,0.15,0.02,48,True,0.002,0,-436477868.4583049,-872955726.5613801,6,0.0,-0.022449999999999932,-10.35522959572867,20,0.15,-0.009160102540196008
25,2.5,0.01,0.15,0.02,48,True,0.003,0,-455531247.3385241,-911062482.8858945,6,0.0,-0.023429999999999968,-11.791153716295973,20,0.15,-0.01031263060292346
25,2.5,0.01,0.15,0.03,12,False,0.001,0,-5.184472199355981,-2.302113294492369,6,0.5,-0.001339497150366989,-8.066831104219593,20,0.2,-0.009398943522300873
25,2.5,0.01,0.15,0.03,12,False,0.002,0,-7.376064924472852,-5.517697899382671,6,0.5,-0.0031739699562835025,-9.234431949563032,20,0.2,-0.010654302255992888
25,2.5,0.01,0.15,0.03,12,False,0.003,0,-9.612072895639729,-8.800419015935752,6,0.5,-0.005005108818723403,-10.423726775343706,20,0.2,-0.011908608954341137
25,2.5,0.01,0.15,0.03,12,True,0.001,0,-6.472585075755032,-2.302113294492369,6,0.5,-0.001339497150366989,-10.643056857017696,20,0.2,-0.01109521947479119
25,2.5,0.01,0.15,0.03,12,True,0.002,0,-8.746439126452703,-5.517697899382671,6,0.5,-0.0031739699562835025,-11.975180353522736,20,0.2,-0.012347189033044248
25,2.5,0.01,0.15,0.03,12,True,0.003,0,-11.067815511414361,-8.800419015935752,6,0.5,-0.005005108818723403,-13.33521200689297,20,0.2,-0.013598113310662952
25,2.5,0.01,0.15,0.03,24,False,0.001,1,2.739329309788315,9.64349753960822,6,0.5,0.0080147523619094,-4.164838920031589,20,0.2,-0.005700454445053957
25,2.5,0.01,0.15,0.03,24,False,0.002,1,1.3381282619257875,7.716327443801649,6,0.5,0.006322450025887722,-5.040070919950074,20,0.2,-0.006857731473299493
25,2.5,0.01,0.15,0.03,24,False,0.003,1,-0.09455562686271879,5.7358677953864845,6,0.5,0.004632876078511396,-5.924979049111922,20,0.2,-0.00801436320602283
25,2.5,0.01,0.15,0.03,24,True,0.001,1,-2.538121037697719,6.496286169557511,6,0.6666666666666666,0.004695892933774262,-11.572528244952949,20,0.2,-0.012182433078185667
25,2.5,0.01,0.15,0.03,24,True,0.002,0,-4.30932140761659,4.23504148992944,6,0.6666666666666666,0.0030102217103629182,-12.85368430516262,20,0.2,-0.013383972268610872
25,2.5,0.01,0.15,0.03,24,True,0.003,0,-6.131213851978265,1.8993501396665426,6,0.6666666666666666,0.0013272656596275943,-14.161777843623073,20,0.2,-0.014584663349040164
25,2.5,0.01,0.15,0.03,48,False,0.001,0,-0.905922006652585,0.8138584361429165,6,0.3333333333333333,0.0008248600549103114,-2.6257024494480867,20,0.2,-0.003930536256126567
25,2.5,0.01,0.15,0.03,48,False,0.002,0,-2.032367311746239,-0.691281237524931,6,0.3333333333333333,-0.000692216458972647,-3.373453385967547,20,0.2,-0.005034136380740187
25,2.5,0.01,0.15,0.03,48,False,0.003,0,-3.178307642038792,-2.2311449238064194,6,0.3333333333333333,-0.002207236019165594,-4.125470360271165,20,0.2,-0.006137312788114903
25,2.5,0.01,0.15,0.03,48,True,0.001,1,-2.538121037697719,6.496286169557511,6,0.6666666666666666,0.004695892933774262,-11.572528244952949,20,0.2,-0.012182433078185667
25,2.5,0.01,0.15,0.03,48,True,0.002,0,-4.30932140761659,4.23504148992944,6,0.6666666666666666,0.0030102217103629182,-12.85368430516262,20,0.2,-0.013383972268610872
25,2.5,0.01,0.15,0.03,48,True,0.003,0,-6.131213851978265,1.8993501396665426,6,0.6666666666666666,0.0013272656596275943,-14.161777843623073,20,0.2,-0.014584663349040164
