symbol,bb_period,bb_std,adx_ceil,rsi_floor,rsi_ceil,tp,sl,max_hold,bb_exit_mid,avg_oos,total_n,passed,F1_sharpe,F1_wr,F1_n,F1_mdd,F1_avg,F2_sharpe,F2_wr,F2_n,F2_mdd,F2_avg
KRW-BTC,20,2.0,15,20,40,0.015,0.008,12,True,-47.95853214183806,55,False,-27.006784343572143,0.43478260869565216,23,-0.05997955994686304,-0.002508635391312291,-68.91027994010398,0.3125,32,-0.1434561212317906,-0.004448551956464313
KRW-BTC,20,2.0,15,20,40,0.015,0.008,12,False,-28.507867136033937,55,False,-21.606210700925416,0.34782608695652173,23,-0.06545346623282877,-0.0022895980645914653,-35.40952357114246,0.28125,32,-0.11311565698194992,-0.003134832436340157
KRW-BTC,20,2.0,15,20,40,0.015,0.008,24,True,-44.45098601140328,55,False,-27.006784343572143,0.43478260869565216,23,-0.05997955994686304,-0.002508635391312291,-61.89518767923442,0.34375,32,-0.13911689117569495,-0.004288556029113349
KRW-BTC,20,2.0,15,20,40,0.015,0.008,24,False,-30.126007875649606,55,False,-18.062832402925153,0.34782608695652173,23,-0.06985258444251552,-0.0020239523147152017,-42.18918334837406,0.28125,32,-0.14553611247397377,-0.0038695931933206886
KRW-BTC,20,2.0,15,20,40,0.015,0.01,12,True,-54.855703343391525,55,False,-35.43163313639947,0.43478260869565216,23,-0.07503462302451776,-0.0036373745217470935,-74.27977355038358,0.3125,32,-0.17234470599538818,-0.005509458206464316
KRW-BTC,20,2.0,15,20,40,0.015,0.01,12,False,-36.71158384530152,55,False,-30.352907552660835,0.34782608695652173,23,-0.08042086099934373,-0.0035051632819827856,-43.070260137942206,0.28125,32,-0.14302753208125063,-0.004195738686340161
KRW-BTC,20,2.0,15,20,40,0.015,0.01,24,True,-52.15105728534795,55,False,-35.43163313639947,0.43478260869565216,23,-0.07503462302451776,-0.0036373745217470935,-68.87048143429644,0.34375,32,-0.17150267002975964,-0.005474274779113355
KRW-BTC,20,2.0,15,20,40,0.015,0.01,24,False,-38.69959298874181,55,False,-27.270559874565457,0.34782608695652173,23,-0.08659478741153899,-0.003326343619063042,-50.12862610291817,0.28125,32,-0.17660760183771904,-0.005014929817459398
KRW-BTC,20,2.0,15,20,40,0.015,0.015,12,True,-52.72050749975695,53,False,-42.36784137629867,0.45454545454545453,22,-0.09615459765561961,-0.0052683480673879545,-63.073173623215226,0.3870967741935484,31,-0.18171193136036604,-0.006036252014844286
KRW-BTC,20,2.0,15,20,40,0.015,0.015,12,False,-35.269775087074116,53,False,-38.976742791420804,0.36363636363636365,22,-0.09822376592532571,-0.005357059043997997,-31.562807382727428,0.3548387096774194,31,-0.13288233056939874,-0.003927642077356584
KRW-BTC,20,2.0,15,20,40,0.015,0.015,24,True,-46.08725038121692,53,False,-39.81154809466323,0.5,22,-0.09256464997183005,-0.005085332575824891,-52.362952667770614,0.4838709677419355,31,-0.1802256025410499,-0.005471447392689296
KRW-BTC,20,2.0,15,20,40,0.015,0.015,24,False,-30.720409212112095,53,False,-31.41264047714874,0.4090909090909091,22,-0.08891944953104912,-0.00456930940599743,-30.028177947075452,0.41935483870967744,31,-0.15961920374920036,-0.003978864212619952
KRW-BTC,20,2.0,15,20,40,0.02,0.008,12,True,-46.823547281457195,55,False,-24.736814622810417,0.43478260869565216,23,-0.05534891738502485,-0.0024139491609086183,-68.91027994010398,0.3125,32,-0.1434561212317906,-0.004448551956464313
KRW-BTC,20,2.0,15,20,40,0.02,0.008,12,False,-24.928406449107236,55,False,-14.263959419191668,0.34782608695652173,23,-0.06084978872658652,-0.0016958558469557818,-35.5928534790228,0.28125,32,-0.11284168965393664,-0.0031598753558184085
KRW-BTC,20,2.0,15,20,40,0.02,0.008,24,True,-43.61948410974914,55,False,-25.343780540263857,0.43478260869565216,23,-0.05534891738502485,-0.00246232501512623,-61.89518767923442,0.34375,32,-0.13911689117569495,-0.004288556029113349
KRW-BTC,20,2.0,15,20,40,0.02,0.008,24,False,-30.559678096588303,54,False,-10.861038088820917,0.34782608695652173,23,-0.0652705774693259,-0.001367976195463255,-50.25831810435569,0.22580645161290322,31,-0.15665048083888986,-0.004686854264072961
KRW-BTC,20,2.0,15,20,40,0.02,0.01,12,True,-53.68816862792807,55,False,-33.09656370547256,0.43478260869565216,23,-0.07308201694955738,-0.0035426882913434194,-74.27977355038358,0.3125,32,-0.17234470599538818,-0.005509458206464316
KRW-BTC,20,2.0,15,20,40,0.02,0.01,12,False,-32.98571328055293,55,False,-22.730207421726732,0.34782608695652173,23,-0.07589091450180328,-0.0029114210643471023,-43.241219139379126,0.28125,32,-0.14276280482671552,-0.004220781605818412
KRW-BTC,20,2.0,15,20,40,0.02,0.01,24,True,-51.280117561671105,55,False,-33.68975368904578,0.43478260869565216,23,-0.07410753231893898,-0.003591064145561032,-68.87048143429644,0.34375,32,-0.17150267002975964,-0.005474274779113355
KRW-BTC,20,2.0,15,20,40,0.02,0.01,24,False,-37.781576208394064,54,False,-19.695943416856068,0.34782608695652173,23,-0.08209525434460065,-0.0026703674998110947,-55.86720899993206,0.22580645161290322,31,-0.181011542980379,-0.005621195466814118
KRW-BTC,20,2.0,15,20,40,0.02,0.015,12,True,-55.46177058502218,53,False,-47.850367546829126,0.45454545454545453,22,-0.10484422480457502,-0.005710376746086574,-63.073173623215226,0.3870967741935484,31,-0.18171193136036604,-0.006036252014844286
KRW-BTC,20,2.0,15,20,40,0.02,0.015,12,False,-33.20393915953242,53,False,-35.670715955657336,0.36363636363636365,22,-0.10221662141115337,-0.005126838652529592,-30.7371623634075,0.3548387096774194,31,-0.13411028062299826,-0.0038730097316520733
KRW-BTC,20,2.0,15,20,40,0.02,0.015,24,True,-48.96029610603078,53,False,-45.55763954429095,0.5,22,-0.1022830993125651,-0.005577936011205561,-52.362952667770614,0.4838709677419355,31,-0.1802256025410499,-0.005471447392689296
KRW-BTC,20,2.0,15,20,40,0.02,0.015,24,False,-31.973318830591822,52,False,-24.554555909315884,0.4090909090909091,22,-0.0852756676821356,-0.0038835161904158468,-39.392081751867764,0.3333333333333333,30,-0.16694019641344987,-0.005190172857373576
KRW-BTC,20,2.0,15,20,40,0.025,0.008,12,True,-49.895591506014966,55,False,-30.880903071925957,0.43478260869565216,23,-0.06090335372806931,-0.0027667321875071245,-68.91027994010398,0.3125,32,-0.1434561212317906,-0.004448551956464313
KRW-BTC,20,2.0,15,20,40,0.025,0.008,12,False,-22.19834127616665,55,False,-8.444217475004685,0.34782608695652173,23,-0.06217307227229574,-0.0011070535379581136,-35.95246507732862,0.28125,32,-0.1132886736505784,-0.003175911099726481
KRW-BTC,20,2.0,15,20,40,0.025,0.008,24,True,-46.74416095641098,55,False,-31.593134233587545,0.43478260869565216,23,-0.06090335372806931,-0.002815108041724737,-61.89518767923442,0.34375,32,-0.13911689117569495,-0.004288556029113349
KRW-BTC,20,2.0,15,20,40,0.025,0.008,24,False,-36.63933064615153,54,False,-1.9383333926054216,0.34782608695652173,23,-0.060688570496136476,-0.00028265010850676066,-71.34032789969764,0.1935483870967742,31,-0.17578066985484733,-0.0057123829237544456
KRW-BTC,20,2.0,15,20,40,0.025,0.01,12,True,-56.74411466537525,55,False,-39.208455780366926,0.43478260869565216,23,-0.08045526991340086,-0.003895471317941926,-74.27977355038358,0.3125,32,-0.17234470599538818,-0.005509458206464316
KRW-BTC,20,2.0,15,20,40,0.025,0.01,12,False,-30.087335105988345,55,False,-16.580791318754667,0.34782608695652173,23,-0.07719300476659925,-0.0023226187553494334,-43.593878893222026,0.28125,32,-0.14319471343096363,-0.004236817349726484
KRW-BTC,20,2.0,15,20,40,0.025,0.01,24,True,-54.383998333655725,55,False,-39.89751523301501,0.43478260869565216,23,-0.08147262772798813,-0.003943847172159538,-68.87048143429644,0.34375,32,-0.17150267002975964,-0.005474274779113355
KRW-BTC,20,2.0,15,20,40,0.025,0.01,24,False,-39.68024597159067,54,False,-10.209238191332641,0.34782608695652173,23,-0.07759572127766262,-0.0015850414128546003,-69.1512537518487,0.22580645161290322,31,-0.18827398801033007,-0.006195029104790392
KRW-BTC,20,2.0,15,20,40,0.025,0.015,12,True,-56.315161472995484,53,False,-49.55714932277575,0.45454545454545453,22,-0.10671239723967965,-0.005806991600105391,-63.073173623215226,0.3870967741935484,31,-0.18171193136036604,-0.006036252014844286
KRW-BTC,20,2.0,15,20,40,0.025,0.015,12,False,-29.63116681170341,53,False,-28.31230843042029,0.36363636363636365,22,-0.09781572249650215,-0.00444604319798415,-30.950025192986523,0.3548387096774194,31,-0.13411028062299818,-0.0038895627576216968
KRW-BTC,20,2.0,15,20,40,0.025,0.015,24,True,-49.75782129625295,53,False,-47.152689924735284,0.5,22,-0.1041566167660231,-0.005674550865224378,-52.362952667770614,0.4838709677419355,31,-0.1802256025410499,-0.005471447392689296
KRW-BTC,20,2.0,15,20,40,0.025,0.015,24,False,-29.790528707412392,52,False,-15.5363060532465,0.4090909090909091,22,-0.0762858019593849,-0.0027488570995067817,-44.044751361578285,0.3333333333333333,30,-0.17028000561719062,-0.005616717616615727
KRW-BTC,20,2.0,15,20,40,0.03,0.008,12,True,-49.895591506014966,55,False,-30.880903071925957,0.43478260869565216,23,-0.06090335372806931,-0.0027667321875071245,-68.91027994010398,0.3125,32,-0.1434561212317906,-0.004448551956464313
KRW-BTC,20,2.0,15,20,40,0.03,0.008,12,False,-25.04283145948265,55,False,-14.133197841636683,0.34782608695652173,23,-0.06217307227229574,-0.0017226335200472263,-35.95246507732862,0.28125,32,-0.1132886736505784,-0.003175911099726481
KRW-BTC,20,2.0,15,20,40,0.03,0.008,24,True,-46.74416095641098,55,False,-31.593134233587545,0.43478260869565216,23,-0.06090335372806931,-0.002815108041724737,-61.89518767923442,0.34375,32,-0.13911689117569495,-0.004288556029113349
KRW-BTC,20,2.0,15,20,40,0.03,0.008,24,False,-54.09226546094887,54,False,-7.12797412396164,0.34782608695652173,23,-0.05610656352294684,-0.0010140272237575555,-101.05655679793611,0.1935483870967742,31,-0.18917488271810567,-0.006248901349528495
KRW-BTC,20,2.0,15,20,40,0.03,0.01,12,True,-56.74411466537525,55,False,-39.208455780366926,0.43478260869565216,23,-0.08045526991340086,-0.003895471317941926,-74.27977355038358,0.3125,32,-0.17234470599538818,-0.005509458206464316
KRW-BTC,20,2.0,15,20,40,0.03,0.01,12,False,-33.024979890539925,55,False,-22.45608088785782,0.34782608695652173,23,-0.07719300476659925,-0.0029381987374385455,-43.593878893222026,0.28125,32,-0.14319471343096363,-0.004236817349726484
KRW-BTC,20,2.0,15,20,40,0.03,0.01,24,True,-54.383998333655725,55,False,-39.89751523301501,0.43478260869565216,23,-0.08147262772798813,-0.003943847172159538,-68.87048143429644,0.34375,32,-0.17150267002975964,-0.005474274779113355
KRW-BTC,20,2.0,15,20,40,0.03,0.01,24,False,-53.55305078219195,54,False,-15.320383838083908,0.34782608695652173,23,-0.07309618821072426,-0.002316418528105396,-91.78571772629999,0.22580645161290322,31,-0.2014651746199898,-0.0067315475305644405
KRW-BTC,20,2.0,15,20,40,0.03,0.015,12,True,-56.315161472995484,53,False,-49.55714932277575,0.45454545454545453,22,-0.10671239723967965,-0.005806991600105391,-63.073173623215226,0.3870967741935484,31,-0.18171193136036604,-0.006036252014844286
KRW-BTC,20,2.0,15,20,40,0.03,0.015,12,False,-32.73834676788138,53,False,-34.52666834277625,0.36363636363636365,22,-0.09495171460706883,-0.005089604088350041,-30.950025192986523,0.3548387096774194,31,-0.13411028062299818,-0.0038895627576216968
KRW-BTC,20,2.0,15,20,40,0.03,0.015,24,True,-49.75782129625295,53,False,-47.152689924735284,0.5,22,-0.1041566167660231,-0.005674550865224378,-52.362952667770614,0.4838709677419355,31,-0.1802256025410499,-0.005471447392689296
KRW-BTC,20,2.0,15,20,40,0.03,0.015,24,False,-35.65437594853464,52,False,-20.353467335745783,0.4090909090909091,22,-0.07886857474676101,-0.0035134786290871717,-50.9552845613235,0.3333333333333333,30,-0.18159450007259992,-0.006080459928539696
KRW-BTC,20,2.0,15,20,45,0.015,0.008,12,True,-51.86064248546255,71,False,-43.92522415001738,0.36666666666666664,30,-0.09430012244977205,-0.0035836856527131883,-59.79606082090773,0.3170731707317073,41,-0.16203167157074228,-0.0038169226227270903
KRW-BTC,20,2.0,15,20,45,0.015,0.008,12,False,-44.55627383980379,71,False,-46.753280417701255,0.26666666666666666,30,-0.11011866646957903,-0.004163216075913361,-42.35926726190632,0.2926829268292683,41,-0.1583831553594234,-0.003394685266580573
KRW-BTC,20,2.0,15,20,45,0.015,0.008,24,True,-49.93399702622763,71,False,-47.903829213120545,0.36666666666666664,30,-0.10506467394797611,-0.003979646996258679,-51.96416483933471,0.34146341463414637,41,-0.15060280273760807,-0.003485862214319165
KRW-BTC,20,2.0,15,20,45,0.015,0.008,24,False,-36.76383818162029,70,False,-43.76840483594173,0.2413793103448276,29,-0.11170266555656455,-0.004360151835808596,-29.759271527298836,0.34146341463414637,41,-0.1468192083524682,-0.002724500898465036
KRW-BTC,20,2.0,15,20,45,0.015,0.01,12,True,-56.436808094501195,71,False,-50.680802510356116,0.36666666666666664,30,-0.11928126310754925,-0.004572633248155562,-62.192813678646274,0.3170731707317073,41,-0.1853119379804656,-0.004496162178207855
KRW-BTC,20,2.0,15,20,45,0.015,0.01,12,False,-50.66956345795743,71,False,-54.39038663849246,0.26666666666666666,30,-0.13814924052454272,-0.005285297004689065,-46.9487402774224,0.2926829268292683,41,-0.18341445188167227,-0.004122632139134508
KRW-BTC,20,2.0,15,20,45,0.015,0.01,24,True,-53.148185977152096,71,False,-52.32217153888576,0.4,30,-0.12643326281599657,-0.004841288580404531,-53.97420041541844,0.36585365853658536,41,-0.1735370031636847,-0.004144738174146301
KRW-BTC,20,2.0,15,20,45,0.015,0.01,24,False,-32.51574527890995,70,False,-34.92570139432166,0.3103448275862069,29,-0.10501856732462936,-0.004153565628912056,-30.105789163498223,0.36585365853658536,41,-0.1604779599326439,-0.003106995336817196
KRW-BTC,20,2.0,15,20,45,0.015,0.015,12,True,-55.37966576952621,69,False,-56.05723527481092,0.3793103448275862,29,-0.15220332129158504,-0.006193288744226425,-54.70209626424151,0.375,40,-0.19930990304796037,-0.005025805261092862
KRW-BTC,20,2.0,15,20,45,0.015,0.015,12,False,-47.69107056228934,69,False,-58.55563824191655,0.27586206896551724,29,-0.16750645084944044,-0.006811568222279265,-36.82650288266214,0.35,40,-0.18279639253545515,-0.004184552385589032
KRW-BTC,20,2.0,15,20,45,0.015,0.015,24,True,-49.35291087823944,69,False,-55.87459528698068,0.4482758620689655,29,-0.16100491682605964,-0.006544178180866305,-42.831226469498205,0.475,40,-0.18682394537875488,-0.004220083270851108
KRW-BTC,20,2.0,15,20,45,0.015,0.015,24,False,-30.064886077178578,68,False,-40.908563412191825,0.35714285714285715,28,-0.1381906414257854,-0.0057993760892303525,-19.221208742165334,0.475,40,-0.15130884523225446,-0.0024919333673581955
KRW-BTC,20,2.0,15,20,45,0.02,0.008,12,True,-47.925195965444814,71,False,-36.054331109981895,0.36666666666666664,30,-0.08535499274114157,-0.003250852319379849,-59.79606082090773,0.3170731707317073,41,-0.16203167157074228,-0.0038169226227270903
KRW-BTC,20,2.0,15,20,45,0.02,0.008,12,False,-42.47355714259875,71,False,-33.440544465255776,0.26666666666666666,30,-0.0924540668182941,-0.003497549409246675,-51.50656981994173,0.2682926829268293,41,-0.15699136150220033,-0.003941177815637787
KRW-BTC,20,2.0,15,20,45,0.02,0.008,24,True,-45.870948554296604,71,False,-39.77773226925849,0.36666666666666664,30,-0.09622586015236906,-0.0036468136629253397,-51.96416483933471,0.34146341463414637,41,-0.15060280273760807,-0.003485862214319165
KRW-BTC,20,2.0,15,20,45,0.02,0.008,24,False,-40.09825737760574,69,False,-30.06875827228127,0.2413793103448276,29,-0.09026301295913836,-0.003524566293699609,-50.12775648293022,0.275,40,-0.17507217875774295,-0.004183180098758791
KRW-BTC,20,2.0,15,20,45,0.02,0.01,12,True,-52.632876850478574,71,False,-43.072940022310874,0.36666666666666664,30,-0.1105828592172524,-0.004239799914822221,-62.192813678646274,0.3170731707317073,41,-0.1853119379804656,-0.004496162178207855
KRW-BTC,20,2.0,15,20,45,0.02,0.01,12,False,-47.99765364145634,71,False,-41.117423842527685,0.26666666666666666,30,-0.1210410621060891,-0.00461963033802238,-54.87788344038499,0.2682926829268293,41,-0.18206405263882708,-0.004589393045560719
KRW-BTC,20,2.0,15,20,45,0.02,0.01,24,True,-49.38361664170927,71,False,-44.7930328680001,0.4,30,-0.11780549553132832,-0.0045084552470711905,-53.97420041541844,0.36585365853658536,41,-0.1735370031636847,-0.004144738174146301
KRW-BTC,20,2.0,15,20,45,0.02,0.01,24,False,-36.28287122024362,69,False,-26.785361204017242,0.3103448275862069,29,-0.09867522758725684,-0.003558777253367021,-45.78038123647001,0.3,40,-0.18756587293834354,-0.004550274398069758
KRW-BTC,20,2.0,15,20,45,0.02,0.015,12,True,-55.69209607764516,69,False,-56.68209589104881,0.3793103448275862,29,-0.1538357557127118,-0.006259406476317941,-54.70209626424151,0.375,40,-0.19930990304796037,-0.005025805261092862
KRW-BTC,20,2.0,15,20,45,0.02,0.015,12,False,-46.24844161455029,69,False,-51.26811483751996,0.27586206896551724,29,-0.15814285984352167,-0.006419196580669445,-41.22876839158062,0.325,40,-0.17943081552881507,-0.004600607911172301
KRW-BTC,20,2.0,15,20,45,0.02,0.015,24,True,-49.65233022227268,69,False,-56.47343397504715,0.4482758620689655,29,-0.16262040375509054,-0.00661029591295782,-42.831226469498205,0.475,40,-0.18682394537875488,-0.004220083270851108
KRW-BTC,20,2.0,15,20,45,0.02,0.015,24,False,-30.9998427422052,67,False,-33.48513335646583,0.35714285714285715,28,-0.12352307489416996,-0.005183345271701565,-28.51455212794457,0.41025641025641024,39,-0.16491901340408166,-0.0037672261255847937
KRW-BTC,20,2.0,15,20,45,0.025,0.008,12,True,-51.04212098692008,71,False,-42.288181152932445,0.36666666666666664,30,-0.0926306192085908,-0.0035213193064387045,-59.79606082090773,0.3170731707317073,41,-0.16203167157074228,-0.0038169226227270903
KRW-BTC,20,2.0,15,20,45,0.025,0.008,12,False,-39.097896932016454,71,False,-26.243955775728548,0.26666666666666666,30,-0.08033992326362284,-0.0030461343056817965,-51.951838088304356,0.2682926829268293,41,-0.1574161012200668,-0.003953693518200185
KRW-BTC,20,2.0,15,20,45,0.025,0.008,24,True,-49.089348630331784,71,False,-46.214532421328855,0.36666666666666664,30,-0.1034150133213983,-0.003917280649984195,-51.96416483933471,0.34146341463414637,41,-0.15060280273760807,-0.003485862214319165
KRW-BTC,20,2.0,15,20,45,0.025,0.008,24,False,-47.565489735265864,69,False,-19.601401389815805,0.2413793103448276,29,-0.06946857175887804,-0.002663790431630661,-75.52957808071592,0.25,40,-0.19771725620360855,-0.005102777310011937
KRW-BTC,20,2.0,15,20,45,0.025,0.01,12,True,-55.65516400320086,71,False,-49.117514327755444,0.36666666666666664,30,-0.11765780833819632,-0.004510266901881077,-62.192813678646274,0.3170731707317073,41,-0.1853119379804656,-0.004496162178207855
KRW-BTC,20,2.0,15,20,45,0.025,0.01,12,False,-44.50744012656165,71,False,-33.72913051965287,0.26666666666666666,30,-0.10930850470816372,-0.004168215234457501,-55.28574973347042,0.2682926829268293,41,-0.18247615978417528,-0.0046019087481231164
KRW-BTC,20,2.0,15,20,45,0.025,0.01,24,True,-52.37680675405568,71,False,-50.77941309269293,0.4,30,-0.12482299153820695,-0.004778922234130046,-53.97420041541844,0.36585365853658536,41,-0.1735370031636847,-0.004144738174146301
KRW-BTC,20,2.0,15,20,45,0.025,0.01,24,False,-37.86085285042229,69,False,-18.163977317267726,0.3103448275862069,29,-0.0853553709625809,-0.002713332886286591,-57.55772838357686,0.3,40,-0.19765537394169946,-0.005086673348399915
KRW-BTC,20,2.0,15,20,45,0.025,0.015,12,True,-56.50195123282862,69,False,-58.30180620141573,0.3793103448275862,29,-0.15560168378975944,-0.00633270050350463,-54.70209626424151,0.375,40,-0.19930990304796037,-0.005025805261092862
KRW-BTC,20,2.0,15,20,45,0.025,0.015,12,False,-42.20934056420859,69,False,-42.963536115434785,0.27586206896551724,29,-0.1457018211096955,-0.0059027310634280775,-41.4551450129824,0.325,40,-0.17984424939886823,-0.004613436506298759
KRW-BTC,20,2.0,15,20,45,0.025,0.015,24,True,-50.39426484032225,69,False,-57.957303211146304,0.4482758620689655,29,-0.1643679984450567,-0.0066835899401445084,-42.831226469498205,0.475,40,-0.18682394537875488,-0.004220083270851108
KRW-BTC,20,2.0,15,20,45,0.025,0.015,24,False,-32.524369053681426,67,False,-25.247141955148436,0.35714285714285715,28,-0.10946547667977057,-0.004307706462939691,-39.801596152214415,0.38461538461538464,39,-0.18581250368558505,-0.004813896301577614
KRW-BTC,20,2.0,15,20,45,0.03,0.008,12,True,-51.04212098692008,71,False,-42.288181152932445,0.36666666666666664,30,-0.0926306192085908,-0.0035213193064387045,-59.79606082090773,0.3170731707317073,41,-0.16203167157074228,-0.0038169226227270903
KRW-BTC,20,2.0,15,20,45,0.03,0.008,12,False,-42.39085887489553,71,False,-32.82987966148669,0.26666666666666666,30,-0.09307696603623117,-0.0035180789586167827,-51.951838088304356,0.2682926829268293,41,-0.1574161012200668,-0.003953693518200185
KRW-BTC,20,2.0,15,20,45,0.03,0.008,24,True,-49.089348630331784,71,False,-46.214532421328855,0.36666666666666664,30,-0.1034150133213983,-0.003917280649984195,-51.96416483933471,0.34146341463414637,41,-0.15060280273760807,-0.003485862214319165
KRW-BTC,20,2.0,15,20,45,0.03,0.008,24,False,-49.530729101741755,69,False,-23.531880122767596,0.2413793103448276,29,-0.08033684464836809,-0.0031345770609760497,-75.52957808071592,0.25,40,-0.19771725620360855,-0.005102777310011937
KRW-BTC,20,2.0,15,20,45,0.03,0.01,12,True,-55.65516400320086,71,False,-49.117514327755444,0.36666666666666664,30,-0.11765780833819632,-0.004510266901881077,-62.192813678646274,0.3170731707317073,41,-0.1853119379804656,-0.004496162178207855
KRW-BTC,20,2.0,15,20,45,0.03,0.01,12,False,-47.865622275066855,71,False,-40.4454948166633,0.26666666666666666,30,-0.12164434048021333,-0.004640159887392487,-55.28574973347042,0.2682926829268293,41,-0.18247615978417528,-0.0046019087481231164
KRW-BTC,20,2.0,15,20,45,0.03,0.01,24,True,-52.37680675405568,71,False,-50.77941309269293,0.4,30,-0.12482299153820695,-0.004778922234130046,-53.97420041541844,0.36585365853658536,41,-0.1735370031636847,-0.004144738174146301
KRW-BTC,20,2.0,15,20,45,0.03,0.01,24,False,-39.61535021261072,69,False,-21.672972041644588,0.3103448275862069,29,-0.09157580044056686,-0.0031841195156319807,-57.55772838357686,0.3,40,-0.19765537394169946,-0.005086673348399915
KRW-BTC,20,2.0,15,20,45,0.03,0.015,12,True,-56.50195123282862,69,False,-58.30180620141573,0.3793103448275862,29,-0.15560168378975944,-0.00633270050350463,-54.70209626424151,0.375,40,-0.19930990304796037,-0.005025805261092862
KRW-BTC,20,2.0,15,20,45,0.03,0.015,12,False,-45.60494871095166,69,False,-49.75475240892092,0.27586206896551724,29,-0.1575336193146385,-0.0063909496699125455,-41.4551450129824,0.325,40,-0.17984424939886823,-0.004613436506298759
KRW-BTC,20,2.0,15,20,45,0.03,0.015,24,True,-50.39426484032225,69,False,-57.957303211146304,0.4482758620689655,29,-0.1643679984450567,-0.0066835899401445084,-42.831226469498205,0.475,40,-0.18682394537875488,-0.004220083270851108
KRW-BTC,20,2.0,15,20,45,0.03,0.015,24,False,-33.58753419204909,67,False,-28.567108396330376,0.35714285714285715,28,-0.11998899607188324,-0.004795306900475998,-38.6079599877678,0.38461538461538464,39,-0.18364883999334386,-0.004744157792826936
KRW-BTC,20,2.0,15,20,50,0.015,0.008,12,True,-51.86064248546255,71,False,-43.92522415001738,0.36666666666666664,30,-0.09430012244977205,-0.0035836856527131883,-59.79606082090773,0.3170731707317073,41,-0.16203167157074228,-0.0038169226227270903
KRW-BTC,20,2.0,15,20,50,0.015,0.008,12,False,-44.55627383980379,71,False,-46.753280417701255,0.26666666666666666,30,-0.11011866646957903,-0.004163216075913361,-42.35926726190632,0.2926829268292683,41,-0.1583831553594234,-0.003394685266580573
KRW-BTC,20,2.0,15,20,50,0.015,0.008,24,True,-49.93399702622763,71,False,-47.903829213120545,0.36666666666666664,30,-0.10506467394797611,-0.003979646996258679,-51.96416483933471,0.34146341463414637,41,-0.15060280273760807,-0.003485862214319165
KRW-BTC,20,2.0,15,20,50,0.015,0.008,24,False,-36.76383818162029,70,False,-43.76840483594173,0.2413793103448276,29,-0.11170266555656455,-0.004360151835808596,-29.759271527298836,0.34146341463414637,41,-0.1468192083524682,-0.002724500898465036
KRW-BTC,20,2.0,15,20,50,0.015,0.01,12,True,-56.436808094501195,71,False,-50.680802510356116,0.36666666666666664,30,-0.11928126310754925,-0.004572633248155562,-62.192813678646274,0.3170731707317073,41,-0.1853119379804656,-0.004496162178207855
KRW-BTC,20,2.0,15,20,50,0.015,0.01,12,False,-50.66956345795743,71,False,-54.39038663849246,0.26666666666666666,30,-0.13814924052454272,-0.005285297004689065,-46.9487402774224,0.2926829268292683,41,-0.18341445188167227,-0.004122632139134508
KRW-BTC,20,2.0,15,20,50,0.015,0.01,24,True,-53.148185977152096,71,False,-52.32217153888576,0.4,30,-0.12643326281599657,-0.004841288580404531,-53.97420041541844,0.36585365853658536,41,-0.1735370031636847,-0.004144738174146301
KRW-BTC,20,2.0,15,20,50,0.015,0.01,24,False,-32.51574527890995,70,False,-34.92570139432166,0.3103448275862069,29,-0.10501856732462936,-0.004153565628912056,-30.105789163498223,0.36585365853658536,41,-0.1604779599326439,-0.003106995336817196
KRW-BTC,20,2.0,15,20,50,0.015,0.015,12,True,-55.37966576952621,69,False,-56.05723527481092,0.3793103448275862,29,-0.15220332129158504,-0.006193288744226425,-54.70209626424151,0.375,40,-0.19930990304796037,-0.005025805261092862
KRW-BTC,20,2.0,15,20,50,0.015,0.015,12,False,-47.69107056228934,69,False,-58.55563824191655,0.27586206896551724,29,-0.16750645084944044,-0.006811568222279265,-36.82650288266214,0.35,40,-0.18279639253545515,-0.004184552385589032
KRW-BTC,20,2.0,15,20,50,0.015,0.015,24,True,-49.35291087823944,69,False,-55.87459528698068,0.4482758620689655,29,-0.16100491682605964,-0.006544178180866305,-42.831226469498205,0.475,40,-0.18682394537875488,-0.004220083270851108
KRW-BTC,20,2.0,15,20,50,0.015,0.015,24,False,-30.064886077178578,68,False,-40.908563412191825,0.35714285714285715,28,-0.1381906414257854,-0.0057993760892303525,-19.221208742165334,0.475,40,-0.15130884523225446,-0.0024919333673581955
KRW-BTC,20,2.0,15,20,50,0.02,0.008,12,True,-47.925195965444814,71,False,-36.054331109981895,0.36666666666666664,30,-0.08535499274114157,-0.003250852319379849,-59.79606082090773,0.3170731707317073,41,-0.16203167157074228,-0.0038169226227270903
KRW-BTC,20,2.0,15,20,50,0.02,0.008,12,False,-42.47355714259875,71,False,-33.440544465255776,0.26666666666666666,30,-0.0924540668182941,-0.003497549409246675,-51.50656981994173,0.2682926829268293,41,-0.15699136150220033,-0.003941177815637787
KRW-BTC,20,2.0,15,20,50,0.02,0.008,24,True,-45.870948554296604,71,False,-39.77773226925849,0.36666666666666664,30,-0.09622586015236906,-0.0036468136629253397,-51.96416483933471,0.34146341463414637,41,-0.15060280273760807,-0.003485862214319165
KRW-BTC,20,2.0,15,20,50,0.02,0.008,24,False,-40.09825737760574,69,False,-30.06875827228127,0.2413793103448276,29,-0.09026301295913836,-0.003524566293699609,-50.12775648293022,0.275,40,-0.17507217875774295,-0.004183180098758791
KRW-BTC,20,2.0,15,20,50,0.02,0.01,12,True,-52.632876850478574,71,False,-43.072940022310874,0.36666666666666664,30,-0.1105828592172524,-0.004239799914822221,-62.192813678646274,0.3170731707317073,41,-0.1853119379804656,-0.004496162178207855
KRW-BTC,20,2.0,15,20,50,0.02,0.01,12,False,-47.99765364145634,71,False,-41.117423842527685,0.26666666666666666,30,-0.1210410621060891,-0.00461963033802238,-54.87788344038499,0.2682926829268293,41,-0.18206405263882708,-0.004589393045560719
KRW-BTC,20,2.0,15,20,50,0.02,0.01,24,True,-49.38361664170927,71,False,-44.7930328680001,0.4,30,-0.11780549553132832,-0.0045084552470711905,-53.97420041541844,0.36585365853658536,41,-0.1735370031636847,-0.004144738174146301
KRW-BTC,20,2.0,15,20,50,0.02,0.01,24,False,-36.28287122024362,69,False,-26.785361204017242,0.3103448275862069,29,-0.09867522758725684,-0.003558777253367021,-45.78038123647001,0.3,40,-0.18756587293834354,-0.004550274398069758
KRW-BTC,20,2.0,15,20,50,0.02,0.015,12,True,-55.69209607764516,69,False,-56.68209589104881,0.3793103448275862,29,-0.1538357557127118,-0.006259406476317941,-54.70209626424151,0.375,40,-0.19930990304796037,-0.005025805261092862
KRW-BTC,20,2.0,15,20,50,0.02,0.015,12,False,-46.24844161455029,69,False,-51.26811483751996,0.27586206896551724,29,-0.15814285984352167,-0.006419196580669445,-41.22876839158062,0.325,40,-0.17943081552881507,-0.004600607911172301
KRW-BTC,20,2.0,15,20,50,0.02,0.015,24,True,-49.65233022227268,69,False,-56.47343397504715,0.4482758620689655,29,-0.16262040375509054,-0.00661029591295782,-42.831226469498205,0.475,40,-0.18682394537875488,-0.004220083270851108
KRW-BTC,20,2.0,15,20,50,0.02,0.015,24,False,-30.9998427422052,67,False,-33.48513335646583,0.35714285714285715,28,-0.12352307489416996,-0.005183345271701565,-28.51455212794457,0.41025641025641024,39,-0.16491901340408166,-0.0037672261255847937
KRW-BTC,20,2.0,15,20,50,0.025,0.008,12,True,-51.04212098692008,71,False,-42.288181152932445,0.36666666666666664,30,-0.0926306192085908,-0.0035213193064387045,-59.79606082090773,0.3170731707317073,41,-0.16203167157074228,-0.0038169226227270903
KRW-BTC,20,2.0,15,20,50,0.025,0.008,12,False,-39.097896932016454,71,False,-26.243955775728548,0.26666666666666666,30,-0.08033992326362284,-0.0030461343056817965,-51.951838088304356,0.2682926829268293,41,-0.1574161012200668,-0.003953693518200185
KRW-BTC,20,2.0,15,20,50,0.025,0.008,24,True,-49.089348630331784,71,False,-46.214532421328855,0.36666666666666664,30,-0.1034150133213983,-0.003917280649984195,-51.96416483933471,0.34146341463414637,41,-0.15060280273760807,-0.003485862214319165
KRW-BTC,20,2.0,15,20,50,0.025,0.008,24,False,-47.565489735265864,69,False,-19.601401389815805,0.2413793103448276,29,-0.06946857175887804,-0.002663790431630661,-75.52957808071592,0.25,40,-0.19771725620360855,-0.005102777310011937
KRW-BTC,20,2.0,15,20,50,0.025,0.01,12,True,-55.65516400320086,71,False,-49.117514327755444,0.36666666666666664,30,-0.11765780833819632,-0.004510266901881077,-62.192813678646274,0.3170731707317073,41,-0.1853119379804656,-0.004496162178207855
KRW-BTC,20,2.0,15,20,50,0.025,0.01,12,False,-44.50744012656165,71,False,-33.72913051965287,0.26666666666666666,30,-0.10930850470816372,-0.004168215234457501,-55.28574973347042,0.2682926829268293,41,-0.18247615978417528,-0.0046019087481231164
KRW-BTC,20,2.0,15,20,50,0.025,0.01,24,True,-52.37680675405568,71,False,-50.77941309269293,0.4,30,-0.12482299153820695,-0.004778922234130046,-53.97420041541844,0.36585365853658536,41,-0.1735370031636847,-0.004144738174146301
KRW-BTC,20,2.0,15,20,50,0.025,0.01,24,False,-37.86085285042229,69,False,-18.163977317267726,0.3103448275862069,29,-0.0853553709625809,-0.002713332886286591,-57.55772838357686,0.3,40,-0.19765537394169946,-0.005086673348399915
KRW-BTC,20,2.0,15,20,50,0.025,0.015,12,True,-56.50195123282862,69,False,-58.30180620141573,0.3793103448275862,29,-0.15560168378975944,-0.00633270050350463,-54.70209626424151,0.375,40,-0.19930990304796037,-0.005025805261092862
KRW-BTC,20,2.0,15,20,50,0.025,0.015,12,False,-42.20934056420859,69,False,-42.963536115434785,0.27586206896551724,29,-0.1457018211096955,-0.0059027310634280775,-41.4551450129824,0.325,40,-0.17984424939886823,-0.004613436506298759
KRW-BTC,20,2.0,15,20,50,0.025,0.015,24,True,-50.39426484032225,69,False,-57.957303211146304,0.4482758620689655,29,-0.1643679984450567,-0.0066835899401445084,-42.831226469498205,0.475,40,-0.18682394537875488,-0.004220083270851108
KRW-BTC,20,2.0,15,20,50,0.025,0.015,24,False,-32.524369053681426,67,False,-25.247141955148436,0.35714285714285715,28,-0.10946547667977057,-0.004307706462939691,-39.801596152214415,0.38461538461538464,39,-0.18581250368558505,-0.004813896301577614
KRW-BTC,20,2.0,15,20,50,0.03,0.008,12,True,-51.04212098692008,71,False,-42.288181152932445,0.36666666666666664,30,-0.0926306192085908,-0.0035213193064387045,-59.79606082090773,0.3170731707317073,41,-0.16203167157074228,-0.0038169226227270903
KRW-BTC,20,2.0,15,20,50,0.03,0.008,12,False,-42.39085887489553,71,False,-32.82987966148669,0.26666666666666666,30,-0.09307696603623117,-0.0035180789586167827,-51.951838088304356,0.2682926829268293,41,-0.1574161012200668,-0.003953693518200185
KRW-BTC,20,2.0,15,20,50,0.03,0.008,24,True,-49.089348630331784,71,False,-46.214532421328855,0.36666666666666664,30,-0.1034150133213983,-0.003917280649984195,-51.96416483933471,0.34146341463414637,41,-0.15060280273760807,-0.003485862214319165
KRW-BTC,20,2.0,15,20,50,0.03,0.008,24,False,-49.530729101741755,69,False,-23.531880122767596,0.2413793103448276,29,-0.08033684464836809,-0.0031345770609760497,-75.52957808071592,0.25,40,-0.19771725620360855,-0.005102777310011937
KRW-BTC,20,2.0,15,20,50,0.03,0.01,12,True,-55.65516400320086,71,False,-49.117514327755444,0.36666666666666664,30,-0.11765780833819632,-0.004510266901881077,-62.192813678646274,0.3170731707317073,41,-0.1853119379804656,-0.004496162178207855
KRW-BTC,20,2.0,15,20,50,0.03,0.01,12,False,-47.865622275066855,71,False,-40.4454948166633,0.26666666666666666,30,-0.12164434048021333,-0.004640159887392487,-55.28574973347042,0.2682926829268293,41,-0.18247615978417528,-0.0046019087481231164
KRW-BTC,20,2.0,15,20,50,0.03,0.01,24,True,-52.37680675405568,71,False,-50.77941309269293,0.4,30,-0.12482299153820695,-0.004778922234130046,-53.97420041541844,0.36585365853658536,41,-0.1735370031636847,-0.004144738174146301
KRW-BTC,20,2.0,15,20,50,0.03,0.01,24,False,-39.61535021261072,69,False,-21.672972041644588,0.3103448275862069,29,-0.09157580044056686,-0.0031841195156319807,-57.55772838357686,0.3,40,-0.19765537394169946,-0.005086673348399915
KRW-BTC,20,2.0,15,20,50,0.03,0.015,12,True,-56.50195123282862,69,False,-58.30180620141573,0.3793103448275862,29,-0.15560168378975944,-0.00633270050350463,-54.70209626424151,0.375,40,-0.19930990304796037,-0.005025805261092862
KRW-BTC,20,2.0,15,20,50,0.03,0.015,12,False,-45.60494871095166,69,False,-49.75475240892092,0.27586206896551724,29,-0.1575336193146385,-0.0063909496699125455,-41.4551450129824,0.325,40,-0.17984424939886823,-0.004613436506298759
KRW-BTC,20,2.0,15,20,50,0.03,0.015,24,True,-50.39426484032225,69,False,-57.957303211146304,0.4482758620689655,29,-0.1643679984450567,-0.0066835899401445084,-42.831226469498205,0.475,40,-0.18682394537875488,-0.004220083270851108
KRW-BTC,20,2.0,15,20,50,0.03,0.015,24,False,-33.58753419204909,67,False,-28.567108396330376,0.35714285714285715,28,-0.11998899607188324,-0.004795306900475998,-38.6079599877678,0.38461538461538464,39,-0.18364883999334386,-0.004744157792826936
KRW-BTC,20,2.0,15,25,40,0.015,0.008,12,True,-47.95853214183806,55,False,-27.006784343572143,0.43478260869565216,23,-0.05997955994686304,-0.002508635391312291,-68.91027994010398,0.3125,32,-0.1434561212317906,-0.004448551956464313
KRW-BTC,20,2.0,15,25,40,0.015,0.008,12,False,-28.507867136033937,55,False,-21.606210700925416,0.34782608695652173,23,-0.06545346623282877,-0.0022895980645914653,-35.40952357114246,0.28125,32,-0.11311565698194992,-0.003134832436340157
KRW-BTC,20,2.0,15,25,40,0.015,0.008,24,True,-44.45098601140328,55,False,-27.006784343572143,0.43478260869565216,23,-0.05997955994686304,-0.002508635391312291,-61.89518767923442,0.34375,32,-0.13911689117569495,-0.004288556029113349
KRW-BTC,20,2.0,15,25,40,0.015,0.008,24,False,-30.126007875649606,55,False,-18.062832402925153,0.34782608695652173,23,-0.06985258444251552,-0.0020239523147152017,-42.18918334837406,0.28125,32,-0.14553611247397377,-0.0038695931933206886
KRW-BTC,20,2.0,15,25,40,0.015,0.01,12,True,-54.855703343391525,55,False,-35.43163313639947,0.43478260869565216,23,-0.07503462302451776,-0.0036373745217470935,-74.27977355038358,0.3125,32,-0.17234470599538818,-0.005509458206464316
KRW-BTC,20,2.0,15,25,40,0.015,0.01,12,False,-36.71158384530152,55,False,-30.352907552660835,0.34782608695652173,23,-0.08042086099934373,-0.0035051632819827856,-43.070260137942206,0.28125,32,-0.14302753208125063,-0.004195738686340161
KRW-BTC,20,2.0,15,25,40,0.015,0.01,24,True,-52.15105728534795,55,False,-35.43163313639947,0.43478260869565216,23,-0.07503462302451776,-0.0036373745217470935,-68.87048143429644,0.34375,32,-0.17150267002975964,-0.005474274779113355
KRW-BTC,20,2.0,15,25,40,0.015,0.01,24,False,-38.69959298874181,55,False,-27.270559874565457,0.34782608695652173,23,-0.08659478741153899,-0.003326343619063042,-50.12862610291817,0.28125,32,-0.17660760183771904,-0.005014929817459398
KRW-BTC,20,2.0,15,25,40,0.015,0.015,12,True,-52.72050749975695,53,False,-42.36784137629867,0.45454545454545453,22,-0.09615459765561961,-0.0052683480673879545,-63.073173623215226,0.3870967741935484,31,-0.18171193136036604,-0.006036252014844286
KRW-BTC,20,2.0,15,25,40,0.015,0.015,12,False,-35.269775087074116,53,False,-38.976742791420804,0.36363636363636365,22,-0.09822376592532571,-0.005357059043997997,-31.562807382727428,0.3548387096774194,31,-0.13288233056939874,-0.003927642077356584
KRW-BTC,20,2.0,15,25,40,0.015,0.015,24,True,-46.08725038121692,53,False,-39.81154809466323,0.5,22,-0.09256464997183005,-0.005085332575824891,-52.362952667770614,0.4838709677419355,31,-0.1802256025410499,-0.005471447392689296
KRW-BTC,20,2.0,15,25,40,0.015,0.015,24,False,-30.720409212112095,53,False,-31.41264047714874,0.4090909090909091,22,-0.08891944953104912,-0.00456930940599743,-30.028177947075452,0.41935483870967744,31,-0.15961920374920036,-0.003978864212619952
KRW-BTC,20,2.0,15,25,40,0.02,0.008,12,True,-46.823547281457195,55,False,-24.736814622810417,0.43478260869565216,23,-0.05534891738502485,-0.0024139491609086183,-68.91027994010398,0.3125,32,-0.1434561212317906,-0.004448551956464313
KRW-BTC,20,2.0,15,25,40,0.02,0.008,12,False,-24.928406449107236,55,False,-14.263959419191668,0.34782608695652173,23,-0.06084978872658652,-0.0016958558469557818,-35.5928534790228,0.28125,32,-0.11284168965393664,-0.0031598753558184085
KRW-BTC,20,2.0,15,25,40,0.02,0.008,24,True,-43.61948410974914,55,False,-25.343780540263857,0.43478260869565216,23,-0.05534891738502485,-0.00246232501512623,-61.89518767923442,0.34375,32,-0.13911689117569495,-0.004288556029113349
KRW-BTC,20,2.0,15,25,40,0.02,0.008,24,False,-30.559678096588303,54,False,-10.861038088820917,0.34782608695652173,23,-0.0652705774693259,-0.001367976195463255,-50.25831810435569,0.22580645161290322,31,-0.15665048083888986,-0.004686854264072961
KRW-BTC,20,2.0,15,25,40,0.02,0.01,12,True,-53.68816862792807,55,False,-33.09656370547256,0.43478260869565216,23,-0.07308201694955738,-0.0035426882913434194,-74.27977355038358,0.3125,32,-0.17234470599538818,-0.005509458206464316
KRW-BTC,20,2.0,15,25,40,0.02,0.01,12,False,-32.98571328055293,55,False,-22.730207421726732,0.34782608695652173,23,-0.07589091450180328,-0.0029114210643471023,-43.241219139379126,0.28125,32,-0.14276280482671552,-0.004220781605818412
KRW-BTC,20,2.0,15,25,40,0.02,0.01,24,True,-51.280117561671105,55,False,-33.68975368904578,0.43478260869565216,23,-0.07410753231893898,-0.003591064145561032,-68.87048143429644,0.34375,32,-0.17150267002975964,-0.005474274779113355
KRW-BTC,20,2.0,15,25,40,0.02,0.01,24,False,-37.781576208394064,54,False,-19.695943416856068,0.34782608695652173,23,-0.08209525434460065,-0.0026703674998110947,-55.86720899993206,0.22580645161290322,31,-0.181011542980379,-0.005621195466814118
KRW-BTC,20,2.0,15,25,40,0.02,0.015,12,True,-55.46177058502218,53,False,-47.850367546829126,0.45454545454545453,22,-0.10484422480457502,-0.005710376746086574,-63.073173623215226,0.3870967741935484,31,-0.18171193136036604,-0.006036252014844286
KRW-BTC,20,2.0,15,25,40,0.02,0.015,12,False,-33.20393915953242,53,False,-35.670715955657336,0.36363636363636365,22,-0.10221662141115337,-0.005126838652529592,-30.7371623634075,0.3548387096774194,31,-0.13411028062299826,-0.0038730097316520733
KRW-BTC,20,2.0,15,25,40,0.02,0.015,24,True,-48.96029610603078,53,False,-45.55763954429095,0.5,22,-0.1022830993125651,-0.005577936011205561,-52.362952667770614,0.4838709677419355,31,-0.1802256025410499,-0.005471447392689296
KRW-BTC,20,2.0,15,25,40,0.02,0.015,24,False,-31.973318830591822,52,False,-24.554555909315884,0.4090909090909091,22,-0.0852756676821356,-0.0038835161904158468,-39.392081751867764,0.3333333333333333,30,-0.16694019641344987,-0.005190172857373576
KRW-BTC,20,2.0,15,25,40,0.025,0.008,12,True,-49.895591506014966,55,False,-30.880903071925957,0.43478260869565216,23,-0.06090335372806931,-0.0027667321875071245,-68.91027994010398,0.3125,32,-0.1434561212317906,-0.004448551956464313
KRW-BTC,20,2.0,15,25,40,0.025,0.008,12,False,-22.19834127616665,55,False,-8.444217475004685,0.34782608695652173,23,-0.06217307227229574,-0.0011070535379581136,-35.95246507732862,0.28125,32,-0.1132886736505784,-0.003175911099726481
KRW-BTC,20,2.0,15,25,40,0.025,0.008,24,True,-46.74416095641098,55,False,-31.593134233587545,0.43478260869565216,23,-0.06090335372806931,-0.002815108041724737,-61.89518767923442,0.34375,32,-0.13911689117569495,-0.004288556029113349
KRW-BTC,20,2.0,15,25,40,0.025,0.008,24,False,-36.63933064615153,54,False,-1.9383333926054216,0.34782608695652173,23,-0.060688570496136476,-0.00028265010850676066,-71.34032789969764,0.1935483870967742,31,-0.17578066985484733,-0.0057123829237544456
KRW-BTC,20,2.0,15,25,40,0.025,0.01,12,True,-56.74411466537525,55,False,-39.208455780366926,0.43478260869565216,23,-0.08045526991340086,-0.003895471317941926,-74.27977355038358,0.3125,32,-0.17234470599538818,-0.005509458206464316
KRW-BTC,20,2.0,15,25,40,0.025,0.01,12,False,-30.087335105988345,55,False,-16.580791318754667,0.34782608695652173,23,-0.07719300476659925,-0.0023226187553494334,-43.593878893222026,0.28125,32,-0.14319471343096363,-0.004236817349726484
KRW-BTC,20,2.0,15,25,40,0.025,0.01,24,True,-54.383998333655725,55,False,-39.89751523301501,0.43478260869565216,23,-0.08147262772798813,-0.003943847172159538,-68.87048143429644,0.34375,32,-0.17150267002975964,-0.005474274779113355
KRW-BTC,20,2.0,15,25,40,0.025,0.01,24,False,-39.68024597159067,54,False,-10.209238191332641,0.34782608695652173,23,-0.07759572127766262,-0.0015850414128546003,-69.1512537518487,0.22580645161290322,31,-0.18827398801033007,-0.006195029104790392
KRW-BTC,20,2.0,15,25,40,0.025,0.015,12,True,-56.315161472995484,53,False,-49.55714932277575,0.45454545454545453,22,-0.10671239723967965,-0.005806991600105391,-63.073173623215226,0.3870967741935484,31,-0.18171193136036604,-0.006036252014844286
KRW-BTC,20,2.0,15,25,40,0.025,0.015,12,False,-29.63116681170341,53,False,-28.31230843042029,0.36363636363636365,22,-0.09781572249650215,-0.00444604319798415,-30.950025192986523,0.3548387096774194,31,-0.13411028062299818,-0.0038895627576216968
KRW-BTC,20,2.0,15,25,40,0.025,0.015,24,True,-49.75782129625295,53,False,-47.152689924735284,0.5,22,-0.1041566167660231,-0.005674550865224378,-52.362952667770614,0.4838709677419355,31,-0.1802256025410499,-0.005471447392689296
KRW-BTC,20,2.0,15,25,40,0.025,0.015,24,False,-29.790528707412392,52,False,-15.5363060532465,0.4090909090909091,22,-0.0762858019593849,-0.0027488570995067817,-44.044751361578285,0.3333333333333333,30,-0.17028000561719062,-0.005616717616615727
KRW-BTC,20,2.0,15,25,40,0.03,0.008,12,True,-49.895591506014966,55,False,-30.880903071925957,0.43478260869565216,23,-0.06090335372806931,-0.0027667321875071245,-68.91027994010398,0.3125,32,-0.1434561212317906,-0.004448551956464313
KRW-BTC,20,2.0,15,25,40,0.03,0.008,12,False,-25.04283145948265,55,False,-14.133197841636683,0.34782608695652173,23,-0.06217307227229574,-0.0017226335200472263,-35.95246507732862,0.28125,32,-0.1132886736505784,-0.003175911099726481
KRW-BTC,20,2.0,15,25,40,0.03,0.008,24,True,-46.74416095641098,55,False,-31.593134233587545,0.43478260869565216,23,-0.06090335372806931,-0.002815108041724737,-61.89518767923442,0.34375,32,-0.13911689117569495,-0.004288556029113349
KRW-BTC,20,2.0,15,25,40,0.03,0.008,24,False,-54.09226546094887,54,False,-7.12797412396164,0.34782608695652173,23,-0.05610656352294684,-0.0010140272237575555,-101.05655679793611,0.1935483870967742,31,-0.18917488271810567,-0.006248901349528495
KRW-BTC,20,2.0,15,25,40,0.03,0.01,12,True,-56.74411466537525,55,False,-39.208455780366926,0.43478260869565216,23,-0.08045526991340086,-0.003895471317941926,-74.27977355038358,0.3125,32,-0.17234470599538818,-0.005509458206464316
KRW-BTC,20,2.0,15,25,40,0.03,0.01,12,False,-33.024979890539925,55,False,-22.45608088785782,0.34782608695652173,23,-0.07719300476659925,-0.0029381987374385455,-43.593878893222026,0.28125,32,-0.14319471343096363,-0.004236817349726484
KRW-BTC,20,2.0,15,25,40,0.03,0.01,24,True,-54.383998333655725,55,False,-39.89751523301501,0.43478260869565216,23,-0.08147262772798813,-0.003943847172159538,-68.87048143429644,0.34375,32,-0.17150267002975964,-0.005474274779113355
KRW-BTC,20,2.0,15,25,40,0.03,0.01,24,False,-53.55305078219195,54,False,-15.320383838083908,0.34782608695652173,23,-0.07309618821072426,-0.002316418528105396,-91.78571772629999,0.22580645161290322,31,-0.2014651746199898,-0.0067315475305644405
KRW-BTC,20,2.0,15,25,40,0.03,0.015,12,True,-56.315161472995484,53,False,-49.55714932277575,0.45454545454545453,22,-0.10671239723967965,-0.005806991600105391,-63.073173623215226,0.3870967741935484,31,-0.18171193136036604,-0.006036252014844286
KRW-BTC,20,2.0,15,25,40,0.03,0.015,12,False,-32.73834676788138,53,False,-34.52666834277625,0.36363636363636365,22,-0.09495171460706883,-0.005089604088350041,-30.950025192986523,0.3548387096774194,31,-0.13411028062299818,-0.0038895627576216968
KRW-BTC,20,2.0,15,25,40,0.03,0.015,24,True,-49.75782129625295,53,False,-47.152689924735284,0.5,22,-0.1041566167660231,-0.005674550865224378,-52.362952667770614,0.4838709677419355,31,-0.1802256025410499,-0.005471447392689296
KRW-BTC,20,2.0,15,25,40,0.03,0.015,24,False,-35.65437594853464,52,False,-20.353467335745783,0.4090909090909091,22,-0.07886857474676101,-0.0035134786290871717,-50.9552845613235,0.3333333333333333,30,-0.18159450007259992,-0.006080459928539696
KRW-BTC,20,2.0,15,25,45,0.015,0.008,12,True,-51.86064248546255,71,False,-43.92522415001738,0.36666666666666664,30,-0.09430012244977205,-0.0035836856527131883,-59.79606082090773,0.3170731707317073,41,-0.16203167157074228,-0.0038169226227270903
KRW-BTC,20,2.0,15,25,45,0.015,0.008,12,False,-44.55627383980379,71,False,-46.753280417701255,0.26666666666666666,30,-0.11011866646957903,-0.004163216075913361,-42.35926726190632,0.2926829268292683,41,-0.1583831553594234,-0.003394685266580573
KRW-BTC,20,2.0,15,25,45,0.015,0.008,24,True,-49.93399702622763,71,False,-47.903829213120545,0.36666666666666664,30,-0.10506467394797611,-0.003979646996258679,-51.96416483933471,0.34146341463414637,41,-0.15060280273760807,-0.003485862214319165
KRW-BTC,20,2.0,15,25,45,0.015,0.008,24,False,-36.76383818162029,70,False,-43.76840483594173,0.2413793103448276,29,-0.11170266555656455,-0.004360151835808596,-29.759271527298836,0.34146341463414637,41,-0.1468192083524682,-0.002724500898465036
KRW-BTC,20,2.0,15,25,45,0.015,0.01,12,True,-56.436808094501195,71,False,-50.680802510356116,0.36666666666666664,30,-0.11928126310754925,-0.004572633248155562,-62.192813678646274,0.3170731707317073,41,-0.1853119379804656,-0.004496162178207855
KRW-BTC,20,2.0,15,25,45,0.015,0.01,12,False,-50.66956345795743,71,False,-54.39038663849246,0.26666666666666666,30,-0.13814924052454272,-0.005285297004689065,-46.9487402774224,0.2926829268292683,41,-0.18341445188167227,-0.004122632139134508
KRW-BTC,20,2.0,15,25,45,0.015,0.01,24,True,-53.148185977152096,71,False,-52.32217153888576,0.4,30,-0.12643326281599657,-0.004841288580404531,-53.97420041541844,0.36585365853658536,41,-0.1735370031636847,-0.004144738174146301
KRW-BTC,20,2.0,15,25,45,0.015,0.01,24,False,-32.51574527890995,70,False,-34.92570139432166,0.3103448275862069,29,-0.10501856732462936,-0.004153565628912056,-30.105789163498223,0.36585365853658536,41,-0.1604779599326439,-0.003106995336817196
KRW-BTC,20,2.0,15,25,45,0.015,0.015,12,True,-55.37966576952621,69,False,-56.05723527481092,0.3793103448275862,29,-0.15220332129158504,-0.006193288744226425,-54.70209626424151,0.375,40,-0.19930990304796037,-0.005025805261092862
KRW-BTC,20,2.0,15,25,45,0.015,0.015,12,False,-47.69107056228934,69,False,-58.55563824191655,0.27586206896551724,29,-0.16750645084944044,-0.006811568222279265,-36.82650288266214,0.35,40,-0.18279639253545515,-0.004184552385589032
KRW-BTC,20,2.0,15,25,45,0.015,0.015,24,True,-49.35291087823944,69,False,-55.87459528698068,0.4482758620689655,29,-0.16100491682605964,-0.006544178180866305,-42.831226469498205,0.475,40,-0.18682394537875488,-0.004220083270851108
KRW-BTC,20,2.0,15,25,45,0.015,0.015,24,False,-30.064886077178578,68,False,-40.908563412191825,0.35714285714285715,28,-0.1381906414257854,-0.0057993760892303525,-19.221208742165334,0.475,40,-0.15130884523225446,-0.0024919333673581955
KRW-BTC,20,2.0,15,25,45,0.02,0.008,12,True,-47.925195965444814,71,False,-36.054331109981895,0.36666666666666664,30,-0.08535499274114157,-0.003250852319379849,-59.79606082090773,0.3170731707317073,41,-0.16203167157074228,-0.0038169226227270903
KRW-BTC,20,2.0,15,25,45,0.02,0.008,12,False,-42.47355714259875,71,False,-33.440544465255776,0.26666666666666666,30,-0.0924540668182941,-0.003497549409246675,-51.50656981994173,0.2682926829268293,41,-0.15699136150220033,-0.003941177815637787
KRW-BTC,20,2.0,15,25,45,0.02,0.008,24,True,-45.870948554296604,71,False,-39.77773226925849,0.36666666666666664,30,-0.09622586015236906,-0.0036468136629253397,-51.96416483933471,0.34146341463414637,41,-0.15060280273760807,-0.003485862214319165
KRW-BTC,20,2.0,15,25,45,0.02,0.008,24,False,-40.09825737760574,69,False,-30.06875827228127,0.2413793103448276,29,-0.09026301295913836,-0.003524566293699609,-50.12775648293022,0.275,40,-0.17507217875774295,-0.004183180098758791
KRW-BTC,20,2.0,15,25,45,0.02,0.01,12,True,-52.632876850478574,71,False,-43.072940022310874,0.36666666666666664,30,-0.1105828592172524,-0.004239799914822221,-62.192813678646274,0.3170731707317073,41,-0.1853119379804656,-0.004496162178207855
KRW-BTC,20,2.0,15,25,45,0.02,0.01,12,False,-47.99765364145634,71,False,-41.117423842527685,0.26666666666666666,30,-0.1210410621060891,-0.00461963033802238,-54.87788344038499,0.2682926829268293,41,-0.18206405263882708,-0.004589393045560719
KRW-BTC,20,2.0,15,25,45,0.02,0.01,24,True,-49.38361664170927,71,False,-44.7930328680001,0.4,30,-0.11780549553132832,-0.0045084552470711905,-53.97420041541844,0.36585365853658536,41,-0.1735370031636847,-0.004144738174146301
KRW-BTC,20,2.0,15,25,45,0.02,0.01,24,False,-36.28287122024362,69,False,-26.785361204017242,0.3103448275862069,29,-0.09867522758725684,-0.003558777253367021,-45.78038123647001,0.3,40,-0.18756587293834354,-0.004550274398069758
KRW-BTC,20,2.0,15,25,45,0.02,0.015,12,True,-55.69209607764516,69,False,-56.68209589104881,0.3793103448275862,29,-0.1538357557127118,-0.006259406476317941,-54.70209626424151,0.375,40,-0.19930990304796037,-0.005025805261092862
KRW-BTC,20,2.0,15,25,45,0.02,0.015,12,False,-46.24844161455029,69,False,-51.26811483751996,0.27586206896551724,29,-0.15814285984352167,-0.006419196580669445,-41.22876839158062,0.325,40,-0.17943081552881507,-0.004600607911172301
KRW-BTC,20,2.0,15,25,45,0.02,0.015,24,True,-49.65233022227268,69,False,-56.47343397504715,0.4482758620689655,29,-0.16262040375509054,-0.00661029591295782,-42.831226469498205,0.475,40,-0.18682394537875488,-0.004220083270851108
KRW-BTC,20,2.0,15,25,45,0.02,0.015,24,False,-30.9998427422052,67,False,-33.48513335646583,0.35714285714285715,28,-0.12352307489416996,-0.005183345271701565,-28.51455212794457,0.41025641025641024,39,-0.16491901340408166,-0.0037672261255847937
KRW-BTC,20,2.0,15,25,45,0.025,0.008,12,True,-51.04212098692008,71,False,-42.288181152932445,0.36666666666666664,30,-0.0926306192085908,-0.0035213193064387045,-59.79606082090773,0.3170731707317073,41,-0.16203167157074228,-0.0038169226227270903
KRW-BTC,20,2.0,15,25,45,0.025,0.008,12,False,-39.097896932016454,71,False,-26.243955775728548,0.26666666666666666,30,-0.08033992326362284,-0.0030461343056817965,-51.951838088304356,0.2682926829268293,41,-0.1574161012200668,-0.003953693518200185
KRW-BTC,20,2.0,15,25,45,0.025,0.008,24,True,-49.089348630331784,71,False,-46.214532421328855,0.36666666666666664,30,-0.1034150133213983,-0.003917280649984195,-51.96416483933471,0.34146341463414637,41,-0.15060280273760807,-0.003485862214319165
KRW-BTC,20,2.0,15,25,45,0.025,0.008,24,False,-47.565489735265864,69,False,-19.601401389815805,0.2413793103448276,29,-0.06946857175887804,-0.002663790431630661,-75.52957808071592,0.25,40,-0.19771725620360855,-0.005102777310011937
KRW-BTC,20,2.0,15,25,45,0.025,0.01,12,True,-55.65516400320086,71,False,-49.117514327755444,0.36666666666666664,30,-0.11765780833819632,-0.004510266901881077,-62.192813678646274,0.3170731707317073,41,-0.1853119379804656,-0.004496162178207855
KRW-BTC,20,2.0,15,25,45,0.025,0.01,12,False,-44.50744012656165,71,False,-33.72913051965287,0.26666666666666666,30,-0.10930850470816372,-0.004168215234457501,-55.28574973347042,0.2682926829268293,41,-0.18247615978417528,-0.0046019087481231164
KRW-BTC,20,2.0,15,25,45,0.025,0.01,24,True,-52.37680675405568,71,False,-50.77941309269293,0.4,30,-0.12482299153820695,-0.004778922234130046,-53.97420041541844,0.36585365853658536,41,-0.1735370031636847,-0.004144738174146301
KRW-BTC,20,2.0,15,25,45,0.025,0.01,24,False,-37.86085285042229,69,False,-18.163977317267726,0.3103448275862069,29,-0.0853553709625809,-0.002713332886286591,-57.55772838357686,0.3,40,-0.19765537394169946,-0.005086673348399915
KRW-BTC,20,2.0,15,25,45,0.025,0.015,12,True,-56.50195123282862,69,False,-58.30180620141573,0.3793103448275862,29,-0.15560168378975944,-0.00633270050350463,-54.70209626424151,0.375,40,-0.19930990304796037,-0.005025805261092862
KRW-BTC,20,2.0,15,25,45,0.025,0.015,12,False,-42.20934056420859,69,False,-42.963536115434785,0.27586206896551724,29,-0.1457018211096955,-0.0059027310634280775,-41.4551450129824,0.325,40,-0.17984424939886823,-0.004613436506298759
KRW-BTC,20,2.0,15,25,45,0.025,0.015,24,True,-50.39426484032225,69,False,-57.957303211146304,0.4482758620689655,29,-0.1643679984450567,-0.0066835899401445084,-42.831226469498205,0.475,40,-0.18682394537875488,-0.004220083270851108
KRW-BTC,20,2.0,15,25,45,0.025,0.015,24,False,-32.524369053681426,67,False,-25.247141955148436,0.35714285714285715,28,-0.10946547667977057,-0.004307706462939691,-39.801596152214415,0.38461538461538464,39,-0.18581250368558505,-0.004813896301577614
KRW-BTC,20,2.0,15,25,45,0.03,0.008,12,True,-51.04212098692008,71,False,-42.288181152932445,0.36666666666666664,30,-0.0926306192085908,-0.0035213193064387045,-59.79606082090773,0.3170731707317073,41,-0.16203167157074228,-0.0038169226227270903
KRW-BTC,20,2.0,15,25,45,0.03,0.008,12,False,-42.39085887489553,71,False,-32.82987966148669,0.26666666666666666,30,-0.09307696603623117,-0.0035180789586167827,-51.951838088304356,0.2682926829268293,41,-0.1574161012200668,-0.003953693518200185
KRW-BTC,20,2.0,15,25,45,0.03,0.008,24,True,-49.089348630331784,71,False,-46.214532421328855,0.36666666666666664,30,-0.1034150133213983,-0.003917280649984195,-51.96416483933471,0.34146341463414637,41,-0.15060280273760807,-0.003485862214319165
KRW-BTC,20,2.0,15,25,45,0.03,0.008,24,False,-49.530729101741755,69,False,-23.531880122767596,0.2413793103448276,29,-0.08033684464836809,-0.0031345770609760497,-75.52957808071592,0.25,40,-0.19771725620360855,-0.005102777310011937
KRW-BTC,20,2.0,15,25,45,0.03,0.01,12,True,-55.65516400320086,71,False,-49.117514327755444,0.36666666666666664,30,-0.11765780833819632,-0.004510266901881077,-62.192813678646274,0.3170731707317073,41,-0.1853119379804656,-0.004496162178207855
KRW-BTC,20,2.0,15,25,45,0.03,0.01,12,False,-47.865622275066855,71,False,-40.4454948166633,0.26666666666666666,30,-0.12164434048021333,-0.004640159887392487,-55.28574973347042,0.2682926829268293,41,-0.18247615978417528,-0.0046019087481231164
KRW-BTC,20,2.0,15,25,45,0.03,0.01,24,True,-52.37680675405568,71,False,-50.77941309269293,0.4,30,-0.12482299153820695,-0.004778922234130046,-53.97420041541844,0.36585365853658536,41,-0.1735370031636847,-0.004144738174146301
KRW-BTC,20,2.0,15,25,45,0.03,0.01,24,False,-39.61535021261072,69,False,-21.672972041644588,0.3103448275862069,29,-0.09157580044056686,-0.0031841195156319807,-57.55772838357686,0.3,40,-0.19765537394169946,-0.005086673348399915
KRW-BTC,20,2.0,15,25,45,0.03,0.015,12,True,-56.50195123282862,69,False,-58.30180620141573,0.3793103448275862,29,-0.15560168378975944,-0.00633270050350463,-54.70209626424151,0.375,40,-0.19930990304796037,-0.005025805261092862
KRW-BTC,20,2.0,15,25,45,0.03,0.015,12,False,-45.60494871095166,69,False,-49.75475240892092,0.27586206896551724,29,-0.1575336193146385,-0.0063909496699125455,-41.4551450129824,0.325,40,-0.17984424939886823,-0.004613436506298759
KRW-BTC,20,2.0,15,25,45,0.03,0.015,24,True,-50.39426484032225,69,False,-57.957303211146304,0.4482758620689655,29,-0.1643679984450567,-0.0066835899401445084,-42.831226469498205,0.475,40,-0.18682394537875488,-0.004220083270851108
KRW-BTC,20,2.0,15,25,45,0.03,0.015,24,False,-33.58753419204909,67,False,-28.567108396330376,0.35714285714285715,28,-0.11998899607188324,-0.004795306900475998,-38.6079599877678,0.38461538461538464,39,-0.18364883999334386,-0.004744157792826936
KRW-BTC,20,2.0,15,25,50,0.015,0.008,12,True,-51.86064248546255,71,False,-43.92522415001738,0.36666666666666664,30,-0.09430012244977205,-0.0035836856527131883,-59.79606082090773,0.3170731707317073,41,-0.16203167157074228,-0.0038169226227270903
KRW-BTC,20,2.0,15,25,50,0.015,0.008,12,False,-44.55627383980379,71,False,-46.753280417701255,0.26666666666666666,30,-0.11011866646957903,-0.004163216075913361,-42.35926726190632,0.2926829268292683,41,-0.1583831553594234,-0.003394685266580573
KRW-BTC,20,2.0,15,25,50,0.015,0.008,24,True,-49.93399702622763,71,False,-47.903829213120545,0.36666666666666664,30,-0.10506467394797611,-0.003979646996258679,-51.96416483933471,0.34146341463414637,41,-0.15060280273760807,-0.003485862214319165
KRW-BTC,20,2.0,15,25,50,0.015,0.008,24,False,-36.76383818162029,70,False,-43.76840483594173,0.2413793103448276,29,-0.11170266555656455,-0.004360151835808596,-29.759271527298836,0.34146341463414637,41,-0.1468192083524682,-0.002724500898465036
KRW-BTC,20,2.0,15,25,50,0.015,0.01,12,True,-56.436808094501195,71,False,-50.680802510356116,0.36666666666666664,30,-0.11928126310754925,-0.004572633248155562,-62.192813678646274,0.3170731707317073,41,-0.1853119379804656,-0.004496162178207855
KRW-BTC,20,2.0,15,25,50,0.015,0.01,12,False,-50.66956345795743,71,False,-54.39038663849246,0.26666666666666666,30,-0.13814924052454272,-0.005285297004689065,-46.9487402774224,0.2926829268292683,41,-0.18341445188167227,-0.004122632139134508
KRW-BTC,20,2.0,15,25,50,0.015,0.01,24,True,-53.148185977152096,71,False,-52.32217153888576,0.4,30,-0.12643326281599657,-0.004841288580404531,-53.97420041541844,0.36585365853658536,41,-0.1735370031636847,-0.004144738174146301
KRW-BTC,20,2.0,15,25,50,0.015,0.01,24,False,-32.51574527890995,70,False,-34.92570139432166,0.3103448275862069,29,-0.10501856732462936,-0.004153565628912056,-30.105789163498223,0.36585365853658536,41,-0.1604779599326439,-0.003106995336817196
KRW-BTC,20,2.0,15,25,50,0.015,0.015,12,True,-55.37966576952621,69,False,-56.05723527481092,0.3793103448275862,29,-0.15220332129158504,-0.006193288744226425,-54.70209626424151,0.375,40,-0.19930990304796037,-0.005025805261092862
KRW-BTC,20,2.0,15,25,50,0.015,0.015,12,False,-47.69107056228934,69,False,-58.55563824191655,0.27586206896551724,29,-0.16750645084944044,-0.006811568222279265,-36.82650288266214,0.35,40,-0.18279639253545515,-0.004184552385589032
KRW-BTC,20,2.0,15,25,50,0.015,0.015,24,True,-49.35291087823944,69,False,-55.87459528698068,0.4482758620689655,29,-0.16100491682605964,-0.006544178180866305,-42.831226469498205,0.475,40,-0.18682394537875488,-0.004220083270851108
KRW-BTC,20,2.0,15,25,50,0.015,0.015,24,False,-30.064886077178578,68,False,-40.908563412191825,0.35714285714285715,28,-0.1381906414257854,-0.0057993760892303525,-19.221208742165334,0.475,40,-0.15130884523225446,-0.0024919333673581955
KRW-BTC,20,2.0,15,25,50,0.02,0.008,12,True,-47.925195965444814,71,False,-36.054331109981895,0.36666666666666664,30,-0.08535499274114157,-0.003250852319379849,-59.79606082090773,0.3170731707317073,41,-0.16203167157074228,-0.0038169226227270903
KRW-BTC,20,2.0,15,25,50,0.02,0.008,12,False,-42.47355714259875,71,False,-33.440544465255776,0.26666666666666666,30,-0.0924540668182941,-0.003497549409246675,-51.50656981994173,0.2682926829268293,41,-0.15699136150220033,-0.003941177815637787
KRW-BTC,20,2.0,15,25,50,0.02,0.008,24,True,-45.870948554296604,71,False,-39.77773226925849,0.36666666666666664,30,-0.09622586015236906,-0.0036468136629253397,-51.96416483933471,0.34146341463414637,41,-0.15060280273760807,-0.003485862214319165
KRW-BTC,20,2.0,15,25,50,0.02,0.008,24,False,-40.09825737760574,69,False,-30.06875827228127,0.2413793103448276,29,-0.09026301295913836,-0.003524566293699609,-50.12775648293022,0.275,40,-0.17507217875774295,-0.004183180098758791
KRW-BTC,20,2.0,15,25,50,0.02,0.01,12,True,-52.632876850478574,71,False,-43.072940022310874,0.36666666666666664,30,-0.1105828592172524,-0.004239799914822221,-62.192813678646274,0.3170731707317073,41,-0.1853119379804656,-0.004496162178207855
KRW-BTC,20,2.0,15,25,50,0.02,0.01,12,False,-47.99765364145634,71,False,-41.117423842527685,0.26666666666666666,30,-0.1210410621060891,-0.00461963033802238,-54.87788344038499,0.2682926829268293,41,-0.18206405263882708,-0.004589393045560719
KRW-BTC,20,2.0,15,25,50,0.02,0.01,24,True,-49.38361664170927,71,False,-44.7930328680001,0.4,30,-0.11780549553132832,-0.0045084552470711905,-53.97420041541844,0.36585365853658536,41,-0.1735370031636847,-0.004144738174146301
KRW-BTC,20,2.0,15,25,50,0.02,0.01,24,False,-36.28287122024362,69,False,-26.785361204017242,0.3103448275862069,29,-0.09867522758725684,-0.003558777253367021,-45.78038123647001,0.3,40,-0.18756587293834354,-0.004550274398069758
KRW-BTC,20,2.0,15,25,50,0.02,0.015,12,True,-55.69209607764516,69,False,-56.68209589104881,0.3793103448275862,29,-0.1538357557127118,-0.006259406476317941,-54.70209626424151,0.375,40,-0.19930990304796037,-0.005025805261092862
KRW-BTC,20,2.0,15,25,50,0.02,0.015,12,False,-46.24844161455029,69,False,-51.26811483751996,0.27586206896551724,29,-0.15814285984352167,-0.006419196580669445,-41.22876839158062,0.325,40,-0.17943081552881507,-0.004600607911172301
KRW-BTC,20,2.0,15,25,50,0.02,0.015,24,True,-49.65233022227268,69,False,-56.47343397504715,0.4482758620689655,29,-0.16262040375509054,-0.00661029591295782,-42.831226469498205,0.475,40,-0.18682394537875488,-0.004220083270851108
KRW-BTC,20,2.0,15,25,50,0.02,0.015,24,False,-30.9998427422052,67,False,-33.48513335646583,0.35714285714285715,28,-0.12352307489416996,-0.005183345271701565,-28.51455212794457,0.41025641025641024,39,-0.16491901340408166,-0.0037672261255847937
KRW-BTC,20,2.0,15,25,50,0.025,0.008,12,True,-51.04212098692008,71,False,-42.288181152932445,0.36666666666666664,30,-0.0926306192085908,-0.0035213193064387045,-59.79606082090773,0.3170731707317073,41,-0.16203167157074228,-0.0038169226227270903
KRW-BTC,20,2.0,15,25,50,0.025,0.008,12,False,-39.097896932016454,71,False,-26.243955775728548,0.26666666666666666,30,-0.08033992326362284,-0.0030461343056817965,-51.951838088304356,0.2682926829268293,41,-0.1574161012200668,-0.003953693518200185
KRW-BTC,20,2.0,15,25,50,0.025,0.008,24,True,-49.089348630331784,71,False,-46.214532421328855,0.36666666666666664,30,-0.1034150133213983,-0.003917280649984195,-51.96416483933471,0.34146341463414637,41,-0.15060280273760807,-0.003485862214319165
KRW-BTC,20,2.0,15,25,50,0.025,0.008,24,False,-47.565489735265864,69,False,-19.601401389815805,0.2413793103448276,29,-0.06946857175887804,-0.002663790431630661,-75.52957808071592,0.25,40,-0.19771725620360855,-0.005102777310011937
KRW-BTC,20,2.0,15,25,50,0.025,0.01,12,True,-55.65516400320086,71,False,-49.117514327755444,0.36666666666666664,30,-0.11765780833819632,-0.004510266901881077,-62.192813678646274,0.3170731707317073,41,-0.1853119379804656,-0.004496162178207855
KRW-BTC,20,2.0,15,25,50,0.025,0.01,12,False,-44.50744012656165,71,False,-33.72913051965287,0.26666666666666666,30,-0.10930850470816372,-0.004168215234457501,-55.28574973347042,0.2682926829268293,41,-0.18247615978417528,-0.0046019087481231164
KRW-BTC,20,2.0,15,25,50,0.025,0.01,24,True,-52.37680675405568,71,False,-50.77941309269293,0.4,30,-0.12482299153820695,-0.004778922234130046,-53.97420041541844,0.36585365853658536,41,-0.1735370031636847,-0.004144738174146301
KRW-BTC,20,2.0,15,25,50,0.025,0.01,24,False,-37.86085285042229,69,False,-18.163977317267726,0.3103448275862069,29,-0.0853553709625809,-0.002713332886286591,-57.55772838357686,0.3,40,-0.19765537394169946,-0.005086673348399915
KRW-BTC,20,2.0,15,25,50,0.025,0.015,12,True,-56.50195123282862,69,False,-58.30180620141573,0.3793103448275862,29,-0.15560168378975944,-0.00633270050350463,-54.70209626424151,0.375,40,-0.19930990304796037,-0.005025805261092862
KRW-BTC,20,2.0,15,25,50,0.025,0.015,12,False,-42.20934056420859,69,False,-42.963536115434785,0.27586206896551724,29,-0.1457018211096955,-0.0059027310634280775,-41.4551450129824,0.325,40,-0.17984424939886823,-0.004613436506298759
KRW-BTC,20,2.0,15,25,50,0.025,0.015,24,True,-50.39426484032225,69,False,-57.957303211146304,0.4482758620689655,29,-0.1643679984450567,-0.0066835899401445084,-42.831226469498205,0.475,40,-0.18682394537875488,-0.004220083270851108
KRW-BTC,20,2.0,15,25,50,0.025,0.015,24,False,-32.524369053681426,67,False,-25.247141955148436,0.35714285714285715,28,-0.10946547667977057,-0.004307706462939691,-39.801596152214415,0.38461538461538464,39,-0.18581250368558505,-0.004813896301577614
KRW-BTC,20,2.0,15,25,50,0.03,0.008,12,True,-51.04212098692008,71,False,-42.288181152932445,0.36666666666666664,30,-0.0926306192085908,-0.0035213193064387045,-59.79606082090773,0.3170731707317073,41,-0.16203167157074228,-0.0038169226227270903
KRW-BTC,20,2.0,15,25,50,0.03,0.008,12,False,-42.39085887489553,71,False,-32.82987966148669,0.26666666666666666,30,-0.09307696603623117,-0.0035180789586167827,-51.951838088304356,0.2682926829268293,41,-0.1574161012200668,-0.003953693518200185
KRW-BTC,20,2.0,15,25,50,0.03,0.008,24,True,-49.089348630331784,71,False,-46.214532421328855,0.36666666666666664,30,-0.1034150133213983,-0.003917280649984195,-51.96416483933471,0.34146341463414637,41,-0.15060280273760807,-0.003485862214319165
KRW-BTC,20,2.0,15,25,50,0.03,0.008,24,False,-49.530729101741755,69,False,-23.531880122767596,0.2413793103448276,29,-0.08033684464836809,-0.0031345770609760497,-75.52957808071592,0.25,40,-0.19771725620360855,-0.005102777310011937
KRW-BTC,20,2.0,15,25,50,0.03,0.01,12,True,-55.65516400320086,71,False,-49.117514327755444,0.36666666666666664,30,-0.11765780833819632,-0.004510266901881077,-62.192813678646274,0.3170731707317073,41,-0.1853119379804656,-0.004496162178207855
KRW-BTC,20,2.0,15,25,50,0.03,0.01,12,False,-47.865622275066855,71,False,-40.4454948166633,0.26666666666666666,30,-0.12164434048021333,-0.004640159887392487,-55.28574973347042,0.2682926829268293,41,-0.18247615978417528,-0.0046019087481231164
KRW-BTC,20,2.0,15,25,50,0.03,0.01,24,True,-52.37680675405568,71,False,-50.77941309269293,0.4,30,-0.12482299153820695,-0.004778922234130046,-53.97420041541844,0.36585365853658536,41,-0.1735370031636847,-0.004144738174146301
KRW-BTC,20,2.0,15,25,50,0.03,0.01,24,False,-39.61535021261072,69,False,-21.672972041644588,0.3103448275862069,29,-0.09157580044056686,-0.0031841195156319807,-57.55772838357686,0.3,40,-0.19765537394169946,-0.005086673348399915
KRW-BTC,20,2.0,15,25,50,0.03,0.015,12,True,-56.50195123282862,69,False,-58.30180620141573,0.3793103448275862,29,-0.15560168378975944,-0.00633270050350463,-54.70209626424151,0.375,40,-0.19930990304796037,-0.005025805261092862
KRW-BTC,20,2.0,15,25,50,0.03,0.015,12,False,-45.60494871095166,69,False,-49.75475240892092,0.27586206896551724,29,-0.1575336193146385,-0.0063909496699125455,-41.4551450129824,0.325,40,-0.17984424939886823,-0.004613436506298759
KRW-BTC,20,2.0,15,25,50,0.03,0.015,24,True,-50.39426484032225,69,False,-57.957303211146304,0.4482758620689655,29,-0.1643679984450567,-0.0066835899401445084,-42.831226469498205,0.475,40,-0.18682394537875488,-0.004220083270851108
KRW-BTC,20,2.0,15,25,50,0.03,0.015,24,False,-33.58753419204909,67,False,-28.567108396330376,0.35714285714285715,28,-0.11998899607188324,-0.004795306900475998,-38.6079599877678,0.38461538461538464,39,-0.18364883999334386,-0.004744157792826936
KRW-BTC,20,2.0,15,30,40,0.015,0.008,12,True,-51.56004928788644,53,False,-37.02783124063286,0.4090909090909091,22,-0.06683447719467901,-0.0032352779090992117,-66.09226733514004,0.3225806451612903,31,-0.13525138638581932,-0.00428598911635026
KRW-BTC,20,2.0,15,30,40,0.015,0.008,12,False,-31.189012133962834,53,False,-29.491297636392343,0.3181818181818182,22,-0.06961676019885407,-0.0030062843402547117,-32.88672663153332,0.2903225806451613,31,-0.10462029433459666,-0.0029298915471898408
KRW-BTC,20,2.0,15,30,40,0.015,0.008,24,True,-48.09110024588762,53,False,-37.02783124063286,0.4090909090909091,22,-0.06683447719467901,-0.0032352779090992117,-59.154369251142384,0.3548387096774194,31,-0.13087059134638954,-0.0041208320300524905
KRW-BTC,20,2.0,15,30,40,0.015,0.008,24,False,-32.47535960301155,53,False,-25.09453948093978,0.3181818181818182,22,-0.07380059114626066,-0.002728563783565891,-39.856179725083315,0.2903225806451613,31,-0.1373513016237802,-0.003688354264072971
KRW-BTC,20,2.0,15,30,40,0.015,0.01,12,True,-58.440670962337904,53,False,-45.470753368287376,0.4090909090909091,22,-0.08732231606905566,-0.004415323363644686,-71.41058855638843,0.3225806451612903,31,-0.16272864447720894,-0.005316698793769618
KRW-BTC,20,2.0,15,30,40,0.015,0.01,12,False,-39.43995956648719,53,False,-38.44469035222964,0.3181818181818182,22,-0.08820521755155614,-0.00427710252207291,-40.43522878074473,0.2903225806451613,31,-0.1330708508027199,-0.003960601224609199
KRW-BTC,20,2.0,15,30,40,0.015,0.01,24,True,-55.77757604930685,53,False,-45.470753368287376,0.4090909090909091,22,-0.08732231606905566,-0.004415323363644686,-66.08439873032633,0.3548387096774194,31,-0.16187682536912407,-0.005280380417149271
KRW-BTC,20,2.0,15,30,40,0.015,0.01,24,False,-41.097239713171845,53,False,-34.54030901648853,0.3181818181818182,22,-0.09413548757180794,-0.004090154692656814,-47.654170409855155,0.2903225806451613,31,-0.16704106850955128,-0.004806217876087121
KRW-BTC,20,2.0,15,30,40,0.015,0.015,12,True,-55.773732416894475,51,False,-51.70661203941234,0.42857142857142855,21,-0.10817418014274582,-0.006161007499168331,-59.84085279437661,0.4,30,-0.16800269578008237,-0.0056882104153390955
KRW-BTC,20,2.0,15,30,40,0.015,0.015,12,False,-37.60528832977442,51,False,-46.91511562011939,0.3333333333333333,21,-0.1102158320488869,-0.0062539428079979005,-28.29546103942945,0.36666666666666664,30,-0.11835502550210976,-0.0035093134799351364
KRW-BTC,20,2.0,15,30,40,0.015,0.015,24,True,-48.81644701608809,51,False,-48.52764475202697,0.47619047619047616,21,-0.1046319725616307,-0.005969276984197502,-49.105249280149216,0.5,30,-0.16649146566657078,-0.005104578972445606
KRW-BTC,20,2.0,15,30,40,0.015,0.015,24,False,-32.49855096376065,51,False,-38.090904349776785,0.38095238095238093,21,-0.10103524698974482,-0.005428681282473495,-26.906197577744514,0.43333333333333335,30,-0.1455398364035398,-0.0035622430197072836
KRW-BTC,20,2.0,15,30,40,0.02,0.008,12,True,-47.23908130807924,53,False,-28.385895281018453,0.4090909090909091,22,-0.05761808349956962,-0.0027814142727355666,-66.09226733514004,0.3225806451612903,31,-0.13525138638581932,-0.00428598911635026
KRW-BTC,20,2.0,15,30,40,0.02,0.008,12,False,-24.976865411594275,53,False,-16.87365027992004,0.3181818181818182,22,-0.06084978872658652,-0.0020306803536030565,-33.08008054326851,0.2903225806451613,31,-0.10434370270520363,-0.0029557423027802942
KRW-BTC,20,2.0,15,30,40,0.02,0.008,24,True,-43.77013226608042,53,False,-28.385895281018453,0.4090909090909091,22,-0.05761808349956962,-0.0027814142727355666,-59.154369251142384,0.3548387096774194,31,-0.13087059134638954,-0.0041208320300524905
KRW-BTC,20,2.0,15,30,40,0.02,0.008,24,False,-30.348827552817465,52,False,-12.702169402110577,0.3181818181818182,22,-0.0652705774693259,-0.0016271101144222171,-47.99548570352435,0.23333333333333334,30,-0.14857213323906207,-0.0045268160728753944
KRW-BTC,20,2.0,15,30,40,0.02,0.01,12,True,-54.16115172065263,53,False,-36.91171488491683,0.4090909090909091,22,-0.07830827017228789,-0.0039614597272810415,-71.41058855638843,0.3225806451612903,31,-0.16272864447720894,-0.005316698793769618
KRW-BTC,20,2.0,15,30,40,0.02,0.01,12,False,-33.060769475027854,53,False,-25.50789742018661,0.3181818181818182,22,-0.07919989161652913,-0.0033014985354212554,-40.61364152986909,0.2903225806451613,31,-0.1328030478310552,-0.003986451980199652
KRW-BTC,20,2.0,15,30,40,0.02,0.01,24,True,-51.49805680762158,53,False,-36.91171488491683,0.4090909090909091,22,-0.07830827017228789,-0.0039614597272810415,-66.08439873032633,0.3548387096774194,31,-0.16187682536912407,-0.005280380417149271
KRW-BTC,20,2.0,15,30,40,0.02,0.01,24,False,-37.55201209758064,52,False,-21.71016242212498,0.3181818181818182,22,-0.08518873184955607,-0.0029887010235131405,-53.393861773036306,0.23333333333333334,30,-0.17149617656826563,-0.005425735315707923
KRW-BTC,20,2.0,15,30,40,0.02,0.015,12,True,-56.17101793819794,51,False,-52.501183082019274,0.42857142857142855,21,-0.10989139277467389,-0.006252312938723281,-59.84085279437661,0.4,30,-0.16800269578008237,-0.0056882104153390955
KRW-BTC,20,2.0,15,30,40,0.02,0.015,12,False,-33.21658206775127,51,False,-38.94766389170136,0.3333333333333333,21,-0.10727860463023244,-0.00564098731690168,-27.485500243801173,0.36666666666666664,30,-0.11960354808659508,-0.0034528600560404755
KRW-BTC,20,2.0,15,30,40,0.02,0.015,24,True,-49.19678532636762,51,False,-49.28832137258601,0.47619047619047616,21,-0.10635600572226253,-0.006060582423752452,-49.105249280149216,0.5,30,-0.16649146566657078,-0.005104578972445606
KRW-BTC,20,2.0,15,30,40,0.02,0.015,24,False,-31.47869624763925,50,False,-26.60285030541979,0.38095238095238093,21,-0.08922204127366176,-0.0042747774386086915,-36.35454218985871,0.3448275862068966,29,-0.15298348173371715,-0.004800954680041629
KRW-BTC,20,2.0,15,30,40,0.025,0.008,12,True,-50.650164490447146,53,False,-35.208061645754256,0.4090909090909091,22,-0.06511434572122017,-0.0031502328914521874,-66.09226733514004,0.3225806451612903,31,-0.13525138638581932,-0.00428598911635026
KRW-BTC,20,2.0,15,30,40,0.025,0.008,12,False,-22.032021948022344,53,False,-10.630701310955585,0.3181818181818182,22,-0.06217307227229574,-0.0014151143032873125,-33.4333425850891,0.2903225806451613,31,-0.10479496830990281,-0.002972295328749917
KRW-BTC,20,2.0,15,30,40,0.025,0.008,24,True,-47.18121544844832,53,False,-35.208061645754256,0.4090909090909091,22,-0.06511434572122017,-0.0031502328914521874,-59.154369251142384,0.3548387096774194,31,-0.13087059134638954,-0.0041208320300524905
KRW-BTC,20,2.0,15,30,40,0.025,0.008,24,False,-36.118857160015324,52,False,-3.3114759812894867,0.3181818181818182,22,-0.060688570496136476,-0.0004924510235131547,-68.92623833874116,0.2,30,-0.1678855681252195,-0.005586529021212928
KRW-BTC,20,2.0,15,30,40,0.025,0.01,12,True,-57.550566401001916,53,False,-43.690544245615406,0.4090909090909091,22,-0.0856399504319992,-0.004330278345997662,-71.41058855638843,0.3225806451612903,31,-0.16272864447720894,-0.005316698793769618
KRW-BTC,20,2.0,15,30,40,0.025,0.01,12,False,-29.937245252859853,53,False,-18.913404203865305,0.3181818181818182,22,-0.07719300476659925,-0.002685932485105511,-40.9610863018544,0.2903225806451613,31,-0.13323997453853892,-0.004003005006169275
KRW-BTC,20,2.0,15,30,40,0.025,0.01,24,True,-54.88747148797087,53,False,-43.690544245615406,0.4090909090909091,22,-0.0856399504319992,-0.004330278345997662,-66.08439873032633,0.3548387096774194,31,-0.16187682536912407,-0.005280380417149271
KRW-BTC,20,2.0,15,30,40,0.025,0.01,24,False,-39.12849341865645,52,False,-11.72365517573657,0.3181818181818182,22,-0.07759572127766262,-0.001854041932604078,-66.53333166157633,0.23333333333333334,30,-0.1788429998637654,-0.00601869674161674
KRW-BTC,20,2.0,15,30,40,0.025,0.015,12,True,-57.12668894374245,51,False,-54.4125250931083,0.42857142857142855,21,-0.11174903186984131,-0.0063535285000763265,-59.84085279437661,0.4,30,-0.16800269578008237,-0.0056882104153390955
KRW-BTC,20,2.0,15,30,40,0.025,0.015,12,False,-29.353145521842862,51,False,-31.010259188702005,0.3333333333333333,21,-0.10290251935881184,-0.004927773031187408,-27.696031854983723,0.36666666666666664,30,-0.11960354808659504,-0.0034699648495424198
KRW-BTC,20,2.0,15,30,40,0.025,0.015,24,True,-50.07119049489032,51,False,-51.03713170963141,0.47619047619047616,21,-0.10822102310043046,-0.006161797985105496,-49.105249280149216,0.5,30,-0.16649146566657078,-0.005104578972445606
KRW-BTC,20,2.0,15,30,40,0.025,0.015,24,False,-29.06131866059915,50,False,-17.115967262153795,0.38095238095238093,21,-0.08027096031636023,-0.003086086962418243,-41.0066700590445,0.3448275862068966,29,-0.15637924462042374,-0.005242207879257648
KRW-BTC,20,2.0,15,30,40,0.03,0.008,12,True,-50.650164490447146,53,False,-35.208061645754256,0.4090909090909091,22,-0.06511434572122017,-0.0031502328914521874,-66.09226733514004,0.3225806451612903,31,-0.13525138638581932,-0.00428598911635026
KRW-BTC,20,2.0,15,30,40,0.03,0.008,12,False,-25.05613580290921,53,False,-16.678929020729317,0.3181818181818182,22,-0.06217307227229574,-0.002058675193653203,-33.4333425850891,0.2903225806451613,31,-0.10479496830990281,-0.002972295328749917
KRW-BTC,20,2.0,15,30,40,0.03,0.008,24,True,-47.18121544844832,53,False,-35.208061645754256,0.4090909090909091,22,-0.06511434572122017,-0.0031502328914521874,-59.154369251142384,0.3548387096774194,31,-0.13087059134638954,-0.0041208320300524905
KRW-BTC,20,2.0,15,30,40,0.03,0.008,24,False,-53.44183390729899,52,False,-8.674049583357569,0.3181818181818182,22,-0.05610656352294684,-0.0012570725530935312,-98.20961823124041,0.2,30,-0.1814080826058702,-0.00614093139451278
KRW-BTC,20,2.0,15,30,40,0.03,0.01,12,True,-57.550566401001916,53,False,-43.690544245615406,0.4090909090909091,22,-0.0856399504319992,-0.004330278345997662,-71.41058855638843,0.3225806451612903,31,-0.16272864447720894,-0.005316698793769618
KRW-BTC,20,2.0,15,30,40,0.03,0.01,12,False,-33.06635878872028,53,False,-25.171631275586158,0.3181818181818182,22,-0.07719300476659925,-0.0033294933754714003,-40.9610863018544,0.2903225806451613,31,-0.13323997453853892,-0.004003005006169275
KRW-BTC,20,2.0,15,30,40,0.03,0.01,24,True,-54.88747148797087,53,False,-43.690544245615406,0.4090909090909091,22,-0.0856399504319992,-0.004330278345997662,-66.08439873032633,0.3548387096774194,31,-0.16187682536912407,-0.005280380417149271
KRW-BTC,20,2.0,15,30,40,0.03,0.01,24,False,-52.95270082480231,52,False,-17.024326194681137,0.3181818181818182,22,-0.07410479155455033,-0.002618663462184455,-88.88107545492348,0.23333333333333334,30,-0.19218744745399907,-0.00657309911491659
KRW-BTC,20,2.0,15,30,40,0.03,0.015,12,True,-57.12668894374245,51,False,-54.4125250931083,0.42857142857142855,21,-0.11174903186984131,-0.0063535285000763265,-59.84085279437661,0.4,30,-0.16800269578008237,-0.0056882104153390955
KRW-BTC,20,2.0,15,30,40,0.03,0.015,12,False,-32.68721665340753,51,False,-37.67840145183135,0.3333333333333333,21,-0.09992997914790534,-0.005601979678237388,-27.696031854983723,0.36666666666666664,30,-0.11960354808659504,-0.0034699648495424198
KRW-BTC,20,2.0,15,30,40,0.03,0.015,24,True,-50.07119049489032,51,False,-51.03713170963141,0.47619047619047616,21,-0.10822102310043046,-0.006161797985105496,-49.105249280149216,0.5,30,-0.16649146566657078,-0.005104578972445606
KRW-BTC,20,2.0,15,30,40,0.03,0.015,24,False,-34.995156955959054,50,False,-22.124825473301776,0.38095238095238093,21,-0.08284259030807553,-0.0038871190410262706,-47.86548843861633,0.3448275862068966,29,-0.16788329710057456,-0.005721941305385892
KRW-BTC,20,2.0,15,30,45,0.015,0.008,12,True,-50.722637210447196,70,False,-43.92522415001738,0.36666666666666664,30,-0.09430012244977205,-0.0035836856527131883,-57.520050270877014,0.325,40,-0.1540048697751691,-0.0036751456882952683
KRW-BTC,20,2.0,15,30,45,0.015,0.008,12,False,-43.524534730498615,70,False,-46.753280417701255,0.26666666666666666,30,-0.11011866646957903,-0.004163216075913361,-40.29578904329597,0.3,40,-0.15032140484862727,-0.0032423523982450875
KRW-BTC,20,2.0,15,30,45,0.015,0.008,24,True,-48.79592721665424,70,False,-47.903829213120545,0.36666666666666664,30,-0.10506467394797611,-0.003979646996258679,-49.68802522018794,0.35,40,-0.14246652512802274,-0.003335808769677145
KRW-BTC,20,2.0,15,30,45,0.015,0.008,24,False,-35.77775908333089,69,False,-43.76840483594173,0.2413793103448276,29,-0.11170266555656455,-0.004360151835808596,-27.78711333072006,0.35,40,-0.14110540470471183,-0.0025554134209266623
KRW-BTC,20,2.0,15,30,45,0.015,0.01,12,True,-55.26340118230819,70,False,-50.680802510356116,0.36666666666666664,30,-0.11928126310754925,-0.004572633248155562,-59.84599985426027,0.325,40,-0.17584653543999393,-0.0043214412326630525
KRW-BTC,20,2.0,15,30,45,0.015,0.01,12,False,-49.571941715868235,70,False,-54.39038663849246,0.26666666666666666,30,-0.13814924052454272,-0.005285297004689065,-44.753496793244004,0.3,40,-0.17392700351706578,-0.003938572942612871
KRW-BTC,20,2.0,15,30,45,0.015,0.01,24,True,-51.97565268683555,70,False,-52.32217153888576,0.4,30,-0.12643326281599657,-0.004841288580404531,-51.62913383478534,0.375,40,-0.16393479427594387,-0.0039612316284999595
KRW-BTC,20,2.0,15,30,45,0.015,0.01,24,False,-31.461000798096986,69,False,-34.92570139432166,0.3103448275862069,29,-0.10501856732462936,-0.004153565628912056,-27.99630020187231,0.375,40,-0.15072402536394894,-0.002897545220237626
KRW-BTC,20,2.0,15,30,45,0.015,0.015,12,True,-54.056412480573215,68,False,-56.05723527481092,0.3793103448275862,29,-0.15220332129158504,-0.006193288744226425,-52.055589686335516,0.38461538461538464,39,-0.18589549608469597,-0.0047321720626593445
KRW-BTC,20,2.0,15,30,45,0.015,0.015,12,False,-46.38550070582762,68,False,-58.55563824191655,0.27586206896551724,29,-0.16750645084944044,-0.006811568222279265,-34.21536316973869,0.358974358974359,39,-0.169105325536991,-0.0038693486006041366
KRW-BTC,20,2.0,15,30,45,0.015,0.015,24,True,-47.96760104674058,68,False,-55.87459528698068,0.4482758620689655,29,-0.16100491682605964,-0.006544178180866305,-40.06060680650048,0.48717948717948717,39,-0.17320035421533805,-0.003905790534206265
KRW-BTC,20,2.0,15,30,45,0.015,0.015,24,False,-28.72036898850804,67,False,-40.908563412191825,0.35714285714285715,28,-0.1381906414257854,-0.0057993760892303525,-16.532174564824253,0.48717948717948717,39,-0.13709024982372484,-0.0021333290947263546
KRW-BTC,20,2.0,15,30,45,0.02,0.008,12,True,-46.787190690429455,70,False,-36.054331109981895,0.36666666666666664,30,-0.08535499274114157,-0.003250852319379849,-57.520050270877014,0.325,40,-0.1540048697751691,-0.0036751456882952683
KRW-BTC,20,2.0,15,30,45,0.02,0.008,12,False,-41.448665283203425,70,False,-33.440544465255776,0.26666666666666666,30,-0.0924540668182941,-0.003497549409246675,-49.456786101151074,0.275,40,-0.1489162791588597,-0.003802507261028732
KRW-BTC,20,2.0,15,30,45,0.02,0.008,24,True,-44.732878744723216,70,False,-39.77773226925849,0.36666666666666664,30,-0.09622586015236906,-0.0036468136629253397,-49.68802522018794,0.35,40,-0.14246652512802274,-0.003335808769677145
KRW-BTC,20,2.0,15,30,45,0.02,0.008,24,False,-39.12112049086647,68,False,-30.06875827228127,0.2413793103448276,29,-0.09026301295913836,-0.003524566293699609,-48.17348270945166,0.28205128205128205,39,-0.16717029047375803,-0.0040471590756500425
KRW-BTC,20,2.0,15,30,45,0.02,0.01,12,True,-51.45946993828557,70,False,-43.072940022310874,0.36666666666666664,30,-0.1105828592172524,-0.004239799914822221,-59.84599985426027,0.325,40,-0.17584653543999393,-0.0043214412326630525
KRW-BTC,20,2.0,15,30,45,0.02,0.01,12,False,-46.89972880155133,70,False,-41.117423842527685,0.26666666666666666,30,-0.1210410621060891,-0.00461963033802238,-52.682033760574974,0.275,40,-0.17256091474466959,-0.004417002871699736
KRW-BTC,20,2.0,15,30,45,0.02,0.01,24,True,-48.211083351392716,70,False,-44.7930328680001,0.4,30,-0.11780549553132832,-0.0045084552470711905,-51.62913383478534,0.375,40,-0.16393479427594387,-0.0039612316284999595
KRW-BTC,20,2.0,15,30,45,0.02,0.01,24,False,-35.268099379123505,68,False,-26.785361204017242,0.3103448275862069,29,-0.09867522758725684,-0.003558777253367021,-43.75083755422977,0.3076923076923077,39,-0.17812665760088978,-0.004372460921097189
KRW-BTC,20,2.0,15,30,45,0.02,0.015,12,True,-54.36884278869216,68,False,-56.68209589104881,0.3793103448275862,29,-0.1538357557127118,-0.006259406476317941,-52.055589686335516,0.38461538461538464,39,-0.18589549608469597,-0.0047321720626593445
KRW-BTC,20,2.0,15,30,45,0.02,0.015,12,False,-44.964936116754934,68,False,-51.26811483751996,0.27586206896551724,29,-0.15814285984352167,-0.006419196580669445,-38.66175739598991,0.3333333333333333,39,-0.16568336314503737,-0.004296072216586976
KRW-BTC,20,2.0,15,30,45,0.02,0.015,24,True,-48.267020390773816,68,False,-56.47343397504715,0.4482758620689655,29,-0.16262040375509054,-0.00661029591295782,-40.06060680650048,0.48717948717948717,39,-0.17320035421533805,-0.003905790534206265
KRW-BTC,20,2.0,15,30,45,0.02,0.015,24,False,-29.74842709324006,66,False,-33.48513335646583,0.35714285714285715,28,-0.12352307489416996,-0.005183345271701565,-26.011720830014294,0.42105263157894735,38,-0.15092843672013764,-0.0034327452341528144
KRW-BTC,20,2.0,15,30,45,0.025,0.008,12,True,-49.90411571190473,70,False,-42.288181152932445,0.36666666666666664,30,-0.0926306192085908,-0.0035213193064387045,-57.520050270877014,0.325,40,-0.1540048697751691,-0.0036751456882952683
KRW-BTC,20,2.0,15,30,45,0.025,0.008,12,False,-38.070281372127376,70,False,-26.243955775728548,0.26666666666666666,30,-0.08033992326362284,-0.0030461343056817965,-49.89660696852621,0.275,40,-0.14934508740940736,-0.00381533585615519
KRW-BTC,20,2.0,15,30,45,0.025,0.008,24,True,-47.9512788207584,70,False,-46.214532421328855,0.36666666666666664,30,-0.1034150133213983,-0.003917280649984195,-49.68802522018794,0.35,40,-0.14246652512802274,-0.003335808769677145
KRW-BTC,20,2.0,15,30,45,0.025,0.008,24,False,-46.495713110851284,68,False,-19.601401389815805,0.2413793103448276,29,-0.06946857175887804,-0.002663790431630661,-73.39002483188676,0.2564102564102564,39,-0.1900322824999683,-0.004990335702576347
KRW-BTC,20,2.0,15,30,45,0.025,0.01,12,True,-54.48175709100786,70,False,-49.117514327755444,0.36666666666666664,30,-0.11765780833819632,-0.004510266901881077,-59.84599985426027,0.325,40,-0.17584653543999393,-0.0043214412326630525
KRW-BTC,20,2.0,15,30,45,0.025,0.01,12,False,-43.40755560977418,70,False,-33.72913051965287,0.26666666666666666,30,-0.10930850470816372,-0.004168215234457501,-53.08598069989549,0.275,40,-0.17297780993123554,-0.004429831466826195
KRW-BTC,20,2.0,15,30,45,0.025,0.01,24,True,-51.204273463739135,70,False,-50.77941309269293,0.4,30,-0.12482299153820695,-0.004778922234130046,-51.62913383478534,0.375,40,-0.16393479427594387,-0.0039612316284999595
KRW-BTC,20,2.0,15,30,45,0.025,0.01,24,False,-36.79574069167958,68,False,-18.163977317267726,0.3103448275862069,29,-0.0853553709625809,-0.002713332886286591,-55.427504066091444,0.3076923076923077,39,-0.18833338284365894,-0.004922613690666581
KRW-BTC,20,2.0,15,30,45,0.025,0.015,12,True,-55.17869794387562,68,False,-58.30180620141573,0.3793103448275862,29,-0.15560168378975944,-0.00633270050350463,-52.055589686335516,0.38461538461538464,39,-0.18589549608469597,-0.0047321720626593445
KRW-BTC,20,2.0,15,30,45,0.025,0.015,12,False,-40.925178779103156,68,False,-42.963536115434785,0.27586206896551724,29,-0.1457018211096955,-0.0059027310634280775,-38.88682144277153,0.3333333333333333,39,-0.16610372350288702,-0.0043092297500500094
KRW-BTC,20,2.0,15,30,45,0.025,0.015,24,True,-49.00895500882339,68,False,-57.957303211146304,0.4482758620689655,29,-0.1643679984450567,-0.0066835899401445084,-40.06060680650048,0.48717948717948717,39,-0.17320035421533805,-0.003905790534206265
KRW-BTC,20,2.0,15,30,45,0.025,0.015,24,False,-31.277476548425472,66,False,-25.247141955148436,0.35714285714285715,28,-0.10946547667977057,-0.004307706462939691,-37.30781114170251,0.39473684210526316,38,-0.1721719672763816,-0.004506959362145446
KRW-BTC,20,2.0,15,30,45,0.03,0.008,12,True,-49.90411571190473,70,False,-42.288181152932445,0.36666666666666664,30,-0.0926306192085908,-0.0035213193064387045,-57.520050270877014,0.325,40,-0.1540048697751691,-0.0036751456882952683
KRW-BTC,20,2.0,15,30,45,0.03,0.008,12,False,-41.36324331500645,70,False,-32.82987966148669,0.26666666666666666,30,-0.09307696603623117,-0.0035180789586167827,-49.89660696852621,0.275,40,-0.14934508740940736,-0.00381533585615519
KRW-BTC,20,2.0,15,30,45,0.03,0.008,24,True,-47.9512788207584,70,False,-46.214532421328855,0.36666666666666664,30,-0.1034150133213983,-0.003917280649984195,-49.68802522018794,0.35,40,-0.14246652512802274,-0.003335808769677145
KRW-BTC,20,2.0,15,30,45,0.03,0.008,24,False,-48.46095247732718,68,False,-23.531880122767596,0.2413793103448276,29,-0.08033684464836809,-0.0031345770609760497,-73.39002483188676,0.2564102564102564,39,-0.1900322824999683,-0.004990335702576347
KRW-BTC,20,2.0,15,30,45,0.03,0.01,12,True,-54.48175709100786,70,False,-49.117514327755444,0.36666666666666664,30,-0.11765780833819632,-0.004510266901881077,-59.84599985426027,0.325,40,-0.17584653543999393,-0.0043214412326630525
KRW-BTC,20,2.0,15,30,45,0.03,0.01,12,False,-46.76573775827939,70,False,-40.4454948166633,0.26666666666666666,30,-0.12164434048021333,-0.004640159887392487,-53.08598069989549,0.275,40,-0.17297780993123554,-0.004429831466826195
KRW-BTC,20,2.0,15,30,45,0.03,0.01,24,True,-51.204273463739135,70,False,-50.77941309269293,0.4,30,-0.12482299153820695,-0.004778922234130046,-51.62913383478534,0.375,40,-0.16393479427594387,-0.0039612316284999595
KRW-BTC,20,2.0,15,30,45,0.03,0.01,24,False,-38.550238053868014,68,False,-21.672972041644588,0.3103448275862069,29,-0.09157580044056686,-0.0031841195156319807,-55.427504066091444,0.3076923076923077,39,-0.18833338284365894,-0.004922613690666581
KRW-BTC,20,2.0,15,30,45,0.03,0.015,12,True,-55.17869794387562,68,False,-58.30180620141573,0.3793103448275862,29,-0.15560168378975944,-0.00633270050350463,-52.055589686335516,0.38461538461538464,39,-0.18589549608469597,-0.0047321720626593445
KRW-BTC,20,2.0,15,30,45,0.03,0.015,12,False,-44.32078692584622,68,False,-49.75475240892092,0.27586206896551724,29,-0.1575336193146385,-0.0063909496699125455,-38.88682144277153,0.3333333333333333,39,-0.16610372350288702,-0.0043092297500500094
KRW-BTC,20,2.0,15,30,45,0.03,0.015,24,True,-49.00895500882339,68,False,-57.957303211146304,0.4482758620689655,29,-0.1643679984450567,-0.0066835899401445084,-40.06060680650048,0.48717948717948717,39,-0.17320035421533805,-0.003905790534206265
KRW-BTC,20,2.0,15,30,45,0.03,0.015,24,False,-32.34735925348603,66,False,-28.567108396330376,0.35714285714285715,28,-0.11998899607188324,-0.004795306900475998,-36.12761011064168,0.39473684210526316,38,-0.16997205452172556,-0.004435385629480276
KRW-BTC,20,2.0,15,30,50,0.015,0.008,12,True,-50.722637210447196,70,False,-43.92522415001738,0.36666666666666664,30,-0.09430012244977205,-0.0035836856527131883,-57.520050270877014,0.325,40,-0.1540048697751691,-0.0036751456882952683
KRW-BTC,20,2.0,15,30,50,0.015,0.008,12,False,-43.524534730498615,70,False,-46.753280417701255,0.26666666666666666,30,-0.11011866646957903,-0.004163216075913361,-40.29578904329597,0.3,40,-0.15032140484862727,-0.0032423523982450875
KRW-BTC,20,2.0,15,30,50,0.015,0.008,24,True,-48.79592721665424,70,False,-47.903829213120545,0.36666666666666664,30,-0.10506467394797611,-0.003979646996258679,-49.68802522018794,0.35,40,-0.14246652512802274,-0.003335808769677145
KRW-BTC,20,2.0,15,30,50,0.015,0.008,24,False,-35.77775908333089,69,False,-43.76840483594173,0.2413793103448276,29,-0.11170266555656455,-0.004360151835808596,-27.78711333072006,0.35,40,-0.14110540470471183,-0.0025554134209266623
KRW-BTC,20,2.0,15,30,50,0.015,0.01,12,True,-55.26340118230819,70,False,-50.680802510356116,0.36666666666666664,30,-0.11928126310754925,-0.004572633248155562,-59.84599985426027,0.325,40,-0.17584653543999393,-0.0043214412326630525
KRW-BTC,20,2.0,15,30,50,0.015,0.01,12,False,-49.571941715868235,70,False,-54.39038663849246,0.26666666666666666,30,-0.13814924052454272,-0.005285297004689065,-44.753496793244004,0.3,40,-0.17392700351706578,-0.003938572942612871
KRW-BTC,20,2.0,15,30,50,0.015,0.01,24,True,-51.97565268683555,70,False,-52.32217153888576,0.4,30,-0.12643326281599657,-0.004841288580404531,-51.62913383478534,0.375,40,-0.16393479427594387,-0.0039612316284999595
KRW-BTC,20,2.0,15,30,50,0.015,0.01,24,False,-31.461000798096986,69,False,-34.92570139432166,0.3103448275862069,29,-0.10501856732462936,-0.004153565628912056,-27.99630020187231,0.375,40,-0.15072402536394894,-0.002897545220237626
KRW-BTC,20,2.0,15,30,50,0.015,0.015,12,True,-54.056412480573215,68,False,-56.05723527481092,0.3793103448275862,29,-0.15220332129158504,-0.006193288744226425,-52.055589686335516,0.38461538461538464,39,-0.18589549608469597,-0.0047321720626593445
KRW-BTC,20,2.0,15,30,50,0.015,0.015,12,False,-46.38550070582762,68,False,-58.55563824191655,0.27586206896551724,29,-0.16750645084944044,-0.006811568222279265,-34.21536316973869,0.358974358974359,39,-0.169105325536991,-0.0038693486006041366
KRW-BTC,20,2.0,15,30,50,0.015,0.015,24,True,-47.96760104674058,68,False,-55.87459528698068,0.4482758620689655,29,-0.16100491682605964,-0.006544178180866305,-40.06060680650048,0.48717948717948717,39,-0.17320035421533805,-0.003905790534206265
KRW-BTC,20,2.0,15,30,50,0.015,0.015,24,False,-28.72036898850804,67,False,-40.908563412191825,0.35714285714285715,28,-0.1381906414257854,-0.0057993760892303525,-16.532174564824253,0.48717948717948717,39,-0.13709024982372484,-0.0021333290947263546
KRW-BTC,20,2.0,15,30,50,0.02,0.008,12,True,-46.787190690429455,70,False,-36.054331109981895,0.36666666666666664,30,-0.08535499274114157,-0.003250852319379849,-57.520050270877014,0.325,40,-0.1540048697751691,-0.0036751456882952683
KRW-BTC,20,2.0,15,30,50,0.02,0.008,12,False,-41.448665283203425,70,False,-33.440544465255776,0.26666666666666666,30,-0.0924540668182941,-0.003497549409246675,-49.456786101151074,0.275,40,-0.1489162791588597,-0.003802507261028732
KRW-BTC,20,2.0,15,30,50,0.02,0.008,24,True,-44.732878744723216,70,False,-39.77773226925849,0.36666666666666664,30,-0.09622586015236906,-0.0036468136629253397,-49.68802522018794,0.35,40,-0.14246652512802274,-0.003335808769677145
KRW-BTC,20,2.0,15,30,50,0.02,0.008,24,False,-39.12112049086647,68,False,-30.06875827228127,0.2413793103448276,29,-0.09026301295913836,-0.003524566293699609,-48.17348270945166,0.28205128205128205,39,-0.16717029047375803,-0.0040471590756500425
KRW-BTC,20,2.0,15,30,50,0.02,0.01,12,True,-51.45946993828557,70,False,-43.072940022310874,0.36666666666666664,30,-0.1105828592172524,-0.004239799914822221,-59.84599985426027,0.325,40,-0.17584653543999393,-0.0043214412326630525
KRW-BTC,20,2.0,15,30,50,0.02,0.01,12,False,-46.89972880155133,70,False,-41.117423842527685,0.26666666666666666,30,-0.1210410621060891,-0.00461963033802238,-52.682033760574974,0.275,40,-0.17256091474466959,-0.004417002871699736
KRW-BTC,20,2.0,15,30,50,0.02,0.01,24,True,-48.211083351392716,70,False,-44.7930328680001,0.4,30,-0.11780549553132832,-0.0045084552470711905,-51.62913383478534,0.375,40,-0.16393479427594387,-0.0039612316284999595
KRW-BTC,20,2.0,15,30,50,0.02,0.01,24,False,-35.268099379123505,68,False,-26.785361204017242,0.3103448275862069,29,-0.09867522758725684,-0.003558777253367021,-43.75083755422977,0.3076923076923077,39,-0.17812665760088978,-0.004372460921097189
KRW-BTC,20,2.0,15,30,50,0.02,0.015,12,True,-54.36884278869216,68,False,-56.68209589104881,0.3793103448275862,29,-0.1538357557127118,-0.006259406476317941,-52.055589686335516,0.38461538461538464,39,-0.18589549608469597,-0.0047321720626593445
KRW-BTC,20,2.0,15,30,50,0.02,0.015,12,False,-44.964936116754934,68,False,-51.26811483751996,0.27586206896551724,29,-0.15814285984352167,-0.006419196580669445,-38.66175739598991,0.3333333333333333,39,-0.16568336314503737,-0.004296072216586976
KRW-BTC,20,2.0,15,30,50,0.02,0.015,24,True,-48.267020390773816,68,False,-56.47343397504715,0.4482758620689655,29,-0.16262040375509054,-0.00661029591295782,-40.06060680650048,0.48717948717948717,39,-0.17320035421533805,-0.003905790534206265
KRW-BTC,20,2.0,15,30,50,0.02,0.015,24,False,-29.74842709324006,66,False,-33.48513335646583,0.35714285714285715,28,-0.12352307489416996,-0.005183345271701565,-26.011720830014294,0.42105263157894735,38,-0.15092843672013764,-0.0034327452341528144
KRW-BTC,20,2.0,15,30,50,0.025,0.008,12,True,-49.90411571190473,70,False,-42.288181152932445,0.36666666666666664,30,-0.0926306192085908,-0.0035213193064387045,-57.520050270877014,0.325,40,-0.1540048697751691,-0.0036751456882952683
KRW-BTC,20,2.0,15,30,50,0.025,0.008,12,False,-38.070281372127376,70,False,-26.243955775728548,0.26666666666666666,30,-0.08033992326362284,-0.0030461343056817965,-49.89660696852621,0.275,40,-0.14934508740940736,-0.00381533585615519
KRW-BTC,20,2.0,15,30,50,0.025,0.008,24,True,-47.9512788207584,70,False,-46.214532421328855,0.36666666666666664,30,-0.1034150133213983,-0.003917280649984195,-49.68802522018794,0.35,40,-0.14246652512802274,-0.003335808769677145
KRW-BTC,20,2.0,15,30,50,0.025,0.008,24,False,-46.495713110851284,68,False,-19.601401389815805,0.2413793103448276,29,-0.06946857175887804,-0.002663790431630661,-73.39002483188676,0.2564102564102564,39,-0.1900322824999683,-0.004990335702576347
KRW-BTC,20,2.0,15,30,50,0.025,0.01,12,True,-54.48175709100786,70,False,-49.117514327755444,0.36666666666666664,30,-0.11765780833819632,-0.004510266901881077,-59.84599985426027,0.325,40,-0.17584653543999393,-0.0043214412326630525
KRW-BTC,20,2.0,15,30,50,0.025,0.01,12,False,-43.40755560977418,70,False,-33.72913051965287,0.26666666666666666,30,-0.10930850470816372,-0.004168215234457501,-53.08598069989549,0.275,40,-0.17297780993123554,-0.004429831466826195
KRW-BTC,20,2.0,15,30,50,0.025,0.01,24,True,-51.204273463739135,70,False,-50.77941309269293,0.4,30,-0.12482299153820695,-0.004778922234130046,-51.62913383478534,0.375,40,-0.16393479427594387,-0.0039612316284999595
KRW-BTC,20,2.0,15,30,50,0.025,0.01,24,False,-36.79574069167958,68,False,-18.163977317267726,0.3103448275862069,29,-0.0853553709625809,-0.002713332886286591,-55.427504066091444,0.3076923076923077,39,-0.18833338284365894,-0.004922613690666581
KRW-BTC,20,2.0,15,30,50,0.025,0.015,12,True,-55.17869794387562,68,False,-58.30180620141573,0.3793103448275862,29,-0.15560168378975944,-0.00633270050350463,-52.055589686335516,0.38461538461538464,39,-0.18589549608469597,-0.0047321720626593445
KRW-BTC,20,2.0,15,30,50,0.025,0.015,12,False,-40.925178779103156,68,False,-42.963536115434785,0.27586206896551724,29,-0.1457018211096955,-0.0059027310634280775,-38.88682144277153,0.3333333333333333,39,-0.16610372350288702,-0.0043092297500500094
KRW-BTC,20,2.0,15,30,50,0.025,0.015,24,True,-49.00895500882339,68,False,-57.957303211146304,0.4482758620689655,29,-0.1643679984450567,-0.0066835899401445084,-40.06060680650048,0.48717948717948717,39,-0.17320035421533805,-0.003905790534206265
KRW-BTC,20,2.0,15,30,50,0.025,0.015,24,False,-31.277476548425472,66,False,-25.247141955148436,0.35714285714285715,28,-0.10946547667977057,-0.004307706462939691,-37.30781114170251,0.39473684210526316,38,-0.1721719672763816,-0.004506959362145446
KRW-BTC,20,2.0,15,30,50,0.03,0.008,12,True,-49.90411571190473,70,False,-42.288181152932445,0.36666666666666664,30,-0.0926306192085908,-0.0035213193064387045,-57.520050270877014,0.325,40,-0.1540048697751691,-0.0036751456882952683
KRW-BTC,20,2.0,15,30,50,0.03,0.008,12,False,-41.36324331500645,70,False,-32.82987966148669,0.26666666666666666,30,-0.09307696603623117,-0.0035180789586167827,-49.89660696852621,0.275,40,-0.14934508740940736,-0.00381533585615519
KRW-BTC,20,2.0,15,30,50,0.03,0.008,24,True,-47.9512788207584,70,False,-46.214532421328855,0.36666666666666664,30,-0.1034150133213983,-0.003917280649984195,-49.68802522018794,0.35,40,-0.14246652512802274,-0.003335808769677145
KRW-BTC,20,2.0,15,30,50,0.03,0.008,24,False,-48.46095247732718,68,False,-23.531880122767596,0.2413793103448276,29,-0.08033684464836809,-0.0031345770609760497,-73.39002483188676,0.2564102564102564,39,-0.1900322824999683,-0.004990335702576347
KRW-BTC,20,2.0,15,30,50,0.03,0.01,12,True,-54.48175709100786,70,False,-49.117514327755444,0.36666666666666664,30,-0.11765780833819632,-0.004510266901881077,-59.84599985426027,0.325,40,-0.17584653543999393,-0.0043214412326630525
KRW-BTC,20,2.0,15,30,50,0.03,0.01,12,False,-46.76573775827939,70,False,-40.4454948166633,0.26666666666666666,30,-0.12164434048021333,-0.004640159887392487,-53.08598069989549,0.275,40,-0.17297780993123554,-0.004429831466826195
KRW-BTC,20,2.0,15,30,50,0.03,0.01,24,True,-51.204273463739135,70,False,-50.77941309269293,0.4,30,-0.12482299153820695,-0.004778922234130046,-51.62913383478534,0.375,40,-0.16393479427594387,-0.0039612316284999595
KRW-BTC,20,2.0,15,30,50,0.03,0.01,24,False,-38.550238053868014,68,False,-21.672972041644588,0.3103448275862069,29,-0.09157580044056686,-0.0031841195156319807,-55.427504066091444,0.3076923076923077,39,-0.18833338284365894,-0.004922613690666581
KRW-BTC,20,2.0,15,30,50,0.03,0.015,12,True,-55.17869794387562,68,False,-58.30180620141573,0.3793103448275862,29,-0.15560168378975944,-0.00633270050350463,-52.055589686335516,0.38461538461538464,39,-0.18589549608469597,-0.0047321720626593445
KRW-BTC,20,2.0,15,30,50,0.03,0.015,12,False,-44.32078692584622,68,False,-49.75475240892092,0.27586206896551724,29,-0.1575336193146385,-0.0063909496699125455,-38.88682144277153,0.3333333333333333,39,-0.16610372350288702,-0.0043092297500500094
KRW-BTC,20,2.0,15,30,50,0.03,0.015,24,True,-49.00895500882339,68,False,-57.957303211146304,0.4482758620689655,29,-0.1643679984450567,-0.0066835899401445084,-40.06060680650048,0.48717948717948717,39,-0.17320035421533805,-0.003905790534206265
KRW-BTC,20,2.0,15,30,50,0.03,0.015,24,False,-32.34735925348603,66,False,-28.567108396330376,0.35714285714285715,28,-0.11998899607188324,-0.004795306900475998,-36.12761011064168,0.39473684210526316,38,-0.16997205452172556,-0.004435385629480276
KRW-BTC,20,2.0,20,20,40,0.015,0.008,12,True,-34.66723102457952,153,False,-41.84382765075068,0.375,64,-0.19218283146045187,-0.003447864262587245,-27.490634398408357,0.42696629213483145,89,-0.20128494235194713,-0.0023753051320808743
KRW-BTC,20,2.0,20,20,40,0.015,0.008,12,False,-27.727513204919603,151,False,-36.237114874964696,0.2903225806451613,62,-0.18288945922819377,-0.003367973289575059,-19.21791153487451,0.3595505617977528,89,-0.1745559540364057,-0.0018472585329866794
KRW-BTC,20,2.0,20,20,40,0.015,0.008,24,True,-33.89845361475155,151,False,-42.67848444931679,0.38095238095238093,63,-0.19596061530489295,-0.0035760953275573142,-25.118422780186318,0.45454545454545453,88,-0.18807364324159107,-0.0022152680414592317
KRW-BTC,20,2.0,20,20,40,0.015,0.008,24,False,-28.14381887017418,145,False,-30.556819445365925,0.31666666666666665,60,-0.16710781707078573,-0.0031547298206434414,-25.730818294982434,0.32941176470588235,85,-0.23055779742019664,-0.0026126336903633165
KRW-BTC,20,2.0,20,20,40,0.015,0.01,12,True,-37.741069627798424,150,False,-45.75486387049271,0.38095238095238093,63,-0.22488856625386272,-0.004181465098391073,-29.72727538510414,0.4482758620689655,87,-0.22801374550907008,-0.002814187352571407
KRW-BTC,20,2.0,20,20,40,0.015,0.01,12,False,-31.402050277500372,148,False,-42.38450519913039,0.2786885245901639,61,-0.22283403601003546,-0.004268499281300086,-20.419595355870356,0.39080459770114945,87,-0.19141716786177285,-0.0021426847479337698
KRW-BTC,20,2.0,20,20,40,0.015,0.01,24,True,-37.88155508238849,148,False,-47.88693248739279,0.4032258064516129,62,-0.23608966782987775,-0.004481323158115893,-27.876177677384188,0.47674418604651164,86,-0.2205630082767858,-0.002733083199840909
KRW-BTC,20,2.0,20,20,40,0.015,0.01,24,False,-30.318847251451423,141,False,-35.85356814903137,0.3448275862068966,58,-0.20426066518812278,-0.004073552593415616,-24.78412635387148,0.3614457831325301,83,-0.2377952307213387,-0.0028034566579941437
KRW-BTC,20,2.0,20,20,40,0.015,0.015,12,True,-36.99136197308036,143,False,-43.74575644479275,0.4482758620689655,58,-0.24234767300051083,-0.004927873006666762,-30.236967501367968,0.49411764705882355,85,-0.2589926479524448,-0.0033469490890984557
KRW-BTC,20,2.0,20,20,40,0.015,0.015,12,False,-31.59800656479414,141,False,-43.703914389476296,0.30357142857142855,56,-0.2453524095438674,-0.005246198940676648,-19.49209874011198,0.43529411764705883,85,-0.2047126954693849,-0.0023923894577115453
KRW-BTC,20,2.0,20,20,40,0.015,0.015,24,True,-34.886050899804914,141,False,-42.84525327826161,0.49122807017543857,57,-0.23818859171885384,-0.004991908124571379,-26.926848521348212,0.5595238095238095,84,-0.24429434542108588,-0.0031480605102644993
KRW-BTC,20,2.0,20,20,40,0.015,0.015,24,False,-29.4936808178905,134,False,-37.870300384325475,0.39622641509433965,53,-0.2310061696155338,-0.005138878135625594,-21.117061251455524,0.4567901234567901,81,-0.2376310599202901,-0.0028688783294882588
KRW-BTC,20,2.0,20,20,40,0.02,0.008,12,True,-33.837659494505715,153,False,-43.431420321088474,0.375,64,-0.19727875027622707,-0.0035469325937610937,-24.24389866792296,0.42696629213483145,89,-0.18882401259267736,-0.002198497019193524
KRW-BTC,20,2.0,20,20,40,0.02,0.008,12,False,-28.377713509158205,150,False,-36.32869708397693,0.2786885245901639,61,-0.18683464588961496,-0.0035000350304075748,-20.426729934339487,0.34831460674157305,89,-0.19364221670727239,-0.0019980107705461336
KRW-BTC,20,2.0,20,20,40,0.02,0.008,24,True,-33.321001490519706,151,False,-44.60237362027859,0.38095238095238093,63,-0.20191665730122477,-0.0036943971980673367,-22.039629360760827,0.45454545454545453,88,-0.17540660109134226,-0.002036450745470889
KRW-BTC,20,2.0,20,20,40,0.02,0.008,24,False,-26.339852936668642,141,False,-25.062317794073053,0.3050847457627119,59,-0.1508416499928174,-0.002871461711734579,-27.617388079264234,0.2804878048780488,82,-0.26199880071659554,-0.0030303670979874406
KRW-BTC,20,2.0,20,20,40,0.02,0.01,12,True,-36.95600794834958,150,False,-47.250104168776296,0.38095238095238093,63,-0.22977816886863628,-0.0042821059427581585,-26.66191172792286,0.4482758620689655,87,-0.2159698177025005,-0.0026333146853648078
KRW-BTC,20,2.0,20,20,40,0.02,0.01,12,False,-32.0492436948921,147,False,-42.525451046535984,0.26666666666666666,60,-0.22658636160351928,-0.004417770817675226,-21.57303634324821,0.3793103448275862,87,-0.2101135584903195,-0.0022969025541727515
KRW-BTC,20,2.0,20,20,40,0.02,0.01,24,True,-37.349629362707674,148,False,-49.70714738809178,0.4032258064516129,62,-0.24174844786782718,-0.004601533123311561,-24.992111337323564,0.47674418604651164,86,-0.20840283987550443,-0.002550107362085396
KRW-BTC,20,2.0,20,20,40,0.02,0.01,24,False,-29.50258737128951,137,False,-31.010638686122544,0.3333333333333333,57,-0.19096517904434215,-0.0038456942505055384,-27.99453605645648,0.3,80,-0.2768799582613159,-0.0033752950868951572
KRW-BTC,20,2.0,20,20,40,0.02,0.015,12,True,-37.64387763342392,143,False,-47.64865761004211,0.4482758620689655,58,-0.250554663376255,-0.005193202833350844,-27.639097656805728,0.49411764705882355,85,-0.2474320288348377,-0.003161820594428172
KRW-BTC,20,2.0,20,20,40,0.02,0.015,12,False,-34.168354684807284,140,False,-48.0929928400458,0.2727272727272727,55,-0.2613856773421595,-0.005731713397578492,-20.243716529568758,0.4235294117647059,85,-0.21867251093664586,-0.0025208832577426933
KRW-BTC,20,2.0,20,20,40,0.02,0.015,24,True,-35.72537464729962,141,False,-46.86652641874568,0.49122807017543857,57,-0.2505571157703254,-0.005281412942021937,-24.58422287585355,0.5595238095238095,84,-0.23250441484419188,-0.00296072810494338
KRW-BTC,20,2.0,20,20,40,0.02,0.015,24,False,-31.802944579429923,130,False,-37.99368576601002,0.36538461538461536,52,-0.24092815853064461,-0.005512787127943187,-25.61220339284983,0.38461538461538464,78,-0.28446083793338756,-0.0036377321452508503
KRW-BTC,20,2.0,20,20,40,0.025,0.008,12,True,-34.915658493315135,153,False,-47.02757765490247,0.375,64,-0.20366406908748602,-0.003673713993944932,-22.803739331727805,0.42696629213483145,89,-0.18341446948967827,-0.002122106239282556
KRW-BTC,20,2.0,20,20,40,0.025,0.008,12,False,-27.33206895707749,150,False,-35.114895074700385,0.2786885245901639,61,-0.18587874930618747,-0.0034785889448149046,-19.549242839454596,0.34831460674157305,89,-0.18911201841015576,-0.0019484473702244178
KRW-BTC,20,2.0,20,20,40,0.025,0.008,24,True,-34.46096639131953,151,False,-48.243263241769505,0.38095238095238093,63,-0.20826508346141553,-0.0038231910014286962,-20.67866954086955,0.45454545454545453,88,-0.1699075804064448,-0.0019591918885154777
KRW-BTC,20,2.0,20,20,40,0.025,0.008,24,False,-23.865262293473442,140,False,-22.228881233364984,0.288135593220339,59,-0.14605981609779428,-0.002766448522259948,-25.501643353581898,0.25925925925925924,81,-0.2650029737000829,-0.003045081188749778
KRW-BTC,20,2.0,20,20,40,0.025,0.01,12,True,-37.916775457227814,150,False,-50.54533950606199,0.38095238095238093,63,-0.2359049681141493,-0.004410899746119517,-25.288211408393632,0.4482758620689655,87,-0.2107413036302999,-0.0025551677955708285
KRW-BTC,20,2.0,20,20,40,0.025,0.01,12,False,-31.01984129313754,147,False,-41.28624237624245,0.26666666666666666,60,-0.22567719417430934,-0.004395967297322678,-20.75344021003263,0.3793103448275862,87,-0.20567589783101414,-0.0022461997653378937
KRW-BTC,20,2.0,20,20,40,0.025,0.01,24,True,-38.3840202112822,148,False,-53.066772752031156,0.4032258064516129,62,-0.24778002844596894,-0.004732404246081975,-23.701267670533245,0.47674418604651164,86,-0.20312386339644023,-0.00247105178752637
KRW-BTC,20,2.0,20,20,40,0.025,0.01,24,False,-24.822613992717038,136,False,-25.61010093086345,0.3333333333333333,57,-0.17242884488241075,-0.003438389415143906,-24.035127054570626,0.2911392405063291,79,-0.2630940721638895,-0.0031543042472469956
KRW-BTC,20,2.0,20,20,40,0.025,0.015,12,True,-37.4178964168307,143,False,-48.37177231607654,0.4482758620689655,58,-0.2521187410019536,-0.005229849846944188,-26.464020517584856,0.49411764705882355,85,-0.24241332889653422,-0.003081834954286099
KRW-BTC,20,2.0,20,20,40,0.025,0.015,12,False,-33.02983564973753,140,False,-46.477282431441566,0.2727272727272727,55,-0.2594739997823347,-0.0056818359773201975,-19.58238886803349,0.4235294117647059,85,-0.21428293532420287,-0.0024689874621117197
KRW-BTC,20,2.0,20,20,40,0.025,0.015,24,True,-35.54468815260952,141,False,-47.560836614038266,0.49122807017543857,57,-0.25212118827792596,-0.005318702885678323,-23.52853969118077,0.5595238095238095,84,-0.22738616613649523,-0.002879790254799615
KRW-BTC,20,2.0,20,20,40,0.025,0.015,24,False,-26.69521401968695,129,False,-31.482312391533004,0.36538461538461536,52,-0.21912180608227314,-0.004955044869546862,-21.908115647840898,0.37662337662337664,77,-0.26718016532579075,-0.0033495718949411242
KRW-BTC,20,2.0,20,20,40,0.03,0.008,12,True,-34.56262651191252,153,False,-47.02757765490247,0.375,64,-0.20366406908748602,-0.003673713993944932,-22.09767536892257,0.42696629213483145,89,-0.18083545488472208,-0.002085691222921975
KRW-BTC,20,2.0,20,20,40,0.03,0.008,12,False,-28.654765517459854,150,False,-39.513839503778556,0.2786885245901639,61,-0.19715410794627916,-0.0037106928724878483,-17.795691531141152,0.34831460674157305,89,-0.18118162077937802,-0.0018362563589884625
KRW-BTC,20,2.0,20,20,40,0.03,0.008,24,True,-34.12826765868837,151,False,-48.243263241769505,0.38095238095238093,63,-0.20826508346141553,-0.0038231910014286962,-20.013272075607244,0.45454545454545453,88,-0.1672859071173562,-0.001922363065150799
KRW-BTC,20,2.0,20,20,40,0.03,0.008,24,False,-23.590566329299854,140,False,-22.744801522590915,0.288135593220339,59,-0.15201227191040434,-0.002882324346849243,-24.436331136008796,0.25925925925925924,81,-0.26021446717489355,-0.0030265707863154855
KRW-BTC,20,2.0,20,20,40,0.03,0.01,12,True,-37.57801016634246,150,False,-50.54533950606199,0.38095238095238093,63,-0.2359049681141493,-0.004410899746119517,-24.61068082662293,0.4482758620689655,87,-0.20824859511542548,-0.002517915652397361
KRW-BTC,20,2.0,20,20,40,0.03,0.01,12,False,-32.39673615058801,147,False,-45.69257193592412,0.26666666666666666,60,-0.23640135514105232,-0.004631939623790171,-19.100900365251903,0.3793103448275862,87,-0.19790749316732673,-0.002131429650395364
KRW-BTC,20,2.0,20,20,40,0.03,0.01,24,True,-38.066109613896096,148,False,-53.066772752031156,0.4032258064516129,62,-0.24778002844596894,-0.004732404246081975,-23.065446475761032,0.47674418604651164,86,-0.20060709678981486,-0.0024333664798973967
KRW-BTC,20,2.0,20,20,40,0.03,0.01,24,False,-24.263386316829212,136,False,-26.092591293146437,0.3333333333333333,57,-0.17819749334923596,-0.0035583310581398424,-22.43418134051199,0.2911392405063291,79,-0.254675046845993,-0.0030721290244979105
KRW-BTC,20,2.0,20,20,40,0.03,0.015,12,True,-37.126710226280046,143,False,-48.37177231607654,0.4482758620689655,58,-0.2521187410019536,-0.005229849846944188,-25.881648136483555,0.49411764705882355,85,-0.24002064984909224,-0.003043706290096785
KRW-BTC,20,2.0,20,20,40,0.03,0.015,12,False,-34.47040159004061,140,False,-50.72103707624337,0.2727272727272727,55,-0.26973008415262995,-0.005939260333466553,-18.21976610383785,0.4235294117647059,85,-0.2065987065655651,-0.0023515168738764253
KRW-BTC,20,2.0,20,20,40,0.03,0.015,24,True,-35.28390380952939,141,False,-47.560836614038266,0.49122807017543857,57,-0.25212118827792596,-0.005318702885678323,-23.00697100502052,0.5595238095238095,84,-0.22494602693848667,-0.0028412076779413807
KRW-BTC,20,2.0,20,20,40,0.03,0.015,24,False,-25.643517533674242,129,False,-30.930219873078812,0.36538461538461536,52,-0.2207823678022588,-0.004990509747446254,-20.356815194269675,0.37662337662337664,77,-0.253212960948652,-0.0032299401489871717
KRW-BTC,20,2.0,20,20,45,0.015,0.008,12,True,-39.23132425591709,176,False,-49.74415567093028,0.36486486486486486,74,-0.24318252119846878,-0.0038602022710282646,-28.71849284090389,0.4215686274509804,102,-0.22269191823535714,-0.00233812849581129
KRW-BTC,20,2.0,20,20,45,0.015,0.008,12,False,-33.33105790482138,173,False,-45.30132482488945,0.2916666666666667,72,-0.2414369635062506,-0.0039295659050092935,-21.3607909847533,0.3564356435643564,101,-0.2078700622739,-0.0019826888543750952
KRW-BTC,20,2.0,20,20,45,0.015,0.008,24,True,-36.79788730875276,173,False,-48.033305316121606,0.375,72,-0.23745402613425728,-0.00386169698795481,-25.562469301383913,0.44554455445544555,101,-0.2030949131242548,-0.0021146230732323966
KRW-BTC,20,2.0,20,20,45,0.015,0.008,24,False,-30.1203942900203,165,False,-39.666682802029186,0.2753623188405797,69,-0.23205794391288417,-0.0039144815209597094,-20.57410577801141,0.3541666666666667,96,-0.22168334897959485,-0.0020699179587908624
KRW-BTC,20,2.0,20,20,45,0.015,0.01,12,True,-38.07463276934111,173,False,-44.58924865542123,0.3972602739726027,73,-0.24633140911672632,-0.003989047886919958,-31.560016883260978,0.43,100,-0.2543339466020632,-0.0027945610844180412
KRW-BTC,20,2.0,20,20,45,0.015,0.01,12,False,-33.96175158496779,169,False,-41.745097008080236,0.30985915492957744,71,-0.2481557423783302,-0.004128461728144743,-26.178406161855346,0.3673469387755102,98,-0.2514219508641222,-0.0025798842588854397
KRW-BTC,20,2.0,20,20,45,0.015,0.01,24,True,-34.82780767537882,169,False,-41.80403351615137,0.43661971830985913,71,-0.2345187275819248,-0.0038812996860374304,-27.85158183460627,0.46938775510204084,98,-0.23264228395097436,-0.00255779338564656
KRW-BTC,20,2.0,20,20,45,0.015,0.01,24,False,-25.07813625899118,159,False,-29.02789509971487,0.3582089552238806,67,-0.19649467792587935,-0.0033727358718991392,-21.12837741826749,0.3804347826086957,92,-0.2377203133514157,-0.002340344162788633
KRW-BTC,20,2.0,20,20,45,0.015,0.015,12,True,-37.0850808890146,166,False,-43.40737330919116,0.45588235294117646,68,-0.2676818863754703,-0.004761281788069688,-30.76278846883804,0.47959183673469385,98,-0.27965901823436684,-0.00319076534053108
KRW-BTC,20,2.0,20,20,45,0.015,0.015,12,False,-35.4769013492013,162,False,-43.150798359192656,0.3333333333333333,66,-0.2738285300840306,-0.005027216508335089,-27.803004339209934,0.3854166666666667,96,-0.2838952288020683,-0.0032035083329485965
KRW-BTC,20,2.0,20,20,45,0.015,0.015,24,True,-33.349077722444584,162,False,-40.842221870722824,0.5,66,-0.2590246681326034,-0.004723670369882786,-25.855933574166343,0.5520833333333334,96,-0.2501382294805193,-0.002835424788211204
KRW-BTC,20,2.0,20,20,45,0.015,0.015,24,False,-24.936105924258193,150,False,-30.716677372732835,0.4098360655737705,61,-0.21923049999717625,-0.004206379285131073,-19.155534475783547,0.4606741573033708,89,-0.24853634796403987,-0.0025152110872077487
KRW-BTC,20,2.0,20,20,45,0.02,0.008,12,True,-36.95109227078272,176,False,-48.63709657564162,0.36486486486486486,74,-0.24211846057327524,-0.0038403800614932727,-25.265087965923822,0.4215686274509804,102,-0.20913525213811526,-0.0021658925278810895
KRW-BTC,20,2.0,20,20,45,0.02,0.008,12,False,-32.42956574482903,172,False,-41.91754527313142,0.28169014084507044,71,-0.23661622969672916,-0.003891691677007009,-22.941586216526638,0.33663366336633666,101,-0.22851857361952718,-0.0021945971410158496
KRW-BTC,20,2.0,20,20,45,0.02,0.008,24,True,-34.654330411863626,173,False,-46.99170442804487,0.375,72,-0.23638191143234114,-0.003841324161488291,-22.316956395682386,0.44554455445544555,101,-0.18919646484176378,-0.001940681798689026
KRW-BTC,20,2.0,20,20,45,0.02,0.008,24,False,-26.895742400974477,162,False,-30.553551185258936,0.2647058823529412,68,-0.20427538520144856,-0.003439235173584515,-23.237933616690018,0.30851063829787234,94,-0.2528837262830406,-0.0025087556330989015
KRW-BTC,20,2.0,20,20,45,0.02,0.01,12,True,-35.240914207291794,173,False,-42.23170501944739,0.3972602739726027,73,-0.24155390269898247,-0.0039005637293091427,-28.250123395136207,0.43,100,-0.2413291342977638,-0.0026188803971292363
KRW-BTC,20,2.0,20,20,45,0.02,0.01,12,False,-32.42991095965095,168,False,-36.714142223829896,0.3,70,-0.23590493955494388,-0.0039502449515015,-28.145679695471994,0.3469387755102041,98,-0.26789240080767773,-0.0028128982968359004
KRW-BTC,20,2.0,20,20,45,0.02,0.01,24,True,-32.20542054358047,169,False,-39.6032775896983,0.43661971830985913,71,-0.22966634055680865,-0.00379032301694462,-24.80756349746265,0.46938775510204084,98,-0.2192591575205853,-0.0023785273782090046
KRW-BTC,20,2.0,20,20,45,0.02,0.01,24,False,-24.467070202007818,156,False,-22.083659643108668,0.3484848484848485,66,-0.1673554684650586,-0.0028719130032136353,-26.85048076090697,0.32222222222222224,90,-0.28669832371967674,-0.003148622982710312
KRW-BTC,20,2.0,20,20,45,0.02,0.015,12,True,-35.84971044260756,166,False,-43.66931164284977,0.45588235294117646,68,-0.2695941794563623,-0.0047993613946426435,-28.030109242365345,0.47959183673469385,98,-0.26709588864000255,-0.003011499333093524
KRW-BTC,20,2.0,20,20,45,0.02,0.015,12,False,-35.56438683581864,161,False,-41.933588623049076,0.3076923076923077,65,-0.27417124635808465,-0.005107107026840931,-29.195185048588197,0.3645833333333333,96,-0.30246982482989876,-0.0034110706354944635
KRW-BTC,20,2.0,20,20,45,0.02,0.015,24,True,-32.26995692616298,162,False,-41.106589252389924,0.5,66,-0.260959567698625,-0.004762903903927649,-23.433324599936046,0.5520833333333334,96,-0.23706024163953163,-0.0026524240722853656
KRW-BTC,20,2.0,20,20,45,0.02,0.015,24,False,-25.581899388798547,147,False,-27.856670947361938,0.38333333333333336,60,-0.214479806077949,-0.004192132646533873,-23.307127830235157,0.40229885057471265,87,-0.2842465854962313,-0.0032525223041213838
KRW-BTC,20,2.0,20,20,45,0.025,0.008,12,True,-38.013538714555054,176,False,-52.150120864884634,0.36486486486486486,74,-0.2481470978518733,-0.003950028840030647,-23.876956564225466,0.4215686274509804,102,-0.203861159945279,-0.002099237827762695
KRW-BTC,20,2.0,20,20,45,0.025,0.008,12,False,-30.795789409738685,172,False,-38.55868172488083,0.28169014084507044,71,-0.22917300061846438,-0.003751916164774108,-23.032897094596542,0.33663366336633666,101,-0.22893434683053207,-0.002212662217280226
KRW-BTC,20,2.0,20,20,45,0.025,0.008,24,True,-35.67748487330989,173,False,-50.3350981700377,0.375,72,-0.24245618061012456,-0.0039540187394294804,-21.019871576582087,0.44554455445544555,101,-0.18378940553577847,-0.0018733671510447075
KRW-BTC,20,2.0,20,20,45,0.025,0.008,24,False,-25.26752814260466,161,False,-28.65245221971316,0.25,68,-0.20436600317914985,-0.0034336868373200176,-21.882604065496157,0.2903225806451613,93,-0.25756723795427416,-0.002540132794886468
KRW-BTC,20,2.0,20,20,45,0.025,0.01,12,True,-34.94703512277549,173,False,-42.98918803508048,0.3972602739726027,73,-0.2438987319356667,-0.003943324134949768,-26.9048822104705,0.43,100,-0.23626973558192768,-0.0025508926030084742
KRW-BTC,20,2.0,20,20,45,0.025,0.01,12,False,-32.589046922912935,167,False,-37.9439389812804,0.2753623188405797,69,-0.24482570285053754,-0.0041753668255250995,-27.234154864545477,0.3469387755102041,98,-0.26377934743622783,-0.0027678866373600564
KRW-BTC,20,2.0,20,20,45,0.025,0.01,24,True,-31.95087415818079,169,False,-40.32469475348699,0.43661971830985913,71,-0.23204792165148627,-0.0038342879410539956,-23.57705356287459,0.46938775510204084,98,-0.21405257928697238,-0.002309152078085778
KRW-BTC,20,2.0,20,20,45,0.025,0.01,24,False,-22.852702789292998,154,False,-21.97339228404633,0.3384615384615385,65,-0.17080724246408457,-0.0029748693871745426,-23.732013294539662,0.3146067415730337,89,-0.2757682809130993,-0.0029911192388850576
KRW-BTC,20,2.0,20,20,45,0.025,0.015,12,True,-34.85768551379572,166,False,-42.8042832811608,0.45588235294117646,68,-0.26754557356615744,-0.0047572000238840255,-26.911087746430645,0.47959183673469385,98,-0.2622083223876539,-0.002942124032970297
KRW-BTC,20,2.0,20,20,45,0.025,0.015,12,False,-35.679969911646225,160,False,-42.92487145424565,0.28125,64,-0.28163305784561704,-0.0053454699094958435,-28.4350683690468,0.3645833333333333,96,-0.2985510308686876,-0.003365121233112873
KRW-BTC,20,2.0,20,20,45,0.025,0.015,24,True,-31.380545819864523,162,False,-40.31180754655206,0.5,66,-0.25888674387914185,-0.004719464915873314,-22.44928409317699,0.5520833333333334,96,-0.2319723746761197,-0.0025816034534095716
KRW-BTC,20,2.0,20,20,45,0.025,0.015,24,False,-24.741221436588766,145,False,-26.847064614913076,0.3728813559322034,59,-0.21328849114827272,-0.004229864219072574,-22.63537825826446,0.38372093023255816,86,-0.28705505187108205,-0.0033158972456501894
KRW-BTC,20,2.0,20,20,45,0.03,0.008,12,True,-37.67145222173199,176,False,-52.150120864884634,0.36486486486486486,74,-0.2481470978518733,-0.003950028840030647,-23.192783578579345,0.4215686274509804,102,-0.20134672193559366,-0.0020674639409382673
KRW-BTC,20,2.0,20,20,45,0.03,0.008,12,False,-31.943882666294606,172,False,-42.603765488438675,0.28169014084507044,71,-0.23984874561355618,-0.003951329398408609,-21.283999844150532,0.33663366336633666,101,-0.22139340730756624,-0.0021138008311416116
KRW-BTC,20,2.0,20,20,45,0.03,0.008,24,True,-35.359100311501,173,False,-50.3350981700377,0.375,72,-0.24245618061012456,-0.0039540187394294804,-20.383102452964305,0.44554455445544555,101,-0.18121157508790345,-0.0018412786712814233
KRW-BTC,20,2.0,20,20,45,0.03,0.008,24,False,-24.45800758087669,161,False,-26.80734513269639,0.25,68,-0.20045745779814794,-0.0033563065508074464,-22.10867002905699,0.2903225806451613,93,-0.2580564714290011,-0.002603087016149526
KRW-BTC,20,2.0,20,20,45,0.03,0.01,12,True,-33.67856082091059,173,False,-41.119422336447656,0.3972602739726027,73,-0.24021043306706,-0.0038749337239908626,-26.237699305373525,0.43,100,-0.23385765327996602,-0.0025184832384475575
KRW-BTC,20,2.0,20,20,45,0.03,0.01,12,False,-32.62804993804147,167,False,-39.83252800475623,0.2753623188405797,69,-0.25165190441710944,-0.004308205080424366,-25.42357187132672,0.3469387755102041,98,-0.25657918828801274,-0.0026659988822580155
KRW-BTC,20,2.0,20,20,45,0.03,0.01,24,True,-30.77408486443629,169,False,-38.579048399861094,0.43661971830985913,71,-0.22830181395222496,-0.003763971039645544,-22.96912132901149,0.46938775510204084,98,-0.21157032874368925,-0.002276081297921577
KRW-BTC,20,2.0,20,20,45,0.03,0.01,24,False,-20.667550290917557,154,False,-19.820924873498576,0.3384615384615385,65,-0.1626691269747956,-0.0028171100105152344,-21.514175708336538,0.3146067415730337,89,-0.26205633117235566,-0.0028357139920592205
KRW-BTC,20,2.0,20,20,45,0.03,0.015,12,True,-33.8235300991195,166,False,-41.29283982910535,0.45588235294117646,68,-0.26397262514452896,-0.004683780906236967,-26.354220369133653,0.47959183673469385,98,-0.2598781616869271,-0.0029090532528060964
KRW-BTC,20,2.0,20,20,45,0.03,0.015,12,False,-35.83598102945656,160,False,-44.77516150907615,0.28125,64,-0.28812654890379785,-0.00548868615305912,-26.896800549836968,0.3645833333333333,96,-0.2916909350611215,-0.0032611108164462064
KRW-BTC,20,2.0,20,20,45,0.03,0.015,24,True,-30.441905550323895,162,False,-38.92146865633787,0.5,66,-0.25527155726391776,-0.004643820976479376,-21.962342444309918,0.5520833333333334,96,-0.22954672005855353,-0.0025478436986586164
KRW-BTC,20,2.0,20,20,45,0.03,0.015,24,False,-22.221759671150522,145,False,-23.942875446126784,0.3728813559322034,59,-0.20169202661241192,-0.003971442871905545,-20.500643896174264,0.38372093023255816,86,-0.26813808415873674,-0.003123445282757443
KRW-BTC,20,2.0,20,20,50,0.015,0.008,12,True,-40.310470676999856,180,False,-50.84948400615937,0.36,75,-0.25036320543733803,-0.003935239574081224,-29.771457347840336,0.4095238095238095,105,-0.23353249405884,-0.002404476036493426
KRW-BTC,20,2.0,20,20,50,0.015,0.008,12,False,-34.343700111431176,177,False,-46.350136296663855,0.2876712328767123,73,-0.24863420959650318,-0.004005708837817387,-22.337263926198492,0.3557692307692308,104,-0.2184632457545895,-0.0020543450261493335
KRW-BTC,20,2.0,20,20,50,0.015,0.008,24,True,-37.45725718903571,177,False,-49.14318947033445,0.3698630136986301,73,-0.24468906233429574,-0.003938769631955431,-25.771324907736968,0.4423076923076923,104,-0.20855647020332907,-0.00211916551465194
KRW-BTC,20,2.0,20,20,50,0.015,0.008,24,False,-30.939047457729377,169,False,-40.660128655688226,0.2714285714285714,70,-0.23934417814103884,-0.003994103213517429,-21.217966259770527,0.35353535353535354,99,-0.22971429778214159,-0.0021114237068533995
KRW-BTC,20,2.0,20,20,50,0.015,0.01,12,True,-39.20998095128256,177,False,-45.7863584222251,0.3918918918918919,74,-0.2549872928830203,-0.004090344537096712,-32.63360348034003,0.4174757281553398,103,-0.2662156257128366,-0.002868291123309343
KRW-BTC,20,2.0,20,20,50,0.015,0.01,12,False,-35.03691101504923,173,False,-42.89070865992194,0.3055555555555556,72,-0.2567906736771151,-0.004230635870809398,-27.18311337017651,0.36633663366336633,101,-0.26292176024797226,-0.0026557026316675154
KRW-BTC,20,2.0,20,20,50,0.015,0.01,24,True,-35.57422785756381,173,False,-43.014730184925746,0.4305555555555556,72,-0.24331027999564644,-0.0039869066348424635,-28.133725530201872,0.46534653465346537,101,-0.2394378285433844,-0.002569079553670223
KRW-BTC,20,2.0,20,20,50,0.015,0.01,24,False,-26.009713064380165,163,False,-30.154971963800268,0.35294117647058826,68,-0.2057229365499005,-0.003492033873782973,-21.864454164960065,0.37894736842105264,95,-0.24710678343287518,-0.0023960787990643996
KRW-BTC,20,2.0,20,20,50,0.015,0.015,12,True,-38.01457922688521,168,False,-44.101848514269136,0.45588235294117646,68,-0.27357272850258907,-0.00487857169207494,-31.927309939501285,0.46,100,-0.2906808305805374,-0.0032806781147006205
KRW-BTC,20,2.0,20,20,50,0.015,0.015,12,False,-36.32201934548054,164,False,-43.85933285945143,0.3333333333333333,66,-0.27966992797779616,-0.005148060651855651,-28.784705831509648,0.37755102040816324,98,-0.29419915453401885,-0.0032855468939100847
KRW-BTC,20,2.0,20,20,50,0.015,0.015,24,True,-34.503619725471395,164,False,-42.94517492800313,0.48484848484848486,66,-0.27236676508577545,-0.004996915184444144,-26.062064522939657,0.5408163265306123,98,-0.2542697148068938,-0.0028336768035855144
KRW-BTC,20,2.0,20,20,50,0.015,0.015,24,False,-26.17889510219721,152,False,-32.69332034682704,0.39344262295081966,61,-0.2332891358506317,-0.004502021215640085,-19.664469857567376,0.45054945054945056,91,-0.2549669164616752,-0.0025541664744182166
KRW-BTC,20,2.0,20,20,50,0.02,0.008,12,True,-38.02501872651782,180,False,-49.73146765880012,0.36,75,-0.2493092406193563,-0.003915681660673365,-26.318569794235525,0.4095238095238095,105,-0.2201648933658925,-0.002237161096218374
KRW-BTC,20,2.0,20,20,50,0.02,0.008,12,False,-33.3940811696258,176,False,-42.93129567808807,0.2777777777777778,72,-0.24385921490936613,-0.003969418181493025,-23.85686666116353,0.33653846153846156,104,-0.23883562378058065,-0.002260140573752373
KRW-BTC,20,2.0,20,20,50,0.02,0.008,24,True,-35.33514259475971,177,False,-48.09063231945394,0.3698630136986301,73,-0.2436271198566714,-0.0039186758853035205,-22.579652870065484,0.4423076923076923,104,-0.1947532743791988,-0.0019502417768742428
KRW-BTC,20,2.0,20,20,50,0.02,0.008,24,False,-27.63677237977135,166,False,-31.48675910827894,0.2608695652173913,69,-0.21182522034665732,-0.0035268984319383636,-23.786785651263763,0.30927835051546393,97,-0.26059273846452713,-0.0025375448705758814
KRW-BTC,20,2.0,20,20,50,0.02,0.01,12,True,-36.37139737327103,177,False,-43.412036687481816,0.3918918918918919,74,-0.2502646561264843,-0.004003056111345502,-29.330758059060244,0.4174757281553398,103,-0.25341803620752573,-0.002697727349242542
KRW-BTC,20,2.0,20,20,50,0.02,0.01,12,False,-33.458770215931544,172,False,-37.81999144447714,0.29577464788732394,71,-0.24468057132415508,-0.00405636826204373,-29.09754898738595,0.3465346534653465,101,-0.2791391877644922,-0.0028817954605699424
KRW-BTC,20,2.0,20,20,50,0.02,0.01,24,True,-32.96937086274394,173,False,-40.79715496837514,0.4305555555555556,72,-0.23851362263551315,-0.0038971935305981645,-25.141586757112744,0.46534653465346537,101,-0.22617322002262483,-0.0023951382791268525
KRW-BTC,20,2.0,20,20,50,0.02,0.01,24,False,-25.29796375672052,160,False,-23.15992335336404,0.34328358208955223,67,-0.17691839090973766,-0.0030004665404791005,-27.436004160076997,0.3225806451612903,93,-0.2954816941291613,-0.0031794827029945354
KRW-BTC,20,2.0,20,20,50,0.02,0.015,12,True,-36.765928206840584,168,False,-44.36280436027922,0.45588235294117646,68,-0.2754696389015148,-0.004916651298647894,-29.169052053401956,0.46,100,-0.27830992725175385,-0.003104997427411815
KRW-BTC,20,2.0,20,20,50,0.02,0.015,12,False,-36.39784229457178,163,False,-42.64724840401711,0.3076923076923077,65,-0.2800098874069393,-0.00522981031103104,-30.14843618512645,0.35714285714285715,98,-0.31250648344442555,-0.0034888732310978726
KRW-BTC,20,2.0,20,20,50,0.02,0.015,24,True,-33.43173338505732,164,False,-43.20851707951411,0.48484848484848486,66,-0.27426682460180585,-0.005036148718489007,-23.654949690600528,0.5408163265306123,98,-0.24126378226594666,-0.0026544107961479577
KRW-BTC,20,2.0,20,20,50,0.02,0.015,24,False,-26.726841681043176,149,False,-29.71391315368707,0.36666666666666664,60,-0.22862398353601568,-0.0044927019425513685,-23.739770208399285,0.39325842696629215,89,-0.29037156751886545,-0.00327578430190032
KRW-BTC,20,2.0,20,20,50,0.025,0.008,12,True,-39.09581069795519,180,False,-53.26646733018249,0.36,75,-0.2552806781874547,-0.004023868455496907,-24.925154065727885,0.4095238095238095,105,-0.2149643552729788,-0.002172410816103363
KRW-BTC,20,2.0,20,20,50,0.025,0.008,12,False,-31.74349321414011,176,False,-39.54497734916512,0.2777777777777778,72,-0.2364866071885964,-0.0038315839958189147,-23.9420090791151,0.33653846153846156,104,-0.23924583684078118,-0.002277684542047585
KRW-BTC,20,2.0,20,20,50,0.025,0.008,24,True,-36.378300880940216,177,False,-51.455878031278246,0.3698630136986301,73,-0.2496437563684952,-0.004029826701903051,-21.300723730602193,0.4423076923076923,104,-0.1893832721374938,-0.0018848688979119714
KRW-BTC,20,2.0,20,20,50,0.025,0.008,24,False,-25.97123291484283,165,False,-29.537608583803287,0.2463768115942029,69,-0.21191497854098607,-0.003521430506344367,-22.404857245882372,0.2916666666666667,96,-0.2652279239918982,-0.0025682413839479713
KRW-BTC,20,2.0,20,20,50,0.025,0.01,12,True,-36.07748028984471,177,False,-44.171556014390255,0.3918918918918919,74,-0.25258255499938537,-0.00404523867366666,-27.983404565299157,0.4174757281553398,103,-0.2484392555535692,-0.0026317197821350054
KRW-BTC,20,2.0,20,20,50,0.025,0.01,12,False,-33.608771337484754,171,False,-39.033523304050355,0.2714285714285714,70,-0.25349887965329937,-0.0042797901565890225,-28.18401937091915,0.3465346534653465,101,-0.2750893199617512,-0.0028381207810785304
KRW-BTC,20,2.0,20,20,50,0.025,0.01,24,True,-32.72468569846899,173,False,-41.52049141340539,0.4305555555555556,72,-0.24086785127131838,-0.003940547830761577,-23.928879983532585,0.46534653465346537,101,-0.22101275005614782,-0.002327823631482533
KRW-BTC,20,2.0,20,20,50,0.025,0.01,24,False,-23.673044190615123,158,False,-23.02293921389801,0.3333333333333333,66,-0.18033052128438426,-0.003103810760096137,-24.32314916733224,0.31521739130434784,92,-0.2846862404000442,-0.003027450382557976
KRW-BTC,20,2.0,20,20,50,0.025,0.015,12,True,-35.76780200668979,168,False,-43.499282291170935,0.45588235294117646,68,-0.27343751220751644,-0.004874489927889277,-28.036321722208644,0.46,100,-0.2734971448023908,-0.0030370096332910535
KRW-BTC,20,2.0,20,20,50,0.025,0.015,12,False,-36.51155359376165,162,False,-43.642980225169936,0.28125,64,-0.28741167531641487,-0.005470090432501424,-29.38012696235335,0.35714285714285715,98,-0.30864407643043107,-0.003443861571622029
KRW-BTC,20,2.0,20,20,50,0.025,0.015,24,True,-32.535548229434156,164,False,-42.39522728174874,0.48484848484848486,66,-0.27223132431412833,-0.004992709730434673,-22.67586917711957,0.5408163265306123,98,-0.2362039477326818,-0.002585035496024731
KRW-BTC,20,2.0,20,20,50,0.025,0.015,24,False,-25.855529938033776,147,False,-28.66338295322509,0.3559322033898305,59,-0.22745411957590614,-0.004535527909937823,-23.04767692284246,0.375,88,-0.29315600074807024,-0.0033379832447327767
KRW-BTC,20,2.0,20,20,50,0.03,0.008,12,True,-38.75161008888463,180,False,-53.26646733018249,0.36,75,-0.2552806781874547,-0.004023868455496907,-24.23675284758678,0.4095238095238095,105,-0.21248498438344426,-0.0021415447546167753
KRW-BTC,20,2.0,20,20,50,0.03,0.008,12,False,-32.90126800572525,176,False,-43.614644181849144,0.2777777777777778,72,-0.24706106071517497,-0.0040282276012084915,-22.187891829601355,0.33653846153846156,104,-0.2318057425859695,-0.002181674926662969
KRW-BTC,20,2.0,20,20,50,0.03,0.008,24,True,-36.06390906633717,177,False,-51.455878031278246,0.3698630136986301,73,-0.2496437563684952,-0.004029826701903051,-20.671940101396093,0.4423076923076923,104,-0.18682310874729433,-0.0018537060473726283
KRW-BTC,20,2.0,20,20,50,0.03,0.008,24,False,-25.13984327824275,165,False,-27.663884709872157,0.2463768115942029,69,-0.20804351743855906,-0.003445171673259514,-22.615801846613344,0.2916666666666667,96,-0.2657121093811409,-0.002629228285796559
KRW-BTC,20,2.0,20,20,50,0.03,0.01,12,True,-34.8001852624017,177,False,-42.286667685728396,0.3918918918918919,74,-0.24893661624328448,-0.003977772457450442,-27.313702839074995,0.4174757281553398,103,-0.24606560813512,-0.002600254379648678
KRW-BTC,20,2.0,20,20,50,0.03,0.01,12,False,-33.64992618308751,171,False,-40.928225112237925,0.2714285714285714,70,-0.26024668229487946,-0.004410730722132586,-26.371627253937092,0.3465346534653465,101,-0.2679997711337743,-0.0027392593949399162
KRW-BTC,20,2.0,20,20,50,0.03,0.01,24,True,-31.544284243249628,173,False,-39.75971419500151,0.4305555555555556,72,-0.2371647676189834,-0.0038712075529837974,-23.328854291497752,0.46534653465346537,101,-0.21855248175648234,-0.0022957351517192493
KRW-BTC,20,2.0,20,20,50,0.03,0.01,24,False,-21.473637273230835,158,False,-20.83701419556281,0.3333333333333333,66,-0.17228587205148976,-0.002948441677022577,-22.11026035089886,0.31521739130434784,92,-0.27114313525565337,-0.0028771126981286337
KRW-BTC,20,2.0,20,20,50,0.03,0.015,12,True,-34.73066198009909,168,False,-41.98970375234169,0.45588235294117646,68,-0.2698933049499918,-0.004801070810242218,-27.471620207856496,0.46,100,-0.2712026374861445,-0.0030046002687301367
KRW-BTC,20,2.0,20,20,50,0.03,0.015,12,False,-36.66088469419264,162,False,-45.49390745666746,0.28125,64,-0.2938529320655356,-0.005613306676064699,-27.82786193171782,0.35714285714285715,98,-0.3018826895277044,-0.0033419738165199873
KRW-BTC,20,2.0,20,20,50,0.03,0.015,24,True,-31.581358601877554,164,False,-40.97173282554549,0.48484848484848486,66,-0.2686812332132215,-0.0049170657910407355,-22.190984378209617,0.5408163265306123,98,-0.23379165765355867,-0.0025519647158605305
KRW-BTC,20,2.0,20,20,50,0.03,0.015,24,False,-23.29424682291105,147,False,-25.67723745398025,0.3559322033898305,59,-0.21606646246925074,-0.0042771065627707945,-20.911256191841844,0.375,88,-0.2744009129301313,-0.0031499051900875934
KRW-BTC,20,2.0,20,25,40,0.015,0.008,12,True,-33.690450247810475,151,False,-41.84382765075068,0.375,64,-0.19218283146045187,-0.003447864262587245,-25.537072844870274,0.4367816091954023,87,-0.18591005772943286,-0.0022117949052321575
KRW-BTC,20,2.0,20,25,40,0.015,0.008,12,False,-26.787753418246446,149,False,-36.237114874964696,0.2903225806451613,62,-0.18288945922819377,-0.003367973289575059,-17.338391961528192,0.367816091954023,87,-0.15866654911344993,-0.0016716093038599345
KRW-BTC,20,2.0,20,25,40,0.015,0.008,24,True,-32.91192992704069,149,False,-42.67848444931679,0.38095238095238093,63,-0.19596061530489295,-0.0035760953275573142,-23.14537540476459,0.46511627906976744,86,-0.17244444740058854,-0.002046134740097817
KRW-BTC,20,2.0,20,25,40,0.015,0.008,24,False,-27.261202258562697,143,False,-30.556819445365925,0.31666666666666665,60,-0.16710781707078573,-0.0031547298206434414,-23.96558507175947,0.3373493975903614,83,-0.21574640132207695,-0.0024469622130226716
KRW-BTC,20,2.0,20,25,40,0.015,0.01,12,True,-36.66029763200697,148,False,-45.75486387049271,0.38095238095238093,63,-0.22488856625386272,-0.004181465098391073,-27.56573139352124,0.4588235294117647,85,-0.20997098805937034,-0.0026101682314554403
KRW-BTC,20,2.0,20,25,40,0.015,0.01,12,False,-30.346671907516797,146,False,-42.38450519913039,0.2786885245901639,61,-0.22283403601003546,-0.004268499281300086,-18.308838615903205,0.4,85,-0.17251908019066295,-0.001922865565532211
KRW-BTC,20,2.0,20,25,40,0.015,0.01,24,True,-36.808351030955905,146,False,-47.88693248739279,0.4032258064516129,62,-0.23608966782987775,-0.004481323158115893,-25.729769574519022,0.4880952380952381,84,-0.20234611321269005,-0.002524704228408549
KRW-BTC,20,2.0,20,25,40,0.015,0.01,24,False,-29.32763529704482,139,False,-35.85356814903137,0.3448275862068966,58,-0.20426066518812278,-0.004073552593415616,-22.80170244505827,0.37037037037037035,81,-0.21998108480993553,-0.0025890975631298013
KRW-BTC,20,2.0,20,25,40,0.015,0.015,12,True,-35.66980525973564,141,False,-43.74575644479275,0.4482758620689655,58,-0.24234767300051083,-0.004927873006666762,-27.593854074678532,0.5060240963855421,83,-0.2339556433551872,-0.0030305502719683
KRW-BTC,20,2.0,20,25,40,0.015,0.015,12,False,-30.270276606967435,139,False,-43.703914389476296,0.30357142857142855,56,-0.2453524095438674,-0.005246198940676648,-16.83663882445857,0.4457831325301205,83,-0.17784169095822294,-0.0020529892036804994
KRW-BTC,20,2.0,20,25,40,0.015,0.015,24,True,-33.57295914282264,139,False,-42.84525327826161,0.49122807017543857,57,-0.23818859171885384,-0.004991908124571379,-24.300665007383664,0.573170731707317,82,-0.2187607175892101,-0.002822952230027051
KRW-BTC,20,2.0,20,25,40,0.015,0.015,24,False,-28.246293299169558,132,False,-37.870300384325475,0.39622641509433965,53,-0.2310061696155338,-0.005138878135625594,-18.622286214013645,0.46835443037974683,79,-0.2118722943630526,-0.002524356261880368
KRW-BTC,20,2.0,20,25,40,0.02,0.008,12,True,-32.88224182742507,151,False,-43.431420321088474,0.375,64,-0.19727875027622707,-0.0035469325937610937,-22.333063333761665,0.4367816091954023,87,-0.17320926100446207,-0.0020309222380255577
KRW-BTC,20,2.0,20,25,40,0.02,0.008,12,False,-27.46391393086088,148,False,-36.32869708397693,0.2786885245901639,61,-0.18683464588961496,-0.0035000350304075748,-18.599130777744833,0.3563218390804598,87,-0.17812021325450292,-0.001825827110098916
KRW-BTC,20,2.0,20,25,40,0.02,0.008,24,True,-32.35521468325658,149,False,-44.60237362027859,0.38095238095238093,63,-0.20191665730122477,-0.0036943971980673367,-20.10805574623457,0.46511627906976744,86,-0.1595335707192342,-0.001863158902342304
KRW-BTC,20,2.0,20,25,40,0.02,0.008,24,False,-25.508087180367703,139,False,-25.062317794073053,0.3050847457627119,59,-0.1508416499928174,-0.002871461711734579,-25.95385656666235,0.2875,80,-0.2477926289640915,-0.0028689262754371257
KRW-BTC,20,2.0,20,25,40,0.02,0.01,12,True,-35.89275618458416,148,False,-47.250104168776296,0.38095238095238093,63,-0.22977816886863628,-0.0042821059427581585,-24.535408200392023,0.4588235294117647,85,-0.19764557121476223,-0.0024250397367851563
KRW-BTC,20,2.0,20,25,40,0.02,0.01,12,False,-31.019093111747118,145,False,-42.525451046535984,0.26666666666666666,60,-0.22658636160351928,-0.004417770817675226,-19.51273517695825,0.38823529411764707,85,-0.19165244031100245,-0.002080712026035639
KRW-BTC,20,2.0,20,25,40,0.02,0.01,24,True,-36.293047628363794,146,False,-49.70714738809178,0.4032258064516129,62,-0.24174844786782718,-0.004601533123311561,-22.878947868635816,0.4880952380952381,84,-0.18990173901404464,-0.0023373718230874285
KRW-BTC,20,2.0,20,25,40,0.02,0.01,24,False,-28.561771486696166,135,False,-31.010638686122544,0.3333333333333333,57,-0.19096517904434215,-0.0038456942505055384,-26.112904287269792,0.3076923076923077,78,-0.25997929527125857,-0.003167353935277084
KRW-BTC,20,2.0,20,25,40,0.02,0.015,12,True,-36.32976935573327,141,False,-47.64865761004211,0.4482758620689655,58,-0.250554663376255,-0.005193202833350844,-25.010881101424435,0.5060240963855421,83,-0.22200441640731336,-0.0028409608497156
KRW-BTC,20,2.0,20,25,40,0.02,0.015,12,False,-32.86795986107504,138,False,-48.0929928400458,0.2727272727272727,55,-0.2613856773421595,-0.005731713397578492,-17.642926882104288,0.43373493975903615,83,-0.19227317781047795,-0.002184579239856976
KRW-BTC,20,2.0,20,25,40,0.02,0.015,24,True,-34.42021603172782,139,False,-46.86652641874568,0.49122807017543857,57,-0.2505571157703254,-0.005281412942021937,-21.97390564470996,0.573170731707317,82,-0.20657243125344346,-0.0026310507416493177
KRW-BTC,20,2.0,20,25,40,0.02,0.015,24,False,-30.606961553435795,128,False,-37.99368576601002,0.36538461538461536,52,-0.24092815853064461,-0.005512787127943187,-23.22023734086157,0.39473684210526316,76,-0.2602843473214158,-0.0032998435174942955
KRW-BTC,20,2.0,20,25,40,0.025,0.008,12,True,-33.97364492594855,151,False,-47.02757765490247,0.375,64,-0.20366406908748602,-0.003673713993944932,-20.919712196994627,0.4367816091954023,87,-0.16769558677200339,-0.001952775348231578
KRW-BTC,20,2.0,20,25,40,0.025,0.008,12,False,-26.42880900569827,148,False,-35.114895074700385,0.2786885245901639,61,-0.18587874930618747,-0.0034785889448149046,-17.742722936696154,0.3563218390804598,87,-0.1735028107968181,-0.0017751243212640578
KRW-BTC,20,2.0,20,25,40,0.025,0.008,24,True,-33.50836702027952,149,False,-48.243263241769505,0.38095238095238093,63,-0.20826508346141553,-0.0038231910014286962,-18.773470798789532,0.46511627906976744,86,-0.1539286965040227,-0.001784103327783278
KRW-BTC,20,2.0,20,25,40,0.025,0.008,24,False,-23.082796465859552,138,False,-22.228881233364984,0.288135593220339,59,-0.14605981609779428,-0.002766448522259948,-23.936711698354124,0.26582278481012656,79,-0.2508546308473407,-0.0028819693201105295
KRW-BTC,20,2.0,20,25,40,0.025,0.01,12,True,-36.865125805363434,148,False,-50.54533950606199,0.38095238095238093,63,-0.2359049681141493,-0.004410899746119517,-23.184912104664882,0.4588235294117647,85,-0.19229485702477644,-0.002345054096643083
KRW-BTC,20,2.0,20,25,40,0.025,0.01,12,False,-29.99925197118022,145,False,-41.28624237624245,0.26666666666666666,60,-0.22567719417430934,-0.004395967297322678,-18.712261566118,0.38823529411764707,85,-0.1871110632520147,-0.0020288162304046673
KRW-BTC,20,2.0,20,25,40,0.025,0.01,24,True,-37.33851544599956,146,False,-53.066772752031156,0.4032258064516129,62,-0.24778002844596894,-0.004732404246081975,-21.610258139967968,0.4880952380952381,84,-0.18449938301670465,-0.002256433972943664
KRW-BTC,20,2.0,20,25,40,0.025,0.01,24,False,-23.922240572856943,134,False,-25.61010093086345,0.3333333333333333,57,-0.17242884488241075,-0.003438389415143906,-22.23438021485044,0.2987012987012987,77,-0.24587120732420345,-0.0029379225393832797
KRW-BTC,20,2.0,20,25,40,0.025,0.015,12,True,-36.110827899163525,141,False,-48.37177231607654,0.4482758620689655,58,-0.2521187410019536,-0.005229849846944188,-23.84988348225051,0.5060240963855421,83,-0.21681614566369942,-0.002759047844750826
KRW-BTC,20,2.0,20,25,40,0.025,0.015,12,False,-31.736700396145313,138,False,-46.477282431441566,0.2727272727272727,55,-0.2594739997823347,-0.0056818359773201975,-16.99611836084906,0.43373493975903615,83,-0.18773528811655527,-0.002131432943126462
KRW-BTC,20,2.0,20,25,40,0.025,0.015,24,True,-34.2465911946435,139,False,-47.560836614038266,0.49122807017543857,57,-0.25212118827792596,-0.005318702885678323,-20.932345775248734,0.573170731707317,82,-0.20128124820701104,-0.0025481387975996076
KRW-BTC,20,2.0,20,25,40,0.025,0.015,24,False,-25.532628662176844,127,False,-31.482312391533004,0.36538461538461536,52,-0.21912180608227314,-0.004955044869546862,-19.582944932820684,0.38666666666666666,75,-0.24241979888812717,-0.0029994938121395555
KRW-BTC,20,2.0,20,25,40,0.03,0.008,12,True,-33.62847053458515,151,False,-47.02757765490247,0.375,64,-0.20366406908748602,-0.003673713993944932,-20.229363414267816,0.4367816091954023,87,-0.16506692736367032,-0.001915523205058111
KRW-BTC,20,2.0,20,25,40,0.03,0.008,12,False,-27.769518060076383,148,False,-39.513839503778556,0.2786885245901639,61,-0.19715410794627916,-0.0037106928724878483,-16.02519661637421,0.3563218390804598,87,-0.16541975678700213,-0.0016603542063215288
KRW-BTC,20,2.0,20,25,40,0.03,0.008,24,True,-33.18344047014609,149,False,-48.243263241769505,0.38095238095238093,63,-0.20826508346141553,-0.0038231910014286962,-18.123617698522672,0.46511627906976744,86,-0.15125655725219567,-0.0017464180201543049
KRW-BTC,20,2.0,20,25,40,0.03,0.008,24,False,-22.831772487610515,138,False,-22.744801522590915,0.288135593220339,59,-0.15201227191040434,-0.002882324346849243,-22.918743452630114,0.26582278481012656,79,-0.24597394785116328,-0.002862990299893091
KRW-BTC,20,2.0,20,25,40,0.03,0.01,12,True,-36.533314113260836,148,False,-50.54533950606199,0.38095238095238093,63,-0.2359049681141493,-0.004410899746119517,-22.521288720459683,0.4588235294117647,85,-0.18974388926647012,-0.0023069254324537686
KRW-BTC,20,2.0,20,25,40,0.03,0.01,12,False,-31.39260627077783,145,False,-45.69257193592412,0.26666666666666666,60,-0.23640135514105232,-0.004631939623790171,-17.092640605631537,0.38823529411764707,85,-0.17916109649405068,-0.0019113456421693722
KRW-BTC,20,2.0,20,25,40,0.03,0.01,24,True,-37.027264159805085,146,False,-53.066772752031156,0.4032258064516129,62,-0.24778002844596894,-0.004732404246081975,-20.98775556757901,0.4880952380952381,84,-0.1819237948842081,-0.0022178513960854295
KRW-BTC,20,2.0,20,25,40,0.03,0.01,24,False,-23.390841500061693,134,False,-26.092591293146437,0.3333333333333333,57,-0.17819749334923596,-0.0035583310581398424,-20.68909170697695,0.2987012987012987,77,-0.2372554136948376,-0.00285361289526409
KRW-BTC,20,2.0,20,25,40,0.03,0.015,12,True,-35.82434257305941,141,False,-48.37177231607654,0.4482758620689655,58,-0.2521187410019536,-0.005229849846944188,-23.276912830042292,0.5060240963855421,83,-0.21434262326680253,-0.0027200004175689982
KRW-BTC,20,2.0,20,25,40,0.03,0.015,12,False,-33.18959740364716,138,False,-50.72103707624337,0.2727272727272727,55,-0.26973008415262995,-0.005939260333466553,-15.658157731050952,0.43373493975903615,83,-0.17979142621092478,-0.002011131738307184
KRW-BTC,20,2.0,20,25,40,0.03,0.015,24,True,-33.990462171042736,139,False,-47.560836614038266,0.49122807017543857,57,-0.25212118827792596,-0.005318702885678323,-20.420087728047207,0.573170731707317,82,-0.19875866208570286,-0.002508615182281416
KRW-BTC,20,2.0,20,25,40,0.03,0.015,24,False,-24.508237449979255,127,False,-30.930219873078812,0.36538461538461536,52,-0.2207823678022588,-0.004990509747446254,-18.086255026879694,0.38666666666666666,75,-0.2279806734710217,-0.0028766718862934977
KRW-BTC,20,2.0,20,25,45,0.015,0.008,12,True,-38.3393992785269,174,False,-49.74415567093028,0.36486486486486486,74,-0.24318252119846878,-0.0038602022710282646,-26.93464288612352,0.43,100,-0.2077291077075689,-0.002195131065727515
KRW-BTC,20,2.0,20,25,45,0.015,0.008,12,False,-32.49061333800516,171,False,-45.30132482488945,0.2916666666666667,72,-0.2414369635062506,-0.0039295659050092935,-19.679901851120874,0.36363636363636365,99,-0.1926219380749636,-0.0018310664069887325
KRW-BTC,20,2.0,20,25,45,0.015,0.008,24,True,-35.888596993846726,171,False,-48.033305316121606,0.375,72,-0.23745402613425728,-0.00386169698795481,-23.743888671571845,0.45454545454545453,99,-0.18775486957745063,-0.001965665963600727
KRW-BTC,20,2.0,20,25,45,0.015,0.008,24,False,-29.299200946191952,163,False,-39.666682802029186,0.2753623188405797,69,-0.23205794391288417,-0.0039144815209597094,-18.931719090354715,0.3617021276595745,94,-0.2067011239737736,-0.001912086425999177
KRW-BTC,20,2.0,20,25,45,0.015,0.01,12,True,-37.09159496044576,171,False,-44.58924865542123,0.3972602739726027,73,-0.24633140911672632,-0.003989047886919958,-29.593941265470292,0.4387755102040816,98,-0.23690634130252913,-0.0026172051881816743
KRW-BTC,20,2.0,20,25,45,0.015,0.01,12,False,-33.01435725842091,167,False,-41.745097008080236,0.30985915492957744,71,-0.2481557423783302,-0.004128461728144743,-24.283617508761576,0.375,96,-0.2339262867973644,-0.002394361014278886
KRW-BTC,20,2.0,20,25,45,0.015,0.01,24,True,-33.828858018120556,167,False,-41.80403351615137,0.43661971830985913,71,-0.2345187275819248,-0.0038812996860374304,-25.853682520089748,0.4791666666666667,96,-0.21470770407045767,-0.0023718099145141965
KRW-BTC,20,2.0,20,25,45,0.015,0.01,24,False,-24.13897326014773,157,False,-29.02789509971487,0.3582089552238806,67,-0.19649467792587935,-0.0033727358718991392,-19.250051420580593,0.3888888888888889,90,-0.21990441648146036,-0.0021371295886283806
KRW-BTC,20,2.0,20,25,45,0.015,0.015,12,True,-35.88612542904415,164,False,-43.40737330919116,0.45588235294117646,68,-0.2676818863754703,-0.004761281788069688,-28.36487754889714,0.4895833333333333,96,-0.2553202847221764,-0.002913958368458812
KRW-BTC,20,2.0,20,25,45,0.015,0.015,12,False,-34.32578157316121,160,False,-43.150798359192656,0.3333333333333333,66,-0.2738285300840306,-0.005027216508335089,-25.50076478712976,0.39361702127659576,94,-0.2596996275046462,-0.0029210829783304832
KRW-BTC,20,2.0,20,25,45,0.015,0.015,24,True,-32.12623995711161,160,False,-40.842221870722824,0.5,66,-0.2590246681326034,-0.004723670369882786,-23.41025804350039,0.5638297872340425,94,-0.22480205360597907,-0.002545167868811443
KRW-BTC,20,2.0,20,25,45,0.015,0.015,24,False,-23.744810507842573,148,False,-30.716677372732835,0.4098360655737705,61,-0.21923049999717625,-0.004206379285131073,-16.77294364295231,0.47126436781609193,87,-0.2231460480450058,-0.0021942389282929857
KRW-BTC,20,2.0,20,25,45,0.02,0.008,12,True,-36.07927722888139,174,False,-48.63709657564162,0.36486486486486486,74,-0.24211846057327524,-0.0038403800614932727,-23.521457882121158,0.43,100,-0.1939114822417572,-0.0020194503784387095
KRW-BTC,20,2.0,20,25,45,0.02,0.008,12,False,-31.62469265284649,170,False,-41.91754527313142,0.28169014084507044,71,-0.23661622969672916,-0.003891691677007009,-21.331840032561566,0.3434343434343434,99,-0.2136679234340399,-0.0020472556691171788
KRW-BTC,20,2.0,20,25,45,0.02,0.008,24,True,-33.76493285959101,171,False,-46.99170442804487,0.375,72,-0.23638191143234114,-0.003841324161488291,-20.538161291137158,0.45454545454545453,99,-0.17358888278203313,-0.0017882107239150654
KRW-BTC,20,2.0,20,25,45,0.02,0.008,24,False,-26.13274590364084,160,False,-30.553551185258936,0.2647058823529412,68,-0.20427538520144856,-0.003439235173584515,-21.71194062202274,0.31521739130434784,92,-0.23850209368702346,-0.0023570329294706157
KRW-BTC,20,2.0,20,25,45,0.02,0.01,12,True,-34.27379372788904,171,False,-42.23170501944739,0.3972602739726027,73,-0.24155390269898247,-0.0039005637293091427,-26.3158824363307,0.4387755102040816,98,-0.2235975822987643,-0.002437939180744119
KRW-BTC,20,2.0,20,25,45,0.02,0.01,12,False,-31.50924990780141,166,False,-36.714142223829896,0.3,70,-0.23590493955494388,-0.0039502449515015,-26.304357591772927,0.3541666666666667,96,-0.25078168185061583,-0.002632229511353315
KRW-BTC,20,2.0,20,25,45,0.02,0.01,24,True,-31.222156948961807,167,False,-39.6032775896983,0.43661971830985913,71,-0.22966634055680865,-0.00379032301694462,-22.841036308225313,0.4791666666666667,96,-0.20101178903444608,-0.0021888091985883583
KRW-BTC,20,2.0,20,25,45,0.02,0.01,24,False,-23.600855004945004,154,False,-22.083659643108668,0.3484848484848485,66,-0.1673554684650586,-0.0028719130032136353,-25.118050366781343,0.32954545454545453,88,-0.27002713422799735,-0.0029591598686810007
KRW-BTC,20,2.0,20,25,45,0.02,0.015,12,True,-34.65553459262773,164,False,-43.66931164284977,0.45588235294117646,68,-0.2695941794563623,-0.0047993613946426435,-25.64175754240569,0.4895833333333333,96,-0.2423326746789461,-0.0027309576525329734
KRW-BTC,20,2.0,20,25,45,0.02,0.015,12,False,-34.44048045893444,159,False,-41.933588623049076,0.3076923076923077,65,-0.27417124635808465,-0.005107107026840931,-26.9473722948198,0.3723404255319149,94,-0.2789018181775988,-0.003133061500079454
KRW-BTC,20,2.0,20,25,45,0.02,0.015,24,True,-31.0534956409171,160,False,-41.106589252389924,0.5,66,-0.260959567698625,-0.004762903903927649,-21.000402029444274,0.5638297872340425,94,-0.2112821893911698,-0.0023582735206318637
KRW-BTC,20,2.0,20,25,45,0.02,0.015,24,False,-24.473102132768854,145,False,-27.856670947361938,0.38333333333333336,60,-0.214479806077949,-0.004192132646533873,-21.08953331817577,0.4117647058823529,85,-0.2600628557668077,-0.0029413463583360063
KRW-BTC,20,2.0,20,25,45,0.025,0.008,12,True,-37.15347328503418,174,False,-52.150120864884634,0.36486486486486486,74,-0.2481470978518733,-0.003950028840030647,-22.156825705183728,0.43,100,-0.18853586628499902,-0.001951462584317948
KRW-BTC,20,2.0,20,25,45,0.025,0.008,12,False,-29.994928519591863,170,False,-38.55868172488083,0.28169014084507044,71,-0.22917300061846438,-0.003751916164774108,-21.431175314302898,0.3434343434343434,99,-0.2140917000814234,-0.002065685696417199
KRW-BTC,20,2.0,20,25,45,0.025,0.008,24,True,-34.79989566720495,171,False,-50.3350981700377,0.375,72,-0.24245618061012456,-0.0039540187394294804,-19.264693164372193,0.45454545454545453,99,-0.16807774015849836,-0.0017195361843991442
KRW-BTC,20,2.0,20,25,45,0.025,0.008,24,False,-24.54463980301745,159,False,-28.65245221971316,0.25,68,-0.20436600317914985,-0.0034336868373200176,-20.43682738632174,0.2967032967032967,91,-0.2432757607282901,-0.002387432416752103
KRW-BTC,20,2.0,20,25,45,0.025,0.01,12,True,-33.989877720571386,171,False,-42.98918803508048,0.3972602739726027,73,-0.2438987319356667,-0.003943324134949768,-24.990567406062283,0.4387755102040816,98,-0.2184199360061863,-0.002368563880620893
KRW-BTC,20,2.0,20,25,45,0.025,0.01,12,False,-31.676730992428464,165,False,-37.9439389812804,0.2753623188405797,69,-0.24482570285053754,-0.0041753668255250995,-25.40952300357653,0.3541666666666667,96,-0.24657249875674236,-0.0025862801089717243
KRW-BTC,20,2.0,20,25,45,0.025,0.01,24,True,-30.977535163078937,167,False,-40.32469475348699,0.43661971830985913,71,-0.23204792165148627,-0.0038342879410539956,-21.630375572670886,0.4791666666666667,96,-0.19568352336447628,-0.0021179885797125643
KRW-BTC,20,2.0,20,25,45,0.025,0.01,24,False,-22.01869339201283,152,False,-21.97339228404633,0.3384615384615385,65,-0.17080724246408457,-0.0029748693871745426,-22.063994499979323,0.3218390804597701,87,-0.2588416359516799,-0.0027958576121927597
KRW-BTC,20,2.0,20,25,45,0.025,0.015,12,True,-33.66891850091355,164,False,-42.8042832811608,0.45588235294117646,68,-0.26754557356615744,-0.0047572000238840255,-24.533553720666294,0.4895833333333333,96,-0.23727996833940218,-0.0026601370336571794
KRW-BTC,20,2.0,20,25,45,0.025,0.015,12,False,-34.561490385014714,158,False,-42.92487145424565,0.28125,64,-0.28163305784561704,-0.0053454699094958435,-26.198109315783785,0.3723404255319149,94,-0.2748506168088884,-0.0030861344508386805
KRW-BTC,20,2.0,20,25,45,0.025,0.015,24,True,-30.17014877395706,160,False,-40.31180754655206,0.5,66,-0.25888674387914185,-0.004719464915873314,-20.028490001362062,0.5638297872340425,94,-0.20602241462117396,-0.002285946080077861
KRW-BTC,20,2.0,20,25,45,0.025,0.015,24,False,-23.66473866509632,143,False,-26.847064614913076,0.3728813559322034,59,-0.21328849114827272,-0.004229864219072574,-20.482412715279562,0.39285714285714285,84,-0.2629662140281478,-0.003002525751499004
KRW-BTC,20,2.0,20,25,45,0.03,0.008,12,True,-36.8182876677171,174,False,-52.150120864884634,0.36486486486486486,74,-0.2481470978518733,-0.003950028840030647,-21.486454470549567,0.43,100,-0.18597302654065317,-0.001919053219757031
KRW-BTC,20,2.0,20,25,45,0.03,0.008,12,False,-31.158299482288598,170,False,-42.603765488438675,0.28169014084507044,71,-0.23984874561355618,-0.003951329398408609,-19.712833476138517,0.3434343434343434,99,-0.20640560106258854,-0.0019648271105586128
KRW-BTC,20,2.0,20,25,45,0.03,0.008,24,True,-34.48848410816573,171,False,-50.3350981700377,0.375,72,-0.24245618061012456,-0.0039540187394294804,-18.641870046293754,0.45454545454545453,99,-0.16545028770170644,-0.0016867994525194302
KRW-BTC,20,2.0,20,25,45,0.03,0.008,24,False,-23.747323127106903,159,False,-26.80734513269639,0.25,68,-0.20045745779814794,-0.0033563065508074464,-20.687301121517418,0.2967032967032967,91,-0.24377441171450023,-0.0024517702472736905
KRW-BTC,20,2.0,20,25,45,0.03,0.01,12,True,-32.72740407147349,171,False,-41.119422336447656,0.3972602739726027,73,-0.24021043306706,-0.0038749337239908626,-24.335385806499318,0.4387755102040816,98,-0.21595147884564428,-0.0023354931004566917
KRW-BTC,20,2.0,20,25,45,0.03,0.01,12,False,-31.730395788861088,165,False,-39.83252800475623,0.2753623188405797,69,-0.25165190441710944,-0.004308205080424366,-23.62826357296595,0.3541666666666667,96,-0.23920405847093665,-0.002482269692305057
KRW-BTC,20,2.0,20,25,45,0.03,0.01,24,True,-29.806747160828923,167,False,-38.579048399861094,0.43661971830985913,71,-0.22830181395222496,-0.003763971039645544,-21.034445921796753,0.4791666666666667,96,-0.19314325800004675,-0.0020842288249616095
KRW-BTC,20,2.0,20,25,45,0.03,0.01,24,False,-19.856613710288,152,False,-19.820924873498576,0.3384615384615385,65,-0.1626691269747956,-0.0028171100105152344,-19.89230254707742,0.3218390804597701,87,-0.24480921239175138,-0.0026368798309571334
KRW-BTC,20,2.0,20,25,45,0.03,0.015,12,True,-32.63851142039177,164,False,-41.29283982910535,0.45588235294117646,68,-0.26397262514452896,-0.004683780906236967,-23.984183011678198,0.4895833333333333,96,-0.23487107664631082,-0.002626377278906224
KRW-BTC,20,2.0,20,25,45,0.03,0.015,12,False,-34.72702848361579,158,False,-44.77516150907615,0.28125,64,-0.28812654890379785,-0.00548868615305912,-24.67889545815543,0.3723404255319149,94,-0.26775873348963675,-0.0029799110465833613
KRW-BTC,20,2.0,20,25,45,0.03,0.015,24,True,-29.235590096646547,160,False,-38.92146865633787,0.5,66,-0.25527155726391776,-0.004643820976479376,-19.549711536955225,0.5638297872340425,94,-0.20351480248234488,-0.0022514680326726306
KRW-BTC,20,2.0,20,25,45,0.03,0.015,24,False,-21.16714495853718,143,False,-23.942875446126784,0.3728813559322034,59,-0.20169202661241192,-0.003971442871905545,-18.391414470947577,0.39285714285714285,84,-0.2434100836863472,-0.002805491599013575
KRW-BTC,20,2.0,20,25,50,0.015,0.008,12,True,-39.444695067421236,178,False,-50.84948400615937,0.36,75,-0.25036320543733803,-0.003935239574081224,-28.039906128683093,0.4174757281553398,103,-0.21877835945487697,-0.002266931881862229
KRW-BTC,20,2.0,20,25,50,0.015,0.008,12,False,-33.526986454756795,175,False,-46.350136296663855,0.2876712328767123,73,-0.24863420959650318,-0.004005708837817387,-20.70383661284973,0.3627450980392157,102,-0.20341903529465286,-0.0019085870854855932
KRW-BTC,20,2.0,20,25,50,0.015,0.008,24,True,-36.57101910326051,175,False,-49.14318947033445,0.3698630136986301,73,-0.24468906233429574,-0.003938769631955431,-23.998848736186567,0.45098039215686275,102,-0.19332155903026157,-0.0019746785639588394
KRW-BTC,20,2.0,20,25,50,0.015,0.008,24,False,-30.138526086478816,167,False,-40.660128655688226,0.2714285714285714,70,-0.23934417814103884,-0.003994103213517429,-19.616923517269406,0.36082474226804123,97,-0.21488666471754644,-0.0019593293502936735
KRW-BTC,20,2.0,20,25,50,0.015,0.01,12,True,-38.25742554147031,175,False,-45.7863584222251,0.3918918918918919,74,-0.2549872928830203,-0.004090344537096712,-30.72849266071552,0.42574257425742573,101,-0.2490657173969516,-0.0026976632247610126
KRW-BTC,20,2.0,20,25,50,0.015,0.01,12,False,-34.11779281825905,171,False,-42.89070865992194,0.3055555555555556,72,-0.2567906736771151,-0.004230635870809398,-25.344876976596154,0.37373737373737376,99,-0.2456948681576878,-0.002477332987862819
KRW-BTC,20,2.0,20,25,50,0.015,0.01,24,True,-34.60258135575961,171,False,-43.014730184925746,0.4305555555555556,72,-0.24331027999564644,-0.0039869066348424635,-26.19043252659347,0.47474747474747475,99,-0.2216620732042457,-0.0023889599486938634
KRW-BTC,20,2.0,20,25,50,0.015,0.01,24,False,-25.09661808395513,161,False,-30.154971963800268,0.35294117647058826,68,-0.2057229365499005,-0.003492033873782973,-20.038264204109993,0.3870967741935484,93,-0.22951026586145445,-0.0022006181280765373
KRW-BTC,20,2.0,20,25,50,0.015,0.015,12,True,-36.84379958930381,166,False,-44.101848514269136,0.45588235294117646,68,-0.27357272850258907,-0.00487857169207494,-29.585750664338494,0.46938775510204084,98,-0.2667144998058074,-0.0030113552190822674
KRW-BTC,20,2.0,20,25,50,0.015,0.015,12,False,-35.19525211657317,162,False,-43.85933285945143,0.3333333333333333,66,-0.27966992797779616,-0.005148060651855651,-26.53117137369492,0.3854166666666667,96,-0.2703517001682134,-0.0030107145375332122
KRW-BTC,20,2.0,20,25,50,0.015,0.015,24,True,-33.299801467155234,162,False,-42.94517492800313,0.48484848484848486,66,-0.27236676508577545,-0.004996915184444144,-23.654428006307338,0.5520833333333334,96,-0.22907313271212365,-0.0025494304869935467
KRW-BTC,20,2.0,20,25,50,0.015,0.015,24,False,-25.007721857192422,150,False,-32.69332034682704,0.39344262295081966,61,-0.2332891358506317,-0.004502021215640085,-17.322123367557797,0.4606741573033708,89,-0.22979389127357808,-0.002241282574966942
KRW-BTC,20,2.0,20,25,50,0.02,0.008,12,True,-37.17854896357137,178,False,-49.73146765880012,0.36,75,-0.2493092406193563,-0.003915681660673365,-24.62563026834262,0.4174757281553398,103,-0.20515343881238518,-0.0020963681077954283
KRW-BTC,20,2.0,20,25,50,0.02,0.008,12,False,-32.610921470998704,174,False,-42.93129567808807,0.2777777777777778,72,-0.24385921490936613,-0.003969418181493025,-22.290547263909346,0.3431372549019608,102,-0.22418357189914714,-0.0021184178399043796
KRW-BTC,20,2.0,20,25,50,0.02,0.008,24,True,-34.46794961329083,175,False,-48.09063231945394,0.3698630136986301,73,-0.2436271198566714,-0.0039186758853035205,-20.84526690712771,0.45098039215686275,102,-0.1792526582576825,-0.0018024425960286388
KRW-BTC,20,2.0,20,25,50,0.02,0.008,24,False,-26.89181856460978,164,False,-31.48675910827894,0.2608695652173913,69,-0.21182522034665732,-0.0035268984319383636,-22.29687802094062,0.3157894736842105,95,-0.2463595006830421,-0.0023912194994301092
KRW-BTC,20,2.0,20,25,50,0.02,0.01,12,True,-35.43398112505865,175,False,-43.412036687481816,0.3918918918918919,74,-0.2502646561264843,-0.004003056111345502,-27.455925562635482,0.42574257425742573,101,-0.23596902437517,-0.002523721950217641
KRW-BTC,20,2.0,20,25,50,0.02,0.01,12,False,-32.564621843399195,170,False,-37.81999144447714,0.29577464788732394,71,-0.24468057132415508,-0.00405636826204373,-27.309252242321254,0.35353535353535354,99,-0.2622913271782496,-0.0027079933486622645
KRW-BTC,20,2.0,20,25,50,0.02,0.01,24,True,-32.012650891633484,171,False,-40.79715496837514,0.4305555555555556,72,-0.23851362263551315,-0.0038971935305981645,-23.228146814891822,0.47474747474747475,99,-0.20808744606228302,-0.0022115047090082024
KRW-BTC,20,2.0,20,25,50,0.02,0.01,24,False,-24.453820984046928,158,False,-23.15992335336404,0.34328358208955223,67,-0.17691839090973766,-0.0030004665404791005,-25.747718614729816,0.32967032967032966,91,-0.27901578837273916,-0.0029969438613021075
KRW-BTC,20,2.0,20,25,50,0.02,0.015,12,True,-35.59932100553688,166,False,-44.36280436027922,0.45588235294117646,68,-0.2754696389015148,-0.004916651298647894,-26.835837650794538,0.46938775510204084,98,-0.2539256109298375,-0.0028320892116447116
KRW-BTC,20,2.0,20,25,50,0.02,0.015,12,False,-35.296980728453356,161,False,-42.64724840401711,0.3076923076923077,65,-0.2800098874069393,-0.00522981031103104,-27.946713052889596,0.3645833333333333,96,-0.2892775933571344,-0.0032182768400790796
KRW-BTC,20,2.0,20,25,50,0.02,0.015,24,True,-32.23397277226422,162,False,-43.20851707951411,0.48484848484848486,66,-0.27426682460180585,-0.005036148718489007,-21.259428465014327,0.5520833333333334,96,-0.21562775838707102,-0.002366429771067708
KRW-BTC,20,2.0,20,25,50,0.02,0.015,24,False,-25.63569001740639,147,False,-29.71391315368707,0.36666666666666664,60,-0.22862398353601568,-0.0044927019425513685,-21.557466881125706,0.40229885057471265,87,-0.2663947874271683,-0.002972296584702627
KRW-BTC,20,2.0,20,25,50,0.025,0.008,12,True,-38.260585874097174,178,False,-53.26646733018249,0.36,75,-0.2552806781874547,-0.004023868455496907,-23.254704418011855,0.4174757281553398,103,-0.19985279283695723,-0.002030360540687892
KRW-BTC,20,2.0,20,25,50,0.025,0.008,12,False,-30.96413586056779,174,False,-39.54497734916512,0.2777777777777778,72,-0.2364866071885964,-0.0038315839958189147,-22.383294371970457,0.3431372549019608,102,-0.22460168136546935,-0.002136305807577929
KRW-BTC,20,2.0,20,25,50,0.025,0.008,24,True,-35.52242365579798,175,False,-51.455878031278246,0.3698630136986301,73,-0.2496437563684952,-0.004029826701903051,-19.58896928031772,0.45098039215686275,102,-0.1737792860292744,-0.0017357878959102441
KRW-BTC,20,2.0,20,25,50,0.025,0.008,24,False,-25.26500705856813,163,False,-29.537608583803287,0.2463768115942029,69,-0.21191497854098607,-0.003521430506344367,-20.992405533332974,0.2978723404255319,94,-0.25108391132518326,-0.0024210124772234584
KRW-BTC,20,2.0,20,25,50,0.025,0.01,12,True,-35.149517920337736,175,False,-44.171556014390255,0.3918918918918919,74,-0.25258255499938537,-0.00404523867366666,-26.127479826285217,0.42574257425742573,101,-0.23087388033881912,-0.002456407302573323
KRW-BTC,20,2.0,20,25,50,0.025,0.01,12,False,-32.72258367380623,169,False,-39.033523304050355,0.2714285714285714,70,-0.25349887965329937,-0.0042797901565890225,-26.411644043562095,0.35353535353535354,99,-0.2581468064175795,-0.0026634363524134503
KRW-BTC,20,2.0,20,25,50,0.025,0.01,24,True,-31.77741868420641,171,False,-41.52049141340539,0.4305555555555556,72,-0.24086785127131838,-0.003940547830761577,-22.034345955007435,0.47474747474747475,99,-0.20280636629557955,-0.002142830169492281
KRW-BTC,20,2.0,20,25,50,0.025,0.01,24,False,-22.860039231035167,156,False,-23.02293921389801,0.3333333333333333,66,-0.18033052128438426,-0.003103810760096137,-22.697139248172327,0.32222222222222224,90,-0.26796802477144394,-0.0028395048355037084
KRW-BTC,20,2.0,20,25,50,0.025,0.015,12,True,-34.606209561250026,166,False,-43.499282291170935,0.45588235294117646,68,-0.27343751220751644,-0.004874489927889277,-25.713136831329123,0.46938775510204084,98,-0.24895021517309315,-0.0027627139115214846
KRW-BTC,20,2.0,20,25,50,0.025,0.015,12,False,-35.41586547291164,160,False,-43.642980225169936,0.28125,64,-0.28741167531641487,-0.005470090432501424,-27.188750720653342,0.3645833333333333,96,-0.28528468412626146,-0.003172327437697489
KRW-BTC,20,2.0,20,25,50,0.025,0.015,24,True,-31.34364256040269,162,False,-42.39522728174874,0.48484848484848486,66,-0.27223132431412833,-0.004992709730434673,-20.29205783905664,0.5520833333333334,96,-0.21039696320122836,-0.0022956091521919146
KRW-BTC,20,2.0,20,25,50,0.025,0.015,24,False,-24.79590913899376,145,False,-28.66338295322509,0.3559322033898305,59,-0.22745411957590614,-0.004535527909937823,-20.928435324762432,0.38372093023255816,86,-0.2692733005158614,-0.00303241308763354
KRW-BTC,20,2.0,20,25,50,0.03,0.008,12,True,-37.922983639387084,178,False,-53.26646733018249,0.36,75,-0.2552806781874547,-0.004023868455496907,-22.579499948591668,0.4174757281553398,103,-0.19732569523813123,-0.001998895138201565
KRW-BTC,20,2.0,20,25,50,0.03,0.008,12,False,-32.13665171958826,174,False,-43.614644181849144,0.2777777777777778,72,-0.24706106071517497,-0.0040282276012084915,-20.658659257327376,0.3431372549019608,102,-0.21701836883819284,-0.002038413650715183
KRW-BTC,20,2.0,20,25,50,0.03,0.008,24,True,-35.21471681761207,175,False,-51.455878031278246,0.3698630136986301,73,-0.2496437563684952,-0.004029826701903051,-18.973555603945897,0.45098039215686275,102,-0.17116984071260735,-0.0017040140090858159
KRW-BTC,20,2.0,20,25,50,0.03,0.008,24,False,-24.44533466769502,163,False,-27.663884709872157,0.2463768115942029,69,-0.20804351743855906,-0.003445171673259514,-21.22678462551788,0.2978723404255319,94,-0.25157741705266695,-0.0024832969727283994
KRW-BTC,20,2.0,20,25,50,0.03,0.01,12,True,-33.87791373601477,175,False,-42.286667685728396,0.3918918918918919,74,-0.24893661624328448,-0.003977772457450442,-25.469159786301137,0.42574257425742573,101,-0.22844475635664474,-0.002424318822810039
KRW-BTC,20,2.0,20,25,50,0.03,0.01,12,False,-32.7777743499687,169,False,-40.928225112237925,0.2714285714285714,70,-0.26024668229487946,-0.004410730722132586,-24.627323587699475,0.35353535353535354,99,-0.2508915616213301,-0.0025625777665548638
KRW-BTC,20,2.0,20,25,50,0.03,0.01,24,True,-30.602735868716895,171,False,-39.75971419500151,0.4305555555555556,72,-0.2371647676189834,-0.0038712075529837974,-21.445757542432283,0.47474747474747475,99,-0.20028859694076764,-0.0021100934376125672
KRW-BTC,20,2.0,20,25,50,0.03,0.01,24,False,-20.68296975403036,156,False,-20.83701419556281,0.3333333333333333,66,-0.17228587205148976,-0.002948441677022577,-20.528925312497908,0.32222222222222224,90,-0.25410839202074637,-0.002685826313642604
KRW-BTC,20,2.0,20,25,50,0.03,0.015,12,True,-33.572577321884765,166,False,-41.98970375234169,0.45588235294117646,68,-0.2698933049499918,-0.004801070810242218,-25.15545089142784,0.46938775510204084,98,-0.24657818151373226,-0.002729643131357284
KRW-BTC,20,2.0,20,25,50,0.03,0.015,12,False,-35.574315357947405,160,False,-45.49390745666746,0.28125,64,-0.2938529320655356,-0.005613306676064699,-25.654723259227353,0.3645833333333333,96,-0.2782948448681033,-0.0030683170210308217
KRW-BTC,20,2.0,20,25,50,0.03,0.015,24,True,-30.393405876006383,162,False,-40.97173282554549,0.48484848484848486,66,-0.2686812332132215,-0.0049170657910407355,-19.815078926467283,0.5520833333333334,96,-0.20790316715912982,-0.0022618493974409593
KRW-BTC,20,2.0,20,25,50,0.03,0.015,24,False,-22.25606890543042,145,False,-25.67723745398025,0.3559322033898305,59,-0.21606646246925074,-0.0042771065627707945,-18.834900356880592,0.38372093023255816,86,-0.24988451963317418,-0.0028399611247407934
KRW-BTC,20,2.0,20,30,40,0.015,0.008,12,True,-37.622009130027664,142,False,-51.70338253793781,0.3548387096774194,62,-0.21301967196469057,-0.003983451758714052,-23.54063572211752,0.45,80,-0.16339015789065542,-0.0020349126702551624
KRW-BTC,20,2.0,20,30,40,0.015,0.008,12,False,-29.613421189972357,140,False,-44.294185871317495,0.26666666666666666,60,-0.2039660130270885,-0.003918750669805687,-14.932656508627216,0.375,80,-0.13935647727895326,-0.0014474608287628709
KRW-BTC,20,2.0,20,30,40,0.015,0.008,24,True,-38.54580688738776,140,False,-53.71041215601164,0.36065573770491804,61,-0.21916847656098543,-0.004176618813840898,-23.38120161876388,0.46835443037974683,79,-0.16384805989625947,-0.002047848536244893
KRW-BTC,20,2.0,20,30,40,0.015,0.008,24,False,-29.996714151457038,133,False,-36.261304041927524,0.2982456140350877,57,-0.18134518261126237,-0.0036272068287474765,-23.732124260986552,0.34210526315789475,76,-0.2022703436198031,-0.00240280083790634
KRW-BTC,20,2.0,20,30,40,0.015,0.01,12,True,-39.60734442681513,141,False,-52.37847786050183,0.3770491803278688,61,-0.2341722526692698,-0.004520053787248568,-26.83621099312844,0.4625,80,-0.19344291864640042,-0.002518110677608523
KRW-BTC,20,2.0,20,30,40,0.015,0.01,12,False,-32.544940011441035,139,False,-48.02682394602245,0.2711864406779661,59,-0.23214233000273313,-0.0046215158641157664,-17.063056076859613,0.4,80,-0.1567571220981839,-0.0017878515950650923
KRW-BTC,20,2.0,20,30,40,0.015,0.01,24,True,-40.34615031989159,139,False,-54.694895304763335,0.4,60,-0.2453276056985071,-0.004837508732073778,-25.99740533501985,0.4936708860759494,79,-0.19586245933432206,-0.0025163451193000092
KRW-BTC,20,2.0,20,30,40,0.015,0.01,24,False,-30.779768181131853,132,False,-37.86401072007291,0.3392857142857143,56,-0.20572032162065743,-0.004254616971751889,-23.695525642190795,0.3684210526315789,76,-0.2152528543441375,-0.002660748718598869
KRW-BTC,20,2.0,20,30,40,0.015,0.015,12,True,-35.47453291948453,135,False,-44.602656054541136,0.45614035087719296,57,-0.2374821910108028,-0.004905923056319248,-26.34640978442793,0.5128205128205128,78,-0.21187728751749121,-0.002865746501663794
KRW-BTC,20,2.0,20,30,40,0.015,0.015,12,False,-29.74371053175831,133,False,-44.46700105484223,0.3090909090909091,55,-0.24050622333273014,-0.005229238554571223,-15.020420008674389,0.44871794871794873,78,-0.1541460608755926,-0.0018255212623319043
KRW-BTC,20,2.0,20,30,40,0.015,0.015,24,True,-33.84941039968826,133,False,-43.639740400134734,0.5,56,-0.23338620952598774,-0.004972808057532319,-24.05908039924179,0.5844155844155844,77,-0.20398564892202356,-0.002768334971728544
KRW-BTC,20,2.0,20,30,40,0.015,0.015,24,False,-27.458882445546166,126,False,-36.19815577769106,0.40384615384615385,52,-0.21812278785237152,-0.004920827715156855,-18.719609113401273,0.47297297297297297,74,-0.2015498389916639,-0.0025255100731222486
KRW-BTC,20,2.0,20,30,40,0.02,0.008,12,True,-34.41929171902035,142,False,-48.79190370602029,0.3548387096774194,62,-0.20912367398482343,-0.003902136955803389,-20.0466797320204,0.45,80,-0.1539235854601317,-0.001829537463578829
KRW-BTC,20,2.0,20,30,40,0.02,0.008,12,False,-27.989456084537,139,False,-39.36905535811549,0.2542372881355932,59,-0.19519576131962513,-0.003794337677023273,-16.60985681095851,0.3625,80,-0.16192253934612366,-0.001635919542453454
KRW-BTC,20,2.0,20,30,40,0.02,0.008,24,True,-35.30923234660872,140,False,-50.70826938416206,0.36065573770491804,61,-0.2153029186435083,-0.004093970981374322,-19.91019530905538,0.46835443037974683,79,-0.15320271885248396,-0.0018398736434081
KRW-BTC,20,2.0,20,30,40,0.02,0.008,24,False,-28.20588113927723,129,False,-31.10836279431506,0.2857142857142857,56,-0.16986967403598768,-0.0034355355966723573,-25.3033994842394,0.2876712328767123,73,-0.23519536698671029,-0.0028019243382478086
KRW-BTC,20,2.0,20,30,40,0.02,0.01,12,True,-36.67403443901109,141,False,-49.846390272259384,0.3770491803278688,61,-0.23038097193424115,-0.004437405954781992,-23.501678605762795,0.4625,80,-0.18317171594154671,-0.0023127354709321897
KRW-BTC,20,2.0,20,30,40,0.02,0.01,12,False,-31.00239591647547,138,False,-43.38729743070089,0.25862068965517243,58,-0.22368250900062886,-0.004507074461014864,-18.617494402250053,0.3875,80,-0.18163312274050872,-0.001976310308755676
KRW-BTC,20,2.0,20,30,40,0.02,0.01,24,True,-37.460572879622696,139,False,-52.13085338002413,0.4,60,-0.24159155027384266,-0.004753483435732758,-22.790292379221263,0.4936708860759494,79,-0.18466295859945794,-0.0023083702264632155
KRW-BTC,20,2.0,20,30,40,0.02,0.01,24,False,-30.249084646335092,128,False,-33.83300782674995,0.32727272727272727,55,-0.1964078061536422,-0.004112537677796652,-26.665161465920235,0.3013698630136986,73,-0.2558128116849452,-0.0032200682412155146
KRW-BTC,20,2.0,20,30,40,0.02,0.015,12,True,-35.016387153359666,135,False,-46.51865731250666,0.45614035087719296,57,-0.23988643046507646,-0.005038939078195759,-23.514116994212674,0.5128205128205128,78,-0.19903305766333393,-0.002655105264047042
KRW-BTC,20,2.0,20,30,40,0.02,0.015,12,False,-31.53999254486855,132,False,-46.960583557732136,0.2777777777777778,54,-0.25087162215950387,-0.005578851851659748,-16.119401532004964,0.4358974358974359,78,-0.17175039402082334,-0.001986825377140915
KRW-BTC,20,2.0,20,30,40,0.02,0.015,24,True,-33.476777981197465,133,False,-45.486674420959154,0.5,56,-0.23913615622912013,-0.005108199365513766,-21.46688154143577,0.5844155844155844,77,-0.19101280709102406,-0.002554958133623262
KRW-BTC,20,2.0,20,30,40,0.02,0.015,24,False,-29.78049547870396,122,False,-36.39251460481075,0.37254901960784315,51,-0.22821100537165628,-0.005297792757902858,-23.168476352597168,0.39436619718309857,71,-0.2484959537541353,-0.003292437784636389
KRW-BTC,20,2.0,20,30,40,0.025,0.008,12,True,-35.77252170910839,142,False,-52.956241076296266,0.3548387096774194,62,-0.2154147712787119,-0.004033008078573803,-18.588802341920506,0.45,80,-0.14560838809501267,-0.0017445527209278763
KRW-BTC,20,2.0,20,30,40,0.025,0.008,12,False,-26.87710949279293,139,False,-38.02754193900896,0.2542372881355932,59,-0.1942496934403266,-0.0037721646054783096,-15.726677046576894,0.3625,80,-0.15169794836397887,-0.0015807802595955455
KRW-BTC,20,2.0,20,30,40,0.025,0.008,24,True,-36.73102158978429,140,False,-55.00010497030791,0.36065573770491804,61,-0.22154486257666067,-0.004226987532386874,-18.46193820926067,0.46835443037974683,79,-0.1448804368458201,-0.0017538131445210589
KRW-BTC,20,2.0,20,30,40,0.025,0.008,24,False,-25.647752941174627,128,False,-27.243469479045622,0.26785714285714285,56,-0.16454389791448512,-0.0033107230966723683,-24.05203640330363,0.2638888888888889,72,-0.24260391726278122,-0.002884645152025722
KRW-BTC,20,2.0,20,30,40,0.025,0.01,12,True,-37.78556243642167,141,False,-53.48279652346734,0.3770491803278688,61,-0.2365029761282277,-0.004570422505794544,-22.088328349375992,0.4625,80,-0.17514396776344454,-0.002227750728281237
KRW-BTC,20,2.0,20,30,40,0.025,0.01,12,False,-29.93193112710952,138,False,-42.08424022304821,0.25862068965517243,58,-0.22276992801872886,-0.004484519095132918,-17.779622031170835,0.3875,80,-0.171649001956751,-0.0019211710258977672
KRW-BTC,20,2.0,20,30,40,0.025,0.01,24,True,-38.62182298846228,139,False,-55.81304305147286,0.4,60,-0.24762437890809233,-0.004888716929262186,-21.43060292545169,0.4936708860759494,79,-0.17664986628081095,-0.002222309727576175
KRW-BTC,20,2.0,20,30,40,0.025,0.01,24,False,-25.476361455183593,127,False,-27.697170386667608,0.32727272727272727,55,-0.17735506169861842,-0.0036759904516764836,-23.25555252369958,0.2916666666666667,72,-0.2489395110056819,-0.0030447765304115657
KRW-BTC,20,2.0,20,30,40,0.025,0.015,12,True,-34.776177095753255,135,False,-47.24958637997552,0.45614035087719296,57,-0.24147277248230123,-0.005076229021852144,-22.30276781153099,0.5128205128205128,78,-0.19369159629624327,-0.00256794142543068
KRW-BTC,20,2.0,20,30,40,0.025,0.015,12,False,-30.394263085360883,132,False,-45.3389633391967,0.2777777777777778,54,-0.24893273217942222,-0.005528050775470744,-15.449562831525068,0.4358974358974359,78,-0.16569113162374088,-0.0019302722665174184
KRW-BTC,20,2.0,20,30,40,0.025,0.015,24,True,-33.27199934114552,133,False,-46.18360608277797,0.5,56,-0.24072406405386734,-0.0051461552010211575,-20.36039259951308,0.5844155844155844,77,-0.18561786054705284,-0.002466662297102792
KRW-BTC,20,2.0,20,30,40,0.025,0.015,24,False,-24.93189724559739,121,False,-29.936637675636632,0.37254901960784315,51,-0.20603931896044347,-0.0047291143767928786,-19.927156815558146,0.38571428571428573,70,-0.237837207413987,-0.003041850161286914
KRW-BTC,20,2.0,20,30,40,0.03,0.008,12,True,-35.41922782438332,142,False,-52.956241076296266,0.3548387096774194,62,-0.2154147712787119,-0.004033008078573803,-17.882214572470374,0.45,80,-0.14290997088931237,-0.0017040410152267301
KRW-BTC,20,2.0,20,30,40,0.03,0.008,12,False,-28.36788149140915,139,False,-42.7814281325559,0.2542372881355932,59,-0.2054091167732534,-0.004012136462902879,-13.9543348502624,0.3625,80,-0.14340164513441547,-0.0014559677595955447
KRW-BTC,20,2.0,20,30,40,0.03,0.008,24,True,-36.38010811815208,140,False,-55.00010497030791,0.36065573770491804,61,-0.22154486257666067,-0.004226987532386874,-17.760111265996247,0.46835443037974683,79,-0.14217972055835376,-0.0017127886324186325
KRW-BTC,20,2.0,20,30,40,0.03,0.008,24,False,-25.769544542991113,128,False,-27.703869079253238,0.26785714285714285,56,-0.17036750901135864,-0.0034328065547218033,-23.835220006728992,0.2638888888888889,72,-0.24137011444558057,-0.0029331612270649204
KRW-BTC,20,2.0,20,30,40,0.03,0.01,12,True,-37.43984155326307,141,False,-53.48279652346734,0.3770491803278688,61,-0.2365029761282277,-0.004570422505794544,-21.396886583058805,0.4625,80,-0.17253883250860463,-0.002187239022580091
KRW-BTC,20,2.0,20,30,40,0.03,0.01,12,False,-31.393709614327083,138,False,-46.700015795330295,0.25862068965517243,58,-0.23353435383366083,-0.004728628398375152,-16.08740343332387,0.3875,80,-0.16354781789498374,-0.001796358525897767
KRW-BTC,20,2.0,20,30,40,0.03,0.01,24,True,-38.28931159364289,139,False,-55.81304305147286,0.4,60,-0.24762437890809233,-0.004888716929262186,-20.76558013581292,0.4936708860759494,79,-0.17404948709147183,-0.0021812852154737485
KRW-BTC,20,2.0,20,30,40,0.03,0.01,24,False,-25.24328271421608,127,False,-28.16890791751075,0.32727272727272727,55,-0.18308937159176572,-0.0038002936089631813,-22.317657510921407,0.2916666666666667,72,-0.24404635100139385,-0.0030239523276729863
KRW-BTC,20,2.0,20,30,40,0.03,0.015,12,True,-34.478600649840686,135,False,-47.24958637997552,0.45614035087719296,57,-0.24147277248230123,-0.005076229021852144,-21.70761491970585,0.5128205128205128,78,-0.1911450398467903,-0.0025263909580448894
KRW-BTC,20,2.0,20,30,40,0.03,0.015,12,False,-31.83972548809586,132,False,-49.61615525930651,0.2777777777777778,54,-0.2593348102486206,-0.005790242249323513,-14.063295716885206,0.4358974358974359,78,-0.15753168022808026,-0.0018022594460045977
KRW-BTC,20,2.0,20,30,40,0.03,0.015,24,True,-33.00071934020127,133,False,-46.18360608277797,0.5,56,-0.24072406405386734,-0.0051461552010211575,-19.817832597624577,0.5844155844155844,77,-0.18304580489190092,-0.002424572213257446
KRW-BTC,20,2.0,20,30,40,0.03,0.015,24,False,-24.174548288055902,121,False,-29.41623763090423,0.37254901960784315,51,-0.2077277009954104,-0.004765274644455005,-18.932858945207574,0.38571428571428573,70,-0.23083310976477064,-0.002981576669308995
KRW-BTC,20,2.0,20,30,45,0.015,0.008,12,True,-41.087461787491755,166,False,-56.951215089798715,0.3424657534246575,73,-0.2622021880534706,-0.0042623997872226595,-25.22370848518479,0.44086021505376344,93,-0.18581278100558093,-0.0020417200369673852
KRW-BTC,20,2.0,20,30,45,0.015,0.008,12,False,-35.60142096456052,162,False,-51.5328732012565,0.2676056338028169,71,-0.2605004981718037,-0.004344069881293405,-19.669968727864532,0.3626373626373626,91,-0.19007796019840656,-0.0018145047379901078
KRW-BTC,20,2.0,20,30,45,0.015,0.008,24,True,-39.99735630793737,163,False,-55.9592767439642,0.352112676056338,71,-0.2588735137442997,-0.004318224465066043,-24.035435871910547,0.45652173913043476,92,-0.17880102441748966,-0.0019610149686022428
KRW-BTC,20,2.0,20,30,45,0.015,0.008,24,False,-33.540877582867815,153,False,-46.81855062387923,0.2537313432835821,67,-0.2523467434289135,-0.00443364514845104,-20.263204541856393,0.36046511627906974,86,-0.2113547601287694,-0.0020084723726037524
KRW-BTC,20,2.0,20,30,45,0.015,0.01,12,True,-38.50654879988883,164,False,-48.46310679011034,0.3888888888888889,72,-0.2563538994370628,-0.004231638829793844,-28.549990809667324,0.44565217391304346,92,-0.21645938308485008,-0.002503803970728473
KRW-BTC,20,2.0,20,30,45,0.015,0.01,12,False,-34.06514089569311,160,False,-45.15772763250935,0.3,70,-0.2581539722177652,-0.004379975467118238,-22.972554158876875,0.37777777777777777,90,-0.21484237129406938,-0.0022635834915109825
KRW-BTC,20,2.0,20,30,45,0.015,0.01,24,True,-35.80846368986304,161,False,-45.475863372490885,0.42857142857142855,70,-0.24469830616064492,-0.0041292825386951065,-26.14106400723519,0.4835164835164835,91,-0.2039525973048299,-0.00235615231903017
KRW-BTC,20,2.0,20,30,45,0.015,0.01,24,False,-25.11387189763601,150,False,-30.41202701500255,0.35384615384615387,65,-0.1979685798189137,-0.0035071662064191113,-19.81571678026947,0.38823529411764707,85,-0.21517572127625706,-0.0021746077997241687
KRW-BTC,20,2.0,20,30,45,0.015,0.015,12,True,-35.12345219048113,158,False,-43.40737330919116,0.45588235294117646,68,-0.2676818863754703,-0.004761281788069688,-26.839531071771106,0.5,90,-0.22944959866701897,-0.0027334651139855437
KRW-BTC,20,2.0,20,30,45,0.015,0.015,12,False,-33.5267830702443,154,False,-43.150798359192656,0.3333333333333333,66,-0.2738285300840306,-0.005027216508335089,-23.902767781295946,0.3977272727272727,88,-0.23398108283313185,-0.002736973373292255
KRW-BTC,20,2.0,20,30,45,0.015,0.015,24,True,-31.9941562502109,155,False,-40.842221870722824,0.5,66,-0.2590246681326034,-0.004723670369882786,-23.14609062969898,0.5730337078651685,89,-0.2101412407839592,-0.0024823088722377017
KRW-BTC,20,2.0,20,30,45,0.015,0.015,24,False,-23.72943243302032,143,False,-30.716677372732835,0.4098360655737705,61,-0.21923049999717625,-0.004206379285131073,-16.74218749330781,0.47560975609756095,82,-0.21297124998653494,-0.0021751510668778914
KRW-BTC,20,2.0,20,30,45,0.02,0.008,12,True,-37.83392939537757,166,False,-54.15013535380249,0.3424657534246575,73,-0.25854967136087365,-0.004193337899819083,-21.517723436952636,0.44086021505376344,93,-0.17510870557739544,-0.0018453526905586428
KRW-BTC,20,2.0,20,30,45,0.02,0.008,12,False,-33.95294522245043,161,False,-45.29968516282733,0.2571428571428571,70,-0.24977552472764794,-0.004195294743345707,-22.606205282073535,0.34065934065934067,91,-0.2127120354048954,-0.0021228012753875952
KRW-BTC,20,2.0,20,30,45,0.02,0.008,24,True,-36.82405005197024,163,False,-53.24789244826795,0.352112676056338,71,-0.2552045182301586,-0.0042472171723834905,-20.40020765567253,0.45652173913043476,92,-0.16736390319704195,-0.0017625131945151443
KRW-BTC,20,2.0,20,30,45,0.02,0.008,24,False,-30.451362879318754,150,False,-37.37298016306564,0.24242424242424243,66,-0.229486718531698,-0.004035299154925134,-23.529745595571868,0.30952380952380953,84,-0.23979031543187115,-0.002504088144862101
KRW-BTC,20,2.0,20,30,45,0.02,0.01,12,True,-34.88672556897984,164,False,-44.80333361173478,0.3888888888888889,72,-0.2489910138072545,-0.004092277471731883,-24.970117526224904,0.44565217391304346,92,-0.20504417938573735,-0.002305302196641375
KRW-BTC,20,2.0,20,30,45,0.02,0.01,12,False,-31.67028351811139,159,False,-37.927588714220995,0.2898550724637681,69,-0.23996187603550123,-0.004084854393632523,-25.412978322001784,0.35555555555555557,90,-0.237131117989528,-0.0025357515323065427
KRW-BTC,20,2.0,20,30,45,0.02,0.01,24,True,-32.41704156548835,161,False,-42.060849850809994,0.42857142857142855,70,-0.2372200177872777,-0.00398593942754566,-22.773233280166696,0.4835164835164835,91,-0.19235518542886126,-0.002155469206766291
KRW-BTC,20,2.0,20,30,45,0.02,0.01,24,False,-24.733562878655263,147,False,-23.912342439489446,0.34375,64,-0.17295692538923585,-0.003070800909564063,-25.55478331782108,0.3253012048192771,83,-0.2659172222427541,-0.002992981242181302
KRW-BTC,20,2.0,20,30,45,0.02,0.015,12,True,-33.77243733754075,158,False,-43.66931164284977,0.45588235294117646,68,-0.2695941794563623,-0.0047993613946426435,-23.875563032231724,0.5,90,-0.21547349596862664,-0.0025305521893631763
KRW-BTC,20,2.0,20,30,45,0.02,0.015,12,False,-33.8150122052258,153,False,-41.933588623049076,0.3076923076923077,65,-0.27417124635808465,-0.005107107026840931,-25.69643578740252,0.375,88,-0.25632576593366774,-0.002982265748256556
KRW-BTC,20,2.0,20,30,45,0.02,0.015,24,True,-30.79405957332225,155,False,-41.106589252389924,0.5,66,-0.260959567698625,-0.004762903903927649,-20.481529894254574,0.5730337078651685,89,-0.19581492661043848,-0.0022771160271139596
KRW-BTC,20,2.0,20,30,45,0.02,0.015,24,False,-24.382273029847383,140,False,-27.856670947361938,0.38333333333333336,60,-0.214479806077949,-0.004192132646533873,-20.907875112332828,0.4125,80,-0.24827093242479817,-0.002912367697977221
KRW-BTC,20,2.0,20,30,45,0.025,0.008,12,True,-39.11946160028041,166,False,-58.129377177482766,0.3424657534246575,73,-0.26444760508656323,-0.004304488716418613,-20.109546023078057,0.44086021505376344,93,-0.16700171453023088,-0.0017722475355900816
KRW-BTC,20,2.0,20,30,45,0.025,0.008,12,False,-31.67830955610013,161,False,-41.703836407981186,0.2571428571428571,70,-0.24246060286684648,-0.004053522438080906,-21.65278270421908,0.34065934065934067,91,-0.20310707906008507,-0.002074327180567456
KRW-BTC,20,2.0,20,30,45,0.025,0.008,24,True,-38.06536612953586,163,False,-57.10777560258054,0.352112676056338,71,-0.26112906127909646,-0.004361498997901316,-19.022956656491186,0.45652173913043476,92,-0.1591807966132191,-0.001688613418296925
KRW-BTC,20,2.0,20,30,45,0.025,0.008,24,False,-28.52455262740435,149,False,-34.626718507253244,0.22727272727272727,66,-0.2289735832181787,-0.00401755659906177,-22.422386747555457,0.2891566265060241,83,-0.2502533652703767,-0.00257225757135155
KRW-BTC,20,2.0,20,30,45,0.025,0.01,12,True,-34.598378550405904,164,False,-45.60718042291808,0.3888888888888889,72,-0.2513128503017706,-0.004135631771895295,-23.589576677893728,0.44565217391304346,92,-0.19723139270198028,-0.0022314024204231554
KRW-BTC,20,2.0,20,30,45,0.025,0.01,12,False,-31.8249293581894,158,False,-39.17662732841996,0.2647058823529412,68,-0.24883527484476103,-0.004315266434070161,-24.473231387958837,0.35555555555555557,90,-0.22782407579145134,-0.0024867388364328467
KRW-BTC,20,2.0,20,30,45,0.025,0.01,24,True,-32.15136445019682,161,False,-42.824131728900234,0.42857142857142855,70,-0.23957824576130848,-0.004030532421999455,-21.47859717149342,0.4835164835164835,91,-0.18441769193694507,-0.0020807573450951234
KRW-BTC,20,2.0,20,30,45,0.025,0.01,24,False,-23.302059620658852,145,False,-23.607960862583703,0.3333333333333333,63,-0.1757431120636847,-0.0031675839419896693,-22.996158378734,0.3170731707317073,82,-0.2618571671965472,-0.0028810181331450028
KRW-BTC,20,2.0,20,30,45,0.025,0.015,12,True,-32.764342591966646,158,False,-42.8042832811608,0.45588235294117646,68,-0.26754557356615744,-0.0047572000238840255,-22.724401902772495,0.5,90,-0.21024167204276395,-0.0024550101958956626
KRW-BTC,20,2.0,20,30,45,0.025,0.015,12,False,-33.919388074407195,152,False,-42.92487145424565,0.28125,64,-0.28163305784561704,-0.0053454699094958435,-24.91390469456875,0.375,88,-0.2508852353380268,-0.0029321391274766393
KRW-BTC,20,2.0,20,30,45,0.025,0.015,24,True,-29.88224054169251,155,False,-40.31180754655206,0.5,66,-0.25888674387914185,-0.004719464915873314,-19.452673536832965,0.5730337078651685,89,-0.19045200427937567,-0.0022007252472029913
KRW-BTC,20,2.0,20,30,45,0.025,0.015,24,False,-23.858134438949484,138,False,-26.847064614913076,0.3728813559322034,59,-0.21328849114827272,-0.004229864219072574,-20.869204262985892,0.3924050632911392,79,-0.25850790751645336,-0.003040248588677642
KRW-BTC,20,2.0,20,30,45,0.03,0.008,12,True,-38.77592851192913,166,False,-58.129377177482766,0.3424657534246575,73,-0.26444760508656323,-0.004304488716418613,-19.422479846375495,0.44086021505376344,93,-0.1643708636715492,-0.0017373987564923215
KRW-BTC,20,2.0,20,30,45,0.03,0.008,12,False,-32.88945687536103,161,False,-46.01239763211449,0.2571428571428571,70,-0.25295231817263875,-0.004255784432195901,-19.766516118607562,0.34065934065934067,91,-0.19531355162388506,-0.0019646019058421806
KRW-BTC,20,2.0,20,30,45,0.03,0.008,24,True,-37.73003281591131,163,False,-57.10777560258054,0.352112676056338,71,-0.26112906127909646,-0.004361498997901316,-18.35229002924208,0.45652173913043476,92,-0.15652524502108275,-0.0016533858481220152
KRW-BTC,20,2.0,20,30,45,0.03,0.008,24,False,-27.932552549132012,149,False,-32.340355258213165,0.22727272727272727,66,-0.22518592236911425,-0.003937831455382151,-23.52474984005086,0.2891566265060241,83,-0.251302632544493,-0.002702947240959554
KRW-BTC,20,2.0,20,30,45,0.03,0.01,12,True,-33.25450918266707,164,False,-43.59864766911868,0.3888888888888889,72,-0.2476607178642182,-0.004066291494117515,-22.910370696215466,0.44565217391304346,92,-0.19469601595910818,-0.002196174850248246
KRW-BTC,20,2.0,20,30,45,0.03,0.01,12,False,-31.863805459532834,158,False,-41.1202847652463,0.2647058823529412,68,-0.2556252329285621,-0.004450058192717947,-22.607326153819365,0.35555555555555557,90,-0.22027227793660983,-0.002375794391988401
KRW-BTC,20,2.0,20,30,45,0.03,0.01,24,True,-30.898585961509674,161,False,-40.953961477201396,0.42857142857142855,70,-0.23586887135038792,-0.003959210993428025,-20.843210445817952,0.4835164835164835,91,-0.18184184580025953,-0.0020451426587644456
KRW-BTC,20,2.0,20,30,45,0.03,0.01,24,False,-21.30356657003125,145,False,-21.27892769702126,0.3333333333333333,63,-0.16765343968545324,-0.003004816331150701,-21.328205443041245,0.3170731707317073,82,-0.25153289602742207,-0.002773230731102326
KRW-BTC,20,2.0,20,30,45,0.03,0.015,12,True,-31.72467194568071,158,False,-41.29283982910535,0.45588235294117646,68,-0.26397262514452896,-0.004683780906236967,-22.15650406225608,0.5,90,-0.2077473855460212,-0.0024189997908279776
KRW-BTC,20,2.0,20,30,45,0.03,0.015,12,False,-34.052091311249065,152,False,-44.77516150907615,0.28125,64,-0.28812654890379785,-0.00548868615305912,-23.32902111342198,0.375,88,-0.2435589731541818,-0.0028186732183857295
KRW-BTC,20,2.0,20,30,45,0.03,0.015,24,True,-28.934378656743142,155,False,-38.92146865633787,0.5,66,-0.25527155726391776,-0.004643820976479376,-18.947288657148412,0.5730337078651685,89,-0.18789521625611486,-0.0021643102308424107
KRW-BTC,20,2.0,20,30,45,0.03,0.015,24,False,-21.574864035725895,138,False,-23.942875446126784,0.3728813559322034,59,-0.20169202661241192,-0.003971442871905545,-19.206852625325006,0.3924050632911392,79,-0.24620551180921665,-0.0028939401227437668
KRW-BTC,20,2.0,20,30,50,0.015,0.008,12,True,-42.26285443880611,170,False,-58.07198036907513,0.33783783783783783,74,-0.26920241369321907,-0.004333016006314247,-26.453728508537093,0.4270833333333333,96,-0.19716768453621467,-0.002123550423927343
KRW-BTC,20,2.0,20,30,50,0.015,0.008,12,False,-36.69300810059252,166,False,-52.592960050405836,0.2638888888888889,72,-0.2675168694451501,-0.0044155133551643305,-20.793056150779208,0.3617021276595745,94,-0.2009090781300193,-0.0018991514849441044
KRW-BTC,20,2.0,20,30,50,0.015,0.008,24,True,-40.69712976114425,167,False,-57.086230931200696,0.3472222222222222,72,-0.2659053218458938,-0.004390026903051238,-24.3080285910878,0.45263157894736844,95,-0.1844290786893039,-0.001970838528828799
KRW-BTC,20,2.0,20,30,50,0.015,0.008,24,False,-34.42204779933913,157,False,-47.843121074839964,0.25,68,-0.25944047752725974,-0.004507973896267938,-21.0009745238383,0.3595505617977528,89,-0.21949228299491158,-0.0020567128873987244
KRW-BTC,20,2.0,20,30,50,0.015,0.01,12,True,-39.7333347395665,168,False,-49.6769998214735,0.3835616438356164,73,-0.26489467490202756,-0.004330999941714474,-29.7896696576595,0.43157894736842106,95,-0.22894456748880637,-0.002592924658590291
KRW-BTC,20,2.0,20,30,50,0.015,0.01,12,False,-35.22497621935709,164,False,-46.31883523630711,0.29577464788732394,71,-0.26667407384684394,-0.004480046235186993,-24.131117202407076,0.3763440860215054,93,-0.22690412367488882,-0.002356127125415424
KRW-BTC,20,2.0,20,30,50,0.015,0.01,24,True,-36.59994820712889,165,False,-46.702888386530766,0.4225352112676056,71,-0.25337294611438965,-0.00423288419307968,-26.49700802772702,0.4787234042553192,94,-0.21100221120659704,-0.0023747142995646287
KRW-BTC,20,2.0,20,30,50,0.015,0.01,24,False,-26.10986905604905,154,False,-31.570875866953816,0.3484848484848485,66,-0.2071799106796936,-0.003628042476018819,-20.648862245144283,0.38636363636363635,88,-0.22483979830792022,-0.0022404259762627055
KRW-BTC,20,2.0,20,30,50,0.015,0.015,12,True,-36.13453000898805,160,False,-44.101848514269136,0.45588235294117646,68,-0.27357272850258907,-0.00487857169207494,-28.167211503706966,0.4782608695652174,92,-0.2412396566280991,-0.002841137699529513
KRW-BTC,20,2.0,20,30,50,0.015,0.015,12,False,-34.439216704619234,156,False,-43.85933285945143,0.3333333333333333,66,-0.27966992797779616,-0.005148060651855651,-25.019100549787044,0.3888888888888889,90,-0.24500321583547557,-0.0028366716943315716
KRW-BTC,20,2.0,20,30,50,0.015,0.015,24,True,-33.1794214100565,157,False,-42.94517492800313,0.48484848484848486,66,-0.27236676508577545,-0.004996915184444144,-23.41366789210987,0.5604395604395604,91,-0.21449309602169,-0.002488187216618244
KRW-BTC,20,2.0,20,30,50,0.015,0.015,24,False,-25.011739939913614,145,False,-32.69332034682704,0.39344262295081966,61,-0.2332891358506317,-0.004502021215640085,-17.330159533000185,0.4642857142857143,84,-0.21970616294321343,-0.0022254494035066088
KRW-BTC,20,2.0,20,30,50,0.02,0.008,12,True,-38.997848131268455,170,False,-55.251155705480826,0.33783783783783783,74,-0.26558455207900183,-0.004264887387659367,-22.74454055705608,0.4270833333333333,96,-0.18661289141194695,-0.0019333195570938745
KRW-BTC,20,2.0,20,30,50,0.02,0.008,12,False,-34.98017357603512,165,False,-46.31131895526165,0.2535211267605634,71,-0.2568936545490324,-0.004269839887805628,-23.64902819680859,0.3404255319148936,94,-0.22324046699660424,-0.002197608771148055
KRW-BTC,20,2.0,20,30,50,0.02,0.008,24,True,-37.54595056303407,167,False,-54.35482796789453,0.3472222222222222,72,-0.2622711377611914,-0.004320005822767055,-20.737073158173615,0.45263157894736844,95,-0.1730703413208285,-0.0017786052318181358
KRW-BTC,20,2.0,20,30,50,0.02,0.008,24,False,-31.240426616650822,154,False,-38.3312803052466,0.23880597014925373,67,-0.236797348546269,-0.004116682749627745,-24.149572928055047,0.3103448275862069,87,-0.24763443009646458,-0.0025363474379652895
KRW-BTC,20,2.0,20,30,50,0.02,0.01,12,True,-36.10499123212661,168,False,-45.99481378414999,0.3835616438356164,73,-0.2576163520136783,-0.004193547643351991,-26.21516868010323,0.43157894736842106,95,-0.2177112572616015,-0.002400691361579628
KRW-BTC,20,2.0,20,30,50,0.02,0.01,12,False,-32.772659224374195,163,False,-39.04009679317971,0.2857142857142857,70,-0.24869091388923312,-0.00419057075943777,-26.505221655568675,0.3548387096774194,93,-0.24885046607636782,-0.0026195155519917724
KRW-BTC,20,2.0,20,30,50,0.02,0.01,24,True,-33.22744591223463,165,False,-43.2654382035399,0.4225352112676056,71,-0.2459805458829907,-0.0040915599989886755,-23.189453620929356,0.4787234042553192,94,-0.19950750336019815,-0.0021804359674793836
KRW-BTC,20,2.0,20,30,50,0.02,0.01,24,False,-25.619004687569046,151,False,-25.020155829795428,0.3384615384615385,65,-0.18245551510114086,-0.0032002501263399975,-26.21785354534266,0.32558139534883723,86,-0.27495648453902166,-0.003031782163204788
KRW-BTC,20,2.0,20,30,50,0.02,0.015,12,True,-34.767245547099456,160,False,-44.36280436027922,0.45588235294117646,68,-0.2754696389015148,-0.004916651298647894,-25.171686733919696,0.4782608695652174,92,-0.22747739985153,-0.002642635925442415
KRW-BTC,20,2.0,20,30,50,0.02,0.015,12,False,-34.71247970507436,155,False,-42.64724840401711,0.3076923076923077,65,-0.2800098874069393,-0.00522981031103104,-26.777711006131604,0.36666666666666664,90,-0.2670263845928147,-0.003076513127629999
KRW-BTC,20,2.0,20,30,50,0.02,0.015,24,True,-31.987352133419222,157,False,-43.20851707951411,0.48484848484848486,66,-0.27426682460180585,-0.005036148718489007,-20.766187187324338,0.5604395604395604,91,-0.20024571500507468,-0.002287504104354365
KRW-BTC,20,2.0,20,30,50,0.02,0.015,24,False,-25.56088935206005,142,False,-29.71391315368707,0.36666666666666664,60,-0.22862398353601568,-0.0044927019425513685,-21.40786555043303,0.4024390243902439,82,-0.2547037721870528,-0.0029459119298627535
KRW-BTC,20,2.0,20,30,50,0.025,0.008,12,True,-40.291507448219996,170,False,-59.25504165989033,0.33783783783783783,74,-0.27142652620950175,-0.0043745361661967404,-21.327973236549656,0.4270833333333333,96,-0.1786189629370214,-0.0018624989382180802
KRW-BTC,20,2.0,20,30,50,0.025,0.008,12,False,-32.688320614944494,165,False,-42.686614259131744,0.2535211267605634,71,-0.24964813666684588,-0.004130064375572726,-22.690026970757245,0.3404255319148936,94,-0.21376395809461726,-0.0021506817219072824
KRW-BTC,20,2.0,20,30,50,0.025,0.008,24,True,-38.80971988772392,167,False,-58.23970882449136,0.3472222222222222,72,-0.2681394687456804,-0.004432700400708246,-19.37973095095649,0.45263157894736844,95,-0.16494331733006168,-0.001707039132743649
KRW-BTC,20,2.0,20,30,50,0.025,0.008,24,False,-29.267750160200663,153,False,-35.52985948564638,0.22388059701492538,67,-0.2362890818606048,-0.004099205008030999,-23.00564083475495,0.29069767441860467,86,-0.2579895184549461,-0.002602513969264446
KRW-BTC,20,2.0,20,30,50,0.025,0.01,12,True,-35.81563556811895,168,False,-46.80097626525213,0.3835616438356164,73,-0.25991152221605507,-0.004236308048992617,-24.830294870985764,0.43157894736842106,95,-0.21002296199583906,-0.002329125262505142
KRW-BTC,20,2.0,20,30,50,0.025,0.01,12,False,-32.91744818539583,162,False,-40.272999738308066,0.2608695652173913,69,-0.2574624017131689,-0.004419175616185083,-25.561896632483588,0.3548387096774194,93,-0.23968640056766727,-0.0025720839108236797
KRW-BTC,20,2.0,20,30,50,0.025,0.01,24,True,-32.97241169702359,165,False,-44.03091869372173,0.4225352112676056,71,-0.24831168960873942,-0.004135524923098052,-21.913904700325453,0.4787234042553192,94,-0.1916403024969326,-0.002108108526925382
KRW-BTC,20,2.0,20,30,50,0.025,0.01,24,False,-24.1722314602021,149,False,-24.686374679988717,0.328125,64,-0.18520970242163295,-0.0032975435678960774,-23.65808824041548,0.3176470588235294,85,-0.2709464237218198,-0.002924227174734752
KRW-BTC,20,2.0,20,30,50,0.025,0.015,12,True,-33.751624335870815,160,False,-43.499282291170935,0.45588235294117646,68,-0.27343751220751644,-0.004874489927889277,-24.0039663805707,0.4782608695652174,92,-0.22232562715556922,-0.0025687361492241953
KRW-BTC,20,2.0,20,30,50,0.025,0.015,12,False,-34.81409231727621,154,False,-43.642980225169936,0.28125,64,-0.28741167531641487,-0.005470090432501424,-25.98520440938249,0.36666666666666664,90,-0.2616641369879524,-0.0030275004317563024
KRW-BTC,20,2.0,20,30,50,0.025,0.015,24,True,-31.068725367934597,157,False,-42.39522728174874,0.48484848484848486,66,-0.27223132431412833,-0.004992709730434673,-19.742223454120452,0.5604395604395604,91,-0.19491234056641962,-0.0022127922426831976
KRW-BTC,20,2.0,20,30,50,0.025,0.015,24,False,-25.00319412879304,140,False,-28.66338295322509,0.3559322033898305,59,-0.22745411957590614,-0.004535527909937823,-21.343005304360993,0.38271604938271603,81,-0.26485314547740096,-0.0030710493940259488
KRW-BTC,20,2.0,20,30,50,0.03,0.008,12,True,-39.944876923440525,170,False,-59.25504165989033,0.33783783783783783,74,-0.27142652620950175,-0.0043745361661967404,-20.63471218699072,0.4270833333333333,96,-0.17602480272762439,-0.0018287391834671254
KRW-BTC,20,2.0,20,30,50,0.03,0.008,12,False,-33.90886469214658,165,False,-47.02150232005879,0.2535211267605634,71,-0.26004030657781635,-0.004329477609207228,-20.796227064234365,0.3404255319148936,94,-0.20607465379424617,-0.0020444583176519623
KRW-BTC,20,2.0,20,30,50,0.03,0.008,24,True,-38.47863539666916,167,False,-58.23970882449136,0.3472222222222222,72,-0.2681394687456804,-0.004432700400708246,-18.71756196884697,0.45263157894736844,95,-0.16230596545434786,-0.0016729240121532102
KRW-BTC,20,2.0,20,30,50,0.03,0.008,24,False,-28.64754021865447,153,False,-33.2111679750305,0.22388059701492538,67,-0.2325373583376759,-0.004020669791868986,-24.08391246227844,0.29069767441860467,86,-0.25902795901509257,-0.00272864469690938
KRW-BTC,20,2.0,20,30,50,0.03,0.01,12,True,-34.46183177569918,168,False,-44.776577075202916,0.3835616438356164,73,-0.25630133451954806,-0.004167917638033711,-24.147086476195454,0.43157894736842106,95,-0.20752798474915693,-0.0022950101419147028
KRW-BTC,20,2.0,20,30,50,0.03,0.01,12,False,-32.95749135369033,162,False,-42.22321139830468,0.2608695652173913,69,-0.2641743771283774,-0.00455201387108435,-23.691771309075975,0.3548387096774194,93,-0.23225061497893026,-0.00246471831942583
KRW-BTC,20,2.0,20,30,50,0.03,0.01,24,True,-31.71581342974904,165,False,-42.144864284426056,0.4225352112676056,71,-0.24464491736292832,-0.004065208021689599,-21.28676257507202,0.4787234042553192,94,-0.18908726746505403,-0.002073630479520151
KRW-BTC,20,2.0,20,30,50,0.03,0.01,24,False,-22.15595037111635,149,False,-22.321216927771943,0.328125,64,-0.1772129399306657,-0.0031373192009764685,-21.99068381446076,0.3176470588235294,85,-0.26074928235051026,-0.002820244033940641
KRW-BTC,20,2.0,20,30,50,0.03,0.015,12,True,-32.708133679336335,160,False,-41.98970375234169,0.45588235294117646,68,-0.2698933049499918,-0.004801070810242218,-23.426563606330983,0.4782608695652174,92,-0.219869505303627,-0.002533508579049286
KRW-BTC,20,2.0,20,30,50,0.03,0.015,12,False,-34.938673467520815,154,False,-45.49390745666746,0.28125,64,-0.2938529320655356,-0.005613306676064699,-24.38343947837417,0.36666666666666664,90,-0.25444329130804816,-0.002916555987311857
KRW-BTC,20,2.0,20,30,50,0.03,0.015,24,True,-30.105235324082336,157,False,-40.97173282554549,0.48484848484848486,66,-0.2686812332132215,-0.0049170657910407355,-19.238737822619182,0.5604395604395604,91,-0.19236963958241968,-0.0021771775563525202
KRW-BTC,20,2.0,20,30,50,0.03,0.015,24,False,-22.677040576896243,140,False,-25.67723745398025,0.3559322033898305,59,-0.21606646246925074,-0.0042771065627707945,-19.676843699812235,0.38271604938271603,81,-0.2526560261838211,-0.0029283534828064895
KRW-BTC,20,2.0,25,20,40,0.015,0.008,12,True,-30.819987710773205,253,False,-42.08318239400277,0.34234234234234234,111,-0.32913691151354524,-0.003642653665558108,-19.556793027543645,0.43661971830985913,142,-0.24631805375177407,-0.0017823336191699366
KRW-BTC,20,2.0,25,20,40,0.015,0.008,12,False,-24.935439730359477,251,False,-35.60804021082158,0.2818181818181818,110,-0.31170796301270454,-0.0034357914137647357,-14.262839249897374,0.3900709219858156,141,-0.22002175929376844,-0.0014061199554102999
KRW-BTC,20,2.0,25,20,40,0.015,0.008,24,True,-31.61239405131758,249,False,-41.68797319651747,0.35454545454545455,110,-0.327968917820668,-0.0036593179613439706,-21.536814906117687,0.4460431654676259,139,-0.2564866083222543,-0.0019922621283815474
KRW-BTC,20,2.0,25,20,40,0.015,0.008,24,False,-25.84255945635961,240,False,-31.777737440132004,0.2897196261682243,107,-0.293874681306809,-0.0032887488311216977,-19.90738147258722,0.3533834586466165,133,-0.2722056715281012,-0.0020973601245399464
KRW-BTC,20,2.0,25,20,40,0.015,0.01,12,True,-28.375364934222947,248,False,-39.456310151879,0.37383177570093457,107,-0.3459954023178954,-0.003900854365643744,-17.294419716566892,0.46808510638297873,141,-0.2322956507859146,-0.0017311835340029084
KRW-BTC,20,2.0,25,20,40,0.015,0.01,12,False,-23.349278165679323,246,False,-35.12518122987393,0.3018867924528302,106,-0.3362186180471056,-0.003790434335600463,-11.57337510148471,0.42857142857142855,140,-0.20288764856232425,-0.0012447308729314891
KRW-BTC,20,2.0,25,20,40,0.015,0.01,24,True,-28.474126445926004,243,False,-39.53170636484602,0.4056603773584906,106,-0.3495288272457841,-0.003987138410967254,-17.416546527005984,0.5036496350364964,137,-0.23505008086893153,-0.0018185662211040205
KRW-BTC,20,2.0,25,20,40,0.015,0.01,24,False,-24.28775509908535,232,False,-30.745981535497112,0.3431372549019608,102,-0.31203403655878864,-0.0035828146628650317,-17.829528662673585,0.3923076923076923,130,-0.2696740543593946,-0.00209423013538126
KRW-BTC,20,2.0,25,20,40,0.015,0.015,12,True,-29.979662018515697,228,False,-38.884896025711825,0.4444444444444444,99,-0.36326192810774716,-0.0046533162023494595,-21.074428011319572,0.4883720930232558,129,-0.28855755616140794,-0.0024205040727394
KRW-BTC,20,2.0,25,20,40,0.015,0.015,12,False,-23.763397313120272,226,False,-34.846980915038316,0.35714285714285715,98,-0.3486441570893641,-0.004461802756441738,-12.67981371120223,0.4453125,128,-0.213961007676486,-0.0015870729849543324
KRW-BTC,20,2.0,25,20,40,0.015,0.015,24,True,-29.539445605555635,221,False,-37.72173868558135,0.5,98,-0.361169350406587,-0.004663740406900646,-21.35715252552992,0.5609756097560976,123,-0.29552404765751344,-0.0026131826036479666
KRW-BTC,20,2.0,25,20,40,0.015,0.015,24,False,-25.233263184507756,210,False,-31.910962947094756,0.39361702127659576,94,-0.3424105365833656,-0.004472316610664265,-18.555563421920755,0.46551724137931033,116,-0.2970017205629912,-0.002585469137999245
KRW-BTC,20,2.0,25,20,40,0.02,0.008,12,True,-32.327933452822855,253,False,-45.76868104237822,0.3333333333333333,111,-0.3475959249187894,-0.003894178038465836,-18.887185863267494,0.4295774647887324,142,-0.257177049007845,-0.001783506685568145
KRW-BTC,20,2.0,25,20,40,0.02,0.008,12,False,-25.225353829099564,251,False,-35.826338537756,0.2636363636363636,110,-0.3234144070409318,-0.0035881213453778315,-14.624369120443129,0.375886524822695,141,-0.24348427332887793,-0.0015010236535988768
KRW-BTC,20,2.0,25,20,40,0.02,0.008,24,True,-32.7949165689992,249,False,-44.78471241915781,0.34545454545454546,110,-0.3448026894936184,-0.003889781937700007,-20.80512071884058,0.43884892086330934,139,-0.2672047593594684,-0.0019935168645866404
KRW-BTC,20,2.0,25,20,40,0.02,0.008,24,False,-23.284643309511182,236,False,-26.01093950556522,0.2641509433962264,106,-0.27072220346264664,-0.0030054224862402466,-20.558347113457142,0.3,130,-0.31078429883626507,-0.0023577364694857103
KRW-BTC,20,2.0,25,20,40,0.02,0.01,12,True,-29.383777771916407,248,False,-40.970917436428884,0.3644859813084112,107,-0.3621460912046477,-0.00408712731323961,-17.79663810740393,0.45390070921985815,141,-0.2634811317006221,-0.001852751444843655
KRW-BTC,20,2.0,25,20,40,0.02,0.01,12,False,-23.5157158893512,245,False,-34.014418413878495,0.2857142857142857,105,-0.3429892594370449,-0.003871965935890272,-13.017013364823905,0.40714285714285714,140,-0.23757211540308829,-0.0014615588832499829
KRW-BTC,20,2.0,25,20,40,0.02,0.01,24,True,-29.218321608327606,243,False,-40.61014305955484,0.39622641509433965,106,-0.36398339780036576,-0.004150940650582008,-17.826500157100376,0.48905109489051096,137,-0.25742483427022894,-0.0019344735532095866
KRW-BTC,20,2.0,25,20,40,0.02,0.01,24,False,-22.42146378284075,227,False,-24.71979691404783,0.32,100,-0.2853763318270661,-0.003213414645997377,-20.12313065163367,0.3228346456692913,127,-0.32105918590197463,-0.002561417340905838
KRW-BTC,20,2.0,25,20,40,0.02,0.015,12,True,-28.515186400846456,228,False,-39.374134613264914,0.4444444444444444,99,-0.3672670094687523,-0.004716648765786272,-17.656238188428,0.4883720930232558,129,-0.2731134080383617,-0.002127663572185486
KRW-BTC,20,2.0,25,20,40,0.02,0.015,12,False,-22.415608899665305,225,False,-34.698156832195394,0.3402061855670103,97,-0.35542839862119774,-0.004573512982443333,-10.133060967135215,0.4375,128,-0.2118628761315466,-0.0013366897451453092
KRW-BTC,20,2.0,25,20,40,0.02,0.015,24,True,-28.091335621470076,221,False,-37.85321422632505,0.5,98,-0.36357770769014497,-0.004701513425131776,-18.329457016615102,0.5609756097560976,123,-0.27868313040663417,-0.0023363883312777427
KRW-BTC,20,2.0,25,20,40,0.02,0.015,24,False,-22.072569657479068,205,False,-25.743406368657208,0.3695652173913043,92,-0.3343352634278829,-0.003996934760805701,-18.40173294630093,0.39823008849557523,113,-0.32028046534382953,-0.002766301394222466
KRW-BTC,20,2.0,25,20,40,0.025,0.008,12,True,-31.65465783580926,253,False,-46.34477738523137,0.3333333333333333,111,-0.34961291222326013,-0.0039222997466799425,-16.96453828638715,0.4295774647887324,142,-0.24619954621687173,-0.0016600124451322728
KRW-BTC,20,2.0,25,20,40,0.025,0.008,12,False,-23.564254135302917,251,False,-35.13184694241518,0.2636363636363636,110,-0.3244283285393381,-0.003599729335344602,-11.996661328190656,0.375886524822695,141,-0.22319996703998418,-0.0012951305189143828
KRW-BTC,20,2.0,25,20,40,0.025,0.008,24,True,-32.07508466959493,249,False,-45.34400202404026,0.34545454545454546,110,-0.346828312428379,-0.003918159297806969,-18.806167315149597,0.43884892086330934,139,-0.2563754469525227,-0.0018673572808320087
KRW-BTC,20,2.0,25,20,40,0.025,0.008,24,False,-20.692441478661507,234,False,-24.638813632423364,0.23809523809523808,105,-0.27529564308743093,-0.0030843762415472815,-16.746069324899654,0.2868217054263566,129,-0.29897849036826946,-0.0021115208504252306
KRW-BTC,20,2.0,25,20,40,0.025,0.01,12,True,-28.238217355519662,248,False,-41.04622636861205,0.3644859813084112,107,-0.3610010267211479,-0.004101634699245239,-15.430208342427276,0.45390070921985815,141,-0.25259679119719314,-0.0016744977266673305
KRW-BTC,20,2.0,25,20,40,0.025,0.01,12,False,-21.00132854179491,245,False,-32.039107038242705,0.2857142857142857,105,-0.3407580318627374,-0.0037890314491887934,-9.963550045347112,0.40714285714285714,140,-0.21712928759512126,-0.0011828736547463143
KRW-BTC,20,2.0,25,20,40,0.025,0.01,24,True,-28.09861006168967,243,False,-40.6869985970459,0.39622641509433965,106,-0.3628416316184031,-0.004165584898719765,-15.510221526333442,0.48905109489051096,137,-0.24645099327161932,-0.0017510153469113253
KRW-BTC,20,2.0,25,20,40,0.025,0.01,24,False,-17.99271551140863,225,False,-21.50713541700088,0.30303030303030304,99,-0.27557762189391394,-0.003046642312970971,-14.478295605816378,0.31746031746031744,126,-0.2893174249482773,-0.0020413325816975585
KRW-BTC,20,2.0,25,20,40,0.025,0.015,12,True,-26.19086993353254,228,False,-37.29438312721085,0.4444444444444444,99,-0.3592564415261371,-0.004586830854558132,-15.087356739854231,0.4883720930232558,129,-0.2623714141603833,-0.0018941265623958607
KRW-BTC,20,2.0,25,20,40,0.025,0.015,12,False,-19.71298661059955,225,False,-32.579295947109486,0.3402061855670103,97,-0.3457046946529844,-0.004452490484752679,-6.846677274089617,0.4375,128,-0.1867637052690652,-0.0009538699639694231
KRW-BTC,20,2.0,25,20,40,0.025,0.015,24,True,-26.042346565493368,221,False,-35.89629303469785,0.5,98,-0.3555204322058005,-0.004570370841340085,-16.188400096288888,0.5609756097560976,123,-0.2661947905489427,-0.0021320487031243947
KRW-BTC,20,2.0,25,20,40,0.025,0.015,24,False,-18.105125832574608,203,False,-23.534173331028143,0.3516483516483517,91,-0.29517492209612006,-0.0038988220976285026,-12.676078334121073,0.39285714285714285,112,-0.2708918210890865,-0.0020938835763034797
KRW-BTC,20,2.0,25,20,40,0.03,0.008,12,True,-30.485349029477334,253,False,-44.863179626419274,0.3333333333333333,111,-0.346440292282886,-0.0038773222692024645,-16.10751843253539,0.4295774647887324,142,-0.24013013648709977,-0.0016052312798657182
KRW-BTC,20,2.0,25,20,40,0.03,0.008,12,False,-22.727416830056864,251,False,-35.399950272968645,0.2636363636363636,110,-0.32726929987286874,-0.0036376687861450494,-10.05488338714508,0.375886524822695,141,-0.21355844841930485,-0.001134248506470653
KRW-BTC,20,2.0,25,20,40,0.03,0.008,24,True,-30.91524698649279,249,False,-43.91818681358852,0.34545454545454546,110,-0.34364210907437065,-0.003872772934170605,-17.912307159397063,0.43884892086330934,139,-0.2503879709900015,-0.001811393788257543
KRW-BTC,20,2.0,25,20,40,0.03,0.008,24,False,-18.336436750640175,234,False,-22.728763384338578,0.23809523809523808,105,-0.2677260294736779,-0.002979319701611355,-13.944110116941768,0.2868217054263566,129,-0.28096785917001726,-0.0018723773552160403
KRW-BTC,20,2.0,25,20,40,0.03,0.01,12,True,-26.981563183923697,248,False,-38.88656621159619,0.3644859813084112,107,-0.3547516851859283,-0.0040083169422358905,-15.076560156251206,0.45390070921985815,141,-0.24657889045860298,-0.0016498966032735419
KRW-BTC,20,2.0,25,20,40,0.03,0.01,12,False,-19.981462355888578,245,False,-30.80158510169968,0.2857142857142857,105,-0.34032804107910825,-0.003733682302408308,-9.161339610077475,0.40714285714285714,140,-0.20793175909674233,-0.0011136324925271276
KRW-BTC,20,2.0,25,20,40,0.03,0.01,24,True,-26.879068898644594,243,False,-38.593910599862426,0.39622641509433965,106,-0.35661029100198827,-0.004071386785512216,-15.16422719742676,0.48905109489051096,137,-0.24038360812964438,-0.0017256959425425355
KRW-BTC,20,2.0,25,20,40,0.03,0.01,24,False,-16.13529897871203,225,False,-18.9662781375551,0.30303030303030304,99,-0.264440275303376,-0.0028343601241500385,-13.30431981986896,0.30952380952380953,126,-0.29001300840931193,-0.0019674838690150976
KRW-BTC,20,2.0,25,20,40,0.03,0.015,12,True,-27.088437188867886,228,False,-39.82206812191987,0.43434343434343436,99,-0.37823920737804967,-0.0048894066121338885,-14.354806255815905,0.4883720930232558,129,-0.2564322162023772,-0.0018285354120197031
KRW-BTC,20,2.0,25,20,40,0.03,0.015,12,False,-20.355568479762603,225,False,-35.14025049114297,0.32989690721649484,97,-0.3677589284645446,-0.004804329037206792,-5.5708864683822314,0.4375,128,-0.172653701386867,-0.0008001296302921866
KRW-BTC,20,2.0,25,20,40,0.03,0.015,24,True,-26.884545028267198,221,False,-38.3570782711743,0.4897959183673469,98,-0.37461388163651915,-0.004876034106646205,-15.41201178536009,0.5609756097560976,123,-0.2634015763876811,-0.0020595627731506937
KRW-BTC,20,2.0,25,20,40,0.03,0.015,24,False,-17.62309133296515,203,False,-24.02665775335156,0.34065934065934067,91,-0.3175858294264231,-0.004106778837262874,-11.219524912578736,0.38392857142857145,112,-0.2561329238705244,-0.0019419439366671692
KRW-BTC,20,2.0,25,20,45,0.015,0.008,12,True,-30.210846617821268,289,False,-43.08332444081151,0.3492063492063492,126,-0.366880911428224,-0.00366491003613659,-17.338368794831023,0.44785276073619634,163,-0.25242297599753166,-0.0015281490048024327
KRW-BTC,20,2.0,25,20,45,0.015,0.008,12,False,-25.745375304279953,283,False,-37.23478547764305,0.288,125,-0.35557920110765767,-0.0035454570002885102,-14.255965130916856,0.3860759493670886,158,-0.2454549915382002,-0.0013717489327743349
KRW-BTC,20,2.0,25,20,45,0.015,0.008,24,True,-30.59239962937602,286,False,-42.09504557104208,0.36,125,-0.3640671682314806,-0.003657708845361796,-19.08975368770996,0.453416149068323,161,-0.26327566103581257,-0.0017015884635789222
KRW-BTC,20,2.0,25,20,45,0.015,0.008,24,False,-25.376290040595592,270,False,-34.01333456781299,0.2809917355371901,121,-0.34421171021607055,-0.0035128004255742915,-16.739245513378194,0.35570469798657717,149,-0.2596346261782149,-0.0017517123551638134
KRW-BTC,20,2.0,25,20,45,0.015,0.01,12,True,-27.458713590531634,282,False,-37.45934334637782,0.3884297520661157,121,-0.3647815712731583,-0.0036857666264845427,-17.458083834685446,0.4658385093167702,161,-0.25746300387219884,-0.0016720276842500477
KRW-BTC,20,2.0,25,20,45,0.015,0.01,12,False,-24.848153602602004,275,False,-34.49170527327084,0.31666666666666665,120,-0.36484228473140773,-0.0037093961202295687,-15.204601931933166,0.4064516129032258,155,-0.25395741066975985,-0.0015669423572839366
KRW-BTC,20,2.0,25,20,45,0.015,0.01,24,True,-26.53452841463559,278,False,-35.772420903894684,0.425,120,-0.3563800179398186,-0.003605583863351924,-17.2966359253765,0.5,158,-0.2526687553573273,-0.0017222571705152333
KRW-BTC,20,2.0,25,20,45,0.015,0.01,24,False,-22.185157115038017,259,False,-26.932773792935485,0.3565217391304348,115,-0.31482826195880687,-0.0032045085855294453,-17.437540437140544,0.3819444444444444,144,-0.2823564671673826,-0.0020086747357997113
KRW-BTC,20,2.0,25,20,45,0.015,0.015,12,True,-27.757671613808235,263,False,-37.416966773986964,0.45132743362831856,113,-0.3878331736846054,-0.004418621511149177,-18.098376453629506,0.5,150,-0.2805893217424245,-0.0020038783703051812
KRW-BTC,20,2.0,25,20,45,0.015,0.015,12,False,-24.797179888451296,255,False,-34.140005029840516,0.36036036036036034,111,-0.37991761389679923,-0.004311268117139491,-15.454354747062073,0.4166666666666667,144,-0.28071146554475546,-0.001865410260900053
KRW-BTC,20,2.0,25,20,45,0.015,0.015,24,True,-26.960408907380188,256,False,-36.05456900647892,0.5045045045045045,111,-0.38557325909409546,-0.004460118840740437,-17.866248808281455,0.5655172413793104,145,-0.28265377546418563,-0.0020883308073831523
KRW-BTC,20,2.0,25,20,45,0.015,0.015,24,False,-23.672808760845903,236,False,-30.824835124107764,0.39622641509433965,106,-0.36772319924783,-0.004365510569088988,-16.52078239758404,0.45384615384615384,130,-0.30783702729790685,-0.0022463991695853484
KRW-BTC,20,2.0,25,20,45,0.02,0.008,12,True,-30.121918347950146,289,False,-44.51863739907882,0.3412698412698413,126,-0.3778338495511871,-0.003802650153167941,-15.725199296821474,0.44171779141104295,163,-0.2582234553201337,-0.0014566731075425494
KRW-BTC,20,2.0,25,20,45,0.02,0.008,12,False,-24.6627780590383,283,False,-35.32813038318635,0.272,125,-0.35788963044827515,-0.0035599040683252565,-13.99742573489025,0.3670886075949367,158,-0.2682777150195096,-0.0014300600491635414
KRW-BTC,20,2.0,25,20,45,0.02,0.008,24,True,-30.14685962303914,286,False,-42.89675124743614,0.352,125,-0.37279002930326005,-0.0037671043822046077,-17.396967998642143,0.4472049689440994,161,-0.26899758367891935,-0.0016292733185516014
KRW-BTC,20,2.0,25,20,45,0.02,0.008,24,False,-22.93028554086126,266,False,-25.405547277558536,0.25833333333333336,120,-0.31882343258488477,-0.0030032193767477225,-20.455023804163982,0.2945205479452055,146,-0.3195152293127657,-0.0022924455919957915
KRW-BTC,20,2.0,25,20,45,0.02,0.01,12,True,-25.960270985366645,282,False,-36.626348176569756,0.38016528925619836,121,-0.3708765952917866,-0.0037219216243849565,-15.294193794163531,0.45962732919254656,161,-0.2610876929926486,-0.0015500489808130218
KRW-BTC,20,2.0,25,20,45,0.02,0.01,12,False,-22.85390139904275,274,False,-31.217915874503344,0.3025210084033613,119,-0.3588314964562313,-0.003613067303777566,-14.489886923582157,0.3870967741935484,155,-0.2753907395508574,-0.001584089422818926
KRW-BTC,20,2.0,25,20,45,0.02,0.01,24,True,-24.84163350035633,278,False,-34.56762408353209,0.4166666666666667,120,-0.3602312735375635,-0.003611366714229851,-15.115642917180573,0.4936708860759494,158,-0.2534506661312201,-0.0015899765237845757
KRW-BTC,20,2.0,25,20,45,0.02,0.01,24,False,-19.769625931595982,254,False,-19.353214773467517,0.336283185840708,113,-0.2826475875748711,-0.002611170701394142,-20.186037089724444,0.3191489361702128,141,-0.3417194639491848,-0.0025216088773707345
KRW-BTC,20,2.0,25,20,45,0.02,0.015,12,True,-26.009284026300215,263,False,-36.002921222942625,0.45132743362831856,113,-0.38226560186407194,-0.004336439857462777,-16.015646829657804,0.49333333333333335,150,-0.28405268941834294,-0.0018729545619494384
KRW-BTC,20,2.0,25,20,45,0.02,0.015,12,False,-23.07806976214009,254,False,-31.898685235285605,0.34545454545454546,110,-0.3821032202693472,-0.0042271085563213556,-14.257454288994575,0.3958333333333333,144,-0.28869114958991693,-0.0018289929031443672
KRW-BTC,20,2.0,25,20,45,0.02,0.015,24,True,-25.24341729212893,256,False,-34.343209599027425,0.5045045045045045,111,-0.37772430597647355,-0.004343295962297536,-16.143624985230435,0.5586206896551724,145,-0.27887093349698994,-0.001978621550945607
KRW-BTC,20,2.0,25,20,45,0.02,0.015,24,False,-20.475166557049427,232,False,-23.416850532978202,0.375,104,-0.33277103487734044,-0.0037087143254736898,-17.53348258112065,0.390625,128,-0.33592751889759026,-0.002601816407381765
KRW-BTC,20,2.0,25,20,45,0.025,0.008,12,True,-29.128820544568832,289,False,-45.015470293374015,0.3412698412698413,126,-0.3797573525988509,-0.003827424038975606,-13.242170795763647,0.44171779141104295,163,-0.2435715213959394,-0.0012878314993100726
KRW-BTC,20,2.0,25,20,45,0.025,0.008,12,False,-22.966813933139914,283,False,-34.58503617724046,0.272,125,-0.3568455900356801,-0.0035547419076564462,-11.348591689039365,0.3670886075949367,158,-0.249597880391807,-0.0012225903234725363
KRW-BTC,20,2.0,25,20,45,0.025,0.008,24,True,-29.102015911485392,286,False,-43.37052624304469,0.352,125,-0.3747291259405333,-0.0037920764590987335,-14.833505579926099,0.4472049689440994,161,-0.25455846561946954,-0.0014583342990367332
KRW-BTC,20,2.0,25,20,45,0.025,0.008,24,False,-20.690436344276783,264,False,-24.287620990757993,0.23529411764705882,119,-0.30650477599753895,-0.003081005788257415,-17.093251697795576,0.2827586206896552,145,-0.3044064742037959,-0.0020884506983619372
KRW-BTC,20,2.0,25,20,45,0.025,0.01,12,True,-24.391559887102556,282,False,-35.891254925850475,0.38016528925619836,121,-0.3666577291688081,-0.0036934901392824955,-12.891864848354638,0.45962732919254656,161,-0.24686058077251938,-0.0013660207886219337
KRW-BTC,20,2.0,25,20,45,0.025,0.01,12,False,-21.11628519507281,273,False,-31.37214508017418,0.288135593220339,118,-0.36883277190441927,-0.0037323645731329926,-10.860425309971436,0.3870967741935484,155,-0.2486495655319172,-0.0012679543777188395
KRW-BTC,20,2.0,25,20,45,0.025,0.01,24,True,-23.33269517199156,278,False,-33.884134340719804,0.4166666666666667,120,-0.35594102048639137,-0.0035826983000848698,-12.781256003263314,0.4936708860759494,158,-0.23907650961753243,-0.0014024541254126447
KRW-BTC,20,2.0,25,20,45,0.025,0.01,24,False,-16.915900209151,251,False,-18.986602010566273,0.3153153153153153,111,-0.2771415527101809,-0.0027253846096457193,-14.845198407735731,0.3142857142857143,140,-0.3100469071393262,-0.002043781213886189
KRW-BTC,20,2.0,25,20,45,0.025,0.015,12,True,-23.547327024477525,263,False,-33.63641587527223,0.45132743362831856,113,-0.3713784736200812,-0.0041785241653248505,-13.458238173682822,0.49333333333333335,150,-0.27026774818140775,-0.0016421476356643383
KRW-BTC,20,2.0,25,20,45,0.025,0.015,12,False,-21.10581901895814,253,False,-31.814586456063484,0.3302752293577982,109,-0.3777150223088971,-0.004334081564249298,-10.397051581852798,0.3958333333333333,144,-0.2588253312727082,-0.0014193683754324688
KRW-BTC,20,2.0,25,20,45,0.025,0.015,24,True,-23.06084726322863,256,False,-32.13955376630791,0.5045045045045045,111,-0.36675714063098486,-0.00418253494237334,-13.98214076014935,0.5586206896551724,145,-0.2631499785152739,-0.0017742867996161924
KRW-BTC,20,2.0,25,20,45,0.025,0.015,24,False,-18.671779375462208,229,False,-24.018368268880202,0.35294117647058826,102,-0.3305826210714875,-0.003970126282040013,-13.325190482044217,0.3779527559055118,127,-0.31052119702263886,-0.0021495606081115962
KRW-BTC,20,2.0,25,20,45,0.03,0.008,12,True,-27.96941829716621,289,False,-43.74223254953331,0.3412698412698413,126,-0.376731778709089,-0.0037878010231025896,-12.19660404479911,0.44171779141104295,163,-0.23376134636329138,-0.0012150211587059851
KRW-BTC,20,2.0,25,20,45,0.03,0.008,12,False,-23.016055101833064,283,False,-36.197897282462975,0.272,125,-0.364731788259911,-0.0036546942418145033,-9.834212921203152,0.3670886075949367,158,-0.23657807681259563,-0.0010999158351182353
KRW-BTC,20,2.0,25,20,45,0.03,0.008,24,True,-27.96127869956732,286,False,-42.17245840654347,0.352,125,-0.37167902411585335,-0.0037521364590987335,-13.75009899259117,0.4472049689440994,161,-0.24489078105215437,-0.0013846194821518498
KRW-BTC,20,2.0,25,20,45,0.03,0.008,24,False,-20.084298137900525,264,False,-22.75433501237483,0.23529411764705882,119,-0.29998224131464574,-0.0029972549635079795,-17.414261263426216,0.27586206896551724,145,-0.31442689963380227,-0.00218808914175957
KRW-BTC,20,2.0,25,20,45,0.03,0.01,12,True,-22.670996630253825,282,False,-33.394957807072245,0.38016528925619836,121,-0.35734402035624047,-0.0035697091475469555,-11.947035453435404,0.45962732919254656,161,-0.23709306178613318,-0.0012923059717370503
KRW-BTC,20,2.0,25,20,45,0.03,0.01,12,False,-20.206593546181708,273,False,-30.69530186862279,0.288135593220339,118,-0.3704749270903377,-0.0037113183169444897,-9.717885223740623,0.3870967741935484,155,-0.23968946353931972,-0.0011671474754278508
KRW-BTC,20,2.0,25,20,45,0.03,0.01,24,True,-21.700719217088846,278,False,-31.540192944880605,0.4166666666666667,120,-0.3464697155229044,-0.0034578858000848664,-11.861245489297087,0.4936708860759494,158,-0.22920803845568263,-0.001327339660105896
KRW-BTC,20,2.0,25,20,45,0.03,0.01,24,False,-15.030033135559613,251,False,-15.712212202380137,0.3153153153153153,111,-0.25493260319780753,-0.0023982691618579964,-14.347854068739087,0.30714285714285716,140,-0.3170142607972213,-0.0020445706485371206
KRW-BTC,20,2.0,25,20,45,0.03,0.015,12,True,-23.666599196173117,263,False,-35.089450427306936,0.4424778761061947,113,-0.38702651084859774,-0.004399431244970866,-12.243747965039299,0.49333333333333335,150,-0.2608037984230378,-0.0015297437322078962
KRW-BTC,20,2.0,25,20,45,0.03,0.015,12,False,-21.641440337652266,253,False,-34.487805847363454,0.3211009174311927,109,-0.4064505406394354,-0.004677719562136976,-8.79507482794108,0.3958333333333333,144,-0.2447111572398043,-0.0012415206681053626
KRW-BTC,20,2.0,25,20,45,0.03,0.015,24,True,-23.159980234294743,256,False,-33.57913374955948,0.4954954954954955,111,-0.38252021494878946,-0.004407422329760725,-12.74082671903,0.5586206896551724,145,-0.2542525193763947,-0.0016548723409492456
KRW-BTC,20,2.0,25,20,45,0.03,0.015,24,False,-17.940979908622094,229,False,-23.660967952949292,0.3431372549019608,102,-0.33694180472868507,-0.004054662412388671,-12.220991864294897,0.3700787401574803,127,-0.3094302017436446,-0.00205039304126005
KRW-BTC,20,2.0,25,20,50,0.015,0.008,12,True,-30.474984822628308,294,False,-42.74489648491274,0.3515625,128,-0.3691937069144883,-0.0036357483596079635,-18.205073160343876,0.43373493975903615,166,-0.26419755617248053,-0.001595794614062843
KRW-BTC,20,2.0,25,20,50,0.015,0.008,12,False,-26.18047996064523,288,False,-36.95724562797438,0.29133858267716534,127,-0.3576518351601399,-0.0035144749858116732,-15.40371429331608,0.38509316770186336,161,-0.26129942971245285,-0.0014773411573713955
KRW-BTC,20,2.0,25,20,50,0.015,0.008,24,True,-30.60177617567215,291,False,-41.776056622550264,0.36220472440944884,127,-0.3663902423725549,-0.003628430953912075,-19.427495728794035,0.4451219512195122,164,-0.26966339626324154,-0.0017231997966836185
KRW-BTC,20,2.0,25,20,50,0.015,0.008,24,False,-25.716157102680985,275,False,-33.98873890936816,0.2845528455284553,123,-0.3475546777114439,-0.00349678397445382,-17.44357529599381,0.35526315789473684,152,-0.2706739338204802,-0.0018154046541602085
KRW-BTC,20,2.0,25,20,50,0.015,0.01,12,True,-27.852540297136755,287,False,-37.343104671198816,0.3902439024390244,123,-0.36837803964730337,-0.003671316156758036,-18.3619759230747,0.45121951219512196,164,-0.27063167334326854,-0.0017500431421700801
KRW-BTC,20,2.0,25,20,50,0.015,0.01,12,False,-25.20459857496334,280,False,-34.37663224053966,0.319672131147541,122,-0.3681615674440022,-0.003690825676963662,-16.032564909387027,0.4050632911392405,158,-0.26647778485505363,-0.0016437541445167721
KRW-BTC,20,2.0,25,20,50,0.015,0.01,24,True,-26.701703111745523,283,False,-35.683242895682156,0.4262295081967213,122,-0.3600240540788307,-0.0035923294186790138,-17.720163327808894,0.4906832298136646,161,-0.26064210958698136,-0.0017562897947907686
KRW-BTC,20,2.0,25,20,50,0.015,0.01,24,False,-22.476617808371273,264,False,-27.092337293873925,0.358974358974359,117,-0.31969536825724854,-0.0032100090999933046,-17.86089832286862,0.38095238095238093,147,-0.2902731874330275,-0.002042674760564955
KRW-BTC,20,2.0,25,20,50,0.015,0.015,12,True,-28.04290170523213,266,False,-37.09366713392415,0.45614035087719296,114,-0.38918031718070506,-0.0043981497342879235,-18.99213627654011,0.48026315789473684,152,-0.2928929470262221,-0.002090705950897176
KRW-BTC,20,2.0,25,20,50,0.015,0.015,12,False,-25.037229220206093,258,False,-33.8391658996133,0.36607142857142855,112,-0.38490562030328,-0.004287452434257673,-16.23529254079889,0.410958904109589,146,-0.29208373125786813,-0.0019486688646350992
KRW-BTC,20,2.0,25,20,50,0.015,0.015,24,True,-27.33580352425424,259,False,-36.51102520812005,0.5,112,-0.39308236841418215,-0.004528718522855779,-18.160581840388428,0.5510204081632653,147,-0.2879112892701207,-0.0021097976533757767
KRW-BTC,20,2.0,25,20,50,0.015,0.015,24,False,-24.113167247688686,239,False,-31.42386527369999,0.3925233644859813,107,-0.37635600098953637,-0.004451830424745918,-16.802469221677384,0.44696969696969696,132,-0.3128693166961236,-0.0022675413588635583
KRW-BTC,20,2.0,25,20,50,0.02,0.008,12,True,-30.36040355240874,294,False,-44.156531303464675,0.34375,128,-0.38010663375630516,-0.0037713362873107,-16.56427580135281,0.42771084337349397,166,-0.26990667606770025,-0.00152561044988597
KRW-BTC,20,2.0,25,20,50,0.02,0.008,12,False,-25.08470494412298,288,False,-35.08841906709598,0.2755905511811024,127,-0.36398197363458223,-0.0035286945409659506,-15.080990821149983,0.36645962732919257,161,-0.2836429064594892,-0.0015345657312191882
KRW-BTC,20,2.0,25,20,50,0.02,0.008,24,True,-30.151129877815215,291,False,-42.56664550673007,0.3543307086614173,127,-0.3750812386750073,-0.003736103726395157,-17.735614248900358,0.43902439024390244,164,-0.2753357072335651,-0.0016522074896750901
KRW-BTC,20,2.0,25,20,50,0.02,0.008,24,False,-23.26976115614151,271,False,-25.46567536547228,0.26229508196721313,122,-0.325286435856519,-0.002995425430926699,-21.07384694681074,0.2953020134228188,149,-0.32966167996417245,-0.002346533039894826
KRW-BTC,20,2.0,25,20,50,0.02,0.01,12,True,-26.34759344186059,287,False,-36.52479773798198,0.3821138211382114,123,-0.37443855496761447,-0.003706883268513727,-16.170389145739204,0.4451219512195122,164,-0.27419207969637993,-0.0016302957564788537
KRW-BTC,20,2.0,25,20,50,0.02,0.01,12,False,-23.21344675704828,279,False,-31.1510114004284,0.30578512396694213,121,-0.3649656125871571,-0.0035959355976161052,-15.275882113668162,0.3860759493670886,158,-0.28755141135257933,-0.0016605756328580594
KRW-BTC,20,2.0,25,20,50,0.02,0.01,24,True,-25.019360678194886,283,False,-34.49750192368308,0.4180327868852459,122,-0.36385350470629824,-0.0035980174687228763,-15.541219432706686,0.484472049689441,161,-0.26141567807407556,-0.0016264740048314902
KRW-BTC,20,2.0,25,20,50,0.02,0.01,24,False,-20.056950358945432,259,False,-19.573156240657013,0.3391304347826087,115,-0.2908863800315734,-0.0026270857967032055,-20.54074447723385,0.3194444444444444,144,-0.3489813183682765,-0.0025456311080358585
KRW-BTC,20,2.0,25,20,50,0.02,0.015,12,True,-26.28834651682515,266,False,-35.7066840685271,0.45614035087719296,114,-0.3836249974421938,-0.004316688972300527,-16.870008965123198,0.47368421052631576,152,-0.29629708291785894,-0.0019615048242303244
KRW-BTC,20,2.0,25,20,50,0.02,0.015,12,False,-23.318385868564576,257,False,-31.64035046554283,0.35135135135135137,111,-0.3870736454336705,-0.004203836511979505,-14.996421271586321,0.3904109589041096,146,-0.2999372530149886,-0.0019127503747938743
KRW-BTC,20,2.0,25,20,50,0.02,0.015,24,True,-25.620501443497517,259,False,-34.809122636429485,0.5,112,-0.38532933990902307,-0.0044129387058275465,-16.431880250565552,0.54421768707483,147,-0.28415617219111505,-0.00200158103988296
KRW-BTC,20,2.0,25,20,50,0.02,0.015,24,False,-20.89972546481215,235,False,-24.02168037769346,0.37142857142857144,105,-0.34478524528323284,-0.0038029335711775645,-17.777770551930836,0.38461538461538464,130,-0.3407555796839865,-0.002617815903605848
KRW-BTC,20,2.0,25,20,50,0.025,0.008,12,True,-29.3543857253496,294,False,-44.643442536446386,0.34375,128,-0.3820231102125314,-0.00379572308115262,-14.065328914252818,0.42771084337349397,166,-0.2554855148467446,-0.0013598201960191398
KRW-BTC,20,2.0,25,20,50,0.025,0.008,12,False,-23.38355282930092,288,False,-34.35865754225402,0.2755905511811024,127,-0.3589141510340014,-0.00352361367416594,-12.408448116347822,0.36645962732919257,161,-0.2653553234291657,-0.0013309619010379535
KRW-BTC,20,2.0,25,20,50,0.025,0.008,24,True,-29.10747207011297,291,False,-43.03135442254943,0.3543307086614173,127,-0.3770132517571781,-0.0037606825422358326,-15.183589717676508,0.43902439024390244,164,-0.2610217828974705,-0.0014843954034440307
KRW-BTC,20,2.0,25,20,50,0.025,0.008,24,False,-21.022120792305536,269,False,-24.34753496005602,0.2396694214876033,121,-0.3100399595745445,-0.003071861703850934,-17.696706624555055,0.28378378378378377,148,-0.31477820577950955,-0.0021470386336177325
KRW-BTC,20,2.0,25,20,50,0.025,0.01,12,True,-24.778369574001907,287,False,-35.80141346795579,0.3821138211382114,123,-0.37024357514563067,-0.0036789140839820385,-13.755325680048026,0.4451219512195122,164,-0.2602172810166287,-0.0014496339336571148
KRW-BTC,20,2.0,25,20,50,0.025,0.01,12,False,-21.46869449529956,278,False,-31.301493593865725,0.2916666666666667,120,-0.3721312006546525,-0.0037131018149309295,-11.635895396733389,0.3860759493670886,158,-0.2612590180194336,-0.0013504431519054429
KRW-BTC,20,2.0,25,20,50,0.025,0.01,24,True,-23.520251908895613,283,False,-33.824228719442644,0.4180327868852459,122,-0.3595875421333581,-0.0035698190285802715,-13.216275098348584,0.484472049689441,161,-0.24719488092072184,-0.0014424458126404023
KRW-BTC,20,2.0,25,20,50,0.025,0.01,24,False,-17.207958526107475,256,False,-19.195335020348523,0.3185840707964602,113,-0.28227636593488437,-0.0027395599029557995,-15.22058203186643,0.3146853146853147,143,-0.3176581589415047,-0.0020779957887549403
KRW-BTC,20,2.0,25,20,50,0.025,0.015,12,True,-23.835834972930773,266,False,-33.38180360883398,0.45614035087719296,114,-0.3727618275758445,-0.004160158505532231,-14.289866337027568,0.47368421052631576,152,-0.2827478968019752,-0.0017337348311858175
KRW-BTC,20,2.0,25,20,50,0.025,0.015,12,False,-21.339010933693537,256,False,-31.56347269609975,0.33636363636363636,110,-0.3827207465883537,-0.004309625473977722,-11.11454917128732,0.3904109589041096,146,-0.27054362632238305,-0.0015087371419821392
KRW-BTC,20,2.0,25,20,50,0.025,0.015,24,True,-23.44456989530265,259,False,-32.61633839174115,0.5,112,-0.37449620786323884,-0.0042536130521526735,-14.272801398864148,0.54421768707483,147,-0.268550437914592,-0.001800026353197483
KRW-BTC,20,2.0,25,20,50,0.025,0.015,24,False,-19.089557297120724,232,False,-24.605932830301025,0.34951456310679613,103,-0.339722522310736,-0.004063637047499629,-13.573181763940424,0.37209302325581395,129,-0.31553397148090384,-0.0021726958492563338
KRW-BTC,20,2.0,25,20,50,0.03,0.008,12,True,-28.203681872291828,294,False,-43.397045194406,0.34375,128,-0.37900858879893445,-0.0037567191749026205,-13.010318550177658,0.42771084337349397,166,-0.24582985324715217,-0.0012883257049440423
KRW-BTC,20,2.0,25,20,50,0.03,0.008,12,False,-23.409391559848842,288,False,-35.94534136227028,0.2755905511811024,127,-0.36677498508157647,-0.0036219919558175707,-10.873441757427406,0.36645962732919257,161,-0.25260891834910076,-0.0012105732727150991
KRW-BTC,20,2.0,25,20,50,0.03,0.008,24,True,-27.98034492038595,291,False,-41.857385493764696,0.3543307086614173,127,-0.37397429200965265,-0.0037213715186137854,-14.103304347007203,0.43902439024390244,164,-0.2514379215541371,-0.0014120290283314318
KRW-BTC,20,2.0,25,20,50,0.03,0.008,24,False,-20.409181580722446,269,False,-22.82402520585455,0.2396694214876033,121,-0.30355067437440786,-0.0029894951902543826,-17.994337955590343,0.27702702702702703,148,-0.32464922044161815,-0.002244657378838386
KRW-BTC,20,2.0,25,20,50,0.03,0.01,12,True,-23.07272086093785,287,False,-33.34255923001548,0.3821138211382114,123,-0.36098259852355896,-0.0035571457912991085,-12.802882491860217,0.4451219512195122,164,-0.25062298603087063,-0.001377267558544516
KRW-BTC,20,2.0,25,20,50,0.03,0.01,12,False,-20.55886467388614,278,False,-30.633590878928732,0.2916666666666667,120,-0.37376477407073805,-0.0036924063296789027,-10.484138468843552,0.3860759493670886,158,-0.2508456003390536,-0.0012515503047212453
KRW-BTC,20,2.0,25,20,50,0.03,0.01,24,True,-21.90594438402079,283,False,-31.513546214704068,0.4180327868852459,122,-0.3501698616354451,-0.0034470526351376455,-12.298342553337507,0.484472049689441,161,-0.23743169749686346,-0.001368730995755519
KRW-BTC,20,2.0,25,20,50,0.03,0.01,24,False,-15.326178609693336,256,False,-15.939722463817297,0.3185840707964602,113,-0.26022517733419376,-0.0024182341091112214,-14.712634755569375,0.3076923076923077,143,-0.32454865189157234,-0.0020787686618397687
KRW-BTC,20,2.0,25,20,50,0.03,0.015,12,True,-23.94108092504574,266,False,-34.81988976597323,0.4473684210526316,114,-0.3883754294990281,-0.004379127803777844,-13.062272084118252,0.47368421052631576,152,-0.273445802983544,-0.0016228099264590657
KRW-BTC,20,2.0,25,20,50,0.03,0.015,12,False,-21.850998094709517,256,False,-34.2029623295756,0.32727272727272727,110,-0.4112251134578303,-0.004650139490066422,-9.499033859843435,0.3904109589041096,146,-0.2566526035420497,-0.0013333257046184179
KRW-BTC,20,2.0,25,20,50,0.03,0.015,24,True,-23.536032591861133,259,False,-34.04025421781019,0.49107142857142855,112,-0.39006663651575507,-0.004476492516438386,-13.031810965912081,0.54421768707483,147,-0.25971818928726326,-0.0016822365810430114
KRW-BTC,20,2.0,25,20,50,0.03,0.015,24,False,-18.347418134747606,232,False,-24.23080318099751,0.33980582524271846,103,-0.3459948807488414,-0.004147352438718688,-12.464033088497704,0.3643410852713178,129,-0.31445090815463295,-0.0020750657640614015
KRW-BTC,20,2.0,25,25,40,0.015,0.008,12,True,-30.939578700291335,241,False,-42.442320081725576,0.34579439252336447,107,-0.31885344930780324,-0.003638766886700467,-19.436837318857094,0.44029850746268656,134,-0.2212907781368972,-0.0017533523322604667
KRW-BTC,20,2.0,25,25,40,0.015,0.008,12,False,-24.71522265332751,239,False,-35.630470664348096,0.2830188679245283,106,-0.3011573376014284,-0.003424061844472839,-13.799974642306918,0.39097744360902253,133,-0.20047985601059523,-0.0013542913707791265
KRW-BTC,20,2.0,25,25,40,0.015,0.008,24,True,-31.314569516499624,237,False,-42.020927957185336,0.3584905660377358,106,-0.31766755178446665,-0.003656023356111667,-20.608211075813912,0.4580152671755725,131,-0.23062267945452067,-0.0018851254644659161
KRW-BTC,20,2.0,25,25,40,0.015,0.008,24,False,-25.287206902516246,228,False,-31.64053273251742,0.2912621359223301,103,-0.28305069478568196,-0.003270967232330307,-18.933881072515067,0.36,125,-0.2497223735367767,-0.0019918071725105015
KRW-BTC,20,2.0,25,25,40,0.015,0.01,12,True,-31.4121505169802,236,False,-43.10750432813412,0.36538461538461536,104,-0.3558762469450104,-0.004162129010806543,-19.716796705826283,0.4621212121212121,132,-0.23690599289801928,-0.0019273463401150125
KRW-BTC,20,2.0,25,25,40,0.015,0.01,12,False,-25.745682735276596,234,False,-38.19366125838318,0.2912621359223301,103,-0.34624717247117714,-0.004051029510423776,-13.297704212170014,0.4198473282442748,131,-0.2068829111970329,-0.0014089706932151147
KRW-BTC,20,2.0,25,25,40,0.015,0.01,24,True,-30.969756100155493,231,False,-43.13763785296014,0.39805825242718446,103,-0.35935628811560166,-0.004253462830704163,-18.801874347350847,0.5078125,128,-0.23041319393963958,-0.0019189732210253968
KRW-BTC,20,2.0,25,25,40,0.015,0.01,24,False,-26.28086025670683,220,False,-33.439617052503884,0.3333333333333333,99,-0.3224279769341284,-0.0038476474304265963,-19.122103460909777,0.3884297520661157,121,-0.2652470471177837,-0.0022209497322278004
KRW-BTC,20,2.0,25,25,40,0.015,0.015,12,True,-31.364241583176938,218,False,-40.74836682004779,0.4421052631578947,95,-0.35913877486915347,-0.004786087410869436,-21.980116346306083,0.4878048780487805,123,-0.27430010496099844,-0.002465406710434005
KRW-BTC,20,2.0,25,25,40,0.015,0.015,12,False,-24.8246642863238,215,False,-36.73211939878028,0.34408602150537637,93,-0.358084368606516,-0.004657487747859984,-12.917209173867322,0.4426229508196721,122,-0.199292495904345,-0.0015913552629029063
KRW-BTC,20,2.0,25,25,40,0.015,0.015,24,True,-30.22685183748166,212,False,-39.447983303272295,0.5,94,-0.35703264682617136,-0.004798367658258121,-21.005720371691027,0.5677966101694916,118,-0.2717213585091283,-0.002533423391938134
KRW-BTC,20,2.0,25,25,40,0.015,0.015,24,False,-25.092697383474743,200,False,-32.12954068814587,0.39325842696629215,89,-0.34905795606627177,-0.004471014173061135,-18.055854078803616,0.46846846846846846,111,-0.27324895872399785,-0.0024994317117829944
KRW-BTC,20,2.0,25,25,40,0.02,0.008,12,True,-33.72576685634503,241,False,-47.59192009609354,0.3364485981308411,107,-0.3408424967760353,-0.003946352918408486,-19.859613616596533,0.43283582089552236,134,-0.23504063490559943,-0.0018291103578466298
KRW-BTC,20,2.0,25,25,40,0.02,0.008,12,False,-25.93176570732162,239,False,-36.712350758036784,0.2641509433962264,106,-0.316410661419167,-0.003629239131995865,-15.151180656606458,0.37593984962406013,133,-0.22093980916270486,-0.0015299787500617553
KRW-BTC,20,2.0,25,25,40,0.02,0.008,24,True,-33.7587342248584,237,False,-46.49742613764059,0.3490566037735849,106,-0.3380203468859656,-0.003942283142896236,-21.02004231207621,0.45038167938931295,131,-0.24536717494274105,-0.0019626781998285736
KRW-BTC,20,2.0,25,25,40,0.02,0.008,24,False,-23.48911897425225,224,False,-26.31513047752393,0.2647058823529412,102,-0.26937047378861684,-0.0030253017994261396,-20.663107470980567,0.30327868852459017,122,-0.2902454017190558,-0.0023485060740421515
KRW-BTC,20,2.0,25,25,40,0.02,0.01,12,True,-33.25703855154671,236,False,-46.784474558885734,0.3557692307692308,104,-0.37792682302765446,-0.004449784831890754,-19.72960254420768,0.45454545454545453,132,-0.24263962179306148,-0.00198155903275551
KRW-BTC,20,2.0,25,25,40,0.02,0.01,12,False,-26.364535398051675,233,False,-38.43728483998082,0.27450980392156865,102,-0.35924393806908483,-0.0042354061104752806,-14.291785956122533,0.40458015267175573,131,-0.22212452419131404,-0.0015644739103493853
KRW-BTC,20,2.0,25,25,40,0.02,0.01,24,True,-32.49700747945438,231,False,-46.25975530553784,0.3883495145631068,103,-0.37971867400686865,-0.00451897775690964,-18.734259653370927,0.5,128,-0.2364119473778662,-0.0019650224749196386
KRW-BTC,20,2.0,25,25,40,0.02,0.01,24,False,-24.583840504576088,215,False,-28.07326694361088,0.30927835051546393,97,-0.3030563747119777,-0.0035752212845333795,-21.094414065541297,0.3220338983050847,118,-0.30383583773718054,-0.002642372900805439
KRW-BTC,20,2.0,25,25,40,0.02,0.015,12,True,-31.295429848311677,218,False,-42.9473354110348,0.4421052631578947,95,-0.3693979217469067,-0.004957191871714116,-19.64352428558856,0.4878048780487805,123,-0.2591264615036922,-0.0022800496000969766
KRW-BTC,20,2.0,25,25,40,0.02,0.015,12,False,-24.617296093190323,214,False,-37.938955802163406,0.32608695652173914,92,-0.3787200783256188,-0.004885928801268389,-11.295636384217238,0.4344262295081967,122,-0.19031413840462977,-0.001451424486709836
KRW-BTC,20,2.0,25,25,40,0.02,0.015,24,True,-29.924693044907883,212,False,-41.14918217067521,0.5,94,-0.36572104476450173,-0.004943971443222493,-18.70020391914056,0.5677966101694916,118,-0.25556814430601077,-0.0023295191927725652
KRW-BTC,20,2.0,25,25,40,0.02,0.015,24,False,-22.649337026231855,195,False,-26.605135486167725,0.367816091954023,87,-0.34640712385036676,-0.004083051701081892,-18.693538566295985,0.39814814814814814,108,-0.29849848815985486,-0.002778699606917953
KRW-BTC,20,2.0,25,25,40,0.025,0.008,12,True,-34.33828496788564,241,False,-49.77372619321037,0.3364485981308411,107,-0.34608582477609395,-0.0040221847839390056,-18.90284374256091,0.43283582089552236,134,-0.22752265191051138,-0.0017727582523101074
KRW-BTC,20,2.0,25,25,40,0.025,0.008,12,False,-25.05829526065176,239,False,-36.896189902233814,0.2641509433962264,106,-0.3207646636129397,-0.0036883842159236443,-13.220400619069707,0.37593984962406013,133,-0.2039532127564614,-0.0013867762538924786
KRW-BTC,20,2.0,25,25,40,0.025,0.008,24,True,-34.31546743540941,237,False,-48.594115341443775,0.3490566037735849,106,-0.3432861239326731,-0.0040188304033845915,-20.03681952937504,0.45038167938931295,131,-0.23795068067494943,-0.0019050355880583906
KRW-BTC,20,2.0,25,25,40,0.025,0.008,24,False,-21.47323482893877,222,False,-25.476829437408604,0.2376237623762376,101,-0.271365528716754,-0.003157009954083807,-17.46964022046894,0.2892561983471074,121,-0.28160929859322115,-0.0021684561132632625
KRW-BTC,20,2.0,25,25,40,0.025,0.01,12,True,-33.862629585649316,236,False,-49.405083962068474,0.3557692307692308,104,-0.3828751603991495,-0.00456072031556962,-18.320175209230154,0.45454545454545453,132,-0.23519632126714246,-0.0018865311377411623
KRW-BTC,20,2.0,25,25,40,0.025,0.01,12,False,-24.944842064003332,233,False,-37.7764151847636,0.27450980392156865,102,-0.3633251212325192,-0.0042479245310276794,-12.113268943243067,0.40458015267175573,131,-0.20516375926289956,-0.0013809744295057694
KRW-BTC,20,2.0,25,25,40,0.025,0.01,24,True,-33.0845203887838,231,False,-48.78470997278068,0.3883495145631068,103,-0.384652757937622,-0.004630990284119369,-17.384330804786927,0.5,128,-0.22890744157427023,-0.0018670249581860927
KRW-BTC,20,2.0,25,25,40,0.025,0.01,24,False,-20.78951721250459,213,False,-25.52989597922261,0.2916666666666667,96,-0.300375958981559,-0.00351101655191798,-16.04913844578658,0.3162393162393162,117,-0.27277185673108123,-0.0022109863700332704
KRW-BTC,20,2.0,25,25,40,0.025,0.015,12,True,-30.140617428166216,218,False,-42.37423027483668,0.4421052631578947,95,-0.3676292404254428,-0.0049270132063290025,-17.90700458149576,0.4878048780487805,123,-0.24997611978092674,-0.0021374790135775144
KRW-BTC,20,2.0,25,25,40,0.025,0.015,12,False,-22.853432149512365,214,False,-36.969390332590756,0.32608695652173914,92,-0.3633426069458547,-0.004866861602616283,-8.737473966433974,0.4344262295081967,122,-0.16725056544226768,-0.001172543896623659
KRW-BTC,20,2.0,25,25,40,0.025,0.015,24,True,-28.84210177966625,212,False,-40.616758358520656,0.5,94,-0.3639420507214898,-0.004913471728205622,-17.067445200811843,0.5677966101694916,118,-0.24637385470736026,-0.0021809074797056686
KRW-BTC,20,2.0,25,25,40,0.025,0.015,24,False,-19.260396488148686,193,False,-25.202156772948133,0.3488372093023256,86,-0.309610351460175,-0.004096340824234812,-13.318636203349236,0.3925233644859813,107,-0.2511977575288431,-0.0021682940237942993
KRW-BTC,20,2.0,25,25,40,0.03,0.008,12,True,-34.12406759804807,241,False,-49.77372619321037,0.3364485981308411,107,-0.34608582477609395,-0.0040221847839390056,-18.47440900288577,0.43283582089552236,134,-0.22508294377427276,-0.0017485721593541992
KRW-BTC,20,2.0,25,25,40,0.03,0.008,12,False,-25.103855797059392,239,False,-38.25690158005061,0.2641509433962264,106,-0.3269044347026311,-0.003774854400716562,-11.950810014068175,0.37593984962406013,133,-0.1979850744085214,-0.0012912923158882243
KRW-BTC,20,2.0,25,25,40,0.03,0.008,24,True,-34.09494449316246,237,False,-48.594115341443775,0.3490566037735849,106,-0.3432861239326731,-0.0040188304033845915,-19.595773644881138,0.45038167938931295,131,-0.2355439072864865,-0.0018802956151111258
KRW-BTC,20,2.0,25,25,40,0.03,0.008,24,False,-19.638565426451827,222,False,-24.038541925914814,0.2376237623762376,101,-0.26732887015440426,-0.003097223452170221,-15.23858892698884,0.2892561983471074,121,-0.2667293484600823,-0.001996022139031978
KRW-BTC,20,2.0,25,25,40,0.03,0.01,12,True,-33.90483001711755,236,False,-49.405083962068474,0.3557692307692308,104,-0.3828751603991495,-0.00456072031556962,-18.404576072166613,0.45454545454545453,132,-0.23405026096464548,-0.0018946313696596082
KRW-BTC,20,2.0,25,25,40,0.03,0.01,12,False,-25.012114751223542,233,False,-38.05102942941574,0.27450980392156865,102,-0.36908017813957383,-0.004288839625028163,-11.973200073031345,0.40458015267175573,131,-0.19920469664912774,-0.0013795053884627442
KRW-BTC,20,2.0,25,25,40,0.03,0.01,24,True,-33.125978564061086,231,False,-48.78470997278068,0.3883495145631068,103,-0.384652757937622,-0.004630990284119369,-17.467247155341493,0.5,128,-0.22657145670454995,-0.0018753783223519902
KRW-BTC,20,2.0,25,25,40,0.03,0.01,24,False,-19.76606528755223,213,False,-23.67476902323654,0.2916666666666667,96,-0.2965000191421649,-0.0033961109613630616,-15.857361551867921,0.3076923076923077,117,-0.27701041270889765,-0.002259469807657286
KRW-BTC,20,2.0,25,25,40,0.03,0.015,12,True,-32.47628574048926,218,False,-47.46713914693272,0.43157894736842106,95,-0.392307123725913,-0.005347434258960582,-17.485432334045804,0.4878048780487805,123,-0.2507759211929994,-0.002105582514498123
KRW-BTC,20,2.0,25,25,40,0.03,0.015,12,False,-24.758591399549726,214,False,-41.57669521702286,0.31521739130434784,92,-0.393718090935046,-0.005346354424225514,-7.940487582076591,0.4344262295081967,122,-0.1631549315144283,-0.0010891222214053278
KRW-BTC,20,2.0,25,25,40,0.03,0.015,24,True,-31.059767253335714,212,False,-45.44637785296373,0.48936170212765956,94,-0.3887638243518706,-0.005338365345226898,-16.673156653707704,0.5677966101694916,118,-0.2471774974593802,-0.002147659434055116
KRW-BTC,20,2.0,25,25,40,0.03,0.015,24,False,-19.574502132969812,193,False,-26.73965200637931,0.3372093023255814,86,-0.3364666703223986,-0.004432492723150254,-12.409352259560311,0.38317757009345793,107,-0.23974874794994064,-0.0021025721580067583
KRW-BTC,20,2.0,25,25,45,0.015,0.008,12,True,-31.146627198369924,275,False,-45.19402392431841,0.35,120,-0.35964881231546864,-0.003756513871276753,-17.09923047242144,0.45161290322580644,155,-0.22635249895151288,-0.0014899750089262453
KRW-BTC,20,2.0,25,25,45,0.015,0.008,12,False,-26.241425335110193,269,False,-38.64616775362763,0.2857142857142857,119,-0.34821800291913957,-0.0036318077734123007,-13.836682916592753,0.38666666666666666,150,-0.21914151788705372,-0.0013239611331941092
KRW-BTC,20,2.0,25,25,45,0.015,0.008,24,True,-31.100678885503854,272,False,-44.08043816176644,0.36134453781512604,119,-0.35680292782012196,-0.0037497193753800377,-18.120919609241266,0.46405228758169936,153,-0.23758365291954162,-0.0015946584486026558
KRW-BTC,20,2.0,25,25,45,0.015,0.008,24,False,-25.408071372789696,256,False,-35.12521874412078,0.2782608695652174,115,-0.33672066154242947,-0.003600450882560775,-15.690924001458614,0.3617021276595745,141,-0.2372835612370324,-0.0016385258221234612
KRW-BTC,20,2.0,25,25,45,0.015,0.01,12,True,-29.944685292436358,268,False,-41.88470651557142,0.3793103448275862,116,-0.3755261926775846,-0.003995174670729565,-18.004664069301292,0.46710526315789475,152,-0.23964010464759775,-0.0016950587172828348
KRW-BTC,20,2.0,25,25,45,0.015,0.01,12,False,-26.899046627305708,261,False,-38.252844544719984,0.30434782608695654,115,-0.37558587917708425,-0.004022522038500419,-15.545248709891434,0.4041095890410959,146,-0.23251796754863455,-0.0015844420085050917
KRW-BTC,20,2.0,25,25,45,0.015,0.01,24,True,-28.346167976715435,264,False,-39.954117198696494,0.41739130434782606,115,-0.3672667503185074,-0.00391419620523679,-16.738218754734373,0.5100671140939598,149,-0.22915227002698485,-0.001635161966049712
KRW-BTC,20,2.0,25,25,45,0.015,0.01,24,False,-23.38719455501165,245,False,-29.890646750570117,0.34545454545454546,110,-0.32641783585864004,-0.0035089180666898734,-16.883742359453183,0.3851851851851852,135,-0.25977417352817866,-0.0019316419404085822
KRW-BTC,20,2.0,25,25,45,0.015,0.015,12,True,-30.123497672290775,250,False,-40.4317947640694,0.4485981308411215,107,-0.38817768771507005,-0.004676934405316755,-19.81520058051215,0.4965034965034965,143,-0.27593082777312095,-0.002133281507313127
KRW-BTC,20,2.0,25,25,45,0.015,0.015,12,False,-26.9651122164871,241,False,-37.07914247862088,0.34615384615384615,104,-0.3935880959138956,-0.0046304634810693,-16.851081954353315,0.40875912408759124,137,-0.2682503202674727,-0.001993405675690566
KRW-BTC,20,2.0,25,25,45,0.015,0.015,24,True,-28.33899502189051,244,False,-38.242016339180445,0.5047619047619047,105,-0.3795955914837781,-0.004629268488782747,-18.43597370460058,0.5683453237410072,139,-0.26827801129845086,-0.0021137263818025694
KRW-BTC,20,2.0,25,25,45,0.015,0.015,24,False,-23.75873916836084,222,False,-30.570986866646795,0.3979591836734694,98,-0.34244199476182735,-0.004293766533912576,-16.946491470074886,0.45161290322580644,124,-0.291683691991597,-0.002282515258436253
KRW-BTC,20,2.0,25,25,45,0.02,0.008,12,True,-32.43120505686197,275,False,-48.51775740585207,0.3416666666666667,120,-0.37551019629844234,-0.0039657179437104385,-16.34465270787186,0.44516129032258067,155,-0.23611822453474376,-0.0014792293879368216
KRW-BTC,20,2.0,25,25,45,0.02,0.008,12,False,-26.25411767116243,269,False,-38.08495131746634,0.2689075630252101,119,-0.35613743899767486,-0.0037308908280727507,-14.42328402485852,0.36666666666666664,150,-0.24647210510057163,-0.001451948842457409
KRW-BTC,20,2.0,25,25,45,0.02,0.008,24,True,-31.962006257020654,272,False,-46.591307460953594,0.35294117647058826,119,-0.3704475384951185,-0.003929750266568638,-17.33270505308771,0.45751633986928103,153,-0.24721342612722852,-0.001583823557430117
KRW-BTC,20,2.0,25,25,45,0.02,0.008,24,False,-23.00891595633565,253,False,-27.016852478502084,0.2543859649122807,114,-0.3057111079438456,-0.003152406361488832,-19.000979434169217,0.302158273381295,139,-0.29762621918475135,-0.0021312162333193218
KRW-BTC,20,2.0,25,25,45,0.02,0.01,12,True,-29.991464852401325,268,False,-43.02428036553097,0.3706896551724138,116,-0.3892281512269897,-0.004142730607729928,-16.95864933927168,0.4605263157894737,152,-0.2425554458381346,-0.001664393774826514
KRW-BTC,20,2.0,25,25,45,0.02,0.01,12,False,-26.223161318947273,260,False,-36.46739765659997,0.2894736842105263,114,-0.37890085755051356,-0.004056096571487111,-15.978924981294577,0.3835616438356164,146,-0.2582213201553074,-0.0017052317013675836
KRW-BTC,20,2.0,25,25,45,0.02,0.01,24,True,-28.10817721939111,264,False,-40.540181210142,0.40869565217391307,115,-0.3788933539520004,-0.004031028170901513,-15.676173228640213,0.5033557046979866,149,-0.23232532093234481,-0.0015954113473688836
KRW-BTC,20,2.0,25,25,45,0.02,0.01,24,False,-22.018623889728566,240,False,-22.95535598240041,0.32407407407407407,108,-0.29035461674779045,-0.0030324286042364666,-21.081891797056727,0.3181818181818182,132,-0.3250202250360368,-0.002591264028100562
KRW-BTC,20,2.0,25,25,45,0.02,0.015,12,True,-28.721510620004736,250,False,-40.6436813182945,0.4485981308411215,107,-0.39030962818004067,-0.004709226060265623,-16.79933992171497,0.4965034965034965,143,-0.25213852777233775,-0.0018912110789679455
KRW-BTC,20,2.0,25,25,45,0.02,0.015,12,False,-25.57701579852291,240,False,-36.35309040969371,0.3300970873786408,103,-0.40062512151085355,-0.004689095943923041,-14.80094118735211,0.39416058394160586,137,-0.2535980374965626,-0.0018458027595094114
KRW-BTC,20,2.0,25,25,45,0.02,0.015,24,True,-26.761442278282534,244,False,-38.00067421434194,0.5047619047619047,105,-0.3795030717557484,-0.004627119864391603,-15.522210342223126,0.5683453237410072,139,-0.24329333151723712,-0.0018556124092598092
KRW-BTC,20,2.0,25,25,45,0.02,0.015,24,False,-21.078801088080972,217,False,-23.897835538256327,0.375,96,-0.32661925309691636,-0.003736758227596499,-18.259766637905617,0.3884297520661157,121,-0.315801996035783,-0.002665557852436913
KRW-BTC,20,2.0,25,25,45,0.025,0.008,12,True,-32.54974793363806,275,False,-50.52515894311088,0.3416666666666667,120,-0.38047775694591085,-0.004033334690475152,-14.574336924165236,0.44516129032258067,155,-0.2248295125867033,-0.0013660927289568608
KRW-BTC,20,2.0,25,25,45,0.025,0.008,12,False,-24.660846241226427,269,False,-36.94208107023346,0.2689075630252101,119,-0.354260139775836,-0.0037045630056353547,-12.379611412219388,0.36666666666666664,150,-0.23100518652322044,-0.0012999807313962156
KRW-BTC,20,2.0,25,25,45,0.025,0.008,24,True,-31.99722483893848,272,False,-48.469247323535996,0.35294117647058826,119,-0.37545537051215383,-0.003997935221289358,-15.525202354340959,0.45751633986928103,153,-0.2360886800425001,-0.0014692079878752546
KRW-BTC,20,2.0,25,25,45,0.025,0.008,24,False,-20.87105075461954,251,False,-25.73617372539997,0.23008849557522124,113,-0.30532831744193406,-0.003234380870298606,-16.00592778383911,0.2898550724637681,138,-0.2871717714435576,-0.0019518829801629042
KRW-BTC,20,2.0,25,25,45,0.025,0.01,12,True,-29.737486078779494,268,False,-44.12692210583028,0.3706896551724138,116,-0.3911164273919564,-0.004199151213786842,-15.348050051728706,0.4605263157894737,152,-0.23173750398467835,-0.0015522987299462691
KRW-BTC,20,2.0,25,25,45,0.025,0.01,12,False,-25.048264655636093,259,False,-37.009807668369874,0.2743362831858407,113,-0.3900597579044189,-0.004206759104807473,-13.08672164290231,0.3835616438356164,146,-0.23459848947809855,-0.0014721944959531074
KRW-BTC,20,2.0,25,25,45,0.025,0.01,24,True,-27.856827297191685,264,False,-41.569724985393826,0.40869565217391307,115,-0.3808135814117161,-0.004087939390924141,-14.143929608989545,0.5033557046979866,149,-0.22136127083139243,-0.0014810593552762846
KRW-BTC,20,2.0,25,25,45,0.025,0.01,24,False,-19.602773292747774,237,False,-22.880670956787093,0.3018867924528302,106,-0.30306883577783084,-0.003205731520865896,-16.324875628708455,0.31297709923664124,131,-0.2939839468736116,-0.002195472289649366
KRW-BTC,20,2.0,25,25,45,0.025,0.015,12,True,-27.157380276048805,250,False,-39.361102202955905,0.4485981308411215,107,-0.385602538182566,-0.004635773039596595,-14.953658349141707,0.4965034965034965,143,-0.23956242884529533,-0.0017371485137805535
KRW-BTC,20,2.0,25,25,45,0.025,0.015,12,False,-24.098112063877984,239,False,-36.59986194586438,0.3137254901960784,102,-0.39931300702968175,-0.004832495987700478,-11.596362181891589,0.39416058394160586,137,-0.22605261977031058,-0.0015245733289217219
KRW-BTC,20,2.0,25,25,45,0.025,0.015,24,True,-25.311117812613105,244,False,-36.827346996938694,0.5047619047619047,105,-0.37471255017397603,-0.004552267738566976,-13.794888628287518,0.5683453237410072,139,-0.23056849105548072,-0.0016971163889591104
KRW-BTC,20,2.0,25,25,45,0.025,0.015,24,False,-19.836641432482203,214,False,-25.015321904219494,0.35106382978723405,94,-0.31470330619171205,-0.004072608833076503,-14.65796096074491,0.375,120,-0.28968810440044923,-0.0023122641435847757
KRW-BTC,20,2.0,25,25,45,0.03,0.008,12,True,-32.17755439733796,275,False,-50.52515894311088,0.3416666666666667,120,-0.38047775694591085,-0.004033334690475152,-13.829949851565036,0.44516129032258067,155,-0.21858803677579597,-0.0013188017837522984
KRW-BTC,20,2.0,25,25,45,0.03,0.008,12,False,-25.637987094663348,269,False,-39.771891568276864,0.2689075630252101,119,-0.36527426324943585,-0.003851508734792977,-11.504082621049834,0.36666666666666664,150,-0.2214605450469701,-0.001237330270329686
KRW-BTC,20,2.0,25,25,45,0.03,0.008,24,True,-31.61639325147167,272,False,-48.469247323535996,0.35294117647058826,119,-0.37545537051215383,-0.003997935221289358,-14.763539179407344,0.45751633986928103,153,-0.22993786018724063,-0.0014212988603804365
KRW-BTC,20,2.0,25,25,45,0.03,0.008,24,False,-20.68876062108177,251,False,-24.593168187960387,0.23008849557522124,113,-0.3021986269433756,-0.0031903645150315016,-16.784353054203155,0.2826086956521739,138,-0.3008509558369928,-0.002092753083732882
KRW-BTC,20,2.0,25,25,45,0.03,0.01,12,True,-28.812334064017886,268,False,-42.97759453049878,0.3706896551724138,116,-0.38814626362313726,-0.0041561124206833935,-14.647073597536997,0.4605263157894737,152,-0.22555164956533852,-0.0015040744108231956
KRW-BTC,20,2.0,25,25,45,0.03,0.01,12,False,-25.13509514324942,259,False,-37.7715063692581,0.2743362831858407,113,-0.39753869232448785,-0.004273144430203552,-12.498683917240738,0.3835616438356164,146,-0.22757717669477878,-0.0014302509923842482
KRW-BTC,20,2.0,25,25,45,0.03,0.01,24,True,-26.993950380463357,264,False,-40.50967768158869,0.40869565217391307,115,-0.37779315985762696,-0.004044526347445878,-13.478223079338024,0.5033557046979866,149,-0.2150918696190753,-0.0014318640767077802
KRW-BTC,20,2.0,25,25,45,0.03,0.01,24,False,-18.426764810469752,237,False,-19.999371759046657,0.3018867924528302,106,-0.28861375193894906,-0.0029573842123334707,-16.854157861892848,0.3053435114503817,131,-0.30450616199937514,-0.0023106480213373848
KRW-BTC,20,2.0,25,25,45,0.03,0.015,12,True,-28.32446122786028,250,False,-42.72191742117114,0.4392523364485981,107,-0.4066989221778678,-0.0049623851891293065,-13.927005034549415,0.4965034965034965,143,-0.23411616888841436,-0.0016509765102371461
KRW-BTC,20,2.0,25,25,45,0.03,0.015,12,False,-25.821601724716643,239,False,-41.2165374257732,0.30392156862745096,102,-0.4298324909474018,-0.00529760914230594,-10.426666023660092,0.39416058394160586,137,-0.21514292675265753,-0.0014069912010308207
KRW-BTC,20,2.0,25,25,45,0.03,0.015,24,True,-26.427228863180876,244,False,-40.020819062386146,0.49523809523809526,105,-0.3961828604678235,-0.0048851010719003106,-12.833638663975606,0.5683453237410072,139,-0.22505781644432915,-0.0016084646155295618
KRW-BTC,20,2.0,25,25,45,0.03,0.015,24,False,-19.948944553951808,214,False,-25.526701364352444,0.3404255319148936,94,-0.32778750290579783,-0.004270562931965474,-14.371187743551172,0.36666666666666664,120,-0.28239560808052927,-0.0023321243020002235
KRW-BTC,20,2.0,25,25,50,0.015,0.008,12,True,-31.408768966334563,280,False,-44.79344928145658,0.3524590163934426,122,-0.3619880267906501,-0.0037244163117198304,-18.024088651212548,0.43670886075949367,158,-0.23853769758091117,-0.0015617705350329332
KRW-BTC,20,2.0,25,25,50,0.015,0.008,12,False,-26.693055121075687,274,False,-38.32857919771898,0.2892561983471074,121,-0.3503143126041571,-0.0035978621751907645,-15.057531044432395,0.38562091503267976,153,-0.2355385038904483,-0.0014360115355396483
KRW-BTC,20,2.0,25,25,50,0.015,0.008,24,True,-31.09963025391643,277,False,-43.704257077657076,0.36363636363636365,121,-0.35915253836285904,-0.0037174688524531686,-18.495003430175785,0.4551282051282051,156,-0.24419414954716884,-0.0016194344016417516
KRW-BTC,20,2.0,25,25,50,0.015,0.008,24,False,-25.767970012437758,261,False,-35.08496247172659,0.28205128205128205,117,-0.3401018156486536,-0.0035821147765625625,-16.450977553148928,0.3611111111111111,144,-0.2486561371421612,-0.0017081146349468854
KRW-BTC,20,2.0,25,25,50,0.015,0.01,12,True,-30.32805568609726,273,False,-41.68426713740362,0.3813559322033898,118,-0.37906182734583255,-0.003974867688824055,-18.9718442347909,0.45161290322580644,155,-0.2531248578560831,-0.0017771583430879123
KRW-BTC,20,2.0,25,25,50,0.015,0.01,12,False,-27.249525642293804,266,False,-38.069737216882146,0.3076923076923077,117,-0.3788490167363457,-0.003997805406748433,-16.429314067705462,0.40268456375838924,149,-0.24539814672903112,-0.0016655410919220353
KRW-BTC,20,2.0,25,25,50,0.015,0.01,24,True,-28.496945308129717,269,False,-39.789005924021644,0.4188034188034188,117,-0.3708491481502424,-0.003895099906656749,-17.204884692237794,0.5,152,-0.2373765240672918,-0.0016729286642191714
KRW-BTC,20,2.0,25,25,50,0.015,0.01,24,False,-23.6836810797046,250,False,-30.020963129181546,0.3482142857142857,112,-0.3312026158073619,-0.0035092282562430056,-17.346399030227655,0.38405797101449274,138,-0.26794001148738344,-0.0019695339840800625
KRW-BTC,20,2.0,25,25,50,0.015,0.015,12,True,-30.40379016620021,253,False,-40.03652992455219,0.4537037037037037,108,-0.3900884523198929,-0.0046529335214616566,-20.771050407848232,0.47586206896551725,145,-0.28831412432941506,-0.002222515893354281
KRW-BTC,20,2.0,25,25,50,0.015,0.015,12,False,-27.196040924470907,244,False,-36.712364078034796,0.3523809523809524,105,-0.3984661355588485,-0.004602020130148411,-17.679717770907022,0.4028776978417266,139,-0.27981960212695045,-0.0020790154981059315
KRW-BTC,20,2.0,25,25,50,0.015,0.015,24,True,-28.727577950986216,247,False,-38.70846481515345,0.5,106,-0.38717775582666303,-0.004700155420375916,-18.74669108681898,0.5531914893617021,141,-0.2736408867498334,-0.0021357464896896395
KRW-BTC,20,2.0,25,25,50,0.015,0.015,24,False,-24.233802798926348,225,False,-31.225176376441212,0.3939393939393939,99,-0.35428206862246714,-0.004387786418664778,-17.24242922141148,0.4444444444444444,126,-0.29683342231227505,-0.0023040909473808708
KRW-BTC,20,2.0,25,25,50,0.02,0.008,12,True,-32.64474780079619,280,False,-48.04798474805273,0.3442622950819672,122,-0.3777914688509365,-0.0039301908091955865,-17.241510853539655,0.43037974683544306,158,-0.2481496098243054,-0.0015512289448217898
KRW-BTC,20,2.0,25,25,50,0.02,0.008,12,False,-26.67995978357626,274,False,-37.78470089771145,0.2727272727272727,121,-0.3582082776039795,-0.003695307493410546,-15.575218669441067,0.3660130718954248,153,-0.2622951852474375,-0.0015614896818762166
KRW-BTC,20,2.0,25,25,50,0.02,0.008,24,True,-31.93322691109148,277,False,-46.165859410260516,0.35537190082644626,121,-0.3727473050281722,-0.0038945240264320414,-17.70059441192245,0.44871794871794873,156,-0.25374042823960974,-0.0016088078737609925
KRW-BTC,20,2.0,25,25,50,0.02,0.008,24,False,-23.365967375689642,258,False,-27.062695926065224,0.25862068965517243,116,-0.31229852095167404,-0.003141637091147048,-19.669238825314064,0.3028169014084507,142,-0.30809904857472664,-0.002191376217917811
KRW-BTC,20,2.0,25,25,50,0.02,0.01,12,True,-30.351115898060385,273,False,-42.805087272779126,0.3728813559322034,118,-0.3926862083906218,-0.004119922677739665,-17.897144523341645,0.44516129032258067,155,-0.2559884963506809,-0.001747086915646875
KRW-BTC,20,2.0,25,25,50,0.02,0.01,12,False,-26.565428728771497,265,False,-36.315733004289754,0.29310344827586204,116,-0.38214667130162044,-0.004030587994065079,-16.81512445325324,0.3825503355704698,149,-0.2706701357687245,-0.0017838987775456849
KRW-BTC,20,2.0,25,25,50,0.02,0.01,24,True,-28.25144809728105,269,False,-40.36643317025285,0.41025641025641024,117,-0.38240992448658057,-0.004009934744703273,-16.136463024309254,0.4934210526315789,152,-0.2405157213648453,-0.0016339625972228325
KRW-BTC,20,2.0,25,25,50,0.02,0.01,24,False,-22.301843497701018,245,False,-23.146561313453372,0.32727272727272727,110,-0.2956568063613758,-0.0030414078783715355,-21.457125681948664,0.31851851851851853,135,-0.3324662979383667,-0.0026153398485715866
KRW-BTC,20,2.0,25,25,50,0.02,0.015,12,True,-28.986968986674945,253,False,-40.246166671403145,0.4537037037037037,108,-0.3916513219532479,-0.004684926179605442,-17.72777130194675,0.47586206896551725,145,-0.26492872896974584,-0.0019837843674690332
KRW-BTC,20,2.0,25,25,50,0.02,0.015,12,False,-25.802514602192204,243,False,-36.0074422479345,0.33653846153846156,104,-0.4054465545990855,-0.004659815325562012,-15.597586956449913,0.38848920863309355,139,-0.2653989783426539,-0.0019335363648914112
KRW-BTC,20,2.0,25,25,50,0.02,0.015,24,True,-27.15277726406727,247,False,-38.46804847251577,0.5,106,-0.3870863668123626,-0.004698027066026199,-15.837506055618773,0.5531914893617021,141,-0.24883932258893396,-0.001881293708246777
KRW-BTC,20,2.0,25,25,50,0.02,0.015,24,False,-21.53773210311397,220,False,-24.556605095711582,0.3711340206185567,97,-0.33874423327532244,-0.0038384590203468494,-18.51885911051636,0.3821138211382114,123,-0.32077637706658096,-0.002681431442835454
KRW-BTC,20,2.0,25,25,50,0.025,0.008,12,True,-32.7321730097228,280,False,-50.005936875035204,0.3442622950819672,122,-0.3827408829094771,-0.003996699084701862,-15.458409144410389,0.43037974683544306,158,-0.23703869874445255,-0.001440240450252841
KRW-BTC,20,2.0,25,25,50,0.025,0.008,12,False,-25.08729021225379,274,False,-36.664156181480614,0.2727272727272727,121,-0.3563370162913772,-0.0036694148415919495,-13.510424243026964,0.3660130718954248,153,-0.2471530513183145,-0.0014125013376985757
KRW-BTC,20,2.0,25,25,50,0.025,0.008,24,True,-31.950709632824736,277,False,-48.000002289518676,0.35537190082644626,121,-0.37773684334423857,-0.00396158195710779,-15.901416976130797,0.44871794871794873,156,-0.24271213876518166,-0.0014963964497744931
KRW-BTC,20,2.0,25,25,50,0.025,0.008,24,False,-21.219459188798368,256,False,-25.78370912606871,0.23478260869565218,115,-0.30886949817194237,-0.003222092310496288,-16.655209251528024,0.2907801418439716,141,-0.29780048314370816,-0.0020162852324498172
KRW-BTC,20,2.0,25,25,50,0.025,0.01,12,True,-30.081490670490574,273,False,-43.886169546029436,0.3728813559322034,118,-0.3945637935472659,-0.0041753870023379875,-16.276811794951715,0.44516129032258067,155,-0.24536240743030205,-0.0016371614522804412
KRW-BTC,20,2.0,25,25,50,0.025,0.01,12,False,-25.381032122144,264,False,-36.848848079979355,0.2782608695652174,115,-0.39324725614719425,-0.004178408495697939,-13.913216164308643,0.3825503355704698,149,-0.24744375253784637,-0.0015555535964012989
KRW-BTC,20,2.0,25,25,50,0.025,0.01,24,True,-27.99386986206795,269,False,-41.37706065028299,0.41025641025641024,117,-0.3843192800367014,-0.004065873123357992,-14.610679073852907,0.4934210526315789,152,-0.22966864784673124,-0.0015218675523425878
KRW-BTC,20,2.0,25,25,50,0.025,0.01,24,False,-19.888351276519703,242,False,-23.05816870955779,0.3055555555555556,108,-0.30801947496890936,-0.0032116677645844024,-16.718533843481616,0.31343283582089554,134,-0.3017723980195368,-0.0022285887894922165
KRW-BTC,20,2.0,25,25,50,0.025,0.015,12,True,-27.426783253059234,253,False,-38.99079475538149,0.4537037037037037,108,-0.3869545904485942,-0.004612153279498165,-15.862771750736977,0.47586206896551725,145,-0.252567711099194,-0.0018318468031807774
KRW-BTC,20,2.0,25,25,50,0.025,0.015,12,False,-24.314595800373215,242,False,-36.25726548142864,0.32038834951456313,103,-0.4041449949015758,-0.0048015388580565505,-12.371926119317791,0.38848920863309355,139,-0.2382890656947613,-0.0016169289404992283
KRW-BTC,20,2.0,25,25,50,0.025,0.015,24,True,-25.706923870041688,247,False,-37.30225403477383,0.5,106,-0.3823543917551197,-0.0046238810923319934,-14.111593705309545,0.5531914893617021,141,-0.23620774396102795,-0.0017250458584467975
KRW-BTC,20,2.0,25,25,50,0.025,0.015,24,False,-20.28589389531575,217,False,-25.65390313823551,0.3473684210526316,95,-0.3240600159189328,-0.004172915425616545,-14.917884652395985,0.36885245901639346,122,-0.2948523434057492,-0.0023340595455251427
KRW-BTC,20,2.0,25,25,50,0.03,0.008,12,True,-32.35623522789081,280,False,-50.005936875035204,0.3442622950819672,122,-0.3827408829094771,-0.003996699084701862,-14.706533580746402,0.43037974683544306,158,-0.23089552819840212,-0.0013938474343876059
KRW-BTC,20,2.0,25,25,50,0.03,0.008,12,False,-26.030416123862743,274,False,-39.44144143836718,0.2727272727272727,121,-0.3673157153227352,-0.0038139317157221734,-12.61939080935831,0.3660130718954248,153,-0.23780883457494223,-0.0013510793170451157
KRW-BTC,20,2.0,25,25,50,0.03,0.008,24,True,-31.571012550222473,277,False,-48.000002289518676,0.35537190082644626,121,-0.37773684334423857,-0.00396158195710779,-15.142022810926273,0.44871794871794873,156,-0.23661464931668266,-0.0014494086516545753
KRW-BTC,20,2.0,25,25,50,0.03,0.008,24,False,-21.027601195765648,256,False,-24.648031608428457,0.23478260869565218,115,-0.3057557616844113,-0.0031788414570599163,-17.40717078310284,0.28368794326241137,141,-0.3112757024002611,-0.0021541580997736253
KRW-BTC,20,2.0,25,25,50,0.03,0.01,12,True,-29.16475703382086,273,False,-42.75985923719338,0.3728813559322034,118,-0.3916104461987158,-0.004133077680304089,-15.569654830448334,0.44516129032258067,155,-0.2392862572717189,-0.001589870507075879
KRW-BTC,20,2.0,25,25,50,0.03,0.01,12,False,-25.457903169176497,264,False,-37.598078592237286,0.2782608695652174,115,-0.4006871062624797,-0.004243639293695825,-13.31772774611571,0.3825503355704698,149,-0.24054027413097812,-0.0015144545929042961
KRW-BTC,20,2.0,25,25,50,0.03,0.01,24,True,-27.141706717648827,269,False,-40.33682956531871,0.41025641025641024,117,-0.38131595945151453,-0.004023202183187051,-13.946583869978946,0.4934210526315789,152,-0.22346613552341985,-0.0014736432332195142
KRW-BTC,20,2.0,25,25,50,0.03,0.01,24,False,-18.713328302904426,242,False,-20.195858222226978,0.3055555555555556,108,-0.29366707258299757,-0.0029679194802840593,-17.230798383581874,0.30597014925373134,134,-0.31217853680667973,-0.0023411859600230406
KRW-BTC,20,2.0,25,25,50,0.03,0.015,12,True,-28.559057509055442,253,False,-42.29485946488196,0.4444444444444444,108,-0.4080045494249815,-0.00493574124246113,-14.823255553228925,0.47586206896551725,145,-0.24721459507766624,-0.0017468633789965893
KRW-BTC,20,2.0,25,25,50,0.03,0.015,12,False,-25.99332258697641,242,False,-40.796950092332075,0.3106796116504854,103,-0.43441897695580806,-0.005262136350966814,-11.189695081620748,0.38848920863309355,139,-0.2275518596860107,-0.0015010386417866131
KRW-BTC,20,2.0,25,25,50,0.03,0.015,24,True,-26.809047044301533,247,False,-40.46788022046746,0.49056603773584906,106,-0.40356230639396284,-0.004953574488558409,-13.150213868135607,0.5531914893617021,141,-0.23073745772421794,-0.0016376515569807887
KRW-BTC,20,2.0,25,25,50,0.03,0.015,24,False,-20.383897124552153,217,False,-26.14487092282713,0.3368421052631579,95,-0.3369655673370856,-0.004368785797148791,-14.622923326277173,0.36065573770491804,122,-0.28761286632171024,-0.002353594127573124
KRW-BTC,20,2.0,25,30,40,0.015,0.008,12,True,-32.926346788143434,212,False,-43.351135024413466,0.3617021276595745,94,-0.2834430237631313,-0.0036101417990064147,-22.50155855187341,0.4322033898305085,118,-0.22637908277509713,-0.001997371899029326
KRW-BTC,20,2.0,25,30,40,0.015,0.008,12,False,-24.63227257879904,209,False,-34.52553561441018,0.29347826086956524,92,-0.25778481546460397,-0.003298563345041022,-14.739009543187901,0.37606837606837606,117,-0.1966637578903188,-0.001455473487547401
KRW-BTC,20,2.0,25,30,40,0.015,0.008,24,True,-33.55510701605563,209,False,-44.68186479276726,0.3655913978494624,93,-0.29032752186005806,-0.0037521276331604716,-22.428349239344,0.45689655172413796,116,-0.22594720380276928,-0.0020188885808849906
KRW-BTC,20,2.0,25,30,40,0.015,0.008,24,False,-24.307088348225832,199,False,-30.4089360850882,0.29545454545454547,88,-0.24593021107691507,-0.0031570744844899106,-18.205240611363468,0.36936936936936937,111,-0.23205417010741639,-0.0019140388385538618
KRW-BTC,20,2.0,25,30,40,0.015,0.01,12,True,-34.23227416503738,209,False,-45.58849980103223,0.3804347826086957,92,-0.3161663558685571,-0.004210016010243162,-22.87604852904254,0.452991452991453,117,-0.24208799221305963,-0.0022058506106675175
KRW-BTC,20,2.0,25,30,40,0.015,0.01,12,False,-26.482540833036385,206,False,-38.60231589638703,0.3,90,-0.29787980355450916,-0.004002567726579327,-14.362765769685735,0.4051724137931034,116,-0.20859586365506183,-0.0015317149959565698
KRW-BTC,20,2.0,25,30,40,0.015,0.01,24,True,-33.797775936166076,206,False,-46.74158172345646,0.4065934065934066,91,-0.3255195032084109,-0.004405706723205201,-20.85397014887569,0.5043478260869565,115,-0.2272751575126439,-0.002098655602831439
KRW-BTC,20,2.0,25,30,40,0.015,0.01,24,False,-25.8419312087503,195,False,-32.61501481572537,0.3372093023255814,86,-0.2794467144586127,-0.0037538723874107434,-19.068847601775232,0.3944954128440367,109,-0.25811191230843566,-0.0022135117278431647
KRW-BTC,20,2.0,25,30,40,0.015,0.015,12,True,-32.33439702759785,198,False,-43.24350693376004,0.45348837209302323,86,-0.34278539679872494,-0.004939181382022141,-21.42528712143567,0.5,112,-0.24823705782179975,-0.0023986154108444914
KRW-BTC,20,2.0,25,30,40,0.015,0.015,12,False,-24.755353109475855,195,False,-37.965690912119804,0.34523809523809523,84,-0.34364631385038447,-0.0047534378898248485,-11.54501530683191,0.45045045045045046,111,-0.1847323866795843,-0.0014309408598358162
KRW-BTC,20,2.0,25,30,40,0.015,0.015,24,True,-31.991331870953825,194,False,-43.23050529727349,0.49411764705882355,85,-0.34685788613217855,-0.005114514395087961,-20.752158444634162,0.5779816513761468,109,-0.249137622035136,-0.0024698279955723892
KRW-BTC,20,2.0,25,30,40,0.015,0.015,24,False,-25.62287711562771,183,False,-33.92116825328531,0.3875,80,-0.3362160150024233,-0.004699856059992657,-17.324585977970106,0.47572815533980584,103,-0.24897538768717875,-0.0023827477740816488
KRW-BTC,20,2.0,25,30,40,0.02,0.008,12,True,-33.023828275945334,212,False,-45.5810560175145,0.35106382978723405,94,-0.29591004965531703,-0.0037961768645079887,-20.466600534376173,0.4322033898305085,118,-0.22373718245304947,-0.0018828971612446948
KRW-BTC,20,2.0,25,30,40,0.02,0.008,12,False,-23.47792196226292,209,False,-32.51157600939422,0.2717391304347826,92,-0.2717415863156188,-0.0033176868675653874,-14.444267915131617,0.36752136752136755,117,-0.2050866402091229,-0.0014786042436598429
KRW-BTC,20,2.0,25,30,40,0.02,0.008,24,True,-33.66821261450812,209,False,-46.937388154117116,0.3548387096774194,93,-0.3026747677223563,-0.003940163075710449,-20.39903707489912,0.45689655172413796,116,-0.22270556133362968,-0.0019024401407247617
KRW-BTC,20,2.0,25,30,40,0.02,0.008,24,False,-21.61916294072337,195,False,-25.992470728250197,0.26436781609195403,87,-0.25391583012574775,-0.0029884248927341253,-17.245855153196548,0.3148148148148148,108,-0.2531411754112075,-0.0020100995957139356
KRW-BTC,20,2.0,25,30,40,0.02,0.01,12,True,-34.13726241301263,209,False,-47.867143074638186,0.3695652173913043,92,-0.32941875402834203,-0.004421801838038248,-20.407381751387067,0.452991452991453,117,-0.23413556177390488,-0.0020477265161496826
KRW-BTC,20,2.0,25,30,40,0.02,0.01,12,False,-25.109773039350255,205,False,-36.574221425375356,0.2808988764044944,89,-0.3079315991120039,-0.0040448264121547214,-13.645324653325153,0.39655172413793105,116,-0.20550478911452172,-0.0015120063620354968
KRW-BTC,20,2.0,25,30,40,0.02,0.01,24,True,-33.71972471655982,206,False,-49.02512041339039,0.3956043956043956,91,-0.33859064144678236,-0.004619819867789244,-18.414329019729244,0.5043478260869565,115,-0.2216608669636449,-0.0019267414907215977
KRW-BTC,20,2.0,25,30,40,0.02,0.01,24,False,-23.541658371529852,190,False,-28.684546629677254,0.30952380952380953,84,-0.2817804263604939,-0.003615355884581297,-18.39877011338245,0.330188679245283,106,-0.27342595147182996,-0.0023531270171573545
KRW-BTC,20,2.0,25,30,40,0.02,0.015,12,True,-31.13232093884103,198,False,-43.44726149252489,0.45348837209302323,86,-0.3408337325604102,-0.004969290838382152,-18.817380385157172,0.5,112,-0.23898494037536183,-0.0021888563121071074
KRW-BTC,20,2.0,25,30,40,0.02,0.015,12,False,-23.174387283532358,194,False,-36.31981432768295,0.3253012048192771,83,-0.3509769322776626,-0.004747002828519219,-10.028960239381766,0.44144144144144143,111,-0.1747117411914355,-0.0012979122321332159
KRW-BTC,20,2.0,25,30,40,0.02,0.015,24,True,-30.801424730625513,194,False,-43.43345863954842,0.49411764705882355,85,-0.3476073256948679,-0.005144978080346325,-18.16939082170261,0.5779816513761468,109,-0.2351300297492037,-0.002242719830538722
KRW-BTC,20,2.0,25,30,40,0.02,0.015,24,False,-23.56616468750297,178,False,-29.445963129923612,0.358974358974359,78,-0.34003105875334994,-0.004465015658860213,-17.68636624508233,0.4,100,-0.2751541004064319,-0.0026313425905793303
KRW-BTC,20,2.0,25,30,40,0.025,0.008,12,True,-33.678397221007316,212,False,-47.98834975375875,0.35106382978723405,94,-0.30151079687149107,-0.003882496115696985,-19.368444688255885,0.4322033898305085,118,-0.21610810968352093,-0.0018189040922455928
KRW-BTC,20,2.0,25,30,40,0.025,0.008,12,False,-22.55080436016101,209,False,-32.774050420249445,0.2717391304347826,92,-0.26418769184464186,-0.003385832290351742,-12.327558300072575,0.36752136752136755,117,-0.1877543819580799,-0.0013158185001511777
KRW-BTC,20,2.0,25,30,40,0.025,0.008,24,True,-34.3471218990377,209,False,-49.39071372019359,0.3548387096774194,93,-0.30822170437659396,-0.004027410490890725,-19.303530077881813,0.45689655172413796,116,-0.21506634984250803,-0.0018373437429498132
KRW-BTC,20,2.0,25,30,40,0.025,0.008,24,False,-19.878443579628748,193,False,-25.671069536793812,0.23255813953488372,86,-0.24669661857245193,-0.003191499600789196,-14.085817622463681,0.29906542056074764,107,-0.24405359803557683,-0.0018033290187739958
KRW-BTC,20,2.0,25,30,40,0.025,0.01,12,True,-34.422592270230304,209,False,-50.0441121010947,0.3695652173913043,92,-0.3347529532237084,-0.004509997594687875,-18.80107243936591,0.452991452991453,117,-0.2266086837646185,-0.001940515557671957
KRW-BTC,20,2.0,25,30,40,0.025,0.01,12,False,-24.04518928289526,205,False,-36.827486473978006,0.2808988764044944,89,-0.3025518110354324,-0.004115268871664211,-11.262892091812516,0.39655172413793105,116,-0.18818164816503977,-0.00130477850004831
KRW-BTC,20,2.0,25,30,40,0.025,0.01,24,True,-34.05922768275374,206,False,-51.19763559789667,0.3956043956043956,91,-0.3438518820338057,-0.004708984808577877,-16.92081976761081,0.5043478260869565,115,-0.21401138826766658,-0.0018176659938355635
KRW-BTC,20,2.0,25,30,40,0.025,0.01,24,False,-20.084687252397597,188,False,-26.9461627865489,0.2891566265060241,83,-0.25829158499946453,-0.0036523168297376016,-13.223211718246294,0.3238095238095238,105,-0.24316721180182616,-0.0018696844458812442
KRW-BTC,20,2.0,25,30,40,0.025,0.015,12,True,-29.87492092575469,198,False,-42.8016766301054,0.45348837209302323,86,-0.33898493582287037,-0.0049359539405730134,-16.948165221403983,0.5,112,-0.23150572182032336,-0.0020322832572687703
KRW-BTC,20,2.0,25,30,40,0.025,0.015,12,False,-21.31345817129387,194,False,-35.31496853142462,0.3253012048192771,83,-0.33491278260772095,-0.004725868102302427,-7.311947811163124,0.44144144144144143,111,-0.15258345062441336,-0.0009913948268132741
KRW-BTC,20,2.0,25,30,40,0.025,0.015,24,True,-29.607434551148,194,False,-42.81249455782825,0.49411764705882355,85,-0.34577752719420213,-0.005111248983739432,-16.402374544467747,0.5779816513761468,109,-0.2276129253222392,-0.0020818374255672195
KRW-BTC,20,2.0,25,30,40,0.025,0.015,24,False,-19.55607839711243,176,False,-26.725701570139083,0.33766233766233766,77,-0.3069565967799077,-0.004347198869135519,-12.386455224085777,0.3939393939393939,99,-0.2412661903037929,-0.00202055214198772
KRW-BTC,20,2.0,25,30,40,0.03,0.008,12,True,-33.43339703869812,212,False,-47.98834975375875,0.35106382978723405,94,-0.30151079687149107,-0.003882496115696985,-18.878444323637492,0.4322033898305085,118,-0.21363235110306966,-0.001791438529058375
KRW-BTC,20,2.0,25,30,40,0.03,0.008,12,False,-22.578253587242006,209,False,-34.20591306147864,0.2717391304347826,92,-0.2708388757495934,-0.00348546098152619,-10.950594113005375,0.36752136752136755,117,-0.1816647974026694,-0.0012072769295993337
KRW-BTC,20,2.0,25,30,40,0.03,0.008,24,True,-34.102814024469566,209,False,-49.39071372019359,0.3548387096774194,93,-0.30822170437659396,-0.004027410490890725,-18.814914328745544,0.45689655172413796,116,-0.2125873010814882,-0.0018094046355697124
KRW-BTC,20,2.0,25,30,40,0.03,0.008,24,False,-19.338145667768526,193,False,-24.72607104344063,0.23255813953488372,86,-0.2496896774597752,-0.003179337546216264,-13.950220292096422,0.29906542056074764,107,-0.24704988945540693,-0.001840704565808686
KRW-BTC,20,2.0,25,30,40,0.03,0.01,12,True,-34.47022268226745,209,False,-50.0441121010947,0.3695652173913043,92,-0.3347529532237084,-0.004509997594687875,-18.8963332634402,0.452991452991453,117,-0.22416608905115207,-0.0019496542808619987
KRW-BTC,20,2.0,25,30,40,0.03,0.01,12,False,-24.6782834608194,205,False,-38.23709887565948,0.2808988764044944,89,-0.3088562124671066,-0.004218255833327686,-11.119468045979321,0.39655172413793105,116,-0.18544177367574438,-0.0013031194968014454
KRW-BTC,20,2.0,25,30,40,0.03,0.01,24,True,-34.10524855453686,206,False,-51.19763559789667,0.3956043956043956,91,-0.3438518820338057,-0.004708984808577877,-17.01286151117704,0.5043478260869565,115,-0.21152900763116386,-0.0018269636513419544
KRW-BTC,20,2.0,25,30,40,0.03,0.01,24,False,-20.581715753373643,188,False,-26.071918515844192,0.2891566265060241,83,-0.25780296968423144,-0.0036397151828307084,-15.091512990903096,0.3142857142857143,105,-0.2657686903707198,-0.002160505937468931
KRW-BTC,20,2.0,25,30,40,0.03,0.015,12,True,-32.516284793897356,198,False,-48.53447249071378,0.4418604651162791,86,-0.3647806456444172,-0.005400372545224176,-16.498097097080937,0.5,112,-0.22907859337731548,-0.001997254066315509
KRW-BTC,20,2.0,25,30,40,0.03,0.015,12,False,-23.378240195865423,194,False,-40.27411056613481,0.3132530120481928,83,-0.36664467851236276,-0.0052573541214355505,-6.482369825596042,0.44144144144144143,111,-0.14206545101884832,-0.0008997061387354683
KRW-BTC,20,2.0,25,30,40,0.03,0.015,24,True,-32.18183628071736,194,False,-48.38542660236287,0.4823529411764706,85,-0.37130816027930624,-0.0055811313366806075,-15.97824595907185,0.5779816513761468,109,-0.2251735022956903,-0.0020458441284409326
KRW-BTC,20,2.0,25,30,40,0.03,0.015,24,False,-20.430008177163888,176,False,-29.04806651218378,0.3246753246753247,77,-0.33714956408068925,-0.00478747891208004,-11.811949842143996,0.3838383838383838,99,-0.24368382653811918,-0.001999948711288054
KRW-BTC,20,2.0,25,30,45,0.015,0.008,12,True,-32.312720501017225,247,False,-45.150018106091046,0.3611111111111111,108,-0.32590082132571613,-0.0037034857125864654,-19.47542289594341,0.4460431654676259,139,-0.23215951013709177,-0.001666811496015295
KRW-BTC,20,2.0,25,30,45,0.015,0.008,12,False,-26.563670163370876,239,False,-37.17166493184398,0.29245283018867924,106,-0.3072951986389669,-0.0035084143154923766,-15.955675394897776,0.3684210526315789,133,-0.225848123525052,-0.0015206113963048004
KRW-BTC,20,2.0,25,30,45,0.015,0.008,24,True,-32.44850332423801,245,False,-45.49939757164138,0.3644859813084112,107,-0.3304973757396433,-0.0038009159970567325,-19.39760907683464,0.463768115942029,138,-0.23301511313067164,-0.0016755245085060162
KRW-BTC,20,2.0,25,30,45,0.015,0.008,24,False,-25.566966841407904,227,False,-35.21156826328316,0.27722772277227725,101,-0.3024808059719367,-0.003608443378213659,-15.922365419532643,0.36507936507936506,126,-0.23361921462848725,-0.0016507305986910633
KRW-BTC,20,2.0,25,30,45,0.015,0.01,12,True,-31.650978377365227,242,False,-42.96787298484151,0.3904761904761905,105,-0.33791414332094544,-0.0039913032171389985,-20.334083769888945,0.45985401459854014,137,-0.24346812594308515,-0.0018824277123324733
KRW-BTC,20,2.0,25,30,45,0.015,0.01,12,False,-27.24059629582115,234,False,-37.94121088974564,0.3106796116504854,103,-0.33028575665269655,-0.003949044761383628,-16.539981701896657,0.3893129770992366,131,-0.23153279014275058,-0.0016870319005432477
KRW-BTC,20,2.0,25,30,45,0.015,0.01,24,True,-30.0162134488856,240,False,-41.70895603901805,0.4230769230769231,104,-0.33466052063163276,-0.003980905920482057,-18.323470858753154,0.5073529411764706,136,-0.2307381541172153,-0.001759970257174793
KRW-BTC,20,2.0,25,30,45,0.015,0.01,24,False,-22.66816090547,220,False,-28.722531568423886,0.35051546391752575,97,-0.2798544227757299,-0.003380380588051308,-16.613790242516114,0.3902439024390244,123,-0.24416621782613712,-0.0018968253877276406
KRW-BTC,20,2.0,25,30,45,0.015,0.015,12,True,-30.54491409681321,231,False,-42.18467586278495,0.45454545454545453,99,-0.3730804533272231,-0.004815174710774499,-18.90515233084147,0.5075757575757576,132,-0.2496760205065648,-0.0020229395695955874
KRW-BTC,20,2.0,25,30,45,0.015,0.015,12,False,-26.820329841259493,222,False,-37.95067574690868,0.34375,96,-0.37358324458560893,-0.0047280171291874075,-15.689983935610305,0.4126984126984127,126,-0.24935636695701816,-0.0018599566503719734
KRW-BTC,20,2.0,25,30,45,0.015,0.015,24,True,-29.528117987347148,227,False,-41.04628126614449,0.4948453608247423,97,-0.3728066796754657,-0.00490538007120784,-18.009954708549806,0.5769230769230769,130,-0.24558749749835765,-0.0020313481410711353
KRW-BTC,20,2.0,25,30,45,0.015,0.015,24,False,-24.587166183315535,206,False,-32.97601095854274,0.3888888888888889,90,-0.33593017036026246,-0.004614831596893379,-16.198321408088333,0.45689655172413796,116,-0.26802584323393713,-0.0021639482135223514
KRW-BTC,20,2.0,25,30,45,0.02,0.008,12,True,-31.791369874502315,247,False,-47.13081289274852,0.35185185185185186,108,-0.337629144673523,-0.003865405121448947,-16.45192685625611,0.4460431654676259,139,-0.22374227311385772,-0.0014846160590333299
KRW-BTC,20,2.0,25,30,45,0.02,0.008,12,False,-25.10648288527539,239,False,-34.82422379704305,0.27358490566037735,106,-0.315847183623336,-0.003504722540021718,-15.388741973507736,0.3533834586466165,133,-0.24061369383132494,-0.0015471567602902212
KRW-BTC,20,2.0,25,30,45,0.02,0.008,24,True,-31.93296469580345,245,False,-47.47492168055581,0.35514018691588783,107,-0.34214572587555847,-0.003964348671422602,-16.391007711051085,0.463768115942029,138,-0.22460725541640922,-0.0014920088147343268
KRW-BTC,20,2.0,25,30,45,0.02,0.008,24,False,-22.470917655656926,224,False,-27.476976814257227,0.25,100,-0.2910251596747477,-0.003202745073361295,-17.46485849705662,0.3064516129032258,124,-0.27431131390911795,-0.001978081223672162
KRW-BTC,20,2.0,25,30,45,0.02,0.01,12,True,-30.42907946007572,242,False,-43.86561979785474,0.38095238095238093,105,-0.3475467787285073,-0.004129320323397549,-16.992539122296698,0.45985401459854014,137,-0.23140724491924872,-0.0016611308821098951
KRW-BTC,20,2.0,25,30,45,0.02,0.01,12,False,-25.20233443012227,233,False,-35.076763104132766,0.29411764705882354,102,-0.33090629693738705,-0.00391536150431385,-15.327905756111772,0.37404580152671757,131,-0.23975833660658344,-0.0016486973370202702
KRW-BTC,20,2.0,25,30,45,0.02,0.01,24,True,-28.85705798972188,240,False,-42.621616531833325,0.41346153846153844,104,-0.3443404927415339,-0.004120250114300786,-15.092499447610436,0.5073529411764706,136,-0.2174952946059759,-0.0015277109220678943
KRW-BTC,20,2.0,25,30,45,0.02,0.01,24,False,-20.691456792320782,215,False,-22.744124993860186,0.3263157894736842,95,-0.2651711481583827,-0.0029936391469750473,-18.638788590781378,0.325,120,-0.2955357164951955,-0.002330652610274266
KRW-BTC,20,2.0,25,30,45,0.02,0.015,12,True,-28.579647861477223,231,False,-41.54164177703489,0.45454545454545453,99,-0.37163731119682797,-0.004790901107208446,-15.617653945919555,0.5075757575757576,132,-0.23525002562753874,-0.0017554383139857892
KRW-BTC,20,2.0,25,30,45,0.02,0.015,12,False,-24.61784776849309,221,False,-35.51583929883684,0.3263157894736842,95,-0.3723052053615353,-0.004646935833175446,-13.71985623814934,0.3968253968253968,126,-0.24006943890879703,-0.0017177644083382249
KRW-BTC,20,2.0,25,30,45,0.02,0.015,24,True,-27.62994063926237,227,False,-40.44796877260258,0.4948453608247423,97,-0.3713629073297687,-0.004880605980970322,-14.811912505922159,0.5769230769230769,130,-0.22866462390925577,-0.0017500255512974724
KRW-BTC,20,2.0,25,30,45,0.02,0.015,24,False,-22.168002363648842,201,False,-27.01464766104748,0.36363636363636365,88,-0.32005014924954095,-0.004184681968707227,-17.321357066250204,0.3893805309734513,113,-0.293033429988419,-0.0025271433774837213
KRW-BTC,20,2.0,25,30,45,0.025,0.008,12,True,-31.894504804600327,247,False,-49.31342567224954,0.35185185185185186,108,-0.34289803357362536,-0.003940534840076407,-14.475583936951116,0.4460431654676259,139,-0.21227066826908939,-0.0013584564752786973
KRW-BTC,20,2.0,25,30,45,0.025,0.008,12,False,-23.094130740672803,239,False,-33.68582224151061,0.27358490566037735,106,-0.3053895869215316,-0.00347516583370049,-12.502439239834997,0.3533834586466165,133,-0.2202524192631186,-0.0013288790761510202
KRW-BTC,20,2.0,25,30,45,0.025,0.008,24,True,-32.027137326967285,245,False,-49.62999429182207,0.35514018691588783,107,-0.34737868722182824,-0.004040180536953122,-14.424280362112501,0.463768115942029,138,-0.2131484333560549,-0.0013649350310974142
KRW-BTC,20,2.0,25,30,45,0.025,0.008,24,False,-20.33348196274197,222,False,-26.53875665230283,0.2222222222222222,99,-0.2799450910922526,-0.0033392323095873615,-14.128207273181113,0.2926829268292683,123,-0.26188074736672184,-0.0017573578894882987
KRW-BTC,20,2.0,25,30,45,0.025,0.01,12,True,-29.795516548514836,242,False,-44.388515297628715,0.38095238095238093,105,-0.34956391797446074,-0.004159048986366746,-15.202517799400956,0.45985401459854014,137,-0.22043008271276646,-0.001536762657133273
KRW-BTC,20,2.0,25,30,45,0.025,0.01,12,False,-24.35964289626858,232,False,-36.526355848275976,0.27722772277227725,101,-0.33787198352900794,-0.004131961813205213,-12.192929944261179,0.37404580152671757,131,-0.21554753010044056,-0.0013889764821308536
KRW-BTC,20,2.0,25,30,45,0.025,0.01,24,True,-28.275846109811088,240,False,-43.1245525696955,0.41346153846153844,104,-0.34636754461430364,-0.004150264629798533,-13.427139649926675,0.5073529411764706,136,-0.2063194397443934,-0.001402428224848797
KRW-BTC,20,2.0,25,30,45,0.025,0.01,24,False,-18.73733374077474,212,False,-23.703615064514995,0.3010752688172043,93,-0.2611464459865841,-0.0032891639687729,-13.771052417034484,0.31932773109243695,119,-0.2652428224264633,-0.0018927590879639078
KRW-BTC,20,2.0,25,30,45,0.025,0.015,12,True,-26.89636079655499,231,False,-40.13024900969993,0.45454545454545453,99,-0.36678606232697464,-0.0047115124889096,-13.662472583410052,0.5075757575757576,132,-0.2243277466174961,-0.001588537201699447
KRW-BTC,20,2.0,25,30,45,0.025,0.015,12,False,-23.06704566932418,220,False,-35.80336421268626,0.30851063829787234,94,-0.370931094668278,-0.004802091624181307,-10.3307271259621,0.3968253968253968,126,-0.21202475816064495,-0.001368491138572245
KRW-BTC,20,2.0,25,30,45,0.025,0.015,24,True,-26.041873876501455,227,False,-39.116825730738434,0.4948453608247423,97,-0.36650953993589475,-0.004799580483943663,-12.966922022264473,0.5769230769230769,130,-0.21764829115959788,-0.0015805567295913408
KRW-BTC,20,2.0,25,30,45,0.025,0.015,24,False,-20.600315609184463,198,False,-27.300433732628942,0.3372093023255814,86,-0.3133603487856368,-0.004438973631958518,-13.900197485739984,0.375,112,-0.28026704508494993,-0.002191954453044352
KRW-BTC,20,2.0,25,30,45,0.03,0.008,12,True,-31.482026416086054,247,False,-49.31342567224954,0.35185185185185186,108,-0.34289803357362536,-0.003940534840076407,-13.650627159922573,0.4460431654676259,139,-0.20592807183466164,-0.0013057219680361997
KRW-BTC,20,2.0,25,30,45,0.03,0.008,12,False,-24.066847649194433,239,False,-36.60359128964726,0.27358490566037735,106,-0.3172372756379111,-0.0036401332088868772,-11.530104008741603,0.3533834586466165,133,-0.21057431614762664,-0.0012582206614143328
KRW-BTC,20,2.0,25,30,45,0.03,0.008,24,True,-31.61660690782138,245,False,-49.62999429182207,0.35514018691588783,107,-0.34737868722182824,-0.004040180536953122,-13.603219523820693,0.463768115942029,138,-0.20681290446308687,-0.0013118183897444639
KRW-BTC,20,2.0,25,30,45,0.03,0.008,24,False,-21.46039038794928,222,False,-25.859045860766138,0.2222222222222222,99,-0.2802122020395232,-0.0033394207121612736,-17.06173491513242,0.2845528455284553,123,-0.29354743203626826,-0.002117551131011502
KRW-BTC,20,2.0,25,30,45,0.03,0.01,12,True,-28.757508135327694,242,False,-43.08669314381181,0.38095238095238093,105,-0.34639105903775047,-0.004111501367319126,-14.428323126843578,0.45985401459854014,137,-0.2141531838103119,-0.0014832583030697172
KRW-BTC,20,2.0,25,30,45,0.03,0.01,12,False,-24.952548704660124,232,False,-38.338407476800676,0.27722772277227725,101,-0.3459908313621388,-0.004255665197064193,-11.566689932519576,0.37404580152671757,131,-0.20835145577984326,-0.001342230287313652
KRW-BTC,20,2.0,25,30,45,0.03,0.01,24,True,-27.297549597057632,240,False,-41.88666753896371,0.41346153846153844,104,-0.3431790936124224,-0.004102259822106224,-12.70843165515156,0.5073529411764706,136,-0.1999289255299613,-0.0013485304564171267
KRW-BTC,20,2.0,25,30,45,0.03,0.01,24,False,-18.841010103894913,212,False,-21.43531840461691,0.3010752688172043,93,-0.24948290677340332,-0.0031134670364671257,-16.246701803172915,0.31092436974789917,119,-0.2936919694409303,-0.0022284877876767445
KRW-BTC,20,2.0,25,30,45,0.03,0.015,12,True,-28.193597302780393,231,False,-43.8042565727798,0.4444444444444444,99,-0.3885285420905009,-0.00506451753941465,-12.582938032780987,0.5075757575757576,132,-0.2180822307144918,-0.0014951841978607557
KRW-BTC,20,2.0,25,30,45,0.03,0.015,12,False,-24.905590373435675,220,False,-40.70176948608466,0.2978723404255319,94,-0.4028925963556601,-0.0053067888770510635,-9.109411260786693,0.3968253968253968,126,-0.20091732603596182,-0.0012406439042781697
KRW-BTC,20,2.0,25,30,45,0.03,0.015,24,True,-27.308805263414975,227,False,-42.67112068665744,0.4845360824742268,97,-0.38826151456700747,-0.005159863989098303,-11.946489840172513,0.5769230769230769,130,-0.21134899397834986,-0.0014857675256935926
KRW-BTC,20,2.0,25,30,45,0.03,0.015,24,False,-21.160061242961717,198,False,-28.35364870979953,0.32558139534883723,86,-0.32973974844902226,-0.0047133943912092535,-13.966473776123907,0.36607142857142855,112,-0.286109945504915,-0.0022578090870609023
KRW-BTC,20,2.0,25,30,50,0.015,0.008,12,True,-32.5979870148513,252,False,-44.70192541525017,0.36363636363636365,110,-0.3283633178226218,-0.0036688507494177023,-20.494048614452428,0.4295774647887324,142,-0.24425324646015015,-0.001742960676744799
KRW-BTC,20,2.0,25,30,50,0.015,0.008,12,False,-27.073124917634914,244,False,-36.84461114578527,0.2962962962962963,108,-0.3130765720290572,-0.003472667737076024,-17.30163868948456,0.36764705882352944,136,-0.24210427976057539,-0.0016423302254925608
KRW-BTC,20,2.0,25,30,50,0.015,0.008,24,True,-32.424004798627905,250,False,-45.04653751132429,0.3669724770642202,109,-0.3329430809401049,-0.0037641755702906357,-19.80147208593152,0.45390070921985815,141,-0.23966522107694782,-0.0017012156467640933
KRW-BTC,20,2.0,25,30,50,0.015,0.008,24,False,-25.96950055305714,232,False,-35.16453637099879,0.2815533980582524,103,-0.3060365022680742,-0.0035874597918729156,-16.774464735115494,0.3643410852713178,129,-0.24504642821786002,-0.0017281273019226161
KRW-BTC,20,2.0,25,30,50,0.015,0.01,12,True,-32.05653941212644,247,False,-42.720736104187075,0.3925233644859813,107,-0.3416627292196383,-0.003968980965198165,-21.392342720065802,0.44285714285714284,140,-0.25688499034948853,-0.001969308676722745
KRW-BTC,20,2.0,25,30,50,0.015,0.01,12,False,-27.62511492135736,239,False,-37.74194652322155,0.3142857142857143,105,-0.33416246647115094,-0.003922902938900306,-17.50828331949317,0.3880597014925373,134,-0.2444295029499631,-0.0017749124509388455
KRW-BTC,20,2.0,25,30,50,0.015,0.01,24,True,-30.15400336125056,245,False,-41.48938058010232,0.42452830188679247,106,-0.3384275278332581,-0.003958569256667384,-18.818626142398795,0.49640287769784175,139,-0.23894548819638084,-0.0017985753884581202
KRW-BTC,20,2.0,25,30,50,0.015,0.01,24,False,-23.006807241053217,225,False,-28.88733241980445,0.35353535353535354,99,-0.2881252947301507,-0.0033833282263061345,-17.126282062301986,0.3888888888888889,126,-0.2525042357236517,-0.001939155163003094
KRW-BTC,20,2.0,25,30,50,0.015,0.015,12,True,-30.83713945392725,234,False,-41.7215802748412,0.46,100,-0.3744600618809256,-0.004787871353156416,-19.9526986330133,0.48507462686567165,134,-0.2625083364064266,-0.0021211460610239636
KRW-BTC,20,2.0,25,30,50,0.015,0.015,12,False,-27.068217622883253,225,False,-37.539146273735604,0.35051546391752575,97,-0.37862220530947294,-0.004696222227179041,-16.5972889720309,0.40625,128,-0.2612243704659114,-0.001955008707921762
KRW-BTC,20,2.0,25,30,50,0.015,0.015,24,True,-29.9383477233204,230,False,-41.52385720598973,0.4897959183673469,98,-0.3804718135207153,-0.004979236225967543,-18.352838240651074,0.5606060606060606,132,-0.2511166743610927,-0.002056117775113103
KRW-BTC,20,2.0,25,30,50,0.015,0.015,24,False,-25.096582863804453,209,False,-33.668716451355415,0.38461538461538464,91,-0.344997058746977,-0.004713588778514117,-16.524449276253492,0.4491525423728814,118,-0.27334757515854846,-0.0021889962719702297
KRW-BTC,20,2.0,25,30,50,0.02,0.008,12,True,-32.0466561645986,252,False,-46.640971105824384,0.35454545454545455,110,-0.34004879739302657,-0.0038278261690281386,-17.45234122337282,0.4295774647887324,142,-0.23596858364532475,-0.0015646144391356924
KRW-BTC,20,2.0,25,30,50,0.02,0.008,12,False,-25.611725078683413,244,False,-34.550992493379624,0.2777777777777778,108,-0.32233842554511793,-0.0034690443278177848,-16.672457663987203,0.35294117647058826,136,-0.25655979279630525,-0.0016682900299783028
KRW-BTC,20,2.0,25,30,50,0.02,0.008,24,True,-31.897291413131686,250,False,-46.980336986631364,0.3577981651376147,109,-0.3445488794422077,-0.003924609479989242,-16.814245839632008,0.45390070921985815,141,-0.2313302633146313,-0.0015216045422215888
KRW-BTC,20,2.0,25,30,50,0.02,0.008,24,False,-22.87509560748089,229,False,-27.522885736667448,0.2549019607843137,102,-0.2977519129597539,-0.003189510634308433,-18.227305478294333,0.30708661417322836,127,-0.285131783020086,-0.002048964080695209
KRW-BTC,20,2.0,25,30,50,0.02,0.01,12,True,-30.81970216106053,247,False,-43.60321264513722,0.38317757009345793,107,-0.35124082674379475,-0.004104418312461229,-18.03619167698384,0.44285714285714284,140,-0.24503800540969944,-0.001752753921433508
KRW-BTC,20,2.0,25,30,50,0.02,0.01,12,False,-25.59619533523876,238,False,-34.93247936734656,0.2980769230769231,104,-0.3385908381170612,-0.0038896160730964536,-16.259911303130966,0.373134328358209,134,-0.2525170051237262,-0.0017374361239126505
KRW-BTC,20,2.0,25,30,50,0.02,0.01,24,True,-28.997197610449692,245,False,-42.38615554530412,0.41509433962264153,106,-0.3480526940496555,-0.004095284314753684,-15.608239675595266,0.49640287769784175,139,-0.22584391812092097,-0.0015713288447564073
KRW-BTC,20,2.0,25,30,50,0.02,0.01,24,False,-21.02123051276238,220,False,-22.965486875459117,0.32989690721649484,97,-0.27361065752178326,-0.003004621611607835,-19.076974150065638,0.3252032520325203,123,-0.3033070492174893,-0.002363433667323593
KRW-BTC,20,2.0,25,30,50,0.02,0.015,12,True,-28.863980869591096,234,False,-41.09535185787958,0.46,100,-0.37302009555073884,-0.004763840485626024,-16.632609881302614,0.48507462686567165,134,-0.2483290601829638,-0.0018576373614680422
KRW-BTC,20,2.0,25,30,50,0.02,0.015,12,False,-24.875280111401104,224,False,-35.16024423104815,0.3333333333333333,96,-0.3773544467641937,-0.004615654331104616,-14.590315991754053,0.390625,128,-0.2520842728040556,-0.0018150382196697905
KRW-BTC,20,2.0,25,30,50,0.02,0.015,24,True,-28.04473843282696,230,False,-40.92975166944686,0.4897959183673469,98,-0.37904568598709376,-0.004954714932569183,-15.159725196207065,0.5606060606060606,132,-0.23431783047827062,-0.00177905764882086
KRW-BTC,20,2.0,25,30,50,0.02,0.015,24,False,-22.659280090413972,204,False,-27.711632950859485,0.3595505617977528,89,-0.33229341355517567,-0.004290491554726028,-17.606927229968456,0.3826086956521739,115,-0.2981733471979083,-0.002546528425909173
KRW-BTC,20,2.0,25,30,50,0.025,0.008,12,True,-32.11258131682844,252,False,-48.76508759702687,0.35454545454545455,110,-0.34529843894664075,-0.0039015898927714627,-15.460075036630014,0.4295774647887324,142,-0.22467766029108294,-0.0014411201986998196
KRW-BTC,20,2.0,25,30,50,0.025,0.008,12,False,-23.596741447609027,244,False,-33.43550703364383,0.2777777777777778,108,-0.3076236445401404,-0.0034400349679099126,-13.757975861574227,0.35294117647058826,136,-0.2366260778202061,-0.0014548272947539373
KRW-BTC,20,2.0,25,30,50,0.025,0.008,24,True,-31.96755349403243,250,False,-49.0781642014592,0.3577981651376147,109,-0.34976272468599373,-0.003999049935143054,-14.856942786605657,0.45390070921985815,141,-0.21997079445528947,-0.0013972344561088658
KRW-BTC,20,2.0,25,30,50,0.025,0.008,24,False,-20.72411367829183,227,False,-26.581628184597356,0.22772277227722773,101,-0.2836156661739692,-0.00332316411893544,-14.866599171986302,0.29365079365079366,126,-0.27288656394676525,-0.0018340586263492398
KRW-BTC,20,2.0,25,30,50,0.025,0.01,12,True,-30.174384729808445,247,False,-44.11468736253818,0.38317757009345793,107,-0.35324654538672895,-0.0041335912994870765,-16.234082097078716,0.44285714285714284,140,-0.23425551986119142,-0.001631050729849242
KRW-BTC,20,2.0,25,30,50,0.025,0.01,12,False,-24.734152325926026,237,False,-36.35512203174989,0.2815533980582524,103,-0.3413322108485609,-0.004101760595104321,-13.113182620102158,0.373134328358209,134,-0.22871251370082346,-0.001483529915028221
KRW-BTC,20,2.0,25,30,50,0.025,0.01,24,True,-28.414358854529997,245,False,-42.87849178079619,0.41509433962264153,106,-0.35006826919627343,-0.004124732518638266,-13.950225928263805,0.49640287769784175,139,-0.21478729960904303,-0.0014487500906427578
KRW-BTC,20,2.0,25,30,50,0.025,0.01,24,False,-19.062712673314568,217,False,-23.897113715025466,0.30526315789473685,95,-0.26639488019177393,-0.003294156067991687,-14.228311631603669,0.319672131147541,122,-0.2733483327138118,-0.0019365767157015984
KRW-BTC,20,2.0,25,30,50,0.025,0.015,12,True,-27.185873283068663,234,False,-39.716751095200394,0.46,100,-0.3681795224118834,-0.004685245753510165,-14.654995470936933,0.48507462686567165,134,-0.23759357799460523,-0.0016932273105591082
KRW-BTC,20,2.0,25,30,50,0.025,0.015,12,False,-23.31374365219155,223,False,-35.450402451573254,0.3157894736842105,95,-0.3759913895584966,-0.004768847624288618,-11.177084852809848,0.390625,128,-0.22448299070057817,-0.001471222344743904
KRW-BTC,20,2.0,25,30,50,0.025,0.015,24,True,-26.46225052434718,230,False,-39.60848039086508,0.4897959183673469,98,-0.3742516331768877,-0.004874516226328511,-13.316020657829275,0.5606060606060606,132,-0.22338223771098226,-0.0016121565365345182
KRW-BTC,20,2.0,25,30,50,0.025,0.015,24,False,-21.08229429142409,201,False,-27.97934243465102,0.3333333333333333,87,-0.322735394603982,-0.004544292729572563,-14.18524614819716,0.3684210526315789,114,-0.285499778792774,-0.0022173900532005417
KRW-BTC,20,2.0,25,30,50,0.03,0.008,12,True,-31.695480746152136,252,False,-48.76508759702687,0.35454545454545455,110,-0.34529843894664075,-0.0039015898927714627,-14.625873895277405,0.4295774647887324,142,-0.21843496180407393,-0.0013894998007652622
KRW-BTC,20,2.0,25,30,50,0.03,0.008,12,False,-24.531868903196923,244,False,-36.29687158214928,0.2777777777777778,108,-0.3194332278398121,-0.003601947391703959,-12.766866224244565,0.35294117647058826,136,-0.22715120195390176,-0.0013857275215187947
KRW-BTC,20,2.0,25,30,50,0.03,0.008,24,True,-31.5582029933326,250,False,-49.0781642014592,0.3577981651376147,109,-0.34976272468599373,-0.003999049935143054,-14.038241785205997,0.45390070921985815,141,-0.2136901974804814,-0.001345247956061297
KRW-BTC,20,2.0,25,30,50,0.03,0.008,24,False,-21.832312088483746,227,False,-25.905457535288914,0.22772277227722773,101,-0.28388141548787726,-0.0033233487907653137,-17.75916664167858,0.2857142857142857,126,-0.30408107867638967,-0.0021856758383123663
KRW-BTC,20,2.0,25,30,50,0.03,0.01,12,True,-29.147248530378647,247,False,-42.842226493248305,0.38317757009345793,107,-0.3500916504861764,-0.004086932420982402,-15.452270567508988,0.44285714285714284,140,-0.22808993986591652,-0.0015786928976584764
KRW-BTC,20,2.0,25,30,50,0.03,0.01,12,False,-25.305615842065,237,False,-38.13333385399144,0.2815533980582524,103,-0.3494086302413043,-0.004223061971509728,-12.477897830138557,0.373134328358209,134,-0.22163720667213185,-0.001437830276811405
KRW-BTC,20,2.0,25,30,50,0.03,0.01,24,True,-27.450292708096246,245,False,-41.667376208549335,0.41509433962264153,106,-0.34689787050942544,-0.00407763346203449,-13.233209207643158,0.49640287769784175,139,-0.20846496645074436,-0.0013960155834002602
KRW-BTC,20,2.0,25,30,50,0.03,0.01,24,False,-19.157273949163088,217,False,-21.645223038351087,0.30526315789473685,95,-0.25481419273971356,-0.0031221580184712964,-16.669324859975088,0.3114754098360656,122,-0.30148364155040186,-0.002264049791651005
KRW-BTC,20,2.0,25,30,50,0.03,0.015,12,True,-28.44166761690828,234,False,-43.32277178032229,0.45,100,-0.38987415534846065,-0.005034720753510167,-13.560563453494268,0.48507462686567165,134,-0.23145487519529476,-0.0016012676351359197
KRW-BTC,20,2.0,25,30,50,0.03,0.015,12,False,-25.10200412549143,223,False,-40.26261503093719,0.30526315789473685,95,-0.4076957896433335,-0.005268232274496589,-9.94139322004567,0.390625,128,-0.21355117192639542,-0.0013453727234856738
KRW-BTC,20,2.0,25,30,50,0.03,0.015,24,True,-27.712205061281242,230,False,-43.129185580197934,0.47959183673469385,98,-0.3957377698413911,-0.005231123369185654,-12.295224542364553,0.5606060606060606,132,-0.21712910881049594,-0.001518803532695827
KRW-BTC,20,2.0,25,30,50,0.03,0.015,24,False,-21.6254112514553,201,False,-29.009757016573353,0.3218390804597701,87,-0.33889115786354185,-0.004815559227222717,-14.24106548633725,0.35964912280701755,114,-0.29130019909317534,-0.002282089342760661
KRW-BTC,20,2.0,30,20,40,0.015,0.008,12,True,-29.12797407792835,325,False,-39.267543420336224,0.3333333333333333,141,-0.392358329247885,-0.0035583600358506298,-18.988404735520472,0.42934782608695654,184,-0.2893607536905773,-0.0017618510478032855
KRW-BTC,20,2.0,30,20,40,0.015,0.008,12,False,-25.10400447516355,322,False,-35.84667816951654,0.2785714285714286,140,-0.386965889770632,-0.003515021594205265,-14.361330780810562,0.3791208791208791,182,-0.25381873391527837,-0.0014424083059827312
KRW-BTC,20,2.0,30,20,40,0.015,0.008,24,True,-29.391961657234702,322,False,-38.239226538380045,0.3475177304964539,141,-0.3877298114349145,-0.0035039237239841603,-20.544696776089364,0.4419889502762431,181,-0.30845078020317246,-0.0019404391076294637
KRW-BTC,20,2.0,30,20,40,0.015,0.008,24,False,-25.092696965331545,312,False,-30.324842882766813,0.2949640287769784,139,-0.3549848142104684,-0.003170224931175901,-19.860551047896276,0.3468208092485549,173,-0.3333286601363328,-0.002107039675971522
KRW-BTC,20,2.0,30,20,40,0.015,0.01,12,True,-25.713394364055972,315,False,-32.85055529566141,0.3925925925925926,135,-0.3692278207689811,-0.003405110844643045,-18.576233432450532,0.45555555555555555,180,-0.3037582659816513,-0.0018971036912719533
KRW-BTC,20,2.0,30,20,40,0.015,0.01,12,False,-22.566361621578743,312,False,-31.106626881109893,0.3283582089552239,134,-0.3715358257720666,-0.003445530172438425,-14.026096362047594,0.4101123595505618,178,-0.2612506444308667,-0.0015334787650922086
KRW-BTC,20,2.0,30,20,40,0.015,0.01,24,True,-25.418223179461442,312,False,-32.06547113981137,0.4222222222222222,135,-0.3647828349432129,-0.0033788596632294823,-18.770975219111513,0.4915254237288136,177,-0.31142633525321517,-0.0019889379646712683
KRW-BTC,20,2.0,30,20,40,0.015,0.01,24,False,-22.434176464891614,300,False,-25.24087242395033,0.366412213740458,131,-0.32522248490893485,-0.0030100977026033568,-19.627480505832896,0.378698224852071,169,-0.35368258930625907,-0.002318378766560114
KRW-BTC,20,2.0,30,20,40,0.015,0.015,12,True,-29.203412920625258,286,False,-33.51713691419021,0.4583333333333333,120,-0.4057620417065112,-0.004210891892289028,-24.889688927060305,0.463855421686747,166,-0.40161803462865353,-0.002906669574170011
KRW-BTC,20,2.0,30,20,40,0.015,0.015,12,False,-25.123520187084793,283,False,-31.647334046022532,0.37815126050420167,119,-0.3995856781188001,-0.00420673992944861,-18.599706328147057,0.4146341463414634,164,-0.34577569335683284,-0.0023402930759779898
KRW-BTC,20,2.0,30,20,40,0.015,0.015,24,True,-28.27352773970405,279,False,-32.28346700117842,0.5042016806722689,119,-0.396123407170016,-0.004172449444755111,-24.26358847822968,0.54375,160,-0.4043869437636457,-0.003037665918541251
KRW-BTC,20,2.0,30,20,40,0.015,0.015,24,False,-25.407230183570967,267,False,-26.680751635541224,0.41739130434782606,115,-0.3683676073838487,-0.0038472984724158246,-24.133708731600713,0.4276315789473684,152,-0.4349903837612437,-0.003386042879531799
KRW-BTC,20,2.0,30,20,40,0.02,0.008,12,True,-29.27924326690689,325,False,-41.55666815670273,0.3262411347517731,141,-0.41049482403169973,-0.0037723838472338064,-17.001818377111046,0.42391304347826086,184,-0.2827469978860003,-0.0016587326187015967
KRW-BTC,20,2.0,30,20,40,0.02,0.008,12,False,-24.967768329884883,322,False,-35.17312376744627,0.2642857142857143,140,-0.39587601868121003,-0.00361517834056034,-14.762412892323496,0.36813186813186816,182,-0.28188267206860446,-0.0015415635249470434
KRW-BTC,20,2.0,30,20,40,0.02,0.008,24,True,-29.62846888338393,322,False,-40.760293053046496,0.3333333333333333,141,-0.40988564036740743,-0.0037638360018034944,-18.496644713721366,0.43646408839779005,181,-0.2956949090105873,-0.0018356548090065444
KRW-BTC,20,2.0,30,20,40,0.02,0.008,24,False,-23.146649688245375,308,False,-25.647375768636483,0.26811594202898553,138,-0.3472540350197412,-0.0029805497825262715,-20.64592360785427,0.28823529411764703,170,-0.36734394351969324,-0.00238572187281967
KRW-BTC,20,2.0,30,20,40,0.02,0.01,12,True,-25.234843646555685,315,False,-34.023272986148484,0.3851851851851852,135,-0.3905124111516757,-0.0035811686700772125,-16.446414306962886,0.45,180,-0.2913816572021615,-0.0017673287196369335
KRW-BTC,20,2.0,30,20,40,0.02,0.01,12,False,-22.77423042928064,311,False,-30.958304608205985,0.3082706766917293,133,-0.38239977039962647,-0.00359402718621918,-14.59015625035529,0.398876404494382,178,-0.28824444229061696,-0.001652433685357789
KRW-BTC,20,2.0,30,20,40,0.02,0.01,24,True,-25.12624556457254,312,False,-33.635685840020315,0.4074074074074074,135,-0.39048799079286534,-0.003617638035089564,-16.616805289124763,0.4858757062146893,177,-0.2983135357249991,-0.001849834767923323
KRW-BTC,20,2.0,30,20,40,0.02,0.01,24,False,-19.75361744906868,295,False,-19.034889548361537,0.34108527131782945,129,-0.30871586483089747,-0.0025600555661127403,-20.472345349775825,0.3132530120481928,166,-0.3916302894594568,-0.0026256107233729007
KRW-BTC,20,2.0,30,20,40,0.02,0.015,12,True,-27.95696010994846,286,False,-34.5254024151794,0.4583333333333333,120,-0.4145343117681272,-0.004339958007709755,-21.388517804717523,0.463855421686747,166,-0.3789091455916932,-0.002618070351965369
KRW-BTC,20,2.0,30,20,40,0.02,0.015,12,False,-24.248426368472455,282,False,-32.171425570496766,0.3559322033898305,118,-0.40436498068782417,-0.004394155336742966,-16.325427166448144,0.40853658536585363,164,-0.335830310644679,-0.0021521762664944433
KRW-BTC,20,2.0,30,20,40,0.02,0.015,24,True,-26.170968412751677,279,False,-31.338234024826445,0.5042016806722689,119,-0.3922419096575503,-0.004122031021376839,-21.00370280067691,0.54375,160,-0.38221057176496037,-0.0027426687534203723
KRW-BTC,20,2.0,30,20,40,0.02,0.015,24,False,-20.77430599124781,262,False,-18.533272256993715,0.39823008849557523,113,-0.3242087997764321,-0.003007385494862851,-23.015339725501907,0.3624161073825503,149,-0.4489436610771099,-0.0034780750285537602
KRW-BTC,20,2.0,30,20,40,0.025,0.008,12,True,-30.216190797960476,324,False,-41.39489242407859,0.3262411347517731,141,-0.41267941919772966,-0.003797874608479038,-19.03748917184236,0.41530054644808745,183,-0.3100772518398359,-0.0018659599922961911
KRW-BTC,20,2.0,30,20,40,0.025,0.008,12,False,-24.477759742282682,321,False,-34.40341391874721,0.2642857142857143,140,-0.39753988377114186,-0.0036323440474302477,-14.55210556581815,0.35911602209944754,181,-0.28819994165451357,-0.0015843555479960764
KRW-BTC,20,2.0,30,20,40,0.025,0.008,24,True,-29.723949079323397,321,False,-39.20648486658429,0.3333333333333333,141,-0.4052728022654374,-0.003707054056798296,-20.241413292062504,0.42777777777777776,180,-0.3183595597444275,-0.0020204850334814457
KRW-BTC,20,2.0,30,20,40,0.025,0.008,24,False,-21.672295530944233,305,False,-23.016970485182885,0.24817518248175183,137,-0.3312409173166736,-0.002916143687209907,-20.327620576705577,0.2619047619047619,168,-0.3870905617002001,-0.002519183663967254
KRW-BTC,20,2.0,30,20,40,0.025,0.01,12,True,-26.1426311644232,314,False,-34.411371669987474,0.3851851851851852,135,-0.3875451864888738,-0.003633149988791388,-17.87389065885893,0.441340782122905,179,-0.31812794310688086,-0.0019485053305183752
KRW-BTC,20,2.0,30,20,40,0.025,0.01,12,False,-21.78556726671485,310,False,-29.36122201388759,0.3082706766917293,133,-0.38108163751524,-0.003537021163375474,-14.209912519542105,0.3898305084745763,177,-0.29936261190471347,-0.0016798954160486676
KRW-BTC,20,2.0,30,20,40,0.025,0.01,24,True,-25.32109165517209,311,False,-32.87965494550416,0.4074074074074074,135,-0.3864006375837042,-0.0035836900828310676,-17.762528364840023,0.4772727272727273,176,-0.3181431821411249,-0.002007124701124636
KRW-BTC,20,2.0,30,20,40,0.025,0.01,24,False,-16.90698151124126,292,False,-14.68349907990954,0.328125,128,-0.27603357663728934,-0.002175444419930196,-19.13046394257298,0.2926829268292683,164,-0.3908579033970831,-0.0026314874294036056
KRW-BTC,20,2.0,30,20,40,0.025,0.015,12,True,-28.20338793151752,285,False,-33.90831108356839,0.4583333333333333,120,-0.404215896524502,-0.0043200056286449694,-22.498464779466644,0.45454545454545453,165,-0.40155413277496427,-0.0028111149927125857
KRW-BTC,20,2.0,30,20,40,0.025,0.015,12,False,-23.32025778554931,281,False,-30.45219035362376,0.3559322033898305,118,-0.39512039431393425,-0.004304215826484057,-16.188325217474862,0.3987730061349693,163,-0.3525315788006657,-0.0022156914132025547
KRW-BTC,20,2.0,30,20,40,0.025,0.015,24,True,-25.766585298557036,278,False,-29.32409738163932,0.5042016806722689,119,-0.37849889401190695,-0.003962474407350915,-22.209073215474753,0.5345911949685535,159,-0.40477977686669336,-0.0029448031746286247
KRW-BTC,20,2.0,30,20,40,0.025,0.015,24,False,-19.896793796004836,258,False,-18.379533534158007,0.36936936936936937,111,-0.29941443549434804,-0.0031824591634928316,-21.414054057851665,0.3401360544217687,147,-0.4481441999704301,-0.0034622669224272117
KRW-BTC,20,2.0,30,20,40,0.03,0.008,12,True,-29.985863303053115,323,False,-42.06246135519598,0.32142857142857145,140,-0.4181396279545354,-0.0038910977029828877,-17.909265250910252,0.41530054644808745,183,-0.3011295943812637,-0.0017961707820893557
KRW-BTC,20,2.0,30,20,40,0.03,0.008,12,False,-24.081684568647706,320,False,-35.841020142619314,0.2589928057553957,139,-0.4080937819221918,-0.0037854604764624737,-12.322348994676098,0.35911602209944754,181,-0.2726674307070181,-0.001406565701636447
KRW-BTC,20,2.0,30,20,40,0.03,0.008,24,True,-29.477597065892674,320,False,-39.861968784130624,0.32857142857142857,140,-0.4108018689440554,-0.0037996284330758545,-19.09322534765472,0.42777777777777776,180,-0.30951931612935457,-0.0019495326697711627
KRW-BTC,20,2.0,30,20,40,0.03,0.008,24,False,-19.53005101988984,304,False,-21.652407896582815,0.2426470588235294,136,-0.3397468475943307,-0.0028821562386359178,-17.407694143196867,0.2619047619047619,168,-0.3672264008035536,-0.0022952139966999695
KRW-BTC,20,2.0,30,20,40,0.03,0.01,12,True,-26.12726677636151,313,False,-35.055414716914214,0.3805970149253731,134,-0.395733057140694,-0.003729317963499233,-17.1991188358088,0.441340782122905,179,-0.3092846956390724,-0.0019012357305266188
KRW-BTC,20,2.0,30,20,40,0.03,0.01,12,False,-22.32942130866414,309,False,-31.886406365697475,0.30303030303030304,132,-0.40316261470997683,-0.0038030173732507,-12.772436251630806,0.3898305084745763,177,-0.28316932898520936,-0.0015604019748867517
KRW-BTC,20,2.0,30,20,40,0.03,0.01,24,True,-25.309752070198783,310,False,-33.510029944449805,0.40298507462686567,134,-0.39460380963929,-0.0036794889537630896,-17.10947419594776,0.4772727272727273,176,-0.31251435894641805,-0.0019590493693148383
KRW-BTC,20,2.0,30,20,40,0.03,0.01,24,False,-16.06597828393202,291,False,-14.287131179512969,0.31496062992125984,127,-0.30043494812468496,-0.0022236644750955594,-17.844825388351065,0.2865853658536585,164,-0.3904419646541151,-0.002563866508568799
KRW-BTC,20,2.0,30,20,40,0.03,0.015,12,True,-30.246609266360295,283,False,-39.03716407187064,0.4406779661016949,118,-0.4374662113828696,-0.0048812597306365085,-21.45605446084995,0.45454545454545453,165,-0.39661387861898056,-0.002729577063024559
KRW-BTC,20,2.0,30,20,40,0.03,0.015,12,False,-26.23658343289709,279,False,-37.84753304767139,0.33620689655172414,116,-0.44576355611819063,-0.0051367047172834685,-14.625633818122786,0.3987730061349693,163,-0.33808453786196785,-0.0020643339732596936
KRW-BTC,20,2.0,30,20,40,0.03,0.015,24,True,-28.218149434426067,276,False,-35.253427177829025,0.48717948717948717,117,-0.42022352419228076,-0.004627283809971643,-21.182871691023113,0.5345911949685535,159,-0.3995995181073014,-0.0028573297822590315
KRW-BTC,20,2.0,30,20,40,0.03,0.015,24,False,-21.764658652466924,256,False,-22.79463652485221,0.3394495412844037,109,-0.3521870575180308,-0.003993416904568214,-20.73468078008164,0.3333333333333333,147,-0.4482144523175047,-0.003456237699029084
KRW-BTC,20,2.0,30,20,45,0.015,0.008,12,True,-29.31106803889676,364,False,-39.546767998802096,0.34177215189873417,158,-0.42630423730551203,-0.003535806709674583,-19.075368078991424,0.4320388349514563,206,-0.30953253723099333,-0.0017118010031867466
KRW-BTC,20,2.0,30,20,45,0.015,0.008,12,False,-26.07873386589725,357,False,-36.15161327998197,0.28662420382165604,157,-0.42382382425775716,-0.0035245770236349058,-16.005854451812528,0.37,200,-0.293888293796961,-0.0015672261467717477
KRW-BTC,20,2.0,30,20,45,0.015,0.008,24,True,-29.12668740693874,361,False,-38.1787974668589,0.35443037974683544,158,-0.4203743662165425,-0.003469787736718604,-20.074577347018575,0.4433497536945813,203,-0.3223494840682498,-0.0018286516515867196
KRW-BTC,20,2.0,30,20,45,0.015,0.008,24,False,-25.210484068221398,341,False,-32.1968275902861,0.2875816993464052,153,-0.40385826564604266,-0.0033582613856073078,-18.224140546156693,0.34574468085106386,188,-0.33069533392555145,-0.0019151681292482376
KRW-BTC,20,2.0,30,20,45,0.015,0.01,12,True,-25.407393884408776,352,False,-31.492366669698338,0.40397350993377484,151,-0.3871021292241191,-0.003243429775529435,-19.322421099119218,0.4527363184079602,201,-0.3313975226407915,-0.0018988335291502802
KRW-BTC,20,2.0,30,20,45,0.015,0.01,12,False,-23.9551093225948,344,False,-30.30474702827098,0.34,150,-0.3957922933971208,-0.0033536669197376545,-17.605471616918624,0.3917525773195876,194,-0.3224169491793254,-0.0018514494294370265
KRW-BTC,20,2.0,30,20,45,0.015,0.01,24,True,-24.46115275233086,349,False,-29.515508288232844,0.4370860927152318,151,-0.3735322867609541,-0.0030970929402189848,-19.40679721642888,0.48484848484848486,198,-0.33848905704695115,-0.001978714842922119
KRW-BTC,20,2.0,30,20,45,0.015,0.01,24,False,-20.561041202377837,328,False,-22.367457089162446,0.3767123287671233,146,-0.32672813497296715,-0.0027082307586622787,-18.754625315593227,0.37362637362637363,182,-0.35752736081753383,-0.002183078329144251
KRW-BTC,20,2.0,30,20,45,0.015,0.015,12,True,-27.4682501254182,324,False,-32.64418814254989,0.4632352941176471,136,-0.4215977058727735,-0.004047110597053888,-22.29231210828651,0.4734042553191489,188,-0.3947892823397536,-0.0025042333152611677
KRW-BTC,20,2.0,30,20,45,0.015,0.015,12,False,-25.349389596788,315,False,-30.916622851318277,0.3805970149253731,134,-0.4251628541089664,-0.004066389122952072,-19.78215634225772,0.39226519337016574,181,-0.38120345951964224,-0.002407439651386306
KRW-BTC,20,2.0,30,20,45,0.015,0.015,24,True,-26.281095906716494,316,False,-31.503745207703318,0.5074626865671642,134,-0.4158118962357825,-0.004054125199076417,-21.058446605729674,0.5494505494505495,182,-0.3887084697003399,-0.0025259134814606993
KRW-BTC,20,2.0,30,20,45,0.015,0.015,24,False,-23.50317318790058,294,False,-26.029223809759785,0.4186046511627907,129,-0.38719394272961005,-0.0037812843662698575,-20.977122566041373,0.42424242424242425,165,-0.41420869574774744,-0.002880349749519819
KRW-BTC,20,2.0,30,20,45,0.02,0.008,12,True,-28.5204676349995,364,False,-40.30797346951946,0.33544303797468356,158,-0.4375810836358195,-0.0036599421954861045,-16.732961800479536,0.42718446601941745,206,-0.2972843262831413,-0.0015865658690284105
KRW-BTC,20,2.0,30,20,45,0.02,0.008,12,False,-24.808760547438958,357,False,-33.467402995711744,0.27388535031847133,157,-0.4370565471769716,-0.0034868638740607858,-16.150118099166175,0.355,200,-0.3185355417362552,-0.001661578570753799
KRW-BTC,20,2.0,30,20,45,0.02,0.008,24,True,-28.38714230464025,361,False,-39.08391758824717,0.34177215189873417,158,-0.43485536009198644,-0.003627832267596538,-17.69036702103333,0.43842364532019706,203,-0.3051941679308036,-0.0017016043376327549
KRW-BTC,20,2.0,30,20,45,0.02,0.008,24,False,-22.30152427506213,338,False,-24.047172309348205,0.2631578947368421,152,-0.391435413067772,-0.0028761149060075957,-20.55587624077605,0.2849462365591398,186,-0.38527693955090997,-0.0023320646977289636
KRW-BTC,20,2.0,30,20,45,0.02,0.01,12,True,-23.830825933344904,352,False,-31.04136138387843,0.3973509933774834,151,-0.3986147362414222,-0.00329780961517715,-16.620290482811374,0.44776119402985076,201,-0.3124778858729185,-0.0017307417996148702
KRW-BTC,20,2.0,30,20,45,0.02,0.01,12,False,-22.847921310097867,343,False,-28.041678529841978,0.3221476510067114,149,-0.4138834539212974,-0.003318249675491292,-17.654164090353753,0.37628865979381443,194,-0.34114013524770853,-0.0019406639838949603
KRW-BTC,20,2.0,30,20,45,0.02,0.01,24,True,-23.068378508920475,349,False,-29.42763739046335,0.423841059602649,151,-0.3898724479679655,-0.0032001789329825494,-16.7091196273776,0.4797979797979798,198,-0.3189232175223103,-0.001801703688544846
KRW-BTC,20,2.0,30,20,45,0.02,0.01,24,False,-18.23987426034798,323,False,-14.920516216786678,0.3541666666666667,144,-0.30034362056792047,-0.0020623818936551645,-21.559232303909287,0.30726256983240224,179,-0.420840159737566,-0.002707085080972814
KRW-BTC,20,2.0,30,20,45,0.02,0.015,12,True,-25.653710978535152,324,False,-32.16735817725925,0.4632352941176471,136,-0.4213134373004304,-0.004046606797080943,-19.140063779811047,0.4734042553191489,188,-0.3747294241563455,-0.00227266430108473
KRW-BTC,20,2.0,30,20,45,0.02,0.015,12,False,-23.58263948657756,314,False,-29.366566727742715,0.3609022556390977,133,-0.438423032243906,-0.004044127907022675,-17.798712245412403,0.3812154696132597,181,-0.3801785013991593,-0.0022953781664222326
KRW-BTC,20,2.0,30,20,45,0.02,0.015,24,True,-23.803426825597548,316,False,-29.33048179739209,0.5074626865671642,134,-0.4027036761246558,-0.0038849543955254673,-18.276371853803006,0.5494505494505495,182,-0.37044695691216956,-0.002304190316710187
KRW-BTC,20,2.0,30,20,45,0.02,0.015,24,False,-19.823426028644157,289,False,-18.796495471047283,0.3937007874015748,127,-0.34438469313300035,-0.003076990966729463,-20.850356586241034,0.36419753086419754,162,-0.44437651432781344,-0.0031217198879767765
KRW-BTC,20,2.0,30,20,45,0.025,0.008,12,True,-29.19462157196015,363,False,-40.173738151775105,0.33544303797468356,158,-0.43966530222466477,-0.003682690279888494,-18.215504992145192,0.4195121951219512,205,-0.32074722076088236,-0.001746848515946155
KRW-BTC,20,2.0,30,20,45,0.025,0.008,12,False,-24.292705651742097,356,False,-32.17560609516461,0.27388535031847133,157,-0.42825207492806266,-0.003458128523626653,-16.409805208319586,0.3417085427135678,199,-0.33224667025443005,-0.0017585706352148743
KRW-BTC,20,2.0,30,20,45,0.025,0.008,24,True,-28.321839888961986,360,False,-37.741972813896965,0.34177215189873417,158,-0.4304377066566168,-0.0035771597723703794,-18.901706964027007,0.4306930693069307,202,-0.32346538673376585,-0.0018409255749303219
KRW-BTC,20,2.0,30,20,45,0.025,0.008,24,False,-21.0216267711669,335,False,-21.495628973256146,0.24503311258278146,151,-0.35439813944702847,-0.00279034054731254,-20.547624569077655,0.2608695652173913,184,-0.40264892182717177,-0.0024886488222096255
KRW-BTC,20,2.0,30,20,45,0.025,0.01,12,True,-24.39711433470812,351,False,-30.83152105251457,0.3973509933774834,151,-0.39364500292342297,-0.0033112200656832016,-17.96270761690167,0.44,200,-0.335441368795585,-0.0018952006083541339
KRW-BTC,20,2.0,30,20,45,0.025,0.01,12,False,-22.228998993441124,341,False,-27.63097599066441,0.3108108108108108,148,-0.41425385979540835,-0.0033852502175257273,-16.827021996217834,0.36787564766839376,193,-0.34359678465645505,-0.0019383540437321529
KRW-BTC,20,2.0,30,20,45,0.025,0.01,24,True,-23.045255732216113,348,False,-28.301574971286648,0.423841059602649,151,-0.38277008935035955,-0.0031367652008309145,-17.788936493145577,0.4720812182741117,197,-0.3384938766917709,-0.0019445089295811362
KRW-BTC,20,2.0,30,20,45,0.025,0.01,24,False,-16.438641825884215,319,False,-12.56504007038559,0.3380281690140845,142,-0.2683561925137888,-0.0018829541439268564,-20.312243581382837,0.288135593220339,177,-0.4205129138345081,-0.0027199246334749356
KRW-BTC,20,2.0,30,20,45,0.025,0.015,12,True,-25.73135594521248,323,False,-31.162290146349978,0.4632352941176471,136,-0.4156464975241702,-0.003992292197906133,-20.300421744074985,0.46524064171123,187,-0.3988844987888275,-0.002453428989707649
KRW-BTC,20,2.0,30,20,45,0.025,0.015,12,False,-23.230097193311728,312,False,-28.82649229719735,0.3484848484848485,132,-0.4379013785924828,-0.004101786219752138,-17.6337020894261,0.37222222222222223,180,-0.39324854237767626,-0.002360901461518798
KRW-BTC,20,2.0,30,20,45,0.025,0.015,24,True,-23.343007938059337,315,False,-27.175346970162607,0.5074626865671642,134,-0.38852320122134426,-0.00370600113381588,-19.51066890595607,0.5414364640883977,181,-0.39481280384983636,-0.002492018668287412
KRW-BTC,20,2.0,30,20,45,0.025,0.015,24,False,-19.321940986496656,285,False,-17.110706214566733,0.376,125,-0.31170222603768244,-0.002983724296252736,-21.533175758426584,0.33125,160,-0.47384887719927554,-0.0033930475083903205
KRW-BTC,20,2.0,30,20,45,0.03,0.008,12,True,-28.788655125353955,362,False,-40.76544524525572,0.33121019108280253,157,-0.44487462831256663,-0.003765085495824472,-16.81186500545219,0.4195121951219512,205,-0.3085815426137035,-0.0016601952209810294
KRW-BTC,20,2.0,30,20,45,0.03,0.008,12,False,-24.47971604955649,355,False,-35.02239639738285,0.2692307692307692,156,-0.4362350438342404,-0.0036799662109740037,-13.937035701730133,0.3417085427135678,199,-0.3143469098304666,-0.0015717743427973222
KRW-BTC,20,2.0,30,20,45,0.03,0.008,24,True,-27.903650881141516,359,False,-38.32203763827888,0.3375796178343949,157,-0.43666098573461604,-0.0036588828194686614,-17.485264124004154,0.4306930693069307,202,-0.3116542163028991,-0.0017529853498419515
KRW-BTC,20,2.0,30,20,45,0.03,0.008,24,False,-19.15648339511643,334,False,-20.076173957779865,0.24,150,-0.3411440870466067,-0.00273250049666007,-18.236792832453,0.2608695652173913,184,-0.38768462472557763,-0.002324122632392986
KRW-BTC,20,2.0,30,20,45,0.03,0.01,12,True,-23.745148274580124,350,False,-30.793099173010077,0.3933333333333333,150,-0.3968195572490881,-0.0033617005902681543,-16.697197376150168,0.44,200,-0.3238392791159984,-0.0018063809810148794
KRW-BTC,20,2.0,30,20,45,0.03,0.01,12,False,-22.605456725962178,340,False,-30.636075119948206,0.30612244897959184,147,-0.42668428396948427,-0.0036809300806018557,-14.574838331976146,0.36787564766839376,193,-0.325777110306246,-0.001755059013552554
KRW-BTC,20,2.0,30,20,45,0.03,0.01,24,True,-22.432567097457962,347,False,-28.299628588419232,0.42,150,-0.3880511726058003,-0.0031860826929835185,-16.565505606496693,0.4720812182741117,197,-0.32694507872896716,-0.0018543367190844314
KRW-BTC,20,2.0,30,20,45,0.03,0.01,24,False,-14.763119757553962,318,False,-11.202087024613538,0.3262411347517731,141,-0.26815763730659964,-0.001780436971719997,-18.324152490494388,0.288135593220339,177,-0.4040599008418606,-0.0025660796334012765
KRW-BTC,20,2.0,30,20,45,0.03,0.015,12,True,-26.85827076862536,321,False,-34.928463293313584,0.44776119402985076,134,-0.445567458030848,-0.004444382176813027,-18.78807824393714,0.46524064171123,187,-0.3883900207618084,-0.0023317368749063067
KRW-BTC,20,2.0,30,20,45,0.03,0.015,12,False,-25.59828181467443,310,False,-36.06323799672653,0.33076923076923076,130,-0.47968147525587945,-0.004906932860011977,-15.133325632622327,0.37222222222222223,180,-0.3749410620990242,-0.0021170716590205203
KRW-BTC,20,2.0,30,20,45,0.03,0.015,24,True,-24.880617803097792,313,False,-31.71261594336126,0.49242424242424243,132,-0.4267922853408681,-0.004253556085024631,-18.048619662834323,0.5414364640883977,181,-0.3839736687411022,-0.0023637814502979536
KRW-BTC,20,2.0,30,20,45,0.03,0.015,24,False,-19.84630062620038,283,False,-19.753733925811176,0.34959349593495936,123,-0.35341891037651,-0.0035342165404118548,-19.93886732658959,0.33125,160,-0.46311240336377824,-0.0032554254469174823
KRW-BTC,20,2.0,30,20,50,0.015,0.008,12,True,-30.653504613914563,371,False,-38.62518833405253,0.34782608695652173,161,-0.42491016564315964,-0.0034543433570200554,-22.681820893776596,0.4095238095238095,210,-0.3569599668136943,-0.002017402977862682
KRW-BTC,20,2.0,30,20,50,0.015,0.008,12,False,-27.38107942531829,364,False,-34.59305618739186,0.29375,160,-0.41881466824915187,-0.0033939830679543675,-20.169102663244722,0.35784313725490197,204,-0.35119023805729704,-0.0019508451299865865
KRW-BTC,20,2.0,30,20,50,0.015,0.008,24,True,-30.412733361088208,368,False,-37.300100232154776,0.36024844720496896,161,-0.41896588506089294,-0.0033895545512620134,-23.525366490021636,0.42028985507246375,207,-0.3670935568534827,-0.0021226704962373512
KRW-BTC,20,2.0,30,20,50,0.015,0.008,24,False,-26.66479850290969,348,False,-30.962746013517002,0.2948717948717949,156,-0.4015561895349703,-0.003239692752315697,-22.366850992302375,0.328125,192,-0.3847928895151861,-0.002313821699442518
KRW-BTC,20,2.0,30,20,50,0.015,0.01,12,True,-26.834248174327733,359,False,-30.89058859995018,0.4090909090909091,154,-0.386851480933824,-0.0031769267302375922,-22.77790774870529,0.4292682926829268,205,-0.3790678693591317,-0.002221691392869088
KRW-BTC,20,2.0,30,20,50,0.015,0.01,12,False,-25.26121308528801,351,False,-29.113408098397713,0.3464052287581699,153,-0.3946819343012799,-0.003233501543285402,-21.409018072178306,0.3787878787878788,198,-0.3752148467315875,-0.0022231840325967196
KRW-BTC,20,2.0,30,20,50,0.015,0.01,24,True,-25.69608987093953,356,False,-28.961742125354984,0.44155844155844154,154,-0.3732760890015299,-0.0030334406124981244,-22.43043761652408,0.46534653465346537,202,-0.3811698941053977,-0.002268858181365198
KRW-BTC,20,2.0,30,20,50,0.015,0.01,24,False,-21.91022299393461,335,False,-21.559108095684476,0.3825503355704698,149,-0.3225523761723677,-0.002610582336429684,-22.26133789218474,0.3602150537634409,186,-0.4051089529731766,-0.0025495008450661712
KRW-BTC,20,2.0,30,20,50,0.015,0.015,12,True,-28.46816955485997,330,False,-32.58677485891373,0.4676258992805755,139,-0.4289147051099059,-0.00404938183470022,-24.34956425080621,0.450261780104712,191,-0.42298139592476003,-0.0027140296510371176
KRW-BTC,20,2.0,30,20,50,0.015,0.015,12,False,-26.172250821895997,321,False,-30.315892975559876,0.38686131386861317,137,-0.4316241728084345,-0.004011241270875573,-22.028608668232117,0.3858695652173913,184,-0.4109033161193991,-0.0026502921700256752
KRW-BTC,20,2.0,30,20,50,0.015,0.015,24,True,-27.53546971586502,322,False,-32.056060908209865,0.5036496350364964,137,-0.42899476052210916,-0.0041296952904301765,-23.01487852352017,0.5243243243243243,185,-0.4182765317397065,-0.0027516633841730338
KRW-BTC,20,2.0,30,20,50,0.015,0.015,24,False,-24.251826191586233,301,False,-26.247324855657546,0.4166666666666667,132,-0.3975084487716008,-0.003821116805857515,-22.256327527514916,0.41420118343195267,169,-0.4397743005289047,-0.0030235651673334992
KRW-BTC,20,2.0,30,20,50,0.02,0.008,12,True,-29.872167011541375,371,False,-39.380666963428475,0.3416149068322981,161,-0.4362144145323346,-0.0035761657592450263,-20.363667059654276,0.40476190476190477,210,-0.347455604523071,-0.0019086240144494781
KRW-BTC,20,2.0,30,20,50,0.02,0.008,12,False,-25.745890557328387,364,False,-31.585555444895885,0.28125,160,-0.43209884118587755,-0.0033257739149347627,-19.90622566976089,0.3431372549019608,204,-0.37133078164240774,-0.002023756715611746
KRW-BTC,20,2.0,30,20,50,0.02,0.008,24,True,-29.68835743366816,368,False,-38.20016249473265,0.34782608695652173,161,-0.4334820675232452,-0.0035446541529931537,-21.17655237260367,0.41545893719806765,207,-0.3529574679686204,-0.002012352866223774
KRW-BTC,20,2.0,30,20,50,0.02,0.008,24,False,-23.369204239442816,345,False,-22.75660276191773,0.2709677419354839,155,-0.3860759328509375,-0.002733903503719259,-23.981805716967905,0.2736842105263158,190,-0.4300238529024939,-0.0026802718398854595
KRW-BTC,20,2.0,30,20,50,0.02,0.01,12,True,-25.27479393633982,359,False,-30.4629278266175,0.4025974025974026,154,-0.3983687961013809,-0.0032302472223597026,-20.08666004606214,0.424390243902439,205,-0.3633533561440466,-0.002071293430348244
KRW-BTC,20,2.0,30,20,50,0.02,0.01,12,False,-23.826792856960314,350,False,-26.561176412722766,0.32894736842105265,152,-0.4099137615483186,-0.0031651473671725065,-21.09240930119786,0.36363636363636365,198,-0.3900471823714452,-0.0022904118216672325
KRW-BTC,20,2.0,30,20,50,0.02,0.01,24,True,-24.329331291370245,356,False,-28.890542170772864,0.42857142857142855,154,-0.3896229326162718,-0.0031345184365714897,-19.76812041196763,0.4603960396039604,202,-0.36471864845002205,-0.002109980194994625
KRW-BTC,20,2.0,30,20,50,0.02,0.01,24,False,-19.23697454256756,330,False,-14.040323402430555,0.36054421768707484,147,-0.29560493743106075,-0.001942622925507987,-24.433625682704562,0.3005464480874317,183,-0.4590452760344847,-0.0030204403747461366
KRW-BTC,20,2.0,30,20,50,0.02,0.015,12,True,-26.697618130495087,330,False,-32.12293653631757,0.4676258992805755,139,-0.42863403263831923,-0.004048888908107986,-21.272299724672603,0.450261780104712,191,-0.4055890136840273,-0.0025015682932081856
KRW-BTC,20,2.0,30,20,50,0.02,0.015,12,False,-24.09011177858822,320,False,-28.446760790741738,0.36764705882352944,136,-0.4420000090265052,-0.0039523560534440545,-19.7334627664347,0.375,184,-0.4092043257127171,-0.002518337549876898
KRW-BTC,20,2.0,30,20,50,0.02,0.015,24,True,-25.122556566954657,322,False,-29.914083777142537,0.5036496350364964,137,-0.41618234220093187,-0.003964228957029979,-20.33102935676678,0.5243243243243243,185,-0.40263996459216905,-0.002549507921120336
KRW-BTC,20,2.0,30,20,50,0.02,0.015,24,False,-20.12223166670429,296,False,-18.860705835333818,0.3923076923076923,130,-0.35510293149717853,-0.003095285291530939,-21.383757498074765,0.3614457831325301,166,-0.4565937754611434,-0.0031791348449830364
KRW-BTC,20,2.0,30,20,50,0.025,0.008,12,True,-30.539755406845522,370,False,-39.256569191350856,0.3416149068322981,161,-0.4383036977395052,-0.003598489966298303,-21.822941622340185,0.39712918660287083,209,-0.3692433358428164,-0.002067379998964113
KRW-BTC,20,2.0,30,20,50,0.025,0.008,12,False,-24.94894759649035,363,False,-29.890290119788602,0.28125,160,-0.4203894616125902,-0.0032663742273212697,-20.007605073192096,0.33004926108374383,203,-0.38377230711928284,-0.0021189335054368364
KRW-BTC,20,2.0,30,20,50,0.025,0.008,24,True,-29.631654332210378,367,False,-36.90177543984442,0.34782608695652173,161,-0.42905367925964644,-0.0034949258657525754,-22.361533224576334,0.4077669902912621,206,-0.369972661468594,-0.0021504773247805684
KRW-BTC,20,2.0,30,20,50,0.025,0.008,24,False,-22.06677545841006,342,False,-20.00758438481123,0.2532467532467532,154,-0.34551989509723313,-0.0026164577922566513,-24.12596653200889,0.25,188,-0.4488330926270558,-0.0028637845696128776
KRW-BTC,20,2.0,30,20,50,0.025,0.01,12,True,-25.829916320046916,358,False,-30.261973744609648,0.4025974025974026,154,-0.39364712939367985,-0.0032433964303234283,-21.397858895484184,0.4166666666666667,204,-0.3846175802810713,-0.002234196927302097
KRW-BTC,20,2.0,30,20,50,0.025,0.01,12,False,-22.94080982914786,348,False,-25.78190596941047,0.31788079470198677,151,-0.4073959245464422,-0.0031967399361312984,-20.099713688885245,0.3553299492385787,197,-0.3921169251856584,-0.002288184505668409
KRW-BTC,20,2.0,30,20,50,0.025,0.01,24,True,-24.305362274494264,355,False,-27.793228968329345,0.42857142857142855,154,-0.38251766944616333,-0.0030723400368643677,-20.81749558065918,0.4527363184079602,201,-0.3829733814372035,-0.002251477254649346
KRW-BTC,20,2.0,30,20,50,0.025,0.01,24,False,-17.424644411230513,326,False,-11.513412178785165,0.3448275862068966,145,-0.2597900825343105,-0.0017308245917306482,-23.33587664367586,0.281767955801105,181,-0.46137991192996486,-0.003064041542593773
KRW-BTC,20,2.0,30,20,50,0.025,0.015,12,True,-26.772928138549826,329,False,-31.142749144916387,0.4676258992805755,139,-0.42307630583056893,-0.0039957465664693225,-22.403107132183266,0.4421052631578947,190,-0.4285519393221909,-0.00268068356039034
KRW-BTC,20,2.0,30,20,50,0.025,0.015,12,False,-23.518483490439003,318,False,-27.55273440385433,0.35555555555555557,135,-0.4387438431479537,-0.0039710717973456145,-19.48423257702368,0.366120218579235,183,-0.4214676318780355,-0.0025821323141540452
KRW-BTC,20,2.0,30,20,50,0.025,0.015,24,True,-24.664660596199706,321,False,-27.78713461175159,0.5036496350364964,137,-0.40232186572785467,-0.0037891943798833744,-21.542186580647822,0.5163043478260869,184,-0.42575983248771004,-0.002735607101771901
KRW-BTC,20,2.0,30,20,50,0.025,0.015,24,False,-19.480472228245624,292,False,-16.93208720865332,0.375,128,-0.31662025898557783,-0.0029654865012185335,-22.02885724783793,0.32926829268292684,164,-0.4854180887762032,-0.0034445449009597416
KRW-BTC,20,2.0,30,20,50,0.03,0.008,12,True,-30.073157101579035,369,False,-39.83461885309705,0.3375,160,-0.4435256824077059,-0.0036788140199755432,-20.311695350061022,0.39712918660287083,209,-0.35794624174197176,-0.0019823851402662623
KRW-BTC,20,2.0,30,20,50,0.03,0.008,12,False,-24.65652177868874,362,False,-31.957610970984355,0.27672955974842767,159,-0.4220579299981183,-0.0034514209249934796,-17.355432586393125,0.33004926108374383,203,-0.36725374019071383,-0.0019358179281408125
KRW-BTC,20,2.0,30,20,50,0.03,0.008,24,True,-29.155752425138886,366,False,-37.468923391264774,0.34375,160,-0.4352920808077314,-0.003574602643801404,-20.842581459012994,0.4077669902912621,206,-0.3589734307927632,-0.0020642446768783795
KRW-BTC,20,2.0,30,20,50,0.03,0.008,24,False,-20.145841063540303,341,False,-18.3471686393113,0.24836601307189543,153,-0.3288254455502089,-0.0025259846526950406,-21.94451348776931,0.25,188,-0.4377683528599081,-0.0027293147880902095
KRW-BTC,20,2.0,30,20,50,0.03,0.01,12,True,-25.13807898455093,357,False,-30.227594708898355,0.39869281045751637,153,-0.3965728829597424,-0.003292443848966455,-20.0485632602035,0.4166666666666667,204,-0.3738740255583224,-0.0021471188612832205
KRW-BTC,20,2.0,30,20,50,0.03,0.01,12,False,-22.922901013663285,347,False,-28.138380767838036,0.31333333333333335,150,-0.4170321100862203,-0.003451966133403275,-17.707421259488534,0.3553299492385787,197,-0.3756144489896426,-0.0021086112019899194
KRW-BTC,20,2.0,30,20,50,0.03,0.01,24,True,-23.65943435845137,354,False,-27.79384145359541,0.42483660130718953,153,-0.38780091243253456,-0.0031202694398638708,-19.525027263307333,0.4527363184079602,201,-0.3722011217341237,-0.002163099516003322
KRW-BTC,20,2.0,30,20,50,0.03,0.01,24,False,-15.737585040419374,325,False,-9.974572391260597,0.3333333333333333,144,-0.2559774426490266,-0.0015947165998322918,-21.50059768957815,0.281767955801105,181,-0.4487761069939712,-0.0029411793049526807
KRW-BTC,20,2.0,30,20,50,0.03,0.015,12,True,-27.827177926553034,327,False,-34.819345922088246,0.45255474452554745,137,-0.452581231191536,-0.004437987193554363,-20.835009931017826,0.4421052631578947,190,-0.4185754055208111,-0.0025609129000332296
KRW-BTC,20,2.0,30,20,50,0.03,0.015,12,False,-25.403387047409236,316,False,-33.89961835094644,0.3383458646616541,133,-0.4779269854387556,-0.004718554010796487,-16.907155743872032,0.366120218579235,183,-0.4040116047240842,-0.0023422997215327888
KRW-BTC,20,2.0,30,20,50,0.03,0.015,24,True,-26.1441994046919,319,False,-32.24996287988493,0.4888888888888889,135,-0.43972736474686147,-0.004325813935821819,-20.038435929498867,0.5163043478260869,184,-0.4154749705472666,-0.0026094607079887927
KRW-BTC,20,2.0,30,20,50,0.03,0.015,24,False,-19.82138517316418,290,False,-19.205457792235602,0.3492063492063492,126,-0.3549073510920381,-0.003462959282500306,-20.437312554092756,0.32926829268292684,164,-0.4749176926225921,-0.0033102794751325823
KRW-BTC,20,2.0,30,25,40,0.015,0.008,12,True,-27.720965771735372,302,False,-37.25808768779403,0.3488372093023256,129,-0.34923840838834147,-0.003362819884146815,-18.18384385567671,0.43352601156069365,173,-0.26648287822531896,-0.001680686692986108
KRW-BTC,20,2.0,30,25,40,0.015,0.008,12,False,-23.22217508532519,298,False,-33.11891710157473,0.29133858267716534,127,-0.33717441747721183,-0.0032652757731396645,-13.325433069075652,0.38011695906432746,171,-0.23360031380260105,-0.0013397457121616912
KRW-BTC,20,2.0,30,25,40,0.015,0.008,24,True,-27.556488812631354,298,False,-36.159515311562245,0.3643410852713178,129,-0.344281438246641,-0.003303319729316023,-18.953462313700463,0.4556213017751479,169,-0.274957596961901,-0.0017797231260214767
KRW-BTC,20,2.0,30,25,40,0.015,0.008,24,False,-22.695547080186817,287,False,-27.30540642175552,0.30952380952380953,126,-0.302595795041441,-0.0028829227415353214,-18.085687738618113,0.35403726708074534,161,-0.2958833267331982,-0.0019283743938211346
KRW-BTC,20,2.0,30,25,40,0.015,0.01,12,True,-27.500069256270322,295,False,-35.328065633298074,0.3858267716535433,127,-0.3672289008859917,-0.0035989449486694422,-19.67207287924257,0.4523809523809524,168,-0.29565934809500455,-0.0019792730328556172
KRW-BTC,20,2.0,30,25,40,0.015,0.01,12,False,-23.653600159368146,291,False,-32.641490525065045,0.32,125,-0.3622193087280909,-0.0035807367004876576,-14.665709793671247,0.4036144578313253,166,-0.2546980363797043,-0.0015903519595012355
KRW-BTC,20,2.0,30,25,40,0.015,0.01,24,True,-27.131534321713502,291,False,-34.71346302559177,0.41732283464566927,127,-0.3646218418887581,-0.0035940576698866807,-19.549605617835237,0.49390243902439024,164,-0.2978634520846905,-0.0020440909268580054
KRW-BTC,20,2.0,30,25,40,0.015,0.01,24,False,-23.071176131015545,278,False,-26.636977816004702,0.36065573770491804,122,-0.318667156088429,-0.0031581043943906682,-19.505374446026387,0.3782051282051282,156,-0.32977686861052297,-0.002296304006479414
KRW-BTC,20,2.0,30,25,40,0.015,0.015,12,True,-30.818714650002,269,False,-35.712341643282194,0.45132743362831856,113,-0.4017059951596678,-0.004417615677246828,-25.925087656721807,0.46153846153846156,156,-0.3843334150214318,-0.0029812981755479254
KRW-BTC,20,2.0,30,25,40,0.015,0.015,12,False,-25.983394790744953,264,False,-33.052067613256504,0.36363636363636365,110,-0.38808208909073233,-0.0043627071498025536,-18.9147219682334,0.4090909090909091,154,-0.3261057394640111,-0.002362743510638205
KRW-BTC,20,2.0,30,25,40,0.015,0.015,24,True,-30.055767232606776,262,False,-34.58019344946893,0.5,112,-0.39376862627725634,-0.0044047165487989875,-25.53134101574462,0.54,150,-0.3902941111423334,-0.0031581726603000255
KRW-BTC,20,2.0,30,25,40,0.015,0.015,24,False,-25.804509516929855,248,False,-26.86007703450556,0.41509433962264153,106,-0.3594775162305445,-0.003853233598136241,-24.748941999354148,0.4225352112676056,142,-0.41487350045429794,-0.003456704722512299
KRW-BTC,20,2.0,30,25,40,0.02,0.008,12,True,-27.932173670492794,302,False,-38.90551028037962,0.34108527131782945,129,-0.36364361715855753,-0.0035352906796122844,-16.958837060605962,0.4277456647398844,173,-0.269523046276487,-0.0016321022251375558
KRW-BTC,20,2.0,30,25,40,0.02,0.008,12,False,-23.16350316890633,298,False,-31.822770009213908,0.2755905511811024,127,-0.34161623002503533,-0.0033132546684131146,-14.504236328598752,0.3684210526315789,171,-0.26963807572462817,-0.001503671149889792
KRW-BTC,20,2.0,30,25,40,0.02,0.008,24,True,-27.492354841490688,298,False,-37.285373881230086,0.35658914728682173,129,-0.3565263212785417,-0.0034480843120487862,-17.699335801751293,0.44970414201183434,169,-0.2779682207084632,-0.0017300350784839782
KRW-BTC,20,2.0,30,25,40,0.02,0.008,24,False,-20.571111203939672,283,False,-21.359062373983008,0.288,125,-0.28196306859289194,-0.00252743895990901,-19.783160033896333,0.2911392405063291,158,-0.3488503041659085,-0.0022880261508954032
KRW-BTC,20,2.0,30,25,40,0.02,0.01,12,True,-27.25157630521011,295,False,-36.28817042942323,0.3779527559055118,127,-0.3857900290316099,-0.003750545205480824,-18.21498218099699,0.44642857142857145,168,-0.29149469080278734,-0.0019114122415591905
KRW-BTC,20,2.0,30,25,40,0.02,0.01,12,False,-24.11078487781855,290,False,-32.335831058612996,0.29838709677419356,124,-0.3713591785453916,-0.0037174236728336834,-15.885738697024104,0.39156626506024095,166,-0.2902110012765774,-0.0017712450308958454
KRW-BTC,20,2.0,30,25,40,0.02,0.01,24,True,-26.651882318720318,291,False,-35.25225435584138,0.4094488188976378,127,-0.3800901833593285,-0.0037175153956546057,-18.051510281599256,0.4878048780487805,164,-0.2939118762910524,-0.0019668812691270156
KRW-BTC,20,2.0,30,25,40,0.02,0.01,24,False,-20.213153385817265,273,False,-18.998225072323297,0.3416666666666667,120,-0.28657322311068056,-0.002551963375859713,-21.42808169931123,0.30718954248366015,153,-0.377443620761974,-0.002724075291981754
KRW-BTC,20,2.0,30,25,40,0.02,0.015,12,True,-29.691803661942892,269,False,-36.532504442074305,0.45132743362831856,113,-0.40784745516371,-0.004514725058060279,-22.85110288181148,0.46153846153846156,156,-0.36213889266882193,-0.002739216313127939
KRW-BTC,20,2.0,30,25,40,0.02,0.015,12,False,-25.41630398209908,263,False,-33.50237300800378,0.3394495412844037,109,-0.3986166409771937,-0.004540091191005356,-17.330234956194385,0.4025974025974026,154,-0.3206267944541961,-0.0022518915838840243
KRW-BTC,20,2.0,30,25,40,0.02,0.015,24,True,-28.771749634302516,262,False,-35.0063219024175,0.5,112,-0.3978673534570157,-0.004470781357632924,-22.53717736618754,0.54,150,-0.3675280323129225,-0.002897995717182688
KRW-BTC,20,2.0,30,25,40,0.02,0.015,24,False,-21.800512478628747,243,False,-19.144656907385542,0.3942307692307692,104,-0.3206078463951154,-0.0030847644037896534,-24.45636804987195,0.35251798561151076,139,-0.43281907987227686,-0.0036613054553496453
KRW-BTC,20,2.0,30,25,40,0.025,0.008,12,True,-29.88485729542359,301,False,-39.6904194120579,0.34108527131782945,129,-0.36909450805432803,-0.0036018542248493187,-20.07929517878928,0.4186046511627907,172,-0.30078471244186417,-0.0019104800098715467
KRW-BTC,20,2.0,30,25,40,0.025,0.008,12,False,-23.392823535527903,297,False,-31.76419239386746,0.2755905511811024,127,-0.34663231899120833,-0.0033714885185059254,-15.021454677188343,0.3588235294117647,170,-0.2831086339448707,-0.0016077444663416592
KRW-BTC,20,2.0,30,25,40,0.025,0.008,24,True,-28.53385106167551,297,False,-36.54072035280967,0.35658914728682173,129,-0.35465981342884934,-0.0034247218760353505,-20.526981770541347,0.44047619047619047,168,-0.30553258810078904,-0.0019868732967873084
KRW-BTC,20,2.0,30,25,40,0.025,0.008,24,False,-19.7928755632568,280,False,-19.350668714702582,0.2661290322580645,124,-0.267376470873464,-0.0024928885899012728,-20.23508241181102,0.26282051282051283,156,-0.3772223924716913,-0.0024945081346706924
KRW-BTC,20,2.0,30,25,40,0.025,0.01,12,True,-29.151898962525735,294,False,-37.47099143739193,0.3779527559055118,127,-0.3858105465750525,-0.003845111961594318,-20.832806487659536,0.437125748502994,167,-0.32318335956602035,-0.0021818600798266647
KRW-BTC,20,2.0,30,25,40,0.025,0.01,12,False,-24.10053682882021,289,False,-31.72441360036999,0.29838709677419356,124,-0.3761486621748328,-0.0037368043096222886,-16.476660057270433,0.38181818181818183,165,-0.3080984263419112,-0.0018921967743978057
KRW-BTC,20,2.0,30,25,40,0.025,0.01,24,True,-27.719487479253715,290,False,-35.10801112027956,0.4094488188976378,127,-0.3789773318047323,-0.003720740013332583,-20.330963838227863,0.4785276073619632,163,-0.3222367954680665,-0.0022146737038853137
KRW-BTC,20,2.0,30,25,40,0.025,0.01,24,False,-17.995402154575856,270,False,-15.066745480773214,0.3277310924369748,119,-0.26509306073509886,-0.002222103553157033,-20.9240588283785,0.2847682119205298,151,-0.39446199575414304,-0.0028309508477847543
KRW-BTC,20,2.0,30,25,40,0.025,0.015,12,True,-30.769307134536895,268,False,-36.4798427702908,0.45132743362831856,113,-0.4003506464564214,-0.004537718106841038,-25.05877149878299,0.45161290322580644,155,-0.39137684211297785,-0.0030267234344532384
KRW-BTC,20,2.0,30,25,40,0.025,0.015,12,False,-25.229827321906797,262,False,-32.66699284529972,0.3394495412844037,109,-0.38750898510762866,-0.0045343309872388285,-17.792661798513873,0.39215686274509803,153,-0.3410924182593647,-0.0023854712193795255
KRW-BTC,20,2.0,30,25,40,0.025,0.015,24,True,-29.13013674132965,261,False,-33.845597406301394,0.5,112,-0.39024419400779875,-0.0043904042409446675,-24.414676076357903,0.5302013422818792,149,-0.39360614175147757,-0.003165729220919887
KRW-BTC,20,2.0,30,25,40,0.025,0.015,24,False,-21.83288554014962,239,False,-20.06669239386697,0.3627450980392157,102,-0.3025360071423375,-0.0034236412178659413,-23.599078686432268,0.3284671532846715,137,-0.43752420994185787,-0.00375634318712329
KRW-BTC,20,2.0,30,25,40,0.03,0.008,12,True,-28.05265358635294,301,False,-36.858142544475804,0.34108527131782945,129,-0.3602949145810079,-0.00349170584207459,-19.24716462823007,0.4186046511627907,172,-0.2951548086016468,-0.001862611193266362
KRW-BTC,20,2.0,30,25,40,0.03,0.008,12,False,-21.798127925858925,297,False,-30.555509567566038,0.2755905511811024,127,-0.3430169214679286,-0.0033257274129000133,-13.04074628415181,0.3588235294117647,170,-0.272067669274281,-0.0014564745497762466
KRW-BTC,20,2.0,30,25,40,0.03,0.008,24,True,-26.830048369375596,297,False,-33.973275455389455,0.35658914728682173,129,-0.3456588911570997,-0.0033145734932606215,-19.686821283361734,0.44047619047619047,168,-0.29994091294904685,-0.0019378647464534287
KRW-BTC,20,2.0,30,25,40,0.03,0.008,24,False,-17.052152617010293,280,False,-16.31271367892779,0.2661290322580645,124,-0.2597241406688312,-0.002242881035923269,-17.7915915550928,0.26282051282051283,156,-0.36326560220730586,-0.002317316441716183
KRW-BTC,20,2.0,30,25,40,0.03,0.01,12,True,-27.787596950197212,294,False,-35.13956505360194,0.3779527559055118,127,-0.3798038394874224,-0.0037332289586184124,-20.435628846792486,0.437125748502994,167,-0.3177338039414438,-0.00215836744876819
KRW-BTC,20,2.0,30,25,40,0.03,0.01,12,False,-22.63933702483941,289,False,-30.055679467429094,0.29838709677419356,124,-0.37269659277007455,-0.003649673983719459,-15.222994582249726,0.38181818181818183,165,-0.29655486329177955,-0.0018002577175697048
KRW-BTC,20,2.0,30,25,40,0.03,0.01,24,True,-26.457057606252185,290,False,-32.96411925552127,0.4094488188976378,127,-0.3729037966083428,-0.003608857010356678,-19.949995956983106,0.4785276073619632,163,-0.3167796183498744,-0.0021906045665431957
KRW-BTC,20,2.0,30,25,40,0.03,0.01,24,False,-15.870797107428322,270,False,-11.298276463237094,0.3277310924369748,119,-0.2501544966724325,-0.0017937763540539012,-20.44331775161955,0.2781456953642384,151,-0.39991726289572593,-0.0028566969999906607
KRW-BTC,20,2.0,30,25,40,0.03,0.015,12,True,-31.737208911806007,267,False,-39.237058982235986,0.4375,112,-0.4205326021680925,-0.0048829251683102605,-24.237358841376025,0.45161290322580644,155,-0.38906013080923263,-0.002969202341635397
KRW-BTC,20,2.0,30,25,40,0.03,0.015,12,False,-26.301150681175194,261,False,-36.27615210693275,0.32407407407407407,108,-0.4204738660623229,-0.004998367762376767,-16.326149255417636,0.39215686274509803,153,-0.32966008475850117,-0.002253690537179285
KRW-BTC,20,2.0,30,25,40,0.03,0.015,24,True,-30.108876803879156,260,False,-36.57007531565403,0.4864864864864865,111,-0.4113559726130782,-0.00474645658749946,-23.64767829210428,0.5302013422818792,149,-0.3912979162301162,-0.00310589184248522
KRW-BTC,20,2.0,30,25,40,0.03,0.015,24,False,-22.078506680681464,238,False,-21.488832169553923,0.3465346534653465,101,-0.3352087773329297,-0.003775385548447661,-22.668181191809005,0.32116788321167883,137,-0.43722783135850285,-0.003728426158961356
KRW-BTC,20,2.0,30,25,45,0.015,0.008,12,True,-28.205936151698673,341,False,-38.06639132686604,0.3561643835616438,146,-0.3868935993067161,-0.0033758731423963934,-18.345480976531302,0.4358974358974359,195,-0.2861654382428891,-0.001636970316652625
KRW-BTC,20,2.0,30,25,45,0.015,0.008,12,False,-24.444718175722297,333,False,-33.75210655670603,0.2986111111111111,144,-0.37757216182459286,-0.0033051777271575033,-15.13732979473856,0.37037037037037035,189,-0.2747555927075841,-0.0014816054732547177
KRW-BTC,20,2.0,30,25,45,0.015,0.008,24,True,-27.824346057323314,338,False,-36.603456885859615,0.3698630136986301,146,-0.38055636944317656,-0.0033044279524851285,-19.045235228787014,0.453125,192,-0.2951460924515987,-0.0017200938285875033
KRW-BTC,20,2.0,30,25,45,0.015,0.008,24,False,-23.50870191614011,318,False,-30.10011709448591,0.2978723404255319,141,-0.35908897408841406,-0.0031623332765809806,-16.917286737794313,0.3502824858757062,177,-0.2998091402349743,-0.0017824295014734343
KRW-BTC,20,2.0,30,25,45,0.015,0.01,12,True,-27.059439721667843,332,False,-33.83362249029144,0.3986013986013986,143,-0.3864611583526279,-0.0034215311833597343,-20.285256953044243,0.4497354497354497,189,-0.32333092251416656,-0.001969336389690755
KRW-BTC,20,2.0,30,25,45,0.015,0.01,12,False,-24.919047288448667,323,False,-31.603098347725034,0.3333333333333333,141,-0.3858547049231039,-0.0034676672511691937,-18.234996229172303,0.38461538461538464,182,-0.3134552069024113,-0.0019076884489437815
KRW-BTC,20,2.0,30,25,45,0.015,0.01,24,True,-25.840547400875234,329,False,-31.895332601309864,0.43356643356643354,143,-0.37469976218209533,-0.003287449805412477,-19.785762200440605,0.489247311827957,186,-0.32191368409117327,-0.001987575121800371
KRW-BTC,20,2.0,30,25,45,0.015,0.01,24,False,-21.219222177969748,307,False,-23.379287801756377,0.3722627737226277,137,-0.32018743324218774,-0.0028202016630606893,-19.05915655418312,0.37058823529411766,170,-0.34141557113298027,-0.0022071921727434317
KRW-BTC,20,2.0,30,25,45,0.015,0.015,12,True,-29.147786305751325,306,False,-34.47234045602889,0.4609375,128,-0.4151687564201072,-0.00421942074159267,-23.82323215547376,0.47191011235955055,178,-0.3873613931514885,-0.0026379824283430378
KRW-BTC,20,2.0,30,25,45,0.015,0.015,12,False,-26.45012318203724,295,False,-31.848325694457355,0.3709677419354839,124,-0.4223796919684669,-0.004176146193213788,-21.05192066961713,0.38596491228070173,171,-0.37239458115730084,-0.0025410034261806004
KRW-BTC,20,2.0,30,25,45,0.015,0.015,24,True,-27.88822246591,298,False,-32.92081756717208,0.5079365079365079,126,-0.40497054334475335,-0.0041724370228345825,-22.855627364647923,0.5465116279069767,172,-0.3858730367100946,-0.0027097597838424696
KRW-BTC,20,2.0,30,25,45,0.015,0.015,24,False,-23.293989625331818,273,False,-24.624397073986213,0.423728813559322,118,-0.3525395045697443,-0.003566390850198587,-21.963582176677424,0.41935483870967744,155,-0.40072430456656477,-0.0030096260815156736
KRW-BTC,20,2.0,30,25,45,0.02,0.008,12,True,-27.618862791221325,341,False,-38.55604200190268,0.3493150684931507,146,-0.39581096937618737,-0.0034747876349602966,-16.68168358053997,0.4307692307692308,195,-0.2843283985462209,-0.0015588689852695176
KRW-BTC,20,2.0,30,25,45,0.02,0.008,12,False,-23.806793258563044,333,False,-31.607674501554378,0.2847222222222222,144,-0.38696462394784586,-0.0032887205922059477,-16.00591201557171,0.3544973544973545,189,-0.30691591233914534,-0.0016342799959870487
KRW-BTC,20,2.0,30,25,45,0.02,0.008,24,True,-26.953199513446705,338,False,-36.553651643992524,0.363013698630137,146,-0.38672628395262076,-0.0033712414444358532,-17.352747382900887,0.4479166666666667,192,-0.29333762590775636,-0.0016408129602763389
KRW-BTC,20,2.0,30,25,45,0.02,0.008,24,False,-20.755181399947674,315,False,-21.362837302644426,0.2785714285714286,140,-0.33056369245106465,-0.002573299024182829,-20.147525497250925,0.2857142857142857,175,-0.36730751293126,-0.0022810711270840967
KRW-BTC,20,2.0,30,25,45,0.02,0.01,12,True,-25.865483265226565,332,False,-33.325239571541864,0.3916083916083916,143,-0.3968783575798413,-0.003466660665278123,-18.405726958911266,0.4444444444444444,189,-0.31138344399767626,-0.0018729064446129451
KRW-BTC,20,2.0,30,25,45,0.02,0.01,12,False,-24.66075724897975,322,False,-30.042473519617875,0.3142857142857143,140,-0.3993650262899768,-0.003491813451089454,-19.279040978341627,0.36813186813186816,182,-0.3428868724802699,-0.002085079237761582
KRW-BTC,20,2.0,30,25,45,0.02,0.01,24,True,-24.460053211718495,329,False,-31.017680850859875,0.42657342657342656,143,-0.3824572620699735,-0.003299804839152376,-17.902425572577116,0.4838709677419355,186,-0.30908207161324763,-0.0018828061403498941
KRW-BTC,20,2.0,30,25,45,0.02,0.01,24,False,-19.104700906668928,302,False,-15.197396740285038,0.35555555555555557,135,-0.28622574776597687,-0.002088606129136347,-23.01200507305282,0.2994011976047904,167,-0.41185371997565406,-0.002856199814894854
KRW-BTC,20,2.0,30,25,45,0.02,0.015,12,True,-27.1263055432664,306,False,-33.96053810517,0.4609375,128,-0.4138049609914898,-0.004205152330117702,-20.2920729813628,0.47191011235955055,178,-0.3578463133719867,-0.0023594323316046984
KRW-BTC,20,2.0,30,25,45,0.02,0.015,12,False,-24.9303654744105,294,False,-31.019770706043904,0.34959349593495936,123,-0.4293800856813495,-0.004222427920057401,-18.840960242777093,0.3742690058479532,171,-0.3661357727635593,-0.002393554645236696
KRW-BTC,20,2.0,30,25,45,0.02,0.015,24,True,-25.75123503005365,298,False,-32.0426383680759,0.5079365079365079,126,-0.40122025250480553,-0.004120745731101883,-19.459831692031397,0.5465116279069767,172,-0.3554848404209648,-0.00241415694576394
KRW-BTC,20,2.0,30,25,45,0.02,0.015,24,False,-20.248037983221195,268,False,-18.484702135198066,0.39655172413793105,116,-0.3370902067244779,-0.0029982257544974517,-22.01137383124432,0.35526315789473684,152,-0.42811829283353653,-0.003265834874285054
KRW-BTC,20,2.0,30,25,45,0.025,0.008,12,True,-29.175233283179104,340,False,-39.25306832330384,0.3493150684931507,146,-0.4009863217025775,-0.0035336006304094573,-19.09739824305436,0.422680412371134,194,-0.3115983947088446,-0.0017795661282302318
KRW-BTC,20,2.0,30,25,45,0.025,0.008,12,False,-23.532310638743365,332,False,-30.07678020850488,0.2847222222222222,144,-0.37737671075872603,-0.0032401151005072826,-16.98784106898185,0.3404255319148936,188,-0.3274704165354078,-0.001789913624992299
KRW-BTC,20,2.0,30,25,45,0.025,0.008,24,True,-27.69407988425458,337,False,-35.90080519565974,0.363013698630137,146,-0.38494737637199217,-0.0033505992920678162,-19.48735457284942,0.4397905759162304,191,-0.3169834611433311,-0.0018401171412017411
KRW-BTC,20,2.0,30,25,45,0.025,0.008,24,False,-19.86214350699327,312,False,-18.868269075837937,0.2589928057553957,139,-0.2922118016863044,-0.002476914891062914,-20.8560179381486,0.26011560693641617,173,-0.3987901699995333,-0.00250473870953006
KRW-BTC,20,2.0,30,25,45,0.025,0.01,12,True,-27.268399050989387,331,False,-33.694874092766455,0.3916083916083916,143,-0.3948606445486506,-0.0035157339381901077,-20.841924009212324,0.43617021276595747,188,-0.3408614627743184,-0.002115587394154534
KRW-BTC,20,2.0,30,25,45,0.025,0.01,12,False,-24.606293505170868,320,False,-29.855494447421528,0.302158273381295,139,-0.4026726824065561,-0.0035824206684293507,-19.357092562920204,0.35911602209944754,181,-0.35276217893331063,-0.0021661626455098952
KRW-BTC,20,2.0,30,25,45,0.025,0.01,24,True,-25.171381343724462,328,False,-30.327446020197183,0.42657342657342656,143,-0.37831605524624584,-0.003267756073034217,-20.01531666725174,0.4756756756756757,185,-0.33546651728820087,-0.002103367367684608
KRW-BTC,20,2.0,30,25,45,0.025,0.01,24,False,-17.77148135945251,298,False,-12.971367816951503,0.3383458646616541,133,-0.24860409640062073,-0.0019338960355322293,-22.571594901953517,0.2787878787878788,165,-0.42414557987699103,-0.0029625533316264873
KRW-BTC,20,2.0,30,25,45,0.025,0.015,12,True,-27.900197757429243,305,False,-33.37411315302705,0.4609375,128,-0.41095198277433503,-0.004186446974744467,-22.42628236183144,0.4632768361581921,177,-0.3886618077948717,-0.002622030393322064
KRW-BTC,20,2.0,30,25,45,0.025,0.015,12,False,-24.959346368961377,292,False,-30.68120440985106,0.3360655737704918,122,-0.43163612936454837,-0.004306804612736705,-19.237488328071695,0.36470588235294116,170,-0.38058177284524025,-0.0025222450546260856
KRW-BTC,20,2.0,30,25,45,0.025,0.015,24,True,-25.92276353581032,297,False,-30.557720020151404,0.5079365079365079,126,-0.3929704163601413,-0.004009676389283751,-21.287807051469233,0.5380116959064327,171,-0.38345206601974985,-0.002658042854451072
KRW-BTC,20,2.0,30,25,45,0.025,0.015,24,False,-20.443737625016546,264,False,-17.287348900471027,0.37719298245614036,114,-0.2951158744047731,-0.0029809142221031973,-23.600126349562068,0.32,150,-0.46372355156644485,-0.0036570225358769446
KRW-BTC,20,2.0,30,25,45,0.03,0.008,12,True,-27.32154410379821,340,False,-36.72386147237335,0.3493150684931507,146,-0.3926315412778272,-0.003436277744259183,-17.919226735223074,0.422680412371134,194,-0.3026704650609217,-0.0017113911980441918
KRW-BTC,20,2.0,30,25,45,0.03,0.008,12,False,-22.68380886239513,332,False,-30.638832068299315,0.2847222222222222,144,-0.3820112159714556,-0.003293490452608395,-14.728785656490944,0.3404255319148936,188,-0.31378151746790506,-0.0016265711472469792
KRW-BTC,20,2.0,30,25,45,0.03,0.008,24,True,-25.966035690229766,337,False,-33.63019924619886,0.363013698630137,146,-0.37739470554405025,-0.003253276405917543,-18.30187213426067,0.4397905759162304,191,-0.30812537080709307,-0.001770871400593931
KRW-BTC,20,2.0,30,25,45,0.03,0.008,24,False,-17.497403515628875,312,False,-15.954474996923233,0.2589928057553957,139,-0.27524197259374705,-0.002225628213759438,-19.040332034334515,0.26011560693641617,173,-0.3896978961738604,-0.0023874680798984913
KRW-BTC,20,2.0,30,25,45,0.03,0.01,12,True,-25.431689989780665,331,False,-31.14751398954401,0.3916083916083916,143,-0.3839050859447064,-0.0033814567257569594,-19.715865990017324,0.43617021276595747,188,-0.3323130479487939,-0.002045236668324258
KRW-BTC,20,2.0,30,25,45,0.03,0.01,12,False,-23.22235323474559,320,False,-29.285301140804577,0.302158273381295,139,-0.4042267937555188,-0.003565881464850646,-17.1594053286866,0.35911602209944754,181,-0.3404368423660218,-0.0020037563133792867
KRW-BTC,20,2.0,30,25,45,0.03,0.01,24,True,-23.48295016333202,328,False,-28.025318294873593,0.42657342657342656,143,-0.36917378967902564,-0.003133478860601069,-18.94058203179045,0.4756756756756757,185,-0.3268481350288646,-0.0020318758192733014
KRW-BTC,20,2.0,30,25,45,0.03,0.01,24,False,-14.963502760819257,298,False,-8.65796373409165,0.3383458646616541,133,-0.2245666149540487,-0.0013981267520402176,-21.26904178754686,0.2787878787878788,165,-0.42006149398786047,-0.002888292331547471
KRW-BTC,20,2.0,30,25,45,0.03,0.015,12,True,-28.074036889903624,304,False,-35.11741736134077,0.44881889763779526,127,-0.4304322953446636,-0.00444880461059058,-21.030656418466478,0.4632768361581921,177,-0.3807333190622116,-0.0025191013737961214
KRW-BTC,20,2.0,30,25,45,0.03,0.015,12,False,-25.7039093852362,291,False,-34.68783862309267,0.32231404958677684,121,-0.4639748326242952,-0.0047893968148433694,-16.71998014737974,0.36470588235294116,170,-0.36698569617927285,-0.0022905947833576127
KRW-BTC,20,2.0,30,25,45,0.03,0.015,24,True,-26.162629063050872,296,False,-32.33620961654839,0.496,125,-0.4111292079820482,-0.00428286505021112,-19.98904850955336,0.5380116959064327,171,-0.375456011773451,-0.0025515022903803593
KRW-BTC,20,2.0,30,25,45,0.03,0.015,24,False,-19.492304342007024,263,False,-17.305706344958725,0.36283185840707965,113,-0.3134470114603324,-0.0031118617653051986,-21.678902339055323,0.32,150,-0.45242241601886507,-0.0034906367568481814
KRW-BTC,20,2.0,30,25,50,0.015,0.008,12,True,-29.638742276731186,348,False,-37.10044748784429,0.3624161073825503,149,-0.3854037604151062,-0.0032910691217551556,-22.17703706561808,0.4120603015075377,199,-0.3351979274432661,-0.0019609689971957557
KRW-BTC,20,2.0,30,25,50,0.015,0.008,12,False,-25.842020388687438,340,False,-32.141353993619006,0.30612244897959184,147,-0.3751685786252333,-0.003167512182807477,-19.542686783755865,0.35751295336787564,193,-0.33361018219634764,-0.0018888632725805998
KRW-BTC,20,2.0,30,25,50,0.015,0.008,24,True,-29.206095095546193,345,False,-35.68651752568904,0.37583892617449666,149,-0.37905113118286854,-0.0032210624256004926,-22.725672665403344,0.42857142857142855,196,-0.34168635738290726,-0.002032829196621573
KRW-BTC,20,2.0,30,25,50,0.015,0.008,24,False,-25.065641306498883,325,False,-28.83128298954418,0.3055555555555556,144,-0.35661401574034163,-0.0030379657594531177,-21.29999962345358,0.3314917127071823,181,-0.35640311885110226,-0.0022082440870447107
KRW-BTC,20,2.0,30,25,50,0.015,0.01,12,True,-28.56877841436021,339,False,-33.13808218058332,0.4041095890410959,146,-0.3862102479334192,-0.0033477245176170307,-23.9994746481371,0.42487046632124353,193,-0.3715764056370167,-0.002310807118292795
KRW-BTC,20,2.0,30,25,50,0.015,0.01,12,False,-26.300465417099307,330,False,-30.289884100822224,0.3402777777777778,144,-0.3845796510975483,-0.003337616531783852,-22.31104673337639,0.3709677419354839,186,-0.3669514116954661,-0.0023021964884469663
KRW-BTC,20,2.0,30,25,50,0.015,0.01,24,True,-27.15068749855835,336,False,-31.252310662498203,0.4383561643835616,146,-0.3744440418688047,-0.0032163982364769098,-23.0490643346185,0.46842105263157896,190,-0.36566396799678835,-0.0022958567704845236
KRW-BTC,20,2.0,30,25,50,0.015,0.01,24,False,-22.66321880693188,314,False,-22.491994417920612,0.37857142857142856,140,-0.3159193802391674,-0.002713876465733178,-22.834443195943148,0.3563218390804598,174,-0.39019040415043355,-0.002598330865772629
KRW-BTC,20,2.0,30,25,50,0.015,0.015,12,True,-30.193261102597823,312,False,-34.36271263576381,0.46564885496183206,131,-0.425752976203347,-0.004217884646930256,-26.023809569431833,0.44751381215469616,181,-0.41589951497722977,-0.002857152885768236
KRW-BTC,20,2.0,30,25,50,0.015,0.015,12,False,-27.309911033882237,301,False,-31.168890727680157,0.3779527559055118,127,-0.4288722941326706,-0.0041140633038809875,-23.45093134008432,0.3793103448275862,174,-0.40417004454574257,-0.002795510162417733
KRW-BTC,20,2.0,30,25,50,0.015,0.015,24,True,-29.207842776587214,304,False,-33.48258526088293,0.5038759689922481,129,-0.41839805500222926,-0.00424994219371978,-24.933100292291503,0.52,175,-0.41557824813630706,-0.0029452580300975352
KRW-BTC,20,2.0,30,25,50,0.015,0.015,24,False,-24.108082303723606,280,False,-24.89964905656937,0.4214876033057851,121,-0.36624636419234935,-0.003615172359072839,-23.316515550877842,0.4088050314465409,159,-0.42673087368893314,-0.003158596523544155
KRW-BTC,20,2.0,30,25,50,0.02,0.008,12,True,-29.082383412665294,348,False,-37.59104905487422,0.35570469798657717,149,-0.39434279955331625,-0.0033879920473546847,-20.573717770456366,0.40703517587939697,199,-0.33542468170586087,-0.0018992860610155466
KRW-BTC,20,2.0,30,25,50,0.02,0.008,12,False,-24.819279351642813,340,False,-29.627900988702923,0.2925170068027211,147,-0.38156577057924324,-0.0031174283227188787,-20.010657714582706,0.34196891191709844,193,-0.36061136224774437,-0.0020176661921014953
KRW-BTC,20,2.0,30,25,50,0.02,0.008,24,True,-28.37839541886921,345,False,-35.653776646432654,0.3691275167785235,149,-0.38523603848733795,-0.0032865306794582494,-21.103014191305768,0.42346938775510207,196,-0.3419159846971251,-0.0019702420976629035
KRW-BTC,20,2.0,30,25,50,0.02,0.008,24,False,-21.92285693631485,322,False,-20.050444919702265,0.2867132867132867,143,-0.3246681298045014,-0.002425506578663823,-23.795268952927437,0.2737430167597765,179,-0.41336245656129106,-0.0026518159946389208
KRW-BTC,20,2.0,30,25,50,0.02,0.01,12,True,-27.415455088144476,339,False,-32.65607106147283,0.3972602739726027,146,-0.3966317073372472,-0.0033919266814138086,-22.17483911481612,0.41968911917098445,193,-0.36233990111118075,-0.0022316858524904027
KRW-BTC,20,2.0,30,25,50,0.02,0.01,12,False,-25.68973562800933,329,False,-28.37411974197045,0.32167832167832167,143,-0.3952970024642834,-0.0033254341350667273,-23.00535151404821,0.3548387096774194,186,-0.3916642596190603,-0.0024542857477800944
KRW-BTC,20,2.0,30,25,50,0.02,0.01,24,True,-25.823193853424314,336,False,-30.408666440397436,0.4315068493150685,146,-0.3822047142331692,-0.0032284993996605084,-21.237721266451196,0.4631578947368421,190,-0.35553921870765687,-0.002208845321905869
KRW-BTC,20,2.0,30,25,50,0.02,0.01,24,False,-20.190379847955548,309,False,-14.247910394500922,0.36231884057971014,138,-0.28139144608301153,-0.0019604667014256317,-26.132849301410175,0.29239766081871343,171,-0.4506516397653768,-0.0031880568898938594
KRW-BTC,20,2.0,30,25,50,0.02,0.015,12,True,-28.229237475280126,312,False,-33.86613435394099,0.46564885496183206,131,-0.42143926569772916,-0.004203942992969982,-22.59234059661926,0.44751381215469616,181,-0.38953915155854296,-0.002599544808974976
KRW-BTC,20,2.0,30,25,50,0.02,0.015,12,False,-25.43716221062259,300,False,-29.95477461644423,0.35714285714285715,126,-0.43301466170992464,-0.004119127347630445,-20.919549804800948,0.367816091954023,174,-0.3958192086236343,-0.002627635088450576
KRW-BTC,20,2.0,30,25,50,0.02,0.015,24,True,-27.1389860006732,304,False,-32.61757696335214,0.5038759689922481,129,-0.41473239371029597,-0.004199453025050633,-21.660395037994256,0.52,175,-0.3884429552454681,-0.0026716075567851764
KRW-BTC,20,2.0,30,25,50,0.02,0.015,24,False,-20.564507489654638,275,False,-18.563631786164343,0.3949579831932773,119,-0.34792769801526024,-0.0030201968289586957,-22.565383193144932,0.3525641025641026,156,-0.44069304594242376,-0.0033232350211940685
KRW-BTC,20,2.0,30,25,50,0.025,0.008,12,True,-30.647277758031223,347,False,-38.27020213923272,0.35570469798657717,149,-0.3995307279042999,-0.0034456208885330565,-23.024353376829726,0.398989898989899,198,-0.3607477018492372,-0.0021172439539959734
KRW-BTC,20,2.0,30,25,50,0.025,0.008,12,False,-24.276724568577507,339,False,-27.691589252231303,0.2925170068027211,147,-0.36881446514341254,-0.0030358521947963764,-20.861859884923714,0.328125,192,-0.37936460194017435,-0.002170269305700365
KRW-BTC,20,2.0,30,25,50,0.025,0.008,24,True,-29.14499576585638,344,False,-35.02454074673216,0.3691275167785235,149,-0.38345280818932154,-0.003266304140896282,-23.2654507849806,0.4153846153846154,195,-0.3639363253400047,-0.0021671473678892546
KRW-BTC,20,2.0,30,25,50,0.025,0.008,24,False,-21.028377303531112,319,False,-17.35627821326498,0.2676056338028169,142,-0.2800554711884015,-0.0022949594874723638,-24.700476393797246,0.24858757062146894,177,-0.4452726800173314,-0.0029028243646855943
KRW-BTC,20,2.0,30,25,50,0.025,0.01,12,True,-28.829857791949813,338,False,-33.01925503603957,0.3972602739726027,146,-0.3946131691501109,-0.003439991599402945,-24.640460547860055,0.4114583333333333,192,-0.38963659649893534,-0.002471179591665903
KRW-BTC,20,2.0,30,25,50,0.025,0.01,12,False,-25.354371283139947,327,False,-27.75937331351729,0.30985915492957744,142,-0.39567915434837186,-0.003377796979392241,-22.9493692527626,0.34594594594594597,185,-0.4006048300658694,-0.002533759221695471
KRW-BTC,20,2.0,30,25,50,0.025,0.01,24,True,-26.552895105637525,335,False,-29.73853103803571,0.4315068493150685,146,-0.3780618138378702,-0.003197109169832449,-23.367259173239336,0.455026455026455,189,-0.38014958091572454,-0.0024264636617919964
KRW-BTC,20,2.0,30,25,50,0.025,0.01,24,False,-18.867445497723473,305,False,-11.83376932291121,0.34558823529411764,136,-0.23980672822432766,-0.0017705753683023304,-25.901121672535737,0.27218934911242604,169,-0.4647563925288309,-0.0033253618864069806
KRW-BTC,20,2.0,30,25,50,0.025,0.015,12,True,-29.010842629301685,311,False,-33.29653802592675,0.46564885496183206,131,-0.42145942641516,-0.004185666004513691,-24.725147232676623,0.4388888888888889,180,-0.4188337787829363,-0.0028591001945379984
KRW-BTC,20,2.0,30,25,50,0.025,0.015,12,False,-25.222842648498112,298,False,-29.20878624303169,0.344,125,-0.43248798417682716,-0.00416071259510603,-21.236899053964535,0.3583815028901734,173,-0.4093899745737222,-0.0027534659520418565
KRW-BTC,20,2.0,30,25,50,0.025,0.015,24,True,-27.31585168006513,303,False,-31.155696990360504,0.5038759689922481,129,-0.4066687244347946,-0.004090966691181758,-23.47600636976976,0.5114942528735632,174,-0.4149800406545181,-0.002912768137224951
KRW-BTC,20,2.0,30,25,50,0.025,0.015,24,False,-20.59385222142408,271,False,-17.083570486074922,0.37606837606837606,117,-0.30324075180177074,-0.002961033815761921,-24.10413395677324,0.3181818181818182,154,-0.4755154026654687,-0.0037050074207564164
KRW-BTC,20,2.0,30,25,50,0.03,0.008,12,True,-28.788381998701254,347,False,-35.83048580258816,0.35570469798657717,149,-0.39115564549478155,-0.0033502575235804387,-21.74627819481435,0.398989898989899,198,-0.35245719308037754,-0.0020504462951268236
KRW-BTC,20,2.0,30,25,50,0.03,0.008,12,False,-23.038599286022972,339,False,-27.65449091779069,0.2925170068027211,147,-0.3704566679594068,-0.0030541756689634525,-18.42270765425525,0.328125,192,-0.36673197501840615,-0.0020103297962414056
KRW-BTC,20,2.0,30,25,50,0.03,0.008,24,True,-27.40652657483247,344,False,-32.82865080214286,0.3691275167785235,149,-0.37588178449029275,-0.003170940775943664,-21.984402347522074,0.4153846153846154,195,-0.3556871700572215,-0.0020993220527298095
KRW-BTC,20,2.0,30,25,50,0.03,0.008,24,False,-18.67563409068712,319,False,-14.283370091441087,0.2676056338028169,142,-0.26169115801392084,-0.002013823232928821,-23.067898089933152,0.24858757062146894,177,-0.4396169507691163,-0.0028164101334637796
KRW-BTC,20,2.0,30,25,50,0.03,0.01,12,True,-26.98808422602339,338,False,-30.545102050344266,0.3972602739726027,146,-0.3836531302042303,-0.0033084735077732177,-23.43106640170251,0.4114583333333333,192,-0.3817207498706883,-0.002402294505957092
KRW-BTC,20,2.0,30,25,50,0.03,0.01,12,False,-23.676017171758325,327,False,-26.753198504850033,0.30985915492957744,142,-0.3943112245103636,-0.0033264487449032273,-20.59883583866662,0.34594594594594597,185,-0.38919056012399567,-0.0023748643778271463
KRW-BTC,20,2.0,30,25,50,0.03,0.01,24,True,-24.861057934087476,335,False,-27.49794014943915,0.4315068493150685,146,-0.3689158094858651,-0.0030655910782027215,-22.2241757187358,0.455026455026455,189,-0.37211069650394335,-0.0023564851620243147
KRW-BTC,20,2.0,30,25,50,0.03,0.01,24,False,-16.14037695241753,305,False,-7.452165604774947,0.34558823529411764,136,-0.21166092644063628,-0.001209914966063819,-24.82858830006011,0.27218934911242604,169,-0.4635770248726259,-0.0032823999632529124
KRW-BTC,20,2.0,30,25,50,0.03,0.015,12,True,-29.134496453805287,310,False,-34.9969509597017,0.45384615384615384,130,-0.44093093949942364,-0.004441963225915425,-23.272041947908875,0.4388888888888889,180,-0.41129659249967476,-0.002757886658670821
KRW-BTC,20,2.0,30,25,50,0.03,0.015,12,False,-25.558819493143208,297,False,-32.48345228530157,0.33064516129032256,124,-0.4621673807401917,-0.004590188921213092,-18.63418670098485,0.3583815028901734,173,-0.39642623080035905,-0.0025258327375005827
KRW-BTC,20,2.0,30,25,50,0.03,0.015,24,True,-27.51616313098242,302,False,-32.8955534703324,0.4921875,128,-0.42441774241699104,-0.00435838757335222,-22.136772791632442,0.5114942528735632,174,-0.4073928749658825,-0.002808064479431319
KRW-BTC,20,2.0,30,25,50,0.03,0.015,24,False,-19.49446871309803,270,False,-16.7988824427627,0.3620689655172414,116,-0.31805015808647896,-0.0030453846086540316,-22.19005498343336,0.3181818181818182,154,-0.46446276079688037,-0.0035429433502738553
KRW-BTC,20,2.0,30,30,40,0.015,0.008,12,True,-27.687716719867602,258,False,-37.516240055552984,0.36363636363636365,110,-0.3017564390819113,-0.003307578450092798,-17.85919338418222,0.4391891891891892,148,-0.24086652272855794,-0.0016214741664430186
KRW-BTC,20,2.0,30,30,40,0.015,0.008,12,False,-22.105756294628726,254,False,-31.996957932276466,0.2962962962962963,108,-0.29555100400846995,-0.00315229933096087,-12.214554656980987,0.3767123287671233,146,-0.21037706340215215,-0.0012220187145751806
KRW-BTC,20,2.0,30,30,40,0.015,0.008,24,True,-27.876485605678518,255,False,-37.58071977960519,0.37272727272727274,110,-0.3040388068044005,-0.0033414748313042703,-18.17225143175185,0.4689655172413793,145,-0.24467992513556575,-0.0016827945597002025
KRW-BTC,20,2.0,30,30,40,0.015,0.008,24,False,-21.052817781515284,245,False,-26.155711793745756,0.3113207547169811,106,-0.28510239433328677,-0.002780154991415502,-15.94992376928481,0.3669064748201439,139,-0.25913395254210747,-0.0016968917355626432
KRW-BTC,20,2.0,30,30,40,0.015,0.01,12,True,-27.95307507561811,254,False,-36.79726793996867,0.39814814814814814,108,-0.31961318093860636,-0.0036207292509255035,-19.10888221126755,0.4589041095890411,146,-0.26698922573548506,-0.0018825466712068877
KRW-BTC,20,2.0,30,30,40,0.015,0.01,12,False,-22.713802911345034,250,False,-32.673789393899966,0.32075471698113206,106,-0.3160098331660218,-0.0035427124652777442,-12.753816428790099,0.4027777777777778,144,-0.23764731381326057,-0.001376960234832586
KRW-BTC,20,2.0,30,30,40,0.015,0.01,24,True,-27.536097632708124,251,False,-36.880710915381,0.42592592592592593,108,-0.3249826652401658,-0.0036923209178259054,-18.191484350035246,0.5104895104895105,143,-0.2597735942475635,-0.0018715561545418567
KRW-BTC,20,2.0,30,30,40,0.015,0.01,24,False,-21.57066877010699,238,False,-26.648605891862022,0.3592233009708738,103,-0.29201385928108436,-0.0031575378618665523,-16.492731648351956,0.3925925925925926,135,-0.2786920008275574,-0.0019448052591109974
KRW-BTC,20,2.0,30,30,40,0.015,0.015,12,True,-27.124270355459483,238,False,-32.49656819728742,0.48484848484848486,99,-0.34215701149552336,-0.003929690757691804,-21.75197251363155,0.4892086330935252,139,-0.3105405248727597,-0.002479970256300019
KRW-BTC,20,2.0,30,30,40,0.015,0.015,12,False,-22.11778591502658,234,False,-29.871860536717755,0.38144329896907214,97,-0.3510875121774053,-0.003918868130645255,-14.363711293335404,0.4306569343065693,137,-0.2663295883845401,-0.0017905545511700122
KRW-BTC,20,2.0,30,30,40,0.015,0.015,24,True,-26.869461309461585,232,False,-32.44005413691814,0.5204081632653061,98,-0.33973000221569055,-0.0040487034268672385,-21.29886848200503,0.5746268656716418,134,-0.30943763535254076,-0.0025918937867936446
KRW-BTC,20,2.0,30,30,40,0.015,0.015,24,False,-22.407193903525446,218,False,-25.342962958888883,0.42391304347826086,92,-0.3315980567866523,-0.003631287878254492,-19.471424848162012,0.4523809523809524,126,-0.32230459525780264,-0.0027149123204404
KRW-BTC,20,2.0,30,30,40,0.02,0.008,12,True,-26.886627241720323,258,False,-38.80771992025687,0.35454545454545455,110,-0.3202054289179029,-0.0034603904808149398,-14.965534563183773,0.4391891891891892,148,-0.22927607808471628,-0.0014290831865467347
KRW-BTC,20,2.0,30,30,40,0.02,0.008,12,False,-21.347261408028174,254,False,-30.300023142249643,0.2777777777777778,108,-0.31041651277173254,-0.0031761526007259098,-12.394499673806706,0.3698630136986301,146,-0.23160463519517818,-0.0012819655065624915
KRW-BTC,20,2.0,30,30,40,0.02,0.008,24,True,-26.999003163950967,255,False,-38.72463678121659,0.36363636363636365,110,-0.3207239129398964,-0.0034851420124907277,-15.273369546685347,0.4689655172413793,145,-0.23255701866515324,-0.0014864230767715817
KRW-BTC,20,2.0,30,30,40,0.02,0.008,24,False,-18.588149407563666,241,False,-22.084652307051456,0.2857142857142857,105,-0.28347728652192694,-0.0025891446070378287,-15.091646508075877,0.3088235294117647,136,-0.2856463831756014,-0.0017755932377691084
KRW-BTC,20,2.0,30,30,40,0.02,0.01,12,True,-27.06479575031477,254,False,-38.17780700595585,0.3888888888888889,108,-0.3360357209300243,-0.0037948618748091666,-15.951784494673687,0.4589041095890411,146,-0.25393818302420545,-0.0016533249929558593
KRW-BTC,20,2.0,30,30,40,0.02,0.01,12,False,-22.641131205046793,249,False,-32.72781456523052,0.29523809523809524,105,-0.33855667381400606,-0.003717821929759588,-12.554447844863068,0.3958333333333333,144,-0.24677673664962063,-0.0014030694822641638
KRW-BTC,20,2.0,30,30,40,0.02,0.01,24,True,-26.59812167235193,251,False,-38.12275029076002,0.4166666666666667,108,-0.3379336355977416,-0.0038571393431084083,-15.073493053943842,0.5104895104895105,143,-0.24565027243730111,-0.0016286472814041283
KRW-BTC,20,2.0,30,30,40,0.02,0.01,24,False,-18.287029891951672,233,False,-21.037453288963086,0.33663366336633666,101,-0.2824295398034222,-0.002773526400318812,-15.536606494940258,0.32575757575757575,132,-0.3003186828785539,-0.002020418024996395
KRW-BTC,20,2.0,30,30,40,0.02,0.015,12,True,-25.65224960992049,238,False,-32.46038652630646,0.48484848484848486,99,-0.33988629930341874,-0.0039529266112133836,-18.84411269353452,0.4892086330935252,139,-0.300655288877938,-0.0022392050402953397
KRW-BTC,20,2.0,30,30,40,0.02,0.015,12,False,-21.366762125226167,233,False,-29.45156090038818,0.3541666666666667,96,-0.35162974778138467,-0.004009744653230027,-13.281963350064151,0.4233576642335766,137,-0.26561535315476864,-0.0017192164511730928
KRW-BTC,20,2.0,30,30,40,0.02,0.015,24,True,-25.371914869268892,232,False,-32.30986733726284,0.5204081632653061,98,-0.3367872002899736,-0.004061911753905106,-18.43396240127495,0.5746268656716418,134,-0.2986645222066288,-0.002332728593101606
KRW-BTC,20,2.0,30,30,40,0.02,0.015,24,False,-19.358788072892253,213,False,-19.219501084950046,0.4,90,-0.30483590386942483,-0.0030601291007059687,-19.498075060834463,0.37398373983739835,123,-0.35615166597537073,-0.0029321318270688177
KRW-BTC,20,2.0,30,30,40,0.025,0.008,12,True,-29.08137160067497,258,False,-42.13833437529562,0.35454545454545455,110,-0.3319151070146049,-0.0036292240929565508,-16.02440882605432,0.43243243243243246,148,-0.2404232815683675,-0.0015428893157016128
KRW-BTC,20,2.0,30,30,40,0.025,0.008,12,False,-21.71773971850388,254,False,-31.848637842141592,0.2777777777777778,108,-0.3055995352686204,-0.003337084998520231,-11.586841594866167,0.363013698630137,146,-0.2300333257040305,-0.001250682229851279
KRW-BTC,20,2.0,30,30,40,0.025,0.008,24,True,-28.17431381424543,255,False,-40.01350642979392,0.36363636363636365,110,-0.3247038001227696,-0.003548516973893151,-16.335121198696935,0.46206896551724136,145,-0.2436567689541811,-0.0016025838154951812
KRW-BTC,20,2.0,30,30,40,0.025,0.008,24,False,-17.540355996614252,239,False,-21.162579322441776,0.25961538461538464,104,-0.2554988452016702,-0.0026849257411260307,-13.918132670786731,0.28888888888888886,135,-0.29594715608676975,-0.0017701735085520025
KRW-BTC,20,2.0,30,30,40,0.025,0.01,12,True,-28.838693883402527,254,False,-41.08075614940643,0.3888888888888889,108,-0.34747271720265144,-0.00396682203532377,-16.596631617398618,0.4520547945205479,146,-0.2697905512496871,-0.0017481729868936812
KRW-BTC,20,2.0,30,30,40,0.025,0.01,12,False,-22.889480412237695,249,False,-34.22481168284063,0.29523809523809524,105,-0.3339362650008138,-0.0038833523960623184,-11.554149141634763,0.3888888888888889,144,-0.2504325041101568,-0.0013505496322652963
KRW-BTC,20,2.0,30,30,40,0.025,0.01,24,True,-27.480677828448332,251,False,-39.2327103857473,0.4166666666666667,108,-0.3418126907979633,-0.003921687914907173,-15.728645271149361,0.5034965034965035,143,-0.26167874270614383,-0.0017254850933965899
KRW-BTC,20,2.0,30,30,40,0.025,0.01,24,False,-15.737295739898173,231,False,-18.331363992388813,0.32,100,-0.24860783694466534,-0.0026248966233372484,-13.143227487407533,0.31297709923664124,131,-0.2952638474741349,-0.0018492392655922228
KRW-BTC,20,2.0,30,30,40,0.025,0.015,12,True,-26.14267237790075,238,False,-33.15182946503893,0.48484848484848486,99,-0.33803484525223726,-0.004029600495175259,-19.133515290762574,0.48201438848920863,139,-0.3166726737854031,-0.002328549053663011
KRW-BTC,20,2.0,30,30,40,0.025,0.015,12,False,-20.76240100020811,233,False,-29.21811377720468,0.3541666666666667,96,-0.3428754346227436,-0.0040552096302034464,-12.30668822321154,0.41605839416058393,137,-0.2728706991109581,-0.0016640131051888821
KRW-BTC,20,2.0,30,30,40,0.025,0.015,24,True,-25.22328295451474,232,False,-31.694078663865522,0.5204081632653061,98,-0.33492705404013395,-0.004020996069526687,-18.75248724516396,0.5671641791044776,134,-0.31272119908157275,-0.002425406338311355
KRW-BTC,20,2.0,30,30,40,0.025,0.015,24,False,-18.718330243101356,210,False,-20.386250594736556,0.36363636363636365,88,-0.29742743587184467,-0.0034454068628864574,-17.05040989146616,0.36065573770491804,122,-0.3547754465186419,-0.002755798190348539
KRW-BTC,20,2.0,30,30,40,0.03,0.008,12,True,-27.967245760314796,258,False,-40.77779850268081,0.35454545454545455,110,-0.3319151070146052,-0.0035838377293201866,-15.156693017948784,0.43243243243243246,148,-0.23430736282326814,-0.001487257988295587
KRW-BTC,20,2.0,30,30,40,0.03,0.008,12,False,-20.734211559486162,254,False,-32.12374991679591,0.2777777777777778,108,-0.3118763875900916,-0.003375727031742908,-9.344673202176413,0.363013698630137,146,-0.21667406858052113,-0.0010611146698884975
KRW-BTC,20,2.0,30,30,40,0.03,0.008,24,True,-27.110481825843348,255,False,-38.75610343583311,0.36363636363636365,110,-0.32470380012276956,-0.0035031306102567858,-15.464860215853586,0.46206896551724136,145,-0.23756688542795382,-0.0015458014951083413
KRW-BTC,20,2.0,30,30,40,0.03,0.008,24,False,-16.261638304389805,239,False,-18.903236512828148,0.25961538461538464,104,-0.2588493725566211,-0.0025308542344599496,-13.620040095951461,0.28888888888888886,135,-0.30098126246256374,-0.001786575659024549
KRW-BTC,20,2.0,30,30,40,0.03,0.01,12,True,-28.060272925363144,254,False,-39.93186591484171,0.3888888888888889,108,-0.3474727172026518,-0.003920595183471918,-16.188679935884583,0.4520547945205479,146,-0.2674843374329577,-0.0017213012787651522
KRW-BTC,20,2.0,30,30,40,0.03,0.01,12,False,-22.406018980165715,249,False,-34.49348654274547,0.29523809523809524,105,-0.3399569748269431,-0.003923098487377072,-10.31855141758596,0.3888888888888889,144,-0.24112899141392305,-0.0012452027963164305
KRW-BTC,20,2.0,30,30,40,0.03,0.01,24,True,-26.757633467637373,251,False,-38.172994955757765,0.4166666666666667,108,-0.34181269079796267,-0.0038754610630553194,-15.34227197951698,0.5034965034965035,143,-0.2593469094387578,-0.00169804964313949
KRW-BTC,20,2.0,30,30,40,0.03,0.01,24,False,-15.024526701749917,231,False,-15.576102420251082,0.32,100,-0.2513922812159759,-0.002364812256404523,-14.472950983248749,0.3053435114503817,131,-0.31849683727633354,-0.002068715322063895
KRW-BTC,20,2.0,30,30,40,0.03,0.015,12,True,-27.740242605236716,237,False,-37.15424842733547,0.46938775510204084,98,-0.3665095863042394,-0.004469881855102676,-18.32623678313796,0.48201438848920863,139,-0.31451452734706054,-0.0022644068278589438
KRW-BTC,20,2.0,30,30,40,0.03,0.015,12,False,-22.397636890332215,232,False,-33.92308207604678,0.3368421052631579,95,-0.38126077815347115,-0.004630255423444098,-10.872191704617647,0.41605839416058393,137,-0.26384568572694767,-0.001516841978352117
KRW-BTC,20,2.0,30,30,40,0.03,0.015,24,True,-26.806013282484805,231,False,-35.627464070900054,0.5051546391752577,97,-0.3641724220574637,-0.00447609815505415,-17.984562494069554,0.5671641791044776,134,-0.307187404798981,-0.002358870745872807
KRW-BTC,20,2.0,30,30,40,0.03,0.015,24,False,-19.803689286314373,209,False,-23.01458931869688,0.3448275862068966,87,-0.3370189997104957,-0.00397221111770961,-16.59278925393187,0.3524590163934426,122,-0.36200123162746206,-0.002765370871838826
KRW-BTC,20,2.0,30,30,45,0.015,0.008,12,True,-28.67890050204977,297,False,-39.263579513347565,0.36220472440944884,127,-0.34874198576030885,-0.0034128294863017936,-18.094221490751977,0.4411764705882353,170,-0.2607685546193093,-0.0015789917087896004
KRW-BTC,20,2.0,30,30,45,0.015,0.008,12,False,-24.672763294783987,288,False,-33.91202255823483,0.296,125,-0.3561157264522795,-0.0033149673395375346,-15.433504031333143,0.3619631901840491,163,-0.2576620856833823,-0.001489688036769747
KRW-BTC,20,2.0,30,30,45,0.015,0.008,24,True,-28.548777169459793,295,False,-38.726943404178535,0.3700787401574803,127,-0.349388600413642,-0.0034195666192283537,-18.370610934741052,0.4642857142857143,168,-0.265711489442402,-0.0016279167734982174
KRW-BTC,20,2.0,30,30,45,0.015,0.008,24,False,-23.978323399578965,276,False,-31.64247233203855,0.2892561983471074,121,-0.3474140011178433,-0.0033082864103678574,-16.31417446711938,0.3548387096774194,155,-0.2758583339606095,-0.0017022915845084031
KRW-BTC,20,2.0,30,30,45,0.015,0.01,12,True,-27.701808490097108,291,False,-35.72063786878217,0.4032258064516129,124,-0.3496617180190081,-0.0035142799302787337,-19.682979111412045,0.4550898203592814,167,-0.2837201999611079,-0.0018629184978302675
KRW-BTC,20,2.0,30,30,45,0.015,0.01,12,False,-24.65284179190315,282,False,-32.539546237215696,0.32786885245901637,122,-0.36233680460533146,-0.003537217511064057,-16.766137346590604,0.38125,160,-0.275319019879375,-0.001737825082850597
KRW-BTC,20,2.0,30,30,45,0.015,0.01,24,True,-26.356191609070326,289,False,-34.10419781736236,0.43548387096774194,124,-0.34263223376640384,-0.0034260657293632506,-18.60818540077829,0.503030303030303,165,-0.2786480429658539,-0.0018308520651493432
KRW-BTC,20,2.0,30,30,45,0.015,0.01,24,False,-20.459604841486122,267,False,-24.135369761020325,0.36752136752136755,117,-0.3055423634595761,-0.002904126423041945,-16.78383992195192,0.38,150,-0.2891628586201061,-0.0019402196955705282
KRW-BTC,20,2.0,30,30,45,0.015,0.015,12,True,-26.12458782540525,275,False,-32.578963874420666,0.4824561403508772,114,-0.36273071344187424,-0.003924966402821446,-19.67021177638983,0.4968944099378882,161,-0.31345322998454916,-0.002147596829161037
KRW-BTC,20,2.0,30,30,45,0.015,0.015,12,False,-23.539648117858015,265,False,-30.17589687129781,0.3783783783783784,111,-0.3811703827696606,-0.003943523156119764,-16.903399364418224,0.4025974025974026,154,-0.31606582760713386,-0.00202937614128916
KRW-BTC,20,2.0,30,30,45,0.015,0.015,24,True,-25.32693994309639,268,False,-31.881406688239426,0.5178571428571429,112,-0.35504501323327525,-0.003987194111269015,-18.772473197953357,0.5769230769230769,156,-0.3099291070427896,-0.0021773496872195476
KRW-BTC,20,2.0,30,30,45,0.015,0.015,24,False,-21.29026796372335,244,False,-25.071735230538717,0.4230769230769231,104,-0.324358060387424,-0.003619469651157741,-17.50880069690798,0.44285714285714284,140,-0.33210483865100826,-0.002387117317240524
KRW-BTC,20,2.0,30,30,45,0.02,0.008,12,True,-27.617443674967852,297,False,-40.383985791837034,0.3543307086614173,127,-0.36528837567591366,-0.0035451863633052237,-14.850901558098672,0.4411764705882353,170,-0.24383691188823223,-0.0013713534046333861
KRW-BTC,20,2.0,30,30,45,0.02,0.008,12,False,-23.529238462370625,288,False,-31.363588354633595,0.28,125,-0.3644145533707721,-0.003278431026437476,-15.694888570107654,0.3496932515337423,163,-0.2798098381346234,-0.0015790681998068808
KRW-BTC,20,2.0,30,30,45,0.02,0.008,24,True,-27.424461111987963,295,False,-39.715757197386566,0.36220472440944884,127,-0.3615232629343196,-0.0035440027604134745,-15.133165026589362,0.4642857142857143,168,-0.24889306160091204,-0.0014178065847687148
KRW-BTC,20,2.0,30,30,45,0.02,0.008,24,False,-20.531087087162526,273,False,-23.38030420273129,0.26666666666666666,120,-0.3319754199192467,-0.00279299816219584,-17.681869971593766,0.29411764705882354,153,-0.3249490018753739,-0.002007307161665632
KRW-BTC,20,2.0,30,30,45,0.02,0.01,12,True,-26.195836549606174,291,False,-36.19119321748549,0.3951612903225806,124,-0.36012977055999784,-0.0036256817317257945,-16.200479881726856,0.4550898203592814,167,-0.26370496117955416,-0.0016216549546772341
KRW-BTC,20,2.0,30,30,45,0.02,0.01,12,False,-23.7930120833045,281,False,-31.146784971823546,0.30578512396694213,121,-0.3751193322120703,-0.0035888316147355296,-16.439239194785454,0.36875,160,-0.29122786398077594,-0.0017754288662473576
KRW-BTC,20,2.0,30,30,45,0.02,0.01,24,True,-24.852425193661453,289,False,-34.497855993706644,0.4274193548387097,124,-0.3511565758868371,-0.00352935516428672,-15.20699439361626,0.503030303030303,165,-0.25756216797131276,-0.0015789695467214552
KRW-BTC,20,2.0,30,30,45,0.02,0.01,24,False,-17.594339193480263,262,False,-16.96654699402351,0.34782608695652173,115,-0.28260219637812733,-0.002307234705130438,-18.222131392937015,0.3129251700680272,147,-0.34156274194818853,-0.0023019185626786147
KRW-BTC,20,2.0,30,30,45,0.02,0.015,12,True,-24.117719213494638,275,False,-31.969058041063143,0.4824561403508772,114,-0.3573809230943011,-0.003901351047546325,-16.26638038592613,0.4968944099378882,161,-0.2954582105773473,-0.0018663327812942243
KRW-BTC,20,2.0,30,30,45,0.02,0.015,12,False,-21.860804931713,264,False,-28.57440471383294,0.35454545454545455,110,-0.38326900566605343,-0.003912733237224135,-15.147205149593061,0.38961038961038963,154,-0.3147539017059738,-0.0019130393586862923
KRW-BTC,20,2.0,30,30,45,0.02,0.015,24,True,-23.33983218226149,268,False,-31.217724919415897,0.5178571428571429,112,-0.3527713544563754,-0.003954175504570006,-15.461939445107078,0.5769230769230769,156,-0.2909600728780521,-0.001878982490830832
KRW-BTC,20,2.0,30,30,45,0.02,0.015,24,False,-18.967271353785456,239,False,-20.025727462874908,0.39215686274509803,102,-0.3142914160575499,-0.003219092263908598,-17.908815244696004,0.3722627737226277,137,-0.3720330782469915,-0.002661424506037898
KRW-BTC,20,2.0,30,30,45,0.025,0.008,12,True,-29.36430785271134,297,False,-43.37640647318177,0.3543307086614173,127,-0.3762214856494732,-0.003691420200593233,-15.35220923224092,0.43529411764705883,170,-0.2511204468208827,-0.0014410640347211625
KRW-BTC,20,2.0,30,30,45,0.025,0.008,12,False,-22.68066369654736,288,False,-30.953175299016998,0.28,125,-0.36075641015251847,-0.003302317500000612,-14.408152094077721,0.34355828220858897,163,-0.2747995413674119,-0.0015204187617710709
KRW-BTC,20,2.0,30,30,45,0.025,0.008,24,True,-28.245536311702104,295,False,-40.85822037080468,0.36220472440944884,127,-0.365264106209708,-0.003598894459265967,-15.63285225259953,0.4583333333333333,168,-0.2561278945489828,-0.0014883471033099172
KRW-BTC,20,2.0,30,30,45,0.025,0.008,24,False,-18.999132658154977,271,False,-21.61038157124158,0.24369747899159663,119,-0.3010951598704769,-0.002801452639618934,-16.38788374506838,0.27631578947368424,152,-0.3346830423720835,-0.0020040180200839703
KRW-BTC,20,2.0,30,30,45,0.025,0.01,12,True,-27.285976179122972,291,False,-37.75943964175559,0.3951612903225806,124,-0.36806914963644993,-0.003735191387657868,-16.812512716490353,0.4491017964071856,167,-0.2726229390606227,-0.001707556406383933
KRW-BTC,20,2.0,30,30,45,0.025,0.01,12,False,-23.8521278515484,280,False,-32.75476720422915,0.2916666666666667,120,-0.384608544662183,-0.0038194059595179583,-14.949488498867652,0.3625,160,-0.28424442811137385,-0.001696957876248377
KRW-BTC,20,2.0,30,30,45,0.025,0.01,24,True,-25.226100907722884,289,False,-34.62650096482109,0.4274193548387097,124,-0.3524487629222823,-0.0035453127913372563,-15.82570085062468,0.49696969696969695,165,-0.2665545471332124,-0.0016659122281458103
KRW-BTC,20,2.0,30,30,45,0.025,0.01,24,False,-16.0443683958336,259,False,-16.05782152627674,0.3274336283185841,113,-0.26076267359665994,-0.0023428948191272867,-16.030915265390465,0.3013698630136986,146,-0.33918212989566426,-0.0021753719756353106
KRW-BTC,20,2.0,30,30,45,0.025,0.015,12,True,-24.331969002074132,275,False,-31.939971168172058,0.4824561403508772,114,-0.36053793398046824,-0.003924142402916725,-16.72396683597621,0.4906832298136646,161,-0.3065338035444734,-0.001957729395941317
KRW-BTC,20,2.0,30,30,45,0.025,0.015,12,False,-21.499409613014162,263,False,-28.773369659094,0.3394495412844037,109,-0.38870390688742784,-0.00405013472184837,-14.225449566934323,0.38311688311688313,154,-0.31149720275729026,-0.001876269481974861
KRW-BTC,20,2.0,30,30,45,0.025,0.015,24,True,-23.026082275583654,268,False,-30.11137052752846,0.5178571428571429,112,-0.3470547138168959,-0.0038737983878817475,-15.940794023638846,0.5705128205128205,156,-0.30210637782141014,-0.001973308484152512
KRW-BTC,20,2.0,30,30,45,0.025,0.015,24,False,-18.462081815979175,236,False,-18.660339574411225,0.37,100,-0.2899529544118879,-0.0031976572335900583,-18.26382405754713,0.34558823529411764,136,-0.4064394348735026,-0.002861327102319667
KRW-BTC,20,2.0,30,30,45,0.03,0.008,12,True,-28.14014187796149,297,False,-42.14762936314136,0.3543307086614173,127,-0.37622148564947366,-0.003652109176971185,-14.132654392781614,0.43529411764705883,170,-0.24140817434190887,-0.0013632644085088577
KRW-BTC,20,2.0,30,30,45,0.03,0.008,12,False,-22.492689374959383,288,False,-33.15569075118464,0.28,125,-0.3716597293712562,-0.003443685905621093,-11.829687998734123,0.34355828220858897,163,-0.25861805610637006,-0.0013199932172645304
KRW-BTC,20,2.0,30,30,45,0.03,0.008,24,True,-27.07597594210544,295,False,-39.738694567097816,0.36220472440944884,127,-0.3652641062097078,-0.0035595834356439184,-14.413257317113063,0.4583333333333333,168,-0.246480564017686,-0.0014096212910712754
KRW-BTC,20,2.0,30,30,45,0.03,0.008,24,False,-17.94564950608766,271,False,-19.308322827178436,0.24369747899159663,119,-0.2970836507515159,-0.0026337942518442864,-16.58297618499688,0.27631578947368424,152,-0.3441483369583208,-0.002066967858823681
KRW-BTC,20,2.0,30,30,45,0.03,0.01,12,True,-25.804796379357313,291,False,-35.957342635760305,0.3951612903225806,124,-0.36498656012248115,-0.003654667194109479,-15.65225012295432,0.4491017964071856,167,-0.2631895339411885,-0.0016283591820959581
KRW-BTC,20,2.0,30,30,45,0.03,0.01,12,False,-23.419434339391017,280,False,-34.10607241033524,0.2916666666666667,120,-0.39215432049315574,-0.0039250605487059585,-12.7327962684468,0.3625,160,-0.27061430941883347,-0.0015132357130256268
KRW-BTC,20,2.0,30,30,45,0.03,0.01,24,True,-23.862715968480387,289,False,-32.9982406704845,0.4274193548387097,124,-0.3461157811628788,-0.0034647885977888673,-14.727191266476279,0.49696969696969695,165,-0.25704244060491055,-0.0015857550375028295
KRW-BTC,20,2.0,30,30,45,0.03,0.01,24,False,-14.369782237067833,259,False,-12.35846526270592,0.3274336283185841,113,-0.23963725278753742,-0.0019332061934243005,-16.381099211429746,0.3013698630136986,146,-0.3505845510239197,-0.0022617461496192803
KRW-BTC,20,2.0,30,30,45,0.03,0.015,12,True,-24.98397960014853,274,False,-34.61331043114554,0.4690265486725664,113,-0.38505954630178557,-0.004260864661152376,-15.354648769151519,0.4906832298136646,161,-0.2975401908515613,-0.001844571405530809
KRW-BTC,20,2.0,30,30,45,0.03,0.015,12,False,-22.762885578948605,262,False,-33.79991496276562,0.32407407407407407,108,-0.42628397763159115,-0.004634667004848537,-11.725856195131595,0.38311688311688313,154,-0.2983860580940336,-0.0016205516500551183
KRW-BTC,20,2.0,30,30,45,0.03,0.015,24,True,-23.71379300890882,267,False,-32.78510866626592,0.5045045045045045,111,-0.36966185619715985,-0.004225196627652189,-14.642477351551717,0.5705128205128205,156,-0.2930553455276815,-0.0018565236350749992
KRW-BTC,20,2.0,30,30,45,0.03,0.015,24,False,-18.064973695807875,235,False,-19.41738120458938,0.35353535353535354,99,-0.3153164909914442,-0.0034531909965107984,-16.712566187026372,0.34558823529411764,136,-0.401034023344971,-0.002714522934273236
KRW-BTC,20,2.0,30,30,50,0.015,0.008,12,True,-30.343959418664568,304,False,-38.10396658482931,0.36923076923076925,130,-0.3503059640673553,-0.003314778193169019,-22.583952252499827,0.41379310344827586,174,-0.31154552704970956,-0.0019508747654535948
KRW-BTC,20,2.0,30,30,50,0.015,0.008,12,False,-26.333871961114,295,False,-32.05559457136107,0.3046875,128,-0.3536292865353769,-0.003156637621907895,-20.61214935086693,0.3473053892215569,167,-0.3179038369740387,-0.001960157647643011
KRW-BTC,20,2.0,30,30,50,0.015,0.008,24,True,-30.126381253187468,302,False,-37.597638258748994,0.3769230769230769,130,-0.34780762496577194,-0.003321359853797274,-22.655124247625942,0.436046511627907,172,-0.3141952694873039,-0.0019864332871902804
KRW-BTC,20,2.0,30,30,50,0.015,0.008,24,False,-25.739804383056185,283,False,-30.113547147622672,0.29838709677419356,124,-0.34489395839666953,-0.0031603284920793664,-21.3660616184897,0.3333333333333333,159,-0.33438817249154057,-0.0021890399597050145
KRW-BTC,20,2.0,30,30,50,0.015,0.01,12,True,-29.422035998431255,298,False,-34.853418064149785,0.4094488188976378,127,-0.34939575824615743,-0.003427240407135492,-23.990653932712725,0.4269005847953216,171,-0.3347898677703898,-0.00225081044044802
KRW-BTC,20,2.0,30,30,50,0.015,0.01,12,False,-26.212633395186657,289,False,-30.982809885295573,0.336,125,-0.36116496399265496,-0.003385729876094667,-21.44245690507774,0.36585365853658536,164,-0.3317868316112944,-0.00218939794146014
KRW-BTC,20,2.0,30,30,50,0.015,0.01,24,True,-27.829730574389863,296,False,-33.293432625148476,0.4409448818897638,127,-0.3423633992434629,-0.0033411100062416344,-22.36602852363125,0.47928994082840237,169,-0.32518983591417017,-0.0021811503224072903
KRW-BTC,20,2.0,30,30,50,0.015,0.01,24,False,-21.747972242927805,275,False,-23.076857116176456,0.375,120,-0.304266151082637,-0.00277798224049365,-20.419087369679154,0.36774193548387096,155,-0.33600776163160134,-0.002316827036787855
KRW-BTC,20,2.0,30,30,50,0.015,0.015,12,True,-27.32944745687174,281,False,-32.50771566135903,0.48717948717948717,117,-0.3744772773984461,-0.003930796613210654,-22.151179252384456,0.4695121951219512,164,-0.3454341648174975,-0.0023984566437433965
KRW-BTC,20,2.0,30,30,50,0.015,0.015,12,False,-24.52878829767741,271,False,-29.47549847626969,0.38596491228070173,114,-0.3881261882637494,-0.003880482297926925,-19.582078119085132,0.39490445859872614,157,-0.348892040287593,-0.002321217249314226
KRW-BTC,20,2.0,30,30,50,0.015,0.015,24,True,-27.046411715692667,273,False,-32.54434156496542,0.5130434782608696,115,-0.36959915085872613,-0.004078967118041949,-21.548481866419912,0.5443037974683544,158,-0.34685366717599503,-0.002496437081091572
KRW-BTC,20,2.0,30,30,50,0.015,0.015,24,False,-22.50922263995115,250,False,-25.37027674577533,0.4205607476635514,107,-0.33866152644717185,-0.0036731455966802374,-19.64816853412697,0.42657342657342656,143,-0.3612536901384704,-0.002648481775760702
KRW-BTC,20,2.0,30,30,50,0.02,0.008,12,True,-29.284414227767183,304,False,-39.2018363659799,0.36153846153846153,130,-0.36747217846060465,-0.0034440806807031397,-19.366992089554465,0.41379310344827586,174,-0.2978241361773355,-0.001764991682771341
KRW-BTC,20,2.0,30,30,50,0.02,0.008,12,False,-24.76073076711122,295,False,-29.115770683174482,0.2890625,128,-0.3588171070183832,-0.0030819537223961196,-20.405690851047954,0.33532934131736525,167,-0.3356052826551021,-0.002023465703009329
KRW-BTC,20,2.0,30,30,50,0.02,0.008,24,True,-29.012959471885118,302,False,-38.56842207953774,0.36923076923076925,130,-0.36372002004878035,-0.003442924391724277,-19.457496864232493,0.436046511627907,172,-0.3005266898800552,-0.0017983887733140475
KRW-BTC,20,2.0,30,30,50,0.02,0.008,24,False,-21.80682389068719,280,False,-21.776873989814373,0.2764227642276423,123,-0.3260922900129375,-0.0026158159091612316,-21.83677379156001,0.2802547770700637,157,-0.3740873057140415,-0.0024369784174235144
KRW-BTC,20,2.0,30,30,50,0.02,0.01,12,True,-27.93108352599871,298,False,-35.32419311590658,0.4015748031496063,127,-0.36361694448935733,-0.003536010669965692,-20.53797393609084,0.4269005847953216,171,-0.31818954514940884,-0.002032470344619294
KRW-BTC,20,2.0,30,30,50,0.02,0.01,12,False,-24.923516806223475,288,False,-29.165613993952036,0.31451612903225806,124,-0.37088709540262393,-0.003394611480201754,-20.681419618494914,0.35365853658536583,164,-0.3438398898617508,-0.0022017155269150423
KRW-BTC,20,2.0,30,30,50,0.02,0.01,24,True,-26.35582518575719,296,False,-33.68872745715557,0.4330708661417323,127,-0.35089122744515083,-0.003441959533253525,-19.022922914358805,0.47928994082840237,169,-0.3074835003812941,-0.0019527138713968928
KRW-BTC,20,2.0,30,30,50,0.02,0.01,24,False,-18.44190097006765,270,False,-15.793744802597619,0.3559322033898305,118,-0.2777433528452457,-0.002151818376723142,-21.090057137537677,0.3092105263157895,152,-0.3795783118589315,-0.002616728440043749
KRW-BTC,20,2.0,30,30,50,0.02,0.015,12,True,-25.384588631805862,281,False,-31.91762647632578,0.48717948717948717,117,-0.3692260978827418,-0.003907786779865664,-18.851550787285948,0.4695121951219512,164,-0.3302301497451957,-0.0021403550804097826
KRW-BTC,20,2.0,30,30,50,0.02,0.015,12,False,-22.485856222942406,270,False,-27.493762519171547,0.36283185840707965,113,-0.38719728722762864,-0.0038057705108763768,-17.477949926713265,0.3821656050955414,157,-0.34684351606354596,-0.0021816479126918102
KRW-BTC,20,2.0,30,30,50,0.02,0.015,24,True,-25.112800716708424,273,False,-31.891107661863725,0.5130434782608696,115,-0.3673767997597749,-0.004046809866300304,-18.334493771553124,0.5443037974683544,158,-0.3308505807239611,-0.002220548300605526
KRW-BTC,20,2.0,30,30,50,0.02,0.015,24,False,-19.603070569221103,245,False,-20.066115648827903,0.3904761904761905,105,-0.3255016303006856,-0.0032376823432672115,-19.1400254896143,0.36428571428571427,140,-0.3912055471650521,-0.0028246041760975307
KRW-BTC,20,2.0,30,30,50,0.025,0.008,12,True,-30.933329494666292,304,False,-42.07314574540471,0.36153846153846153,130,-0.378367671735351,-0.0035869398909768105,-19.793513243927876,0.40804597701149425,174,-0.30458765388062303,-0.0018330997696387086
KRW-BTC,20,2.0,30,30,50,0.025,0.008,12,False,-23.50893450036844,295,False,-28.150091901441694,0.2890625,128,-0.3519656040280662,-0.0030662764504851194,-18.86777709929519,0.32934131736526945,167,-0.3307579526866999,-0.0019641688824227677
KRW-BTC,20,2.0,30,30,50,0.025,0.008,24,True,-29.776082965553872,302,False,-39.66566218359544,0.36923076923076925,130,-0.36744799249645915,-0.0034965493590647886,-19.886503747512307,0.43023255813953487,172,-0.3072641759711006,-0.0018672888146798725
KRW-BTC,20,2.0,30,30,50,0.025,0.008,24,False,-20.188339617278366,278,False,-19.729623388657227,0.2540983606557377,122,-0.29148389892613835,-0.002581688044901508,-20.6470558458995,0.26282051282051283,156,-0.386121991977958,-0.002468531120855214
KRW-BTC,20,2.0,30,30,50,0.025,0.01,12,True,-28.963539098416568,298,False,-36.841489970215775,0.4015748031496063,127,-0.3715130554241501,-0.0036429334836316544,-21.085588226617357,0.42105263157894735,171,-0.3264476077939416,-0.0021163624056427946
KRW-BTC,20,2.0,30,30,50,0.025,0.01,12,False,-24.542440036720368,287,False,-30.127496425225292,0.3008130081300813,123,-0.37740352107978387,-0.003577393604098971,-18.957383648215444,0.3475609756097561,164,-0.3371517876745354,-0.0021230687644884843
KRW-BTC,20,2.0,30,30,50,0.025,0.01,24,True,-26.700382974984088,296,False,-33.81458919873695,0.4330708661417323,127,-0.3521839429282976,-0.003457540208483971,-19.58617675123123,0.47337278106508873,169,-0.3158712342383192,-0.002037598737876293
KRW-BTC,20,2.0,30,30,50,0.025,0.01,24,False,-16.831909101268252,267,False,-14.595160400534605,0.33620689655172414,116,-0.25210765844569033,-0.002140837861419947,-19.0686578020019,0.2980132450331126,151,-0.3803725364824517,-0.0025295198848718455
KRW-BTC,20,2.0,30,30,50,0.025,0.015,12,True,-25.572515945015247,281,False,-31.890394398130937,0.48717948717948717,117,-0.37232491668109263,-0.003929993741508619,-19.25463749189956,0.4634146341463415,164,-0.34075911815337856,-0.0022300798057645513
KRW-BTC,20,2.0,30,30,50,0.025,0.015,12,False,-21.829853032769,269,False,-27.22595029120715,0.3482142857142857,112,-0.38962010783817147,-0.0038939606813915006,-16.433755774330855,0.37579617834394907,157,-0.34351842299922564,-0.002143397774783026
KRW-BTC,20,2.0,30,30,50,0.025,0.015,24,True,-24.782165389838394,273,False,-30.80418310360457,0.5130434782608696,115,-0.36178916157214003,-0.003968529543960436,-18.76014767607222,0.5379746835443038,158,-0.3413697957845233,-0.0023136802940117406
KRW-BTC,20,2.0,30,30,50,0.025,0.015,24,False,-18.905221306203472,242,False,-18.378548108051895,0.36893203883495146,103,-0.2981373424297518,-0.003168761732848409,-19.431894504355053,0.3381294964028777,139,-0.42456144272402135,-0.0030213662823160925
KRW-BTC,20,2.0,30,30,50,0.03,0.008,12,True,-29.677115796745333,304,False,-40.900651972041224,0.36153846153846153,130,-0.37836767173535135,-0.003548536044822963,-18.45357962144944,0.40804597701149425,174,-0.29556880143354725,-0.0017570886405807104
KRW-BTC,20,2.0,30,30,50,0.03,0.008,12,False,-22.75087062623041,295,False,-29.45116205743069,0.2890625,128,-0.3599116394179786,-0.00316532762784887,-16.050579195030128,0.32934131736526945,167,-0.31582507420357137,-0.0017685439497606963
KRW-BTC,20,2.0,30,30,50,0.03,0.008,24,True,-28.573731127391873,302,False,-38.59428597200735,0.36923076923076925,130,-0.3674479924964592,-0.0034581455129109417,-18.553176282776395,0.43023255813953487,172,-0.29828003553041943,-0.0017903938352839901
KRW-BTC,20,2.0,30,30,50,0.03,0.008,24,False,-19.176415469869166,278,False,-17.184439402611567,0.2540983606557377,122,-0.2839412104423233,-0.0023772302732196792,-21.168391537126766,0.26282051282051283,156,-0.397793072522093,-0.002561870066293907
KRW-BTC,20,2.0,30,30,50,0.03,0.01,12,True,-27.466199422197416,298,False,-35.10630384539201,0.4015748031496063,127,-0.36844726545060946,-0.003564311436387558,-19.82609499900282,0.42105263157894735,171,-0.3177122586524153,-0.0020390177480048306
KRW-BTC,20,2.0,30,30,50,0.03,0.01,12,False,-23.64463270081206,287,False,-30.723415109548498,0.3008130081300813,123,-0.38203782672951137,-0.003639881821192955,-16.56585029207562,0.3475609756097561,164,-0.3245291827462988,-0.0019438276296370209
KRW-BTC,20,2.0,30,30,50,0.03,0.01,24,True,-25.32491634024266,296,False,-32.24255861014424,0.4330708661417323,127,-0.3471314939619863,-0.0033789181612398737,-18.407274070341074,0.47337278106508873,169,-0.3069987193518126,-0.001959338758846164
KRW-BTC,20,2.0,30,30,50,0.03,0.01,24,False,-15.246729239503194,267,False,-10.77183332664297,0.33620689655172414,116,-0.2416417157876657,-0.0016987058381058308,-19.72162515236342,0.2980132450331126,151,-0.3940202155463522,-0.002646096900776877
KRW-BTC,20,2.0,30,30,50,0.03,0.015,12,True,-26.154537340691792,280,False,-34.48675762708741,0.47413793103448276,116,-0.39639453061879654,-0.004258058108053624,-17.822317054296178,0.4634146341463415,164,-0.3322093760131455,-0.002118991778593259
KRW-BTC,20,2.0,30,30,50,0.03,0.015,12,False,-22.608523605451968,268,False,-31.376396794293647,0.3333333333333333,111,-0.4243494339409529,-0.004416310343765925,-13.84065041661029,0.37579617834394907,157,-0.33101705777705104,-0.0018925662708617502
KRW-BTC,20,2.0,30,30,50,0.03,0.015,24,True,-25.408349058541653,272,False,-33.41607059234275,0.5,114,-0.38423350088405295,-0.004311511436684976,-17.400627524740553,0.5379746835443038,158,-0.33282797356616006,-0.002198373734163058
KRW-BTC,20,2.0,30,30,50,0.03,0.015,24,False,-18.302222231635845,241,False,-18.75010875842089,0.35294117647058826,102,-0.3199071032778681,-0.0033675504292053865,-17.854335704850804,0.3381294964028777,139,-0.41932106390808993,-0.0028777305495512402
KRW-ETH,20,2.0,15,20,40,0.015,0.008,12,True,-19.418092635288076,49,False,-24.98890110748833,0.38461538461538464,26,-0.0794316955760694,-0.002257302272717233,-13.847284163087823,0.43478260869565216,23,-0.05194768950008477,-0.001337985766424689
KRW-ETH,20,2.0,15,20,40,0.015,0.008,12,False,-22.198389304187934,48,False,-6.950741027341429,0.38461538461538464,26,-0.06887183480927578,-0.0007691318196919554,-37.44603758103444,0.2727272727272727,22,-0.07049140809063796,-0.0035672621970387025
KRW-ETH,20,2.0,15,20,40,0.015,0.008,24,True,-15.856952722276112,49,False,-21.105803026941086,0.4230769230769231,26,-0.07623395224440102,-0.002026154760029237,-10.608102417611141,0.4782608695652174,23,-0.05194768950008477,-0.001036892498294683
KRW-ETH,20,2.0,15,20,40,0.015,0.008,24,False,-11.638858178931669,47,False,-1.5813216964192267,0.4230769230769231,26,-0.059763174379180536,-0.00018502846597869547,-21.69639466144411,0.3333333333333333,21,-0.053927252797658386,-0.002390546163694458
KRW-ETH,20,2.0,15,20,40,0.015,0.01,12,True,-19.474259253339454,49,False,-27.17515623677835,0.4230769230769231,26,-0.08331640512720823,-0.0026459948097796726,-11.77336226990056,0.4782608695652174,23,-0.06524680536114294,-0.0012945727229464348
KRW-ETH,20,2.0,15,20,40,0.015,0.01,12,False,-21.52794012183921,48,False,-9.612756657205638,0.4230769230769231,26,-0.07014839053452909,-0.0011255463040070457,-33.44312358647279,0.3181818181818182,22,-0.07169637162937008,-0.003703421287947799
KRW-ETH,20,2.0,15,20,40,0.015,0.01,24,True,-17.488553225925777,49,False,-26.02124237632759,0.46153846153846156,26,-0.08956203461649359,-0.0027307084752993694,-8.955864075523962,0.5217391304347826,23,-0.06524680536114294,-0.0009934794548164293
KRW-ETH,20,2.0,15,20,40,0.015,0.01,24,False,-16.969427400916768,47,False,-2.9215801419884233,0.46153846153846156,26,-0.05874222093464895,-0.0003770476967479249,-31.01727465984511,0.3333333333333333,21,-0.07823742557248992,-0.003721879497027795
KRW-ETH,20,2.0,15,20,40,0.015,0.015,12,True,-30.246684677879685,49,False,-40.6388699302834,0.4230769230769231,26,-0.12600933366783124,-0.004950225579010459,-19.854499425475975,0.5217391304347826,23,-0.07510859513834425,-0.0026105761268473706
KRW-ETH,20,2.0,15,20,40,0.015,0.015,12,False,-32.885582023551386,48,False,-24.33334172468725,0.4230769230769231,26,-0.10993782442692514,-0.0034297770732378335,-41.43782232241552,0.36363636363636365,22,-0.1044517019530836,-0.0055331066647533326
KRW-ETH,20,2.0,15,20,40,0.015,0.015,24,True,-25.274667853075076,49,False,-37.4076979622531,0.46153846153846156,26,-0.12967250048970932,-0.004820262808584232,-13.141637743897048,0.6086956521739131,23,-0.0623780773654831,-0.0017184955801711854
KRW-ETH,20,2.0,15,20,40,0.015,0.015,24,False,-26.811318488831475,47,False,-16.135074848370007,0.46153846153846156,26,-0.09191228324685677,-0.002466602030032787,-37.48756212929295,0.38095238095238093,21,-0.11966123378812014,-0.005623784258932573
KRW-ETH,20,2.0,15,20,40,0.02,0.008,12,True,-21.641945259212044,49,False,-36.97793697449486,0.34615384615384615,26,-0.0794316955760694,-0.0031405907342556914,-6.305953543929227,0.43478260869565216,23,-0.04727748107397674,-0.0006867901142507696
KRW-ETH,20,2.0,15,20,40,0.02,0.008,12,False,-22.467469741462864,48,False,-21.636979156040628,0.3076923076923077,26,-0.09093756382862073,-0.0023759482829709246,-23.297960326885104,0.2727272727272727,22,-0.05396192289095126,-0.0026595349243114103
KRW-ETH,20,2.0,15,20,40,0.02,0.008,24,True,-18.254515495086764,49,False,-32.99321028217297,0.38461538461538464,26,-0.07623395224440102,-0.0029696173883369437,-3.5158207080005637,0.4782608695652174,23,-0.04727748107397674,-0.00038569684612076404
KRW-ETH,20,2.0,15,20,40,0.02,0.008,24,False,-10.18108481586966,47,False,-13.153683605812434,0.3076923076923077,26,-0.0765422799522723,-0.0016827784659786608,-7.208486025926884,0.3333333333333333,21,-0.053927252797658386,-0.0009641175922658571
KRW-ETH,20,2.0,15,20,40,0.02,0.01,12,True,-22.12513323991474,49,False,-38.93769346737772,0.38461538461538464,26,-0.08571260851483692,-0.003606090963625822,-5.3125730124517565,0.4782608695652174,23,-0.060642109821050026,-0.0006422155269584098
KRW-ETH,20,2.0,15,20,40,0.02,0.01,12,False,-23.791976978418987,48,False,-23.213983798466444,0.34615384615384615,26,-0.08923737831578174,-0.0026855206610699447,-24.369970158371533,0.3181818181818182,22,-0.06064210982105007,-0.003033837346798041
KRW-ETH,20,2.0,15,20,40,0.02,0.01,24,True,-20.285561131862277,49,False,-37.76554640750306,0.4230769230769231,26,-0.08956203461649359,-0.0037509787959147662,-2.8055758562214943,0.5217391304347826,23,-0.060642109821050026,-0.00034112225882840453
KRW-ETH,20,2.0,15,20,40,0.02,0.01,24,False,-14.681441421155105,47,False,-13.362135931457768,0.34615384615384615,26,-0.06944779968002612,-0.0019132015429017223,-16.000746910852442,0.3333333333333333,21,-0.06531415240956857,-0.002295450925599194
KRW-ETH,20,2.0,15,20,40,0.02,0.015,12,True,-32.91553949433742,49,False,-51.986841341035664,0.38461538461538464,26,-0.13524292165643603,-0.00610234096362584,-13.84423764763918,0.5217391304347826,23,-0.07055247984345918,-0.0019582189308593443
KRW-ETH,20,2.0,15,20,40,0.02,0.015,12,False,-35.3871245659592,48,False,-37.48469452541781,0.34615384615384615,26,-0.13278414892026325,-0.005181770661069964,-33.28955460650059,0.36363636363636365,22,-0.09139602896086194,-0.004863522723603574
KRW-ETH,20,2.0,15,20,40,0.02,0.015,24,True,-28.166562082465525,49,False,-48.73448530371007,0.4230769230769231,26,-0.1338159768214818,-0.006032552359968861,-7.598638861220976,0.6086956521739131,23,-0.060402856260179626,-0.0010661383841831604
KRW-ETH,20,2.0,15,20,40,0.02,0.015,24,False,-27.506114423747086,47,False,-27.483271142205453,0.34615384615384615,26,-0.10198086596194002,-0.004578813568494283,-27.528957705288718,0.38095238095238093,21,-0.10218605897920018,-0.004609112948242332
KRW-ETH,20,2.0,15,20,40,0.025,0.008,12,True,-21.997181842592045,49,False,-36.97793697449486,0.34615384615384615,26,-0.0794316955760694,-0.0031405907342556914,-7.016426710689232,0.43478260869565216,23,-0.046548279417980946,-0.0007821685956767215
KRW-ETH,20,2.0,15,20,40,0.025,0.008,12,False,-13.885088176680336,48,False,-14.652039839709465,0.3076923076923077,26,-0.09093756382862068,-0.0017998905906632455,-13.118136513651207,0.2727272727272727,22,-0.05396192289095133,-0.001751807651584167
KRW-ETH,20,2.0,15,20,40,0.025,0.008,24,True,-18.638912562078502,49,False,-32.99321028217297,0.38461538461538464,26,-0.07623395224440102,-0.0029696173883369437,-4.284614841984038,0.4782608695652174,23,-0.046548279417980946,-0.0004810753275467157
KRW-ETH,20,2.0,15,20,40,0.025,0.008,24,False,-11.741016964032804,46,False,-7.739717088147386,0.3076923076923077,26,-0.07201552642262685,-0.001094334671240641,-15.742316839918223,0.25,20,-0.05392725279765839,-0.0021975731079559337
KRW-ETH,20,2.0,15,20,40,0.025,0.01,12,True,-22.462178130246844,49,False,-38.93769346737772,0.38461538461538464,26,-0.08571260851483692,-0.003606090963625822,-5.986662793115968,0.4782608695652174,23,-0.0561210102699763,-0.0007375940083843619
KRW-ETH,20,2.0,15,20,40,0.025,0.01,12,False,-15.668994300989013,48,False,-16.4441227989899,0.34615384615384615,26,-0.08923737831578177,-0.0021094629687622656,-14.893865802988126,0.3181818181818182,22,-0.056121010269976325,-0.002126110074070798
KRW-ETH,20,2.0,15,20,40,0.025,0.01,24,True,-20.643981513203983,49,False,-37.76554640750306,0.4230769230769231,26,-0.08956203461649359,-0.0037509787959147662,-3.5224166189049035,0.5217391304347826,23,-0.0561210102699763,-0.0004365007402543562
KRW-ETH,20,2.0,15,20,40,0.025,0.01,24,False,-15.718091196983995,46,False,-7.145537714498545,0.34615384615384615,26,-0.060302378449469556,-0.00113273851739448,-24.290644679469445,0.25,20,-0.06531415240956835,-0.0035954731079559364
KRW-ETH,20,2.0,15,20,40,0.025,0.015,12,True,-33.157069422044046,49,False,-51.986841341035664,0.38461538461538464,26,-0.13524292165643603,-0.00610234096362584,-14.327297503052424,0.5217391304347826,23,-0.06599636454857444,-0.002053597412285298
KRW-ETH,20,2.0,15,20,40,0.025,0.015,12,False,-27.47524527333981,48,False,-30.697545300405977,0.34615384615384615,26,-0.12853309082673522,-0.0046057129687622845,-24.252945246273644,0.36363636363636365,22,-0.07344883793358065,-0.003955795450876331
KRW-ETH,20,2.0,15,20,40,0.025,0.015,24,True,-28.449099127187804,49,False,-48.73448530371007,0.4230769230769231,26,-0.1338159768214818,-0.006032552359968861,-8.163712950665534,0.6086956521739131,23,-0.06040285626017963,-0.0011615168656091122
KRW-ETH,20,2.0,15,20,40,0.025,0.015,24,False,-28.1721200802936,46,False,-20.953458182399977,0.34615384615384615,26,-0.09255899035063546,-0.003798350542987041,-35.39078197818722,0.3,20,-0.11146544894835234,-0.00602481823173124
KRW-ETH,20,2.0,15,20,40,0.03,0.008,12,True,-21.056906711163876,49,False,-36.97793697449486,0.34615384615384615,26,-0.0794316955760694,-0.0031405907342556914,-5.135876447832893,0.43478260869565216,23,-0.04654827941798098,-0.0005982344498313744
KRW-ETH,20,2.0,15,20,40,0.03,0.008,12,False,-8.41203646697959,48,False,-11.31578355226624,0.3076923076923077,26,-0.0909375638286209,-0.0014817032280740963,-5.508289381692942,0.2727272727272727,22,-0.05396192289095106,-0.0008440803788568609
KRW-ETH,20,2.0,15,20,40,0.03,0.008,24,True,-17.764313240318568,49,False,-32.99321028217297,0.38461538461538464,26,-0.07623395224440102,-0.0029696173883369437,-2.535416198464168,0.4782608695652174,23,-0.04654827941798098,-0.0002971411817013687
KRW-ETH,20,2.0,15,20,40,0.03,0.008,24,False,-4.150853731415003,46,False,-0.8354649029695077,0.3076923076923077,26,-0.06748877289298084,-0.00013423851739446794,-7.466242559860499,0.25,20,-0.053927252797658434,-0.0011990731079558965
KRW-ETH,20,2.0,15,20,40,0.03,0.01,12,True,-21.635899397678273,49,False,-38.93769346737772,0.38461538461538464,26,-0.08571260851483692,-0.003606090963625822,-4.334105327978829,0.4782608695652174,23,-0.056740237603918185,-0.0005536598625390149
KRW-ETH,20,2.0,15,20,40,0.03,0.01,12,False,-10.349355415431166,48,False,-13.15770545400083,0.34615384615384615,26,-0.08923737831578203,-0.0017912756061731166,-7.541005376861501,0.3181818181818182,22,-0.05612101026997633,-0.0012183828013434914
KRW-ETH,20,2.0,15,20,40,0.03,0.01,24,True,-19.866402676868542,49,False,-37.76554640750306,0.4230769230769231,26,-0.08956203461649359,-0.0037509787959147662,-1.9672589462340242,0.5217391304347826,23,-0.056740237603918185,-0.00025256659440900923
KRW-ETH,20,2.0,15,20,40,0.03,0.01,24,False,-7.6330248652568375,46,False,0.10814363435646264,0.34615384615384615,26,-0.051112236332699,1.9376867220923513e-05,-15.374193364870138,0.25,20,-0.06531415240956857,-0.0025969731079558984
KRW-ETH,20,2.0,15,20,40,0.03,0.015,12,True,-32.33376726667006,49,False,-51.986841341035664,0.38461538461538464,26,-0.13524292165643603,-0.00610234096362584,-12.680693192304453,0.5217391304347826,23,-0.06669177297752758,-0.0018696632664399508
KRW-ETH,20,2.0,15,20,40,0.03,0.015,12,False,-22.04797234469014,48,False,-27.242417119646355,0.34615384615384615,26,-0.12539191890161652,-0.0042875256061731355,-16.853527569733927,0.36363636363636365,22,-0.07053106732430318,-0.003048068178149023
KRW-ETH,20,2.0,15,20,40,0.03,0.015,24,True,-27.70856514733716,49,False,-48.73448530371007,0.4230769230769231,26,-0.1338159768214818,-0.006032552359968861,-6.682644990964248,0.6086956521739131,23,-0.06040285626017954,-0.0009775827197637656
KRW-ETH,20,2.0,15,20,40,0.03,0.015,24,False,-19.788187857620652,46,False,-13.143306914986935,0.34615384615384615,26,-0.08368431444424894,-0.0026462351583716372,-26.43306880025437,0.3,20,-0.09839897216394261,-0.005026318231731201
KRW-ETH,20,2.0,15,20,45,0.015,0.008,12,True,-22.467968568058517,69,False,-39.07968006616362,0.36666666666666664,30,-0.10034879605906466,-0.0032500876284994643,-5.856257069953412,0.48717948717948717,39,-0.05311167446053199,-0.0005821754357456202
KRW-ETH,20,2.0,15,20,45,0.015,0.008,12,False,-20.637142344252382,67,False,-24.11011686047595,0.3448275862068966,29,-0.09047584233146679,-0.0024172585597217965,-17.16416782802881,0.34210526315789475,38,-0.06464643674784415,-0.0018138988072528475
KRW-ETH,20,2.0,15,20,45,0.015,0.008,24,True,-21.357724790347124,69,False,-38.6659028664519,0.4,30,-0.10242407479894894,-0.0032795538512232613,-4.0495467142423465,0.5128205128205128,39,-0.04689402603961387,-0.00040460761095100173
KRW-ETH,20,2.0,15,20,45,0.015,0.008,24,False,-15.902791166981277,66,False,-24.011003442394735,0.3103448275862069,29,-0.08203437384572043,-0.0026433493131397074,-7.794578891567819,0.3783783783783784,37,-0.06461215821711207,-0.000899596500605651
KRW-ETH,20,2.0,15,20,45,0.015,0.01,12,True,-22.48643632833341,68,False,-42.516936105907206,0.3793103448275862,29,-0.11152406149076498,-0.0039240598643150324,-2.455936550759614,0.5384615384615384,39,-0.05616745056040306,-0.00027494466651486826
KRW-ETH,20,2.0,15,20,45,0.015,0.01,12,False,-19.756889285344162,65,False,-27.916504242779823,0.35714285714285715,28,-0.09920392266650063,-0.0030555848596661842,-11.597274327908499,0.40540540540540543,37,-0.06018607164477253,-0.001390598775016457
KRW-ETH,20,2.0,15,20,45,0.015,0.01,24,True,-22.95489599654826,68,False,-45.04300985093806,0.41379310344827586,29,-0.1208971233439199,-0.004285907478424418,-0.8667821421584575,0.5641025641025641,39,-0.05525050077138116,-9.73768417202497e-05
KRW-ETH,20,2.0,15,20,45,0.015,0.01,24,False,-19.944525105341228,64,False,-31.018281975589726,0.32142857142857145,28,-0.10087615723111797,-0.0037540046457518197,-8.870768235092733,0.4166666666666667,36,-0.08330060429115486,-0.0011325436256224928
KRW-ETH,20,2.0,15,20,45,0.015,0.015,12,True,-30.230442870210826,68,False,-47.45364319007541,0.41379310344827586,29,-0.14366867608843042,-0.005514189194887046,-13.007242550346241,0.5641025641025641,39,-0.09946629514355916,-0.00175180806134888
KRW-ETH,20,2.0,15,20,45,0.015,0.015,12,False,-28.93003448238865,65,False,-36.95392385973246,0.39285714285714285,28,-0.1335722644711267,-0.0048418980554330885,-20.90614510504484,0.43243243243243246,37,-0.12039262953250089,-0.0030363882858824077
KRW-ETH,20,2.0,15,20,45,0.015,0.015,24,True,-28.40460257849802,68,False,-47.65965228296475,0.4482758620689655,29,-0.1477939185583005,-0.005676749663540443,-9.14955287403129,0.6153846153846154,39,-0.09322072111767993,-0.001225709277411643
KRW-ETH,20,2.0,15,20,45,0.015,0.015,24,False,-28.53812022242019,64,False,-42.651148066949894,0.32142857142857145,28,-0.14475104982220888,-0.006069980611203951,-14.425092377890483,0.4722222222222222,36,-0.13375272292293464,-0.002241988070066961
KRW-ETH,20,2.0,15,20,45,0.02,0.008,12,True,-27.574027673427263,69,False,-52.133289072363524,0.3333333333333333,30,-0.10888468668205628,-0.004015604295166128,-3.0147662744910035,0.48717948717948717,39,-0.048447199950485485,-0.00032292452412235493
KRW-ETH,20,2.0,15,20,45,0.02,0.008,12,False,-21.044990848666924,67,False,-34.60717602939316,0.27586206896551724,29,-0.116121930465606,-0.003521728059913794,-7.482805667940688,0.34210526315789475,38,-0.055408432907817544,-0.0009234541165551348
KRW-ETH,20,2.0,15,20,45,0.02,0.008,24,True,-26.351060434264667,69,False,-51.3503784076217,0.36666666666666664,30,-0.11094027517725652,-0.004045070517889925,-1.3517424609076347,0.5128205128205128,39,-0.04374099976219045,-0.00014535669932773618
KRW-ETH,20,2.0,15,20,45,0.02,0.008,24,False,-12.539492843281948,66,False,-31.16314258147295,0.2413793103448276,29,-0.10410571061241163,-0.003597179736639067,6.0841568949090545,0.3783783783783784,37,-0.05537381582574968,0.0008545251210160164
KRW-ETH,20,2.0,15,20,45,0.02,0.01,12,True,-27.218848810263445,68,False,-55.373780887352126,0.3448275862068966,29,-0.12172820764454345,-0.004784835726383994,0.9360832668252331,0.5384615384615384,39,-0.05717898460318713,0.00011300407863979844
KRW-ETH,20,2.0,15,20,45,0.02,0.01,12,False,-20.638449386972624,65,False,-37.737071732424916,0.2857142857142857,28,-0.12353327845921158,-0.004156003457664403,-3.5398270415203315,0.40540540540540543,37,-0.055810349320020596,-0.0004827543168594959
KRW-ETH,20,2.0,15,20,45,0.02,0.01,24,True,-27.694929329841315,68,False,-57.79090920803926,0.3793103448275862,29,-0.13099361988231495,-0.005146683340493377,2.4010505483566265,0.5641025641025641,39,-0.05525050077138112,0.0002905719034344171
KRW-ETH,20,2.0,15,20,45,0.02,0.01,24,False,-14.255820123126329,64,False,-33.794222722475894,0.25,28,-0.11588563184902402,-0.004467218931466062,5.282582476223237,0.4166666666666667,36,-0.0742468380252054,0.0008089841521553379
KRW-ETH,20,2.0,15,20,45,0.02,0.015,12,True,-34.14187080664512,68,False,-58.71360465326181,0.3793103448275862,29,-0.16094005952781706,-0.006547120229369801,-9.570136960028439,0.5641025641025641,39,-0.1082550691735193,-0.0013638593161942136
KRW-ETH,20,2.0,15,20,45,0.02,0.015,12,False,-29.941920581449658,65,False,-46.68161453613282,0.32142857142857145,28,-0.15851977248190732,-0.006120620224859878,-13.202226626766498,0.43243243243243246,37,-0.10423112144993604,-0.002116486950085946
KRW-ETH,20,2.0,15,20,45,0.02,0.015,24,True,-32.289985331894336,68,False,-58.66657140830005,0.41379310344827586,29,-0.1649820998042276,-0.006709680698023198,-5.913399255488615,0.6153846153846154,39,-0.10207044893371701,-0.0008377605322569765
KRW-ETH,20,2.0,15,20,45,0.02,0.015,24,False,-25.501562379580182,64,False,-46.79928922717247,0.25,28,-0.1718573291539791,-0.007139802039775338,-4.203835531987891,0.4722222222222222,36,-0.11995361544550556,-0.0007377673033669279
KRW-ETH,20,2.0,15,20,45,0.025,0.008,12,True,-27.33343853558009,69,False,-52.133289072363524,0.3333333333333333,30,-0.10888468668205628,-0.004015604295166128,-2.5335879987966545,0.48717948717948717,39,-0.04953810649051157,-0.00028109962039405724
KRW-ETH,20,2.0,15,20,45,0.025,0.008,12,False,-13.748631603581186,67,False,-29.285253693633287,0.27586206896551724,29,-0.11178919483063372,-0.003217771159211502,1.7879904864709155,0.34210526315789475,38,-0.04612503347152701,0.00025898009397114273
KRW-ETH,20,2.0,15,20,45,0.025,0.008,24,True,-26.140100511691607,69,False,-51.3503784076217,0.36666666666666664,30,-0.11094027517725652,-0.004045070517889925,-0.9298226157615195,0.5128205128205128,39,-0.043740999762190494,-0.00010353179559943855
KRW-ETH,20,2.0,15,20,45,0.025,0.008,24,False,-7.114865583838329,65,False,-20.358127168922394,0.2413793103448276,29,-0.09833540981834651,-0.0027364038745701235,6.1283960012457355,0.3333333333333333,36,-0.04609007617448024,0.000953702978601661
KRW-ETH,20,2.0,15,20,45,0.025,0.01,12,True,-26.56927286014463,68,False,-55.373780887352126,0.3448275862068966,29,-0.12172820764454345,-0.004784835726383994,2.235235167062867,0.5384615384615384,39,-0.05616745056040312,0.00028284180288091224
KRW-ETH,20,2.0,15,20,45,0.025,0.01,12,False,-13.51920920260665,65,False,-32.519221137610394,0.2857142857142857,28,-0.1192368729614625,-0.003841190953365599,5.480802732397095,0.40540540540540543,37,-0.04653089989844997,0.0008665700074647849
KRW-ETH,20,2.0,15,20,45,0.025,0.01,24,True,-27.079895146484823,68,False,-57.79090920803926,0.3793103448275862,29,-0.13099361988231495,-0.005146683340493377,3.631118915069617,0.5641025641025641,39,-0.055250500771381036,0.0004604096276755308
KRW-ETH,20,2.0,15,20,45,0.025,0.01,24,False,-7.969203614944405,63,False,-22.13610165118376,0.25,28,-0.09858184930185017,-0.0033973975028946633,6.197694421294952,0.37142857142857144,35,-0.06514858150733542,0.0010523373494188352
KRW-ETH,20,2.0,15,20,45,0.025,0.015,12,True,-33.399767899048406,68,False,-58.71360465326181,0.3793103448275862,29,-0.16094005952781706,-0.006547120229369801,-8.085931144835003,0.5641025641025641,39,-0.10388377049299746,-0.0011940215919530996
KRW-ETH,20,2.0,15,20,45,0.025,0.015,12,False,-23.098367765954727,65,False,-41.94803373370794,0.32142857142857145,28,-0.15439486940583838,-0.005805807720561075,-4.248701798201517,0.43243243243243246,37,-0.08900509900658166,-0.0007671626257616652
KRW-ETH,20,2.0,15,20,45,0.025,0.015,24,True,-31.60844173122319,68,False,-58.66657140830005,0.41379310344827586,29,-0.1649820998042276,-0.006709680698023198,-4.55031205414633,0.6153846153846154,39,-0.09766883348731378,-0.0006679228080158625
KRW-ETH,20,2.0,15,20,45,0.025,0.015,24,False,-18.929964596540202,63,False,-35.03949380419406,0.25,28,-0.15135974058717785,-0.006069980611203942,-2.820435388886342,0.42857142857142855,35,-0.11130456288680773,-0.0005386070048326433
KRW-ETH,20,2.0,15,20,45,0.03,0.008,12,True,-26.256992386035083,69,False,-52.133289072363524,0.3333333333333333,30,-0.10888468668205628,-0.004015604295166128,-0.38069569970664324,0.48717948717948717,39,-0.04953810649051151,-4.461281643397728e-05
KRW-ETH,20,2.0,15,20,45,0.03,0.008,12,False,-8.531294938858867,67,False,-23.98472728284397,0.27586206896551724,29,-0.10745645919566105,-0.002873460814383907,6.922137405126234,0.34210526315789475,38,-0.04820788755248338,0.001120763793168134
KRW-ETH,20,2.0,15,20,45,0.03,0.008,24,True,-25.109530598758532,69,False,-51.3503784076217,0.36666666666666664,30,-0.11094027517725652,-0.004045070517889925,1.1313172101046343,0.5128205128205128,39,-0.043740999762190425,0.00013295500836064145
KRW-ETH,20,2.0,15,20,45,0.03,0.008,24,False,-0.2443634502086658,65,False,-13.589918654393333,0.2413793103448276,29,-0.0939370459638019,-0.002041300664915649,13.101191753976002,0.3333333333333333,36,-0.038880426805740914,0.002340508534157267
KRW-ETH,20,2.0,15,20,45,0.03,0.01,12,True,-25.681609336336845,68,False,-55.373780887352126,0.3448275862068966,29,-0.12172820764454345,-0.004784835726383994,4.010562214678434,0.5384615384615384,39,-0.0561674505604029,0.0005299516320908804
KRW-ETH,20,2.0,15,20,45,0.03,0.01,12,False,-8.261836681408749,65,False,-27.239781081784233,0.2857142857142857,28,-0.11494046746371323,-0.0034845838105084484,10.716107718966734,0.40540540540540543,37,-0.04861286774109055,0.0018865775904238634
KRW-ETH,20,2.0,15,20,45,0.03,0.01,24,True,-26.22250232770387,68,False,-57.79090920803926,0.3793103448275862,29,-0.13099361988231495,-0.005146683340493377,5.345904552631517,0.5641025641025641,39,-0.055250500771381154,0.0007075194568854993
KRW-ETH,20,2.0,15,20,45,0.03,0.01,24,False,-0.5068299021740943,63,False,-14.555677231996036,0.25,28,-0.08976607631108419,-0.0024991656071811008,13.542017427647847,0.37142857142857144,35,-0.05600583473754363,0.0026214087779903228
KRW-ETH,20,2.0,15,20,45,0.03,0.015,12,True,-32.45601377009135,68,False,-58.71360465326181,0.3793103448275862,29,-0.16094005952781706,-0.006547120229369801,-6.198422886920898,0.5641025641025641,39,-0.09951247181247545,-0.0009469117627431315
KRW-ETH,20,2.0,15,20,45,0.03,0.015,12,False,-17.84372686891487,65,False,-36.9681310873804,0.32142857142857145,28,-0.15026996632976924,-0.005449200577703923,1.2806773495506552,0.43243243243243246,37,-0.09099432140348572,0.0002528449571974124
KRW-ETH,20,2.0,15,20,45,0.03,0.015,24,True,-30.719198363972325,68,False,-58.66657140830005,0.41379310344827586,29,-0.1649820998042276,-0.006709680698023198,-2.771825319644596,0.6153846153846154,39,-0.09326721804090969,-0.0004208129788058945
KRW-ETH,20,2.0,15,20,45,0.03,0.015,24,False,-11.127712462353797,63,False,-27.076830282327517,0.25,28,-0.13460444953288417,-0.005171748715490377,4.821405357619924,0.42857142857142855,35,-0.10261321667256511,0.0010304644237388442
KRW-ETH,20,2.0,15,20,50,0.015,0.008,12,True,-22.467968568058517,69,False,-39.07968006616362,0.36666666666666664,30,-0.10034879605906466,-0.0032500876284994643,-5.856257069953412,0.48717948717948717,39,-0.05311167446053199,-0.0005821754357456202
KRW-ETH,20,2.0,15,20,50,0.015,0.008,12,False,-20.637142344252382,67,False,-24.11011686047595,0.3448275862068966,29,-0.09047584233146679,-0.0024172585597217965,-17.16416782802881,0.34210526315789475,38,-0.06464643674784415,-0.0018138988072528475
KRW-ETH,20,2.0,15,20,50,0.015,0.008,24,True,-21.357724790347124,69,False,-38.6659028664519,0.4,30,-0.10242407479894894,-0.0032795538512232613,-4.0495467142423465,0.5128205128205128,39,-0.04689402603961387,-0.00040460761095100173
KRW-ETH,20,2.0,15,20,50,0.015,0.008,24,False,-15.902791166981277,66,False,-24.011003442394735,0.3103448275862069,29,-0.08203437384572043,-0.0026433493131397074,-7.794578891567819,0.3783783783783784,37,-0.06461215821711207,-0.000899596500605651
KRW-ETH,20,2.0,15,20,50,0.015,0.01,12,True,-22.48643632833341,68,False,-42.516936105907206,0.3793103448275862,29,-0.11152406149076498,-0.0039240598643150324,-2.455936550759614,0.5384615384615384,39,-0.05616745056040306,-0.00027494466651486826
KRW-ETH,20,2.0,15,20,50,0.015,0.01,12,False,-19.756889285344162,65,False,-27.916504242779823,0.35714285714285715,28,-0.09920392266650063,-0.0030555848596661842,-11.597274327908499,0.40540540540540543,37,-0.06018607164477253,-0.001390598775016457
KRW-ETH,20,2.0,15,20,50,0.015,0.01,24,True,-22.95489599654826,68,False,-45.04300985093806,0.41379310344827586,29,-0.1208971233439199,-0.004285907478424418,-0.8667821421584575,0.5641025641025641,39,-0.05525050077138116,-9.73768417202497e-05
KRW-ETH,20,2.0,15,20,50,0.015,0.01,24,False,-19.944525105341228,64,False,-31.018281975589726,0.32142857142857145,28,-0.10087615723111797,-0.0037540046457518197,-8.870768235092733,0.4166666666666667,36,-0.08330060429115486,-0.0011325436256224928
KRW-ETH,20,2.0,15,20,50,0.015,0.015,12,True,-30.230442870210826,68,False,-47.45364319007541,0.41379310344827586,29,-0.14366867608843042,-0.005514189194887046,-13.007242550346241,0.5641025641025641,39,-0.09946629514355916,-0.00175180806134888
KRW-ETH,20,2.0,15,20,50,0.015,0.015,12,False,-28.93003448238865,65,False,-36.95392385973246,0.39285714285714285,28,-0.1335722644711267,-0.0048418980554330885,-20.90614510504484,0.43243243243243246,37,-0.12039262953250089,-0.0030363882858824077
KRW-ETH,20,2.0,15,20,50,0.015,0.015,24,True,-28.40460257849802,68,False,-47.65965228296475,0.4482758620689655,29,-0.1477939185583005,-0.005676749663540443,-9.14955287403129,0.6153846153846154,39,-0.09322072111767993,-0.001225709277411643
KRW-ETH,20,2.0,15,20,50,0.015,0.015,24,False,-28.53812022242019,64,False,-42.651148066949894,0.32142857142857145,28,-0.14475104982220888,-0.006069980611203951,-14.425092377890483,0.4722222222222222,36,-0.13375272292293464,-0.002241988070066961
KRW-ETH,20,2.0,15,20,50,0.02,0.008,12,True,-27.574027673427263,69,False,-52.133289072363524,0.3333333333333333,30,-0.10888468668205628,-0.004015604295166128,-3.0147662744910035,0.48717948717948717,39,-0.048447199950485485,-0.00032292452412235493
KRW-ETH,20,2.0,15,20,50,0.02,0.008,12,False,-21.044990848666924,67,False,-34.60717602939316,0.27586206896551724,29,-0.116121930465606,-0.003521728059913794,-7.482805667940688,0.34210526315789475,38,-0.055408432907817544,-0.0009234541165551348
KRW-ETH,20,2.0,15,20,50,0.02,0.008,24,True,-26.351060434264667,69,False,-51.3503784076217,0.36666666666666664,30,-0.11094027517725652,-0.004045070517889925,-1.3517424609076347,0.5128205128205128,39,-0.04374099976219045,-0.00014535669932773618
KRW-ETH,20,2.0,15,20,50,0.02,0.008,24,False,-12.539492843281948,66,False,-31.16314258147295,0.2413793103448276,29,-0.10410571061241163,-0.003597179736639067,6.0841568949090545,0.3783783783783784,37,-0.05537381582574968,0.0008545251210160164
KRW-ETH,20,2.0,15,20,50,0.02,0.01,12,True,-27.218848810263445,68,False,-55.373780887352126,0.3448275862068966,29,-0.12172820764454345,-0.004784835726383994,0.9360832668252331,0.5384615384615384,39,-0.05717898460318713,0.00011300407863979844
KRW-ETH,20,2.0,15,20,50,0.02,0.01,12,False,-20.638449386972624,65,False,-37.737071732424916,0.2857142857142857,28,-0.12353327845921158,-0.004156003457664403,-3.5398270415203315,0.40540540540540543,37,-0.055810349320020596,-0.0004827543168594959
KRW-ETH,20,2.0,15,20,50,0.02,0.01,24,True,-27.694929329841315,68,False,-57.79090920803926,0.3793103448275862,29,-0.13099361988231495,-0.005146683340493377,2.4010505483566265,0.5641025641025641,39,-0.05525050077138112,0.0002905719034344171
KRW-ETH,20,2.0,15,20,50,0.02,0.01,24,False,-14.255820123126329,64,False,-33.794222722475894,0.25,28,-0.11588563184902402,-0.004467218931466062,5.282582476223237,0.4166666666666667,36,-0.0742468380252054,0.0008089841521553379
KRW-ETH,20,2.0,15,20,50,0.02,0.015,12,True,-34.14187080664512,68,False,-58.71360465326181,0.3793103448275862,29,-0.16094005952781706,-0.006547120229369801,-9.570136960028439,0.5641025641025641,39,-0.1082550691735193,-0.0013638593161942136
KRW-ETH,20,2.0,15,20,50,0.02,0.015,12,False,-29.941920581449658,65,False,-46.68161453613282,0.32142857142857145,28,-0.15851977248190732,-0.006120620224859878,-13.202226626766498,0.43243243243243246,37,-0.10423112144993604,-0.002116486950085946
KRW-ETH,20,2.0,15,20,50,0.02,0.015,24,True,-32.289985331894336,68,False,-58.66657140830005,0.41379310344827586,29,-0.1649820998042276,-0.006709680698023198,-5.913399255488615,0.6153846153846154,39,-0.10207044893371701,-0.0008377605322569765
KRW-ETH,20,2.0,15,20,50,0.02,0.015,24,False,-25.501562379580182,64,False,-46.79928922717247,0.25,28,-0.1718573291539791,-0.007139802039775338,-4.203835531987891,0.4722222222222222,36,-0.11995361544550556,-0.0007377673033669279
KRW-ETH,20,2.0,15,20,50,0.025,0.008,12,True,-27.33343853558009,69,False,-52.133289072363524,0.3333333333333333,30,-0.10888468668205628,-0.004015604295166128,-2.5335879987966545,0.48717948717948717,39,-0.04953810649051157,-0.00028109962039405724
KRW-ETH,20,2.0,15,20,50,0.025,0.008,12,False,-13.748631603581186,67,False,-29.285253693633287,0.27586206896551724,29,-0.11178919483063372,-0.003217771159211502,1.7879904864709155,0.34210526315789475,38,-0.04612503347152701,0.00025898009397114273
KRW-ETH,20,2.0,15,20,50,0.025,0.008,24,True,-26.140100511691607,69,False,-51.3503784076217,0.36666666666666664,30,-0.11094027517725652,-0.004045070517889925,-0.9298226157615195,0.5128205128205128,39,-0.043740999762190494,-0.00010353179559943855
KRW-ETH,20,2.0,15,20,50,0.025,0.008,24,False,-7.114865583838329,65,False,-20.358127168922394,0.2413793103448276,29,-0.09833540981834651,-0.0027364038745701235,6.1283960012457355,0.3333333333333333,36,-0.04609007617448024,0.000953702978601661
KRW-ETH,20,2.0,15,20,50,0.025,0.01,12,True,-26.56927286014463,68,False,-55.373780887352126,0.3448275862068966,29,-0.12172820764454345,-0.004784835726383994,2.235235167062867,0.5384615384615384,39,-0.05616745056040312,0.00028284180288091224
KRW-ETH,20,2.0,15,20,50,0.025,0.01,12,False,-13.51920920260665,65,False,-32.519221137610394,0.2857142857142857,28,-0.1192368729614625,-0.003841190953365599,5.480802732397095,0.40540540540540543,37,-0.04653089989844997,0.0008665700074647849
KRW-ETH,20,2.0,15,20,50,0.025,0.01,24,True,-27.079895146484823,68,False,-57.79090920803926,0.3793103448275862,29,-0.13099361988231495,-0.005146683340493377,3.631118915069617,0.5641025641025641,39,-0.055250500771381036,0.0004604096276755308
KRW-ETH,20,2.0,15,20,50,0.025,0.01,24,False,-7.969203614944405,63,False,-22.13610165118376,0.25,28,-0.09858184930185017,-0.0033973975028946633,6.197694421294952,0.37142857142857144,35,-0.06514858150733542,0.0010523373494188352
KRW-ETH,20,2.0,15,20,50,0.025,0.015,12,True,-33.399767899048406,68,False,-58.71360465326181,0.3793103448275862,29,-0.16094005952781706,-0.006547120229369801,-8.085931144835003,0.5641025641025641,39,-0.10388377049299746,-0.0011940215919530996
KRW-ETH,20,2.0,15,20,50,0.025,0.015,12,False,-23.098367765954727,65,False,-41.94803373370794,0.32142857142857145,28,-0.15439486940583838,-0.005805807720561075,-4.248701798201517,0.43243243243243246,37,-0.08900509900658166,-0.0007671626257616652
KRW-ETH,20,2.0,15,20,50,0.025,0.015,24,True,-31.60844173122319,68,False,-58.66657140830005,0.41379310344827586,29,-0.1649820998042276,-0.006709680698023198,-4.55031205414633,0.6153846153846154,39,-0.09766883348731378,-0.0006679228080158625
KRW-ETH,20,2.0,15,20,50,0.025,0.015,24,False,-18.929964596540202,63,False,-35.03949380419406,0.25,28,-0.15135974058717785,-0.006069980611203942,-2.820435388886342,0.42857142857142855,35,-0.11130456288680773,-0.0005386070048326433
KRW-ETH,20,2.0,15,20,50,0.03,0.008,12,True,-26.256992386035083,69,False,-52.133289072363524,0.3333333333333333,30,-0.10888468668205628,-0.004015604295166128,-0.38069569970664324,0.48717948717948717,39,-0.04953810649051151,-4.461281643397728e-05
KRW-ETH,20,2.0,15,20,50,0.03,0.008,12,False,-8.531294938858867,67,False,-23.98472728284397,0.27586206896551724,29,-0.10745645919566105,-0.002873460814383907,6.922137405126234,0.34210526315789475,38,-0.04820788755248338,0.001120763793168134
KRW-ETH,20,2.0,15,20,50,0.03,0.008,24,True,-25.109530598758532,69,False,-51.3503784076217,0.36666666666666664,30,-0.11094027517725652,-0.004045070517889925,1.1313172101046343,0.5128205128205128,39,-0.043740999762190425,0.00013295500836064145
KRW-ETH,20,2.0,15,20,50,0.03,0.008,24,False,-0.2443634502086658,65,False,-13.589918654393333,0.2413793103448276,29,-0.0939370459638019,-0.002041300664915649,13.101191753976002,0.3333333333333333,36,-0.038880426805740914,0.002340508534157267
KRW-ETH,20,2.0,15,20,50,0.03,0.01,12,True,-25.681609336336845,68,False,-55.373780887352126,0.3448275862068966,29,-0.12172820764454345,-0.004784835726383994,4.010562214678434,0.5384615384615384,39,-0.0561674505604029,0.0005299516320908804
KRW-ETH,20,2.0,15,20,50,0.03,0.01,12,False,-8.261836681408749,65,False,-27.239781081784233,0.2857142857142857,28,-0.11494046746371323,-0.0034845838105084484,10.716107718966734,0.40540540540540543,37,-0.04861286774109055,0.0018865775904238634
KRW-ETH,20,2.0,15,20,50,0.03,0.01,24,True,-26.22250232770387,68,False,-57.79090920803926,0.3793103448275862,29,-0.13099361988231495,-0.005146683340493377,5.345904552631517,0.5641025641025641,39,-0.055250500771381154,0.0007075194568854993
KRW-ETH,20,2.0,15,20,50,0.03,0.01,24,False,-0.5068299021740943,63,False,-14.555677231996036,0.25,28,-0.08976607631108419,-0.0024991656071811008,13.542017427647847,0.37142857142857144,35,-0.05600583473754363,0.0026214087779903228
KRW-ETH,20,2.0,15,20,50,0.03,0.015,12,True,-32.45601377009135,68,False,-58.71360465326181,0.3793103448275862,29,-0.16094005952781706,-0.006547120229369801,-6.198422886920898,0.5641025641025641,39,-0.09951247181247545,-0.0009469117627431315
KRW-ETH,20,2.0,15,20,50,0.03,0.015,12,False,-17.84372686891487,65,False,-36.9681310873804,0.32142857142857145,28,-0.15026996632976924,-0.005449200577703923,1.2806773495506552,0.43243243243243246,37,-0.09099432140348572,0.0002528449571974124
KRW-ETH,20,2.0,15,20,50,0.03,0.015,24,True,-30.719198363972325,68,False,-58.66657140830005,0.41379310344827586,29,-0.1649820998042276,-0.006709680698023198,-2.771825319644596,0.6153846153846154,39,-0.09326721804090969,-0.0004208129788058945
KRW-ETH,20,2.0,15,20,50,0.03,0.015,24,False,-11.127712462353797,63,False,-27.076830282327517,0.25,28,-0.13460444953288417,-0.005171748715490377,4.821405357619924,0.42857142857142855,35,-0.10261321667256511,0.0010304644237388442
KRW-ETH,20,2.0,15,25,40,0.015,0.008,12,True,-19.418092635288076,49,False,-24.98890110748833,0.38461538461538464,26,-0.0794316955760694,-0.002257302272717233,-13.847284163087823,0.43478260869565216,23,-0.05194768950008477,-0.001337985766424689
KRW-ETH,20,2.0,15,25,40,0.015,0.008,12,False,-22.198389304187934,48,False,-6.950741027341429,0.38461538461538464,26,-0.06887183480927578,-0.0007691318196919554,-37.44603758103444,0.2727272727272727,22,-0.07049140809063796,-0.0035672621970387025
KRW-ETH,20,2.0,15,25,40,0.015,0.008,24,True,-15.856952722276112,49,False,-21.105803026941086,0.4230769230769231,26,-0.07623395224440102,-0.002026154760029237,-10.608102417611141,0.4782608695652174,23,-0.05194768950008477,-0.001036892498294683
KRW-ETH,20,2.0,15,25,40,0.015,0.008,24,False,-11.638858178931669,47,False,-1.5813216964192267,0.4230769230769231,26,-0.059763174379180536,-0.00018502846597869547,-21.69639466144411,0.3333333333333333,21,-0.053927252797658386,-0.002390546163694458
KRW-ETH,20,2.0,15,25,40,0.015,0.01,12,True,-19.474259253339454,49,False,-27.17515623677835,0.4230769230769231,26,-0.08331640512720823,-0.0026459948097796726,-11.77336226990056,0.4782608695652174,23,-0.06524680536114294,-0.0012945727229464348
KRW-ETH,20,2.0,15,25,40,0.015,0.01,12,False,-21.52794012183921,48,False,-9.612756657205638,0.4230769230769231,26,-0.07014839053452909,-0.0011255463040070457,-33.44312358647279,0.3181818181818182,22,-0.07169637162937008,-0.003703421287947799
KRW-ETH,20,2.0,15,25,40,0.015,0.01,24,True,-17.488553225925777,49,False,-26.02124237632759,0.46153846153846156,26,-0.08956203461649359,-0.0027307084752993694,-8.955864075523962,0.5217391304347826,23,-0.06524680536114294,-0.0009934794548164293
KRW-ETH,20,2.0,15,25,40,0.015,0.01,24,False,-16.969427400916768,47,False,-2.9215801419884233,0.46153846153846156,26,-0.05874222093464895,-0.0003770476967479249,-31.01727465984511,0.3333333333333333,21,-0.07823742557248992,-0.003721879497027795
KRW-ETH,20,2.0,15,25,40,0.015,0.015,12,True,-30.246684677879685,49,False,-40.6388699302834,0.4230769230769231,26,-0.12600933366783124,-0.004950225579010459,-19.854499425475975,0.5217391304347826,23,-0.07510859513834425,-0.0026105761268473706
KRW-ETH,20,2.0,15,25,40,0.015,0.015,12,False,-32.885582023551386,48,False,-24.33334172468725,0.4230769230769231,26,-0.10993782442692514,-0.0034297770732378335,-41.43782232241552,0.36363636363636365,22,-0.1044517019530836,-0.0055331066647533326
KRW-ETH,20,2.0,15,25,40,0.015,0.015,24,True,-25.274667853075076,49,False,-37.4076979622531,0.46153846153846156,26,-0.12967250048970932,-0.004820262808584232,-13.141637743897048,0.6086956521739131,23,-0.0623780773654831,-0.0017184955801711854
KRW-ETH,20,2.0,15,25,40,0.015,0.015,24,False,-26.811318488831475,47,False,-16.135074848370007,0.46153846153846156,26,-0.09191228324685677,-0.002466602030032787,-37.48756212929295,0.38095238095238093,21,-0.11966123378812014,-0.005623784258932573
KRW-ETH,20,2.0,15,25,40,0.02,0.008,12,True,-21.641945259212044,49,False,-36.97793697449486,0.34615384615384615,26,-0.0794316955760694,-0.0031405907342556914,-6.305953543929227,0.43478260869565216,23,-0.04727748107397674,-0.0006867901142507696
KRW-ETH,20,2.0,15,25,40,0.02,0.008,12,False,-22.467469741462864,48,False,-21.636979156040628,0.3076923076923077,26,-0.09093756382862073,-0.0023759482829709246,-23.297960326885104,0.2727272727272727,22,-0.05396192289095126,-0.0026595349243114103
KRW-ETH,20,2.0,15,25,40,0.02,0.008,24,True,-18.254515495086764,49,False,-32.99321028217297,0.38461538461538464,26,-0.07623395224440102,-0.0029696173883369437,-3.5158207080005637,0.4782608695652174,23,-0.04727748107397674,-0.00038569684612076404
KRW-ETH,20,2.0,15,25,40,0.02,0.008,24,False,-10.18108481586966,47,False,-13.153683605812434,0.3076923076923077,26,-0.0765422799522723,-0.0016827784659786608,-7.208486025926884,0.3333333333333333,21,-0.053927252797658386,-0.0009641175922658571
KRW-ETH,20,2.0,15,25,40,0.02,0.01,12,True,-22.12513323991474,49,False,-38.93769346737772,0.38461538461538464,26,-0.08571260851483692,-0.003606090963625822,-5.3125730124517565,0.4782608695652174,23,-0.060642109821050026,-0.0006422155269584098
KRW-ETH,20,2.0,15,25,40,0.02,0.01,12,False,-23.791976978418987,48,False,-23.213983798466444,0.34615384615384615,26,-0.08923737831578174,-0.0026855206610699447,-24.369970158371533,0.3181818181818182,22,-0.06064210982105007,-0.003033837346798041
KRW-ETH,20,2.0,15,25,40,0.02,0.01,24,True,-20.285561131862277,49,False,-37.76554640750306,0.4230769230769231,26,-0.08956203461649359,-0.0037509787959147662,-2.8055758562214943,0.5217391304347826,23,-0.060642109821050026,-0.00034112225882840453
KRW-ETH,20,2.0,15,25,40,0.02,0.01,24,False,-14.681441421155105,47,False,-13.362135931457768,0.34615384615384615,26,-0.06944779968002612,-0.0019132015429017223,-16.000746910852442,0.3333333333333333,21,-0.06531415240956857,-0.002295450925599194
KRW-ETH,20,2.0,15,25,40,0.02,0.015,12,True,-32.91553949433742,49,False,-51.986841341035664,0.38461538461538464,26,-0.13524292165643603,-0.00610234096362584,-13.84423764763918,0.5217391304347826,23,-0.07055247984345918,-0.0019582189308593443
KRW-ETH,20,2.0,15,25,40,0.02,0.015,12,False,-35.3871245659592,48,False,-37.48469452541781,0.34615384615384615,26,-0.13278414892026325,-0.005181770661069964,-33.28955460650059,0.36363636363636365,22,-0.09139602896086194,-0.004863522723603574
KRW-ETH,20,2.0,15,25,40,0.02,0.015,24,True,-28.166562082465525,49,False,-48.73448530371007,0.4230769230769231,26,-0.1338159768214818,-0.006032552359968861,-7.598638861220976,0.6086956521739131,23,-0.060402856260179626,-0.0010661383841831604
KRW-ETH,20,2.0,15,25,40,0.02,0.015,24,False,-27.506114423747086,47,False,-27.483271142205453,0.34615384615384615,26,-0.10198086596194002,-0.004578813568494283,-27.528957705288718,0.38095238095238093,21,-0.10218605897920018,-0.004609112948242332
KRW-ETH,20,2.0,15,25,40,0.025,0.008,12,True,-21.997181842592045,49,False,-36.97793697449486,0.34615384615384615,26,-0.0794316955760694,-0.0031405907342556914,-7.016426710689232,0.43478260869565216,23,-0.046548279417980946,-0.0007821685956767215
KRW-ETH,20,2.0,15,25,40,0.025,0.008,12,False,-13.885088176680336,48,False,-14.652039839709465,0.3076923076923077,26,-0.09093756382862068,-0.0017998905906632455,-13.118136513651207,0.2727272727272727,22,-0.05396192289095133,-0.001751807651584167
KRW-ETH,20,2.0,15,25,40,0.025,0.008,24,True,-18.638912562078502,49,False,-32.99321028217297,0.38461538461538464,26,-0.07623395224440102,-0.0029696173883369437,-4.284614841984038,0.4782608695652174,23,-0.046548279417980946,-0.0004810753275467157
KRW-ETH,20,2.0,15,25,40,0.025,0.008,24,False,-11.741016964032804,46,False,-7.739717088147386,0.3076923076923077,26,-0.07201552642262685,-0.001094334671240641,-15.742316839918223,0.25,20,-0.05392725279765839,-0.0021975731079559337
KRW-ETH,20,2.0,15,25,40,0.025,0.01,12,True,-22.462178130246844,49,False,-38.93769346737772,0.38461538461538464,26,-0.08571260851483692,-0.003606090963625822,-5.986662793115968,0.4782608695652174,23,-0.0561210102699763,-0.0007375940083843619
KRW-ETH,20,2.0,15,25,40,0.025,0.01,12,False,-15.668994300989013,48,False,-16.4441227989899,0.34615384615384615,26,-0.08923737831578177,-0.0021094629687622656,-14.893865802988126,0.3181818181818182,22,-0.056121010269976325,-0.002126110074070798
KRW-ETH,20,2.0,15,25,40,0.025,0.01,24,True,-20.643981513203983,49,False,-37.76554640750306,0.4230769230769231,26,-0.08956203461649359,-0.0037509787959147662,-3.5224166189049035,0.5217391304347826,23,-0.0561210102699763,-0.0004365007402543562
KRW-ETH,20,2.0,15,25,40,0.025,0.01,24,False,-15.718091196983995,46,False,-7.145537714498545,0.34615384615384615,26,-0.060302378449469556,-0.00113273851739448,-24.290644679469445,0.25,20,-0.06531415240956835,-0.0035954731079559364
KRW-ETH,20,2.0,15,25,40,0.025,0.015,12,True,-33.157069422044046,49,False,-51.986841341035664,0.38461538461538464,26,-0.13524292165643603,-0.00610234096362584,-14.327297503052424,0.5217391304347826,23,-0.06599636454857444,-0.002053597412285298
KRW-ETH,20,2.0,15,25,40,0.025,0.015,12,False,-27.47524527333981,48,False,-30.697545300405977,0.34615384615384615,26,-0.12853309082673522,-0.0046057129687622845,-24.252945246273644,0.36363636363636365,22,-0.07344883793358065,-0.003955795450876331
KRW-ETH,20,2.0,15,25,40,0.025,0.015,24,True,-28.449099127187804,49,False,-48.73448530371007,0.4230769230769231,26,-0.1338159768214818,-0.006032552359968861,-8.163712950665534,0.6086956521739131,23,-0.06040285626017963,-0.0011615168656091122
KRW-ETH,20,2.0,15,25,40,0.025,0.015,24,False,-28.1721200802936,46,False,-20.953458182399977,0.34615384615384615,26,-0.09255899035063546,-0.003798350542987041,-35.39078197818722,0.3,20,-0.11146544894835234,-0.00602481823173124
KRW-ETH,20,2.0,15,25,40,0.03,0.008,12,True,-21.056906711163876,49,False,-36.97793697449486,0.34615384615384615,26,-0.0794316955760694,-0.0031405907342556914,-5.135876447832893,0.43478260869565216,23,-0.04654827941798098,-0.0005982344498313744
KRW-ETH,20,2.0,15,25,40,0.03,0.008,12,False,-8.41203646697959,48,False,-11.31578355226624,0.3076923076923077,26,-0.0909375638286209,-0.0014817032280740963,-5.508289381692942,0.2727272727272727,22,-0.05396192289095106,-0.0008440803788568609
KRW-ETH,20,2.0,15,25,40,0.03,0.008,24,True,-17.764313240318568,49,False,-32.99321028217297,0.38461538461538464,26,-0.07623395224440102,-0.0029696173883369437,-2.535416198464168,0.4782608695652174,23,-0.04654827941798098,-0.0002971411817013687
KRW-ETH,20,2.0,15,25,40,0.03,0.008,24,False,-4.150853731415003,46,False,-0.8354649029695077,0.3076923076923077,26,-0.06748877289298084,-0.00013423851739446794,-7.466242559860499,0.25,20,-0.053927252797658434,-0.0011990731079558965
KRW-ETH,20,2.0,15,25,40,0.03,0.01,12,True,-21.635899397678273,49,False,-38.93769346737772,0.38461538461538464,26,-0.08571260851483692,-0.003606090963625822,-4.334105327978829,0.4782608695652174,23,-0.056740237603918185,-0.0005536598625390149
KRW-ETH,20,2.0,15,25,40,0.03,0.01,12,False,-10.349355415431166,48,False,-13.15770545400083,0.34615384615384615,26,-0.08923737831578203,-0.0017912756061731166,-7.541005376861501,0.3181818181818182,22,-0.05612101026997633,-0.0012183828013434914
KRW-ETH,20,2.0,15,25,40,0.03,0.01,24,True,-19.866402676868542,49,False,-37.76554640750306,0.4230769230769231,26,-0.08956203461649359,-0.0037509787959147662,-1.9672589462340242,0.5217391304347826,23,-0.056740237603918185,-0.00025256659440900923
KRW-ETH,20,2.0,15,25,40,0.03,0.01,24,False,-7.6330248652568375,46,False,0.10814363435646264,0.34615384615384615,26,-0.051112236332699,1.9376867220923513e-05,-15.374193364870138,0.25,20,-0.06531415240956857,-0.0025969731079558984
KRW-ETH,20,2.0,15,25,40,0.03,0.015,12,True,-32.33376726667006,49,False,-51.986841341035664,0.38461538461538464,26,-0.13524292165643603,-0.00610234096362584,-12.680693192304453,0.5217391304347826,23,-0.06669177297752758,-0.0018696632664399508
KRW-ETH,20,2.0,15,25,40,0.03,0.015,12,False,-22.04797234469014,48,False,-27.242417119646355,0.34615384615384615,26,-0.12539191890161652,-0.0042875256061731355,-16.853527569733927,0.36363636363636365,22,-0.07053106732430318,-0.003048068178149023
KRW-ETH,20,2.0,15,25,40,0.03,0.015,24,True,-27.70856514733716,49,False,-48.73448530371007,0.4230769230769231,26,-0.1338159768214818,-0.006032552359968861,-6.682644990964248,0.6086956521739131,23,-0.06040285626017954,-0.0009775827197637656
KRW-ETH,20,2.0,15,25,40,0.03,0.015,24,False,-19.788187857620652,46,False,-13.143306914986935,0.34615384615384615,26,-0.08368431444424894,-0.0026462351583716372,-26.43306880025437,0.3,20,-0.09839897216394261,-0.005026318231731201
KRW-ETH,20,2.0,15,25,45,0.015,0.008,12,True,-22.467968568058517,69,False,-39.07968006616362,0.36666666666666664,30,-0.10034879605906466,-0.0032500876284994643,-5.856257069953412,0.48717948717948717,39,-0.05311167446053199,-0.0005821754357456202
KRW-ETH,20,2.0,15,25,45,0.015,0.008,12,False,-20.637142344252382,67,False,-24.11011686047595,0.3448275862068966,29,-0.09047584233146679,-0.0024172585597217965,-17.16416782802881,0.34210526315789475,38,-0.06464643674784415,-0.0018138988072528475
KRW-ETH,20,2.0,15,25,45,0.015,0.008,24,True,-21.357724790347124,69,False,-38.6659028664519,0.4,30,-0.10242407479894894,-0.0032795538512232613,-4.0495467142423465,0.5128205128205128,39,-0.04689402603961387,-0.00040460761095100173
KRW-ETH,20,2.0,15,25,45,0.015,0.008,24,False,-15.902791166981277,66,False,-24.011003442394735,0.3103448275862069,29,-0.08203437384572043,-0.0026433493131397074,-7.794578891567819,0.3783783783783784,37,-0.06461215821711207,-0.000899596500605651
KRW-ETH,20,2.0,15,25,45,0.015,0.01,12,True,-22.48643632833341,68,False,-42.516936105907206,0.3793103448275862,29,-0.11152406149076498,-0.0039240598643150324,-2.455936550759614,0.5384615384615384,39,-0.05616745056040306,-0.00027494466651486826
KRW-ETH,20,2.0,15,25,45,0.015,0.01,12,False,-19.756889285344162,65,False,-27.916504242779823,0.35714285714285715,28,-0.09920392266650063,-0.0030555848596661842,-11.597274327908499,0.40540540540540543,37,-0.06018607164477253,-0.001390598775016457
KRW-ETH,20,2.0,15,25,45,0.015,0.01,24,True,-22.95489599654826,68,False,-45.04300985093806,0.41379310344827586,29,-0.1208971233439199,-0.004285907478424418,-0.8667821421584575,0.5641025641025641,39,-0.05525050077138116,-9.73768417202497e-05
KRW-ETH,20,2.0,15,25,45,0.015,0.01,24,False,-19.944525105341228,64,False,-31.018281975589726,0.32142857142857145,28,-0.10087615723111797,-0.0037540046457518197,-8.870768235092733,0.4166666666666667,36,-0.08330060429115486,-0.0011325436256224928
KRW-ETH,20,2.0,15,25,45,0.015,0.015,12,True,-30.230442870210826,68,False,-47.45364319007541,0.41379310344827586,29,-0.14366867608843042,-0.005514189194887046,-13.007242550346241,0.5641025641025641,39,-0.09946629514355916,-0.00175180806134888
KRW-ETH,20,2.0,15,25,45,0.015,0.015,12,False,-28.93003448238865,65,False,-36.95392385973246,0.39285714285714285,28,-0.1335722644711267,-0.0048418980554330885,-20.90614510504484,0.43243243243243246,37,-0.12039262953250089,-0.0030363882858824077
KRW-ETH,20,2.0,15,25,45,0.015,0.015,24,True,-28.40460257849802,68,False,-47.65965228296475,0.4482758620689655,29,-0.1477939185583005,-0.005676749663540443,-9.14955287403129,0.6153846153846154,39,-0.09322072111767993,-0.001225709277411643
KRW-ETH,20,2.0,15,25,45,0.015,0.015,24,False,-28.53812022242019,64,False,-42.651148066949894,0.32142857142857145,28,-0.14475104982220888,-0.006069980611203951,-14.425092377890483,0.4722222222222222,36,-0.13375272292293464,-0.002241988070066961
KRW-ETH,20,2.0,15,25,45,0.02,0.008,12,True,-27.574027673427263,69,False,-52.133289072363524,0.3333333333333333,30,-0.10888468668205628,-0.004015604295166128,-3.0147662744910035,0.48717948717948717,39,-0.048447199950485485,-0.00032292452412235493
KRW-ETH,20,2.0,15,25,45,0.02,0.008,12,False,-21.044990848666924,67,False,-34.60717602939316,0.27586206896551724,29,-0.116121930465606,-0.003521728059913794,-7.482805667940688,0.34210526315789475,38,-0.055408432907817544,-0.0009234541165551348
KRW-ETH,20,2.0,15,25,45,0.02,0.008,24,True,-26.351060434264667,69,False,-51.3503784076217,0.36666666666666664,30,-0.11094027517725652,-0.004045070517889925,-1.3517424609076347,0.5128205128205128,39,-0.04374099976219045,-0.00014535669932773618
KRW-ETH,20,2.0,15,25,45,0.02,0.008,24,False,-12.539492843281948,66,False,-31.16314258147295,0.2413793103448276,29,-0.10410571061241163,-0.003597179736639067,6.0841568949090545,0.3783783783783784,37,-0.05537381582574968,0.0008545251210160164
KRW-ETH,20,2.0,15,25,45,0.02,0.01,12,True,-27.218848810263445,68,False,-55.373780887352126,0.3448275862068966,29,-0.12172820764454345,-0.004784835726383994,0.9360832668252331,0.5384615384615384,39,-0.05717898460318713,0.00011300407863979844
KRW-ETH,20,2.0,15,25,45,0.02,0.01,12,False,-20.638449386972624,65,False,-37.737071732424916,0.2857142857142857,28,-0.12353327845921158,-0.004156003457664403,-3.5398270415203315,0.40540540540540543,37,-0.055810349320020596,-0.0004827543168594959
KRW-ETH,20,2.0,15,25,45,0.02,0.01,24,True,-27.694929329841315,68,False,-57.79090920803926,0.3793103448275862,29,-0.13099361988231495,-0.005146683340493377,2.4010505483566265,0.5641025641025641,39,-0.05525050077138112,0.0002905719034344171
KRW-ETH,20,2.0,15,25,45,0.02,0.01,24,False,-14.255820123126329,64,False,-33.794222722475894,0.25,28,-0.11588563184902402,-0.004467218931466062,5.282582476223237,0.4166666666666667,36,-0.0742468380252054,0.0008089841521553379
KRW-ETH,20,2.0,15,25,45,0.02,0.015,12,True,-34.14187080664512,68,False,-58.71360465326181,0.3793103448275862,29,-0.16094005952781706,-0.006547120229369801,-9.570136960028439,0.5641025641025641,39,-0.1082550691735193,-0.0013638593161942136
KRW-ETH,20,2.0,15,25,45,0.02,0.015,12,False,-29.941920581449658,65,False,-46.68161453613282,0.32142857142857145,28,-0.15851977248190732,-0.006120620224859878,-13.202226626766498,0.43243243243243246,37,-0.10423112144993604,-0.002116486950085946
KRW-ETH,20,2.0,15,25,45,0.02,0.015,24,True,-32.289985331894336,68,False,-58.66657140830005,0.41379310344827586,29,-0.1649820998042276,-0.006709680698023198,-5.913399255488615,0.6153846153846154,39,-0.10207044893371701,-0.0008377605322569765
KRW-ETH,20,2.0,15,25,45,0.02,0.015,24,False,-25.501562379580182,64,False,-46.79928922717247,0.25,28,-0.1718573291539791,-0.007139802039775338,-4.203835531987891,0.4722222222222222,36,-0.11995361544550556,-0.0007377673033669279
KRW-ETH,20,2.0,15,25,45,0.025,0.008,12,True,-27.33343853558009,69,False,-52.133289072363524,0.3333333333333333,30,-0.10888468668205628,-0.004015604295166128,-2.5335879987966545,0.48717948717948717,39,-0.04953810649051157,-0.00028109962039405724
KRW-ETH,20,2.0,15,25,45,0.025,0.008,12,False,-13.748631603581186,67,False,-29.285253693633287,0.27586206896551724,29,-0.11178919483063372,-0.003217771159211502,1.7879904864709155,0.34210526315789475,38,-0.04612503347152701,0.00025898009397114273
KRW-ETH,20,2.0,15,25,45,0.025,0.008,24,True,-26.140100511691607,69,False,-51.3503784076217,0.36666666666666664,30,-0.11094027517725652,-0.004045070517889925,-0.9298226157615195,0.5128205128205128,39,-0.043740999762190494,-0.00010353179559943855
KRW-ETH,20,2.0,15,25,45,0.025,0.008,24,False,-7.114865583838329,65,False,-20.358127168922394,0.2413793103448276,29,-0.09833540981834651,-0.0027364038745701235,6.1283960012457355,0.3333333333333333,36,-0.04609007617448024,0.000953702978601661
KRW-ETH,20,2.0,15,25,45,0.025,0.01,12,True,-26.56927286014463,68,False,-55.373780887352126,0.3448275862068966,29,-0.12172820764454345,-0.004784835726383994,2.235235167062867,0.5384615384615384,39,-0.05616745056040312,0.00028284180288091224
KRW-ETH,20,2.0,15,25,45,0.025,0.01,12,False,-13.51920920260665,65,False,-32.519221137610394,0.2857142857142857,28,-0.1192368729614625,-0.003841190953365599,5.480802732397095,0.40540540540540543,37,-0.04653089989844997,0.0008665700074647849
KRW-ETH,20,2.0,15,25,45,0.025,0.01,24,True,-27.079895146484823,68,False,-57.79090920803926,0.3793103448275862,29,-0.13099361988231495,-0.005146683340493377,3.631118915069617,0.5641025641025641,39,-0.055250500771381036,0.0004604096276755308
KRW-ETH,20,2.0,15,25,45,0.025,0.01,24,False,-7.969203614944405,63,False,-22.13610165118376,0.25,28,-0.09858184930185017,-0.0033973975028946633,6.197694421294952,0.37142857142857144,35,-0.06514858150733542,0.0010523373494188352
KRW-ETH,20,2.0,15,25,45,0.025,0.015,12,True,-33.399767899048406,68,False,-58.71360465326181,0.3793103448275862,29,-0.16094005952781706,-0.006547120229369801,-8.085931144835003,0.5641025641025641,39,-0.10388377049299746,-0.0011940215919530996
KRW-ETH,20,2.0,15,25,45,0.025,0.015,12,False,-23.098367765954727,65,False,-41.94803373370794,0.32142857142857145,28,-0.15439486940583838,-0.005805807720561075,-4.248701798201517,0.43243243243243246,37,-0.08900509900658166,-0.0007671626257616652
KRW-ETH,20,2.0,15,25,45,0.025,0.015,24,True,-31.60844173122319,68,False,-58.66657140830005,0.41379310344827586,29,-0.1649820998042276,-0.006709680698023198,-4.55031205414633,0.6153846153846154,39,-0.09766883348731378,-0.0006679228080158625
KRW-ETH,20,2.0,15,25,45,0.025,0.015,24,False,-18.929964596540202,63,False,-35.03949380419406,0.25,28,-0.15135974058717785,-0.006069980611203942,-2.820435388886342,0.42857142857142855,35,-0.11130456288680773,-0.0005386070048326433
KRW-ETH,20,2.0,15,25,45,0.03,0.008,12,True,-26.256992386035083,69,False,-52.133289072363524,0.3333333333333333,30,-0.10888468668205628,-0.004015604295166128,-0.38069569970664324,0.48717948717948717,39,-0.04953810649051151,-4.461281643397728e-05
KRW-ETH,20,2.0,15,25,45,0.03,0.008,12,False,-8.531294938858867,67,False,-23.98472728284397,0.27586206896551724,29,-0.10745645919566105,-0.002873460814383907,6.922137405126234,0.34210526315789475,38,-0.04820788755248338,0.001120763793168134
KRW-ETH,20,2.0,15,25,45,0.03,0.008,24,True,-25.109530598758532,69,False,-51.3503784076217,0.36666666666666664,30,-0.11094027517725652,-0.004045070517889925,1.1313172101046343,0.5128205128205128,39,-0.043740999762190425,0.00013295500836064145
KRW-ETH,20,2.0,15,25,45,0.03,0.008,24,False,-0.2443634502086658,65,False,-13.589918654393333,0.2413793103448276,29,-0.0939370459638019,-0.002041300664915649,13.101191753976002,0.3333333333333333,36,-0.038880426805740914,0.002340508534157267
KRW-ETH,20,2.0,15,25,45,0.03,0.01,12,True,-25.681609336336845,68,False,-55.373780887352126,0.3448275862068966,29,-0.12172820764454345,-0.004784835726383994,4.010562214678434,0.5384615384615384,39,-0.0561674505604029,0.0005299516320908804
KRW-ETH,20,2.0,15,25,45,0.03,0.01,12,False,-8.261836681408749,65,False,-27.239781081784233,0.2857142857142857,28,-0.11494046746371323,-0.0034845838105084484,10.716107718966734,0.40540540540540543,37,-0.04861286774109055,0.0018865775904238634
KRW-ETH,20,2.0,15,25,45,0.03,0.01,24,True,-26.22250232770387,68,False,-57.79090920803926,0.3793103448275862,29,-0.13099361988231495,-0.005146683340493377,5.345904552631517,0.5641025641025641,39,-0.055250500771381154,0.0007075194568854993
KRW-ETH,20,2.0,15,25,45,0.03,0.01,24,False,-0.5068299021740943,63,False,-14.555677231996036,0.25,28,-0.08976607631108419,-0.0024991656071811008,13.542017427647847,0.37142857142857144,35,-0.05600583473754363,0.0026214087779903228
KRW-ETH,20,2.0,15,25,45,0.03,0.015,12,True,-32.45601377009135,68,False,-58.71360465326181,0.3793103448275862,29,-0.16094005952781706,-0.006547120229369801,-6.198422886920898,0.5641025641025641,39,-0.09951247181247545,-0.0009469117627431315
KRW-ETH,20,2.0,15,25,45,0.03,0.015,12,False,-17.84372686891487,65,False,-36.9681310873804,0.32142857142857145,28,-0.15026996632976924,-0.005449200577703923,1.2806773495506552,0.43243243243243246,37,-0.09099432140348572,0.0002528449571974124
KRW-ETH,20,2.0,15,25,45,0.03,0.015,24,True,-30.719198363972325,68,False,-58.66657140830005,0.41379310344827586,29,-0.1649820998042276,-0.006709680698023198,-2.771825319644596,0.6153846153846154,39,-0.09326721804090969,-0.0004208129788058945
KRW-ETH,20,2.0,15,25,45,0.03,0.015,24,False,-11.127712462353797,63,False,-27.076830282327517,0.25,28,-0.13460444953288417,-0.005171748715490377,4.821405357619924,0.42857142857142855,35,-0.10261321667256511,0.0010304644237388442
KRW-ETH,20,2.0,15,25,50,0.015,0.008,12,True,-22.467968568058517,69,False,-39.07968006616362,0.36666666666666664,30,-0.10034879605906466,-0.0032500876284994643,-5.856257069953412,0.48717948717948717,39,-0.05311167446053199,-0.0005821754357456202
KRW-ETH,20,2.0,15,25,50,0.015,0.008,12,False,-20.637142344252382,67,False,-24.11011686047595,0.3448275862068966,29,-0.09047584233146679,-0.0024172585597217965,-17.16416782802881,0.34210526315789475,38,-0.06464643674784415,-0.0018138988072528475
KRW-ETH,20,2.0,15,25,50,0.015,0.008,24,True,-21.357724790347124,69,False,-38.6659028664519,0.4,30,-0.10242407479894894,-0.0032795538512232613,-4.0495467142423465,0.5128205128205128,39,-0.04689402603961387,-0.00040460761095100173
KRW-ETH,20,2.0,15,25,50,0.015,0.008,24,False,-15.902791166981277,66,False,-24.011003442394735,0.3103448275862069,29,-0.08203437384572043,-0.0026433493131397074,-7.794578891567819,0.3783783783783784,37,-0.06461215821711207,-0.000899596500605651
KRW-ETH,20,2.0,15,25,50,0.015,0.01,12,True,-22.48643632833341,68,False,-42.516936105907206,0.3793103448275862,29,-0.11152406149076498,-0.0039240598643150324,-2.455936550759614,0.5384615384615384,39,-0.05616745056040306,-0.00027494466651486826
KRW-ETH,20,2.0,15,25,50,0.015,0.01,12,False,-19.756889285344162,65,False,-27.916504242779823,0.35714285714285715,28,-0.09920392266650063,-0.0030555848596661842,-11.597274327908499,0.40540540540540543,37,-0.06018607164477253,-0.001390598775016457
KRW-ETH,20,2.0,15,25,50,0.015,0.01,24,True,-22.95489599654826,68,False,-45.04300985093806,0.41379310344827586,29,-0.1208971233439199,-0.004285907478424418,-0.8667821421584575,0.5641025641025641,39,-0.05525050077138116,-9.73768417202497e-05
KRW-ETH,20,2.0,15,25,50,0.015,0.01,24,False,-19.944525105341228,64,False,-31.018281975589726,0.32142857142857145,28,-0.10087615723111797,-0.0037540046457518197,-8.870768235092733,0.4166666666666667,36,-0.08330060429115486,-0.0011325436256224928
KRW-ETH,20,2.0,15,25,50,0.015,0.015,12,True,-30.230442870210826,68,False,-47.45364319007541,0.41379310344827586,29,-0.14366867608843042,-0.005514189194887046,-13.007242550346241,0.5641025641025641,39,-0.09946629514355916,-0.00175180806134888
KRW-ETH,20,2.0,15,25,50,0.015,0.015,12,False,-28.93003448238865,65,False,-36.95392385973246,0.39285714285714285,28,-0.1335722644711267,-0.0048418980554330885,-20.90614510504484,0.43243243243243246,37,-0.12039262953250089,-0.0030363882858824077
KRW-ETH,20,2.0,15,25,50,0.015,0.015,24,True,-28.40460257849802,68,False,-47.65965228296475,0.4482758620689655,29,-0.1477939185583005,-0.005676749663540443,-9.14955287403129,0.6153846153846154,39,-0.09322072111767993,-0.001225709277411643
KRW-ETH,20,2.0,15,25,50,0.015,0.015,24,False,-28.53812022242019,64,False,-42.651148066949894,0.32142857142857145,28,-0.14475104982220888,-0.006069980611203951,-14.425092377890483,0.4722222222222222,36,-0.13375272292293464,-0.002241988070066961
KRW-ETH,20,2.0,15,25,50,0.02,0.008,12,True,-27.574027673427263,69,False,-52.133289072363524,0.3333333333333333,30,-0.10888468668205628,-0.004015604295166128,-3.0147662744910035,0.48717948717948717,39,-0.048447199950485485,-0.00032292452412235493
KRW-ETH,20,2.0,15,25,50,0.02,0.008,12,False,-21.044990848666924,67,False,-34.60717602939316,0.27586206896551724,29,-0.116121930465606,-0.003521728059913794,-7.482805667940688,0.34210526315789475,38,-0.055408432907817544,-0.0009234541165551348
KRW-ETH,20,2.0,15,25,50,0.02,0.008,24,True,-26.351060434264667,69,False,-51.3503784076217,0.36666666666666664,30,-0.11094027517725652,-0.004045070517889925,-1.3517424609076347,0.5128205128205128,39,-0.04374099976219045,-0.00014535669932773618
KRW-ETH,20,2.0,15,25,50,0.02,0.008,24,False,-12.539492843281948,66,False,-31.16314258147295,0.2413793103448276,29,-0.10410571061241163,-0.003597179736639067,6.0841568949090545,0.3783783783783784,37,-0.05537381582574968,0.0008545251210160164
KRW-ETH,20,2.0,15,25,50,0.02,0.01,12,True,-27.218848810263445,68,False,-55.373780887352126,0.3448275862068966,29,-0.12172820764454345,-0.004784835726383994,0.9360832668252331,0.5384615384615384,39,-0.05717898460318713,0.00011300407863979844
KRW-ETH,20,2.0,15,25,50,0.02,0.01,12,False,-20.638449386972624,65,False,-37.737071732424916,0.2857142857142857,28,-0.12353327845921158,-0.004156003457664403,-3.5398270415203315,0.40540540540540543,37,-0.055810349320020596,-0.0004827543168594959
KRW-ETH,20,2.0,15,25,50,0.02,0.01,24,True,-27.694929329841315,68,False,-57.79090920803926,0.3793103448275862,29,-0.13099361988231495,-0.005146683340493377,2.4010505483566265,0.5641025641025641,39,-0.05525050077138112,0.0002905719034344171
KRW-ETH,20,2.0,15,25,50,0.02,0.01,24,False,-14.255820123126329,64,False,-33.794222722475894,0.25,28,-0.11588563184902402,-0.004467218931466062,5.282582476223237,0.4166666666666667,36,-0.0742468380252054,0.0008089841521553379
KRW-ETH,20,2.0,15,25,50,0.02,0.015,12,True,-34.14187080664512,68,False,-58.71360465326181,0.3793103448275862,29,-0.16094005952781706,-0.006547120229369801,-9.570136960028439,0.5641025641025641,39,-0.1082550691735193,-0.0013638593161942136
KRW-ETH,20,2.0,15,25,50,0.02,0.015,12,False,-29.941920581449658,65,False,-46.68161453613282,0.32142857142857145,28,-0.15851977248190732,-0.006120620224859878,-13.202226626766498,0.43243243243243246,37,-0.10423112144993604,-0.002116486950085946
KRW-ETH,20,2.0,15,25,50,0.02,0.015,24,True,-32.289985331894336,68,False,-58.66657140830005,0.41379310344827586,29,-0.1649820998042276,-0.006709680698023198,-5.913399255488615,0.6153846153846154,39,-0.10207044893371701,-0.0008377605322569765
KRW-ETH,20,2.0,15,25,50,0.02,0.015,24,False,-25.501562379580182,64,False,-46.79928922717247,0.25,28,-0.1718573291539791,-0.007139802039775338,-4.203835531987891,0.4722222222222222,36,-0.11995361544550556,-0.0007377673033669279
KRW-ETH,20,2.0,15,25,50,0.025,0.008,12,True,-27.33343853558009,69,False,-52.133289072363524,0.3333333333333333,30,-0.10888468668205628,-0.004015604295166128,-2.5335879987966545,0.48717948717948717,39,-0.04953810649051157,-0.00028109962039405724
KRW-ETH,20,2.0,15,25,50,0.025,0.008,12,False,-13.748631603581186,67,False,-29.285253693633287,0.27586206896551724,29,-0.11178919483063372,-0.003217771159211502,1.7879904864709155,0.34210526315789475,38,-0.04612503347152701,0.00025898009397114273
KRW-ETH,20,2.0,15,25,50,0.025,0.008,24,True,-26.140100511691607,69,False,-51.3503784076217,0.36666666666666664,30,-0.11094027517725652,-0.004045070517889925,-0.9298226157615195,0.5128205128205128,39,-0.043740999762190494,-0.00010353179559943855
KRW-ETH,20,2.0,15,25,50,0.025,0.008,24,False,-7.114865583838329,65,False,-20.358127168922394,0.2413793103448276,29,-0.09833540981834651,-0.0027364038745701235,6.1283960012457355,0.3333333333333333,36,-0.04609007617448024,0.000953702978601661
KRW-ETH,20,2.0,15,25,50,0.025,0.01,12,True,-26.56927286014463,68,False,-55.373780887352126,0.3448275862068966,29,-0.12172820764454345,-0.004784835726383994,2.235235167062867,0.5384615384615384,39,-0.05616745056040312,0.00028284180288091224
KRW-ETH,20,2.0,15,25,50,0.025,0.01,12,False,-13.51920920260665,65,False,-32.519221137610394,0.2857142857142857,28,-0.1192368729614625,-0.003841190953365599,5.480802732397095,0.40540540540540543,37,-0.04653089989844997,0.0008665700074647849
KRW-ETH,20,2.0,15,25,50,0.025,0.01,24,True,-27.079895146484823,68,False,-57.79090920803926,0.3793103448275862,29,-0.13099361988231495,-0.005146683340493377,3.631118915069617,0.5641025641025641,39,-0.055250500771381036,0.0004604096276755308
KRW-ETH,20,2.0,15,25,50,0.025,0.01,24,False,-7.969203614944405,63,False,-22.13610165118376,0.25,28,-0.09858184930185017,-0.0033973975028946633,6.197694421294952,0.37142857142857144,35,-0.06514858150733542,0.0010523373494188352
KRW-ETH,20,2.0,15,25,50,0.025,0.015,12,True,-33.399767899048406,68,False,-58.71360465326181,0.3793103448275862,29,-0.16094005952781706,-0.006547120229369801,-8.085931144835003,0.5641025641025641,39,-0.10388377049299746,-0.0011940215919530996
KRW-ETH,20,2.0,15,25,50,0.025,0.015,12,False,-23.098367765954727,65,False,-41.94803373370794,0.32142857142857145,28,-0.15439486940583838,-0.005805807720561075,-4.248701798201517,0.43243243243243246,37,-0.08900509900658166,-0.0007671626257616652
KRW-ETH,20,2.0,15,25,50,0.025,0.015,24,True,-31.60844173122319,68,False,-58.66657140830005,0.41379310344827586,29,-0.1649820998042276,-0.006709680698023198,-4.55031205414633,0.6153846153846154,39,-0.09766883348731378,-0.0006679228080158625
KRW-ETH,20,2.0,15,25,50,0.025,0.015,24,False,-18.929964596540202,63,False,-35.03949380419406,0.25,28,-0.15135974058717785,-0.006069980611203942,-2.820435388886342,0.42857142857142855,35,-0.11130456288680773,-0.0005386070048326433
KRW-ETH,20,2.0,15,25,50,0.03,0.008,12,True,-26.256992386035083,69,False,-52.133289072363524,0.3333333333333333,30,-0.10888468668205628,-0.004015604295166128,-0.38069569970664324,0.48717948717948717,39,-0.04953810649051151,-4.461281643397728e-05
KRW-ETH,20,2.0,15,25,50,0.03,0.008,12,False,-8.531294938858867,67,False,-23.98472728284397,0.27586206896551724,29,-0.10745645919566105,-0.002873460814383907,6.922137405126234,0.34210526315789475,38,-0.04820788755248338,0.001120763793168134
KRW-ETH,20,2.0,15,25,50,0.03,0.008,24,True,-25.109530598758532,69,False,-51.3503784076217,0.36666666666666664,30,-0.11094027517725652,-0.004045070517889925,1.1313172101046343,0.5128205128205128,39,-0.043740999762190425,0.00013295500836064145
KRW-ETH,20,2.0,15,25,50,0.03,0.008,24,False,-0.2443634502086658,65,False,-13.589918654393333,0.2413793103448276,29,-0.0939370459638019,-0.002041300664915649,13.101191753976002,0.3333333333333333,36,-0.038880426805740914,0.002340508534157267
KRW-ETH,20,2.0,15,25,50,0.03,0.01,12,True,-25.681609336336845,68,False,-55.373780887352126,0.3448275862068966,29,-0.12172820764454345,-0.004784835726383994,4.010562214678434,0.5384615384615384,39,-0.0561674505604029,0.0005299516320908804
KRW-ETH,20,2.0,15,25,50,0.03,0.01,12,False,-8.261836681408749,65,False,-27.239781081784233,0.2857142857142857,28,-0.11494046746371323,-0.0034845838105084484,10.716107718966734,0.40540540540540543,37,-0.04861286774109055,0.0018865775904238634
KRW-ETH,20,2.0,15,25,50,0.03,0.01,24,True,-26.22250232770387,68,False,-57.79090920803926,0.3793103448275862,29,-0.13099361988231495,-0.005146683340493377,5.345904552631517,0.5641025641025641,39,-0.055250500771381154,0.0007075194568854993
KRW-ETH,20,2.0,15,25,50,0.03,0.01,24,False,-0.5068299021740943,63,False,-14.555677231996036,0.25,28,-0.08976607631108419,-0.0024991656071811008,13.542017427647847,0.37142857142857144,35,-0.05600583473754363,0.0026214087779903228
KRW-ETH,20,2.0,15,25,50,0.03,0.015,12,True,-32.45601377009135,68,False,-58.71360465326181,0.3793103448275862,29,-0.16094005952781706,-0.006547120229369801,-6.198422886920898,0.5641025641025641,39,-0.09951247181247545,-0.0009469117627431315
KRW-ETH,20,2.0,15,25,50,0.03,0.015,12,False,-17.84372686891487,65,False,-36.9681310873804,0.32142857142857145,28,-0.15026996632976924,-0.005449200577703923,1.2806773495506552,0.43243243243243246,37,-0.09099432140348572,0.0002528449571974124
KRW-ETH,20,2.0,15,25,50,0.03,0.015,24,True,-30.719198363972325,68,False,-58.66657140830005,0.41379310344827586,29,-0.1649820998042276,-0.006709680698023198,-2.771825319644596,0.6153846153846154,39,-0.09326721804090969,-0.0004208129788058945
KRW-ETH,20,2.0,15,25,50,0.03,0.015,24,False,-11.127712462353797,63,False,-27.076830282327517,0.25,28,-0.13460444953288417,-0.005171748715490377,4.821405357619924,0.42857142857142855,35,-0.10261321667256511,0.0010304644237388442
KRW-ETH,20,2.0,15,30,40,0.015,0.008,12,True,-17.246558692266817,47,False,-24.98890110748833,0.38461538461538464,26,-0.0794316955760694,-0.002257302272717233,-9.504216277045302,0.47619047619047616,21,-0.05194768950008477,-0.0009430972091979555
KRW-ETH,20,2.0,15,30,40,0.015,0.008,12,False,-20.564981566840586,46,False,-6.950741027341429,0.38461538461538464,26,-0.06887183480927578,-0.0007691318196919554,-34.17922210633974,0.3,20,-0.06019624990134279,-0.003375556855012034
KRW-ETH,20,2.0,15,30,40,0.015,0.008,24,True,-15.305009651993194,47,False,-21.105803026941086,0.4230769230769231,26,-0.07623395224440102,-0.002026154760029237,-9.504216277045302,0.47619047619047616,21,-0.05194768950008477,-0.0009430972091979555
KRW-ETH,20,2.0,15,30,40,0.015,0.008,24,False,-12.344707428774626,46,False,-1.5813216964192267,0.4230769230769231,26,-0.059763174379180536,-0.00018502846597869547,-23.108093161130025,0.3,20,-0.05559462934286311,-0.002598349999999968
KRW-ETH,20,2.0,15,30,40,0.015,0.01,12,True,-22.666459062214948,47,False,-27.17515623677835,0.4230769230769231,26,-0.08331640512720823,-0.0026459948097796726,-18.15776188765155,0.47619047619047616,21,-0.06524680536114294,-0.0019891448282455806
KRW-ETH,20,2.0,15,30,40,0.015,0.01,12,False,-26.43910821714301,46,False,-9.612756657205638,0.4230769230769231,26,-0.07014839053452909,-0.0011255463040070457,-43.26545977708038,0.3,20,-0.08268299806673943,-0.004673606855012039
KRW-ETH,20,2.0,15,30,40,0.015,0.01,24,True,-22.08950213198957,47,False,-26.02124237632759,0.46153846153846156,26,-0.08956203461649359,-0.0027307084752993694,-18.15776188765155,0.47619047619047616,21,-0.06524680536114294,-0.0019891448282455806
KRW-ETH,20,2.0,15,30,40,0.015,0.01,24,False,-17.809253626206043,46,False,-2.9215801419884233,0.46153846153846156,26,-0.05874222093464895,-0.0003770476967479249,-32.696927110423665,0.3,20,-0.0798619574083268,-0.003996249999999974
KRW-ETH,20,2.0,15,30,40,0.015,0.015,12,True,-33.30613469130217,47,False,-40.6388699302834,0.4230769230769231,26,-0.12600933366783124,-0.004950225579010459,-25.973399452320937,0.5238095238095238,21,-0.07626687125601973,-0.003430481889660892
KRW-ETH,20,2.0,15,30,40,0.015,0.015,12,False,-37.58083317172202,46,False,-24.33334172468725,0.4230769230769231,26,-0.10993782442692514,-0.0034297770732378335,-50.828324618756795,0.35,20,-0.11505066365759939,-0.006686260769498126
KRW-ETH,20,2.0,15,30,40,0.015,0.015,24,True,-29.356606920868366,47,False,-37.4076979622531,0.46153846153846156,26,-0.12967250048970932,-0.004820262808584232,-21.30551587948363,0.5714285714285714,21,-0.06355229638696822,-0.0027832101083960273
KRW-ETH,20,2.0,15,30,40,0.015,0.015,24,False,-27.697722611072464,46,False,-16.135074848370007,0.46153846153846156,26,-0.09191228324685677,-0.002466602030032787,-39.260370373774926,0.35,20,-0.12121275951905026,-0.005993249999999989
KRW-ETH,20,2.0,15,30,40,0.02,0.008,12,True,-19.515270827843654,47,False,-36.97793697449486,0.34615384615384615,26,-0.0794316955760694,-0.0031405907342556914,-2.052604681192448,0.47619047619047616,21,-0.04727748107397674,-0.00022988292348366326
KRW-ETH,20,2.0,15,30,40,0.02,0.008,12,False,-20.845196862429383,46,False,-21.636979156040628,0.3076923076923077,26,-0.09093756382862073,-0.0023759482829709246,-20.05341456881814,0.3,20,-0.04727748107397694,-0.002377056855012013
KRW-ETH,20,2.0,15,30,40,0.02,0.008,24,True,-17.522907481682708,47,False,-32.99321028217297,0.38461538461538464,26,-0.07623395224440102,-0.0029696173883369437,-2.052604681192448,0.47619047619047616,21,-0.04727748107397674,-0.00022988292348366326
KRW-ETH,20,2.0,15,30,40,0.02,0.008,24,False,-10.596931877841001,46,False,-13.153683605812434,0.3076923076923077,26,-0.0765422799522723,-0.0016827784659786608,-8.040180149869569,0.3,20,-0.05559462934286343,-0.0011005999999999373
KRW-ETH,20,2.0,15,30,40,0.02,0.01,12,True,-24.700944397798462,47,False,-38.93769346737772,0.38461538461538464,26,-0.08571260851483692,-0.003606090963625822,-10.464195328219205,0.47619047619047616,21,-0.060642109821050026,-0.0012759305425312877
KRW-ETH,20,2.0,15,30,40,0.02,0.01,12,False,-26.01671422370615,46,False,-23.213983798466444,0.34615384615384615,26,-0.08923737831578174,-0.0026855206610699447,-28.819444648945854,0.3,20,-0.06447378636411649,-0.0036751068550120182
KRW-ETH,20,2.0,15,30,40,0.02,0.01,24,True,-24.114870867861132,47,False,-37.76554640750306,0.4230769230769231,26,-0.08956203461649359,-0.0037509787959147662,-10.464195328219205,0.47619047619047616,21,-0.060642109821050026,-0.0012759305425312877
KRW-ETH,20,2.0,15,30,40,0.02,0.01,24,False,-15.198769308199878,46,False,-13.362135931457768,0.34615384615384615,26,-0.06944779968002612,-0.0019132015429017223,-17.03540268494199,0.3,20,-0.0669614604670258,-0.002498499999999941
KRW-ETH,20,2.0,15,30,40,0.02,0.015,12,True,-35.471931846040356,47,False,-51.986841341035664,0.38461538461538464,26,-0.13524292165643603,-0.00610234096362584,-18.957022351045048,0.5238095238095238,21,-0.07055247984345918,-0.002717267603946598
KRW-ETH,20,2.0,15,30,40,0.02,0.015,12,False,-37.76239074691682,46,False,-37.48469452541781,0.34615384615384615,26,-0.13278414892026325,-0.005181770661069964,-38.04008696841584,0.35,20,-0.09748396667324867,-0.005687760769498104
KRW-ETH,20,2.0,15,30,40,0.02,0.015,24,True,-31.674598345497653,47,False,-48.73448530371007,0.4230769230769231,26,-0.1338159768214818,-0.006032552359968861,-14.614711387285231,0.5714285714285714,21,-0.060402856260179626,-0.0020699958226817355
KRW-ETH,20,2.0,15,30,40,0.02,0.015,24,False,-28.163088042741037,46,False,-27.483271142205453,0.34615384615384615,26,-0.10198086596194002,-0.004578813568494283,-28.84290494327662,0.35,20,-0.10376838328950591,-0.004927845123775236
KRW-ETH,20,2.0,15,30,40,0.025,0.008,12,True,-19.945505964449914,47,False,-36.97793697449486,0.34615384615384615,26,-0.0794316955760694,-0.0031405907342556914,-2.913074954404966,0.47619047619047616,21,-0.046548279417980946,-0.00033434506980732496
KRW-ETH,20,2.0,15,30,40,0.025,0.008,12,False,-12.292889620993009,46,False,-14.652039839709465,0.3076923076923077,26,-0.09093756382862068,-0.0017998905906632455,-9.93373940227655,0.3,20,-0.04654827941798097,-0.001378556855012045
KRW-ETH,20,2.0,15,30,40,0.025,0.008,24,True,-17.953142618288968,47,False,-32.99321028217297,0.38461538461538464,26,-0.07623395224440102,-0.0029696173883369437,-2.913074954404966,0.47619047619047616,21,-0.046548279417980946,-0.00033434506980732496
KRW-ETH,20,2.0,15,30,40,0.025,0.008,24,False,-12.290307631011542,45,False,-7.739717088147386,0.3076923076923077,26,-0.07201552642262685,-0.001094334671240641,-16.840898173875697,0.21052631578947367,19,-0.05559462934286306,-0.0024061575116597067
KRW-ETH,20,2.0,15,30,40,0.025,0.01,12,True,-25.017522123722987,47,False,-38.93769346737772,0.38461538461538464,26,-0.08571260851483692,-0.003606090963625822,-11.097350780068254,0.47619047619047616,21,-0.0561210102699763,-0.0013803926888549495
KRW-ETH,20,2.0,15,30,40,0.025,0.01,12,False,-17.293390681472204,46,False,-16.4441227989899,0.34615384615384615,26,-0.08923737831578177,-0.0021094629687622656,-18.142658563954505,0.3,20,-0.056121010269976325,-0.0026766068550120514
KRW-ETH,20,2.0,15,30,40,0.025,0.01,24,True,-24.431448593785657,47,False,-37.76554640750306,0.4230769230769231,26,-0.08956203461649359,-0.0037509787959147662,-11.097350780068254,0.47619047619047616,21,-0.0561210102699763,-0.0013803926888549495
KRW-ETH,20,2.0,15,30,40,0.025,0.01,24,False,-16.39015586757526,45,False,-7.145537714498545,0.34615384615384615,26,-0.060302378449469556,-0.00113273851739448,-25.634774020651978,0.21052631578947367,19,-0.06696146046702578,-0.003877631195870235
KRW-ETH,20,2.0,15,30,40,0.025,0.015,12,True,-35.70240478066719,47,False,-51.986841341035664,0.38461538461538464,26,-0.13524292165643603,-0.00610234096362584,-19.41796822029871,0.5238095238095238,21,-0.06599636454857444,-0.0028217297502702602
KRW-ETH,20,2.0,15,30,40,0.025,0.015,12,False,-29.28154252294449,46,False,-30.697545300405977,0.34615384615384615,26,-0.12853309082673522,-0.0046057129687622845,-27.865539745483005,0.35,20,-0.07965702757592692,-0.004689260769498138
KRW-ETH,20,2.0,15,30,40,0.025,0.015,24,True,-31.93362571687825,47,False,-48.73448530371007,0.4230769230769231,26,-0.1338159768214818,-0.006032552359968861,-15.132766130046427,0.5714285714285714,21,-0.06040285626017963,-0.002174457969005397
KRW-ETH,20,2.0,15,30,40,0.025,0.015,24,False,-29.014820232517472,45,False,-20.953458182399977,0.34615384615384615,26,-0.09255899035063546,-0.003798350542987041,-37.07618228263497,0.2631578947368421,19,-0.11303141908585877,-0.006434836589317923
KRW-ETH,20,2.0,15,30,40,0.03,0.008,12,True,-19.042660702506314,47,False,-36.97793697449486,0.34615384615384615,26,-0.0794316955760694,-0.0031405907342556914,-1.107384430517772,0.47619047619047616,21,-0.04654827941798098,-0.00013289338626242103
KRW-ETH,20,2.0,15,30,40,0.03,0.008,12,False,-6.8507815356518496,46,False,-11.31578355226624,0.3076923076923077,26,-0.0909375638286209,-0.0014817032280740963,-2.3857795190374596,0.3,20,-0.046548279417981016,-0.00038005685501200806
KRW-ETH,20,2.0,15,30,40,0.03,0.008,24,True,-17.050297356345368,47,False,-32.99321028217297,0.38461538461538464,26,-0.07623395224440102,-0.0029696173883369437,-1.107384430517772,0.47619047619047616,21,-0.04654827941798098,-0.00013289338626242103
KRW-ETH,20,2.0,15,30,40,0.03,0.008,24,False,-4.534024474023869,45,False,-0.8354649029695077,0.3076923076923077,26,-0.06748877289298084,-0.00013423851739446794,-8.23258404507823,0.21052631578947367,19,-0.05559462934286324,-0.0013551048800807199
KRW-ETH,20,2.0,15,30,40,0.03,0.01,12,True,-24.023581809315655,47,False,-38.93769346737772,0.38461538461538464,26,-0.08571260851483692,-0.003606090963625822,-9.109470151253587,0.47619047619047616,21,-0.056740237603918185,-0.0011789410053100456
KRW-ETH,20,2.0,15,30,40,0.03,0.01,12,False,-11.577154348429442,46,False,-13.15770545400083,0.34615384615384615,26,-0.08923737831578203,-0.0017912756061731166,-9.996603242858052,0.3,20,-0.05612101026997633,-0.0016781068550120136
KRW-ETH,20,2.0,15,30,40,0.03,0.01,24,True,-23.437508279378324,47,False,-37.76554640750306,0.4230769230769231,26,-0.08956203461649359,-0.0037509787959147662,-9.109470151253587,0.47619047619047616,21,-0.056740237603918185,-0.0011789410053100456
KRW-ETH,20,2.0,15,30,40,0.03,0.01,24,False,-8.11720082679893,45,False,0.10814363435646264,0.34615384615384615,26,-0.051112236332699,1.9376867220923513e-05,-16.342545287954323,0.21052631578947367,19,-0.06696146046702571,-0.002826578564291248
KRW-ETH,20,2.0,15,30,40,0.03,0.015,12,True,-34.735555343175946,47,False,-51.986841341035664,0.38461538461538464,26,-0.13524292165643603,-0.00610234096362584,-17.48426934531622,0.5238095238095238,21,-0.06669177297752758,-0.0026202780667253563
KRW-ETH,20,2.0,15,30,40,0.03,0.015,12,False,-23.458280401202185,46,False,-27.242417119646355,0.34615384615384615,26,-0.12539191890161652,-0.0042875256061731355,-19.674143682758015,0.35,20,-0.07675880696455205,-0.0036907607694980993
KRW-ETH,20,2.0,15,30,40,0.03,0.015,24,True,-31.024216597195448,47,False,-48.73448530371007,0.4230769230769231,26,-0.1338159768214818,-0.006032552359968861,-13.313947890680819,0.5714285714285714,21,-0.06040285626017954,-0.001973006285460493
KRW-ETH,20,2.0,15,30,40,0.03,0.015,24,False,-20.422868985066742,45,False,-13.143306914986935,0.34615384615384615,26,-0.08368431444424894,-0.0026462351583716372,-27.702431055146548,0.2631578947368421,19,-0.09998797090784682,-0.005383783957738936
KRW-ETH,20,2.0,15,30,45,0.015,0.008,12,True,-21.113161211849214,67,False,-39.07968006616362,0.36666666666666664,30,-0.10034879605906466,-0.0032500876284994643,-3.146642357534812,0.5135135135135135,37,-0.04689402603961387,-0.0003171948853910383
KRW-ETH,20,2.0,15,30,45,0.015,0.008,12,False,-19.530284171457367,65,False,-24.11011686047595,0.3448275862068966,29,-0.09047584233146679,-0.0024172585597217965,-14.950451482438783,0.3611111111111111,36,-0.06132479473610067,-0.0016099867622499286
KRW-ETH,20,2.0,15,30,45,0.015,0.008,24,True,-20.906272611993355,67,False,-38.6659028664519,0.4,30,-0.10242407479894894,-0.0032795538512232613,-3.146642357534812,0.5135135135135135,37,-0.04689402603961387,-0.0003171948853910383
KRW-ETH,20,2.0,15,30,45,0.015,0.008,24,False,-16.169645806098142,65,False,-24.011003442394735,0.3103448275862069,29,-0.08203437384572043,-0.0026433493131397074,-8.328288169801548,0.3611111111111111,36,-0.06626070348244245,-0.0009736278079118012
KRW-ETH,20,2.0,15,30,45,0.015,0.01,12,True,-23.99263107557575,66,False,-42.516936105907206,0.3793103448275862,29,-0.11152406149076498,-0.0039240598643150324,-5.468326045244298,0.5405405405405406,37,-0.05605392652484394,-0.0006140462367424069
KRW-ETH,20,2.0,15,30,45,0.015,0.01,12,False,-21.496545616963452,63,False,-27.916504242779823,0.35714285714285715,28,-0.09920392266650063,-0.0030555848596661842,-15.076586991147083,0.4,35,-0.07130892437949524,-0.0018128292411713745
KRW-ETH,20,2.0,15,30,45,0.015,0.01,24,True,-25.25566794809118,66,False,-45.04300985093806,0.41379310344827586,29,-0.1208971233439199,-0.004285907478424418,-5.468326045244298,0.5405405405405406,37,-0.05605392652484394,-0.0006140462367424069
KRW-ETH,20,2.0,15,30,45,0.015,0.01,24,False,-20.206179863814327,63,False,-31.018281975589726,0.32142857142857145,28,-0.10087615723111797,-0.0037540046457518197,-9.394077752038932,0.4,35,-0.08491621268483121,-0.0012153457452807285
KRW-ETH,20,2.0,15,30,45,0.015,0.015,12,True,-31.73193619329394,66,False,-47.45364319007541,0.41379310344827586,29,-0.14366867608843042,-0.005514189194887046,-16.010229196512466,0.5675675675675675,37,-0.10843240001953398,-0.002170740085351231
KRW-ETH,20,2.0,15,30,45,0.015,0.015,12,False,-30.627672166057362,63,False,-36.95392385973246,0.39285714285714285,28,-0.1335722644711267,-0.0048418980554330885,-24.30142047238226,0.42857142857142855,35,-0.13080292773185775,-0.003552663866943951
KRW-ETH,20,2.0,15,30,45,0.015,0.015,24,True,-30.536809631710014,66,False,-47.65965228296475,0.4482758620689655,29,-0.1477939185583005,-0.005676749663540443,-13.41396698045528,0.5945945945945946,37,-0.10843240001953387,-0.0018033696149036057
KRW-ETH,20,2.0,15,30,45,0.015,0.015,24,False,-28.80855792328434,63,False,-42.651148066949894,0.32142857142857145,28,-0.14475104982220888,-0.006069980611203951,-14.965967779618786,0.45714285714285713,35,-0.13527941354626874,-0.00235648860242361
KRW-ETH,20,2.0,15,30,45,0.02,0.008,12,True,-26.268666876653477,67,False,-52.133289072363524,0.3333333333333333,30,-0.10888468668205628,-0.004015604295166128,-0.40404468094342505,0.5135135135135135,37,-0.04518145654258274,-4.393041097732614e-05
KRW-ETH,20,2.0,15,30,45,0.02,0.008,12,False,-19.96602511127583,65,False,-34.60717602939316,0.27586206896551724,29,-0.116121930465606,-0.003521728059913794,-5.324874193158503,0.3611111111111111,36,-0.047384299950075724,-0.0006700729220690099
KRW-ETH,20,2.0,15,30,45,0.02,0.008,24,True,-25.87721154428256,67,False,-51.3503784076217,0.36666666666666664,30,-0.11094027517725652,-0.004045070517889925,-0.40404468094342505,0.5135135135135135,37,-0.04518145654258274,-4.393041097732614e-05
KRW-ETH,20,2.0,15,30,45,0.02,0.008,24,False,-12.66955100171311,65,False,-31.16314258147295,0.2413793103448276,29,-0.10410571061241163,-0.003597179736639067,5.82404057804673,0.3611111111111111,36,-0.05703864292085044,0.0008292194143104681
KRW-ETH,20,2.0,15,30,45,0.02,0.01,12,True,-28.533258103929807,66,False,-55.373780887352126,0.3448275862068966,29,-0.12172820764454345,-0.004784835726383994,-1.6927353205074904,0.5405405405405406,37,-0.0557809443771172,-0.0002058493298962562
KRW-ETH,20,2.0,15,30,45,0.02,0.01,12,False,-21.393342289659557,63,False,-37.737071732424916,0.2857142857142857,28,-0.12353327845921158,-0.004156003457664403,-5.049612846894196,0.4,35,-0.06213672248724988,-0.000703417862699566
KRW-ETH,20,2.0,15,30,45,0.02,0.01,24,True,-29.741822264273374,66,False,-57.79090920803926,0.3793103448275862,29,-0.13099361988231495,-0.005146683340493377,-1.6927353205074904,0.5405405405405406,37,-0.0557809443771172,-0.0002058493298962562
KRW-ETH,20,2.0,15,30,45,0.02,0.01,24,False,-14.38058561156102,63,False,-33.794222722475894,0.25,28,-0.11588563184902402,-0.004467218931466062,5.033051499353855,0.4,35,-0.0758784029481889,0.000781654254719326
KRW-ETH,20,2.0,15,30,45,0.02,0.015,12,True,-35.48098773502824,66,False,-58.71360465326181,0.3793103448275862,29,-0.16094005952781706,-0.006547120229369801,-12.24837081679468,0.5675675675675675,37,-0.11278457397061678,-0.0017625431785050802
KRW-ETH,20,2.0,15,30,45,0.02,0.015,12,False,-30.763246641916844,63,False,-46.68161453613282,0.32142857142857145,28,-0.15851977248190732,-0.006120620224859878,-14.844878747700864,0.42857142857142855,35,-0.11023305993042773,-0.002430506646396099
KRW-ETH,20,2.0,15,30,45,0.02,0.015,24,True,-34.221695601183335,66,False,-58.66657140830005,0.41379310344827586,29,-0.1649820998042276,-0.006709680698023198,-9.776819794066615,0.5945945945945946,37,-0.11278457397061693,-0.0013951727080574548
KRW-ETH,20,2.0,15,30,45,0.02,0.015,24,False,-25.673838370546004,63,False,-46.79928922717247,0.25,28,-0.1718573291539791,-0.007139802039775338,-4.5483875139195336,0.45714285714285713,35,-0.12150462587745976,-0.0008092900995321473
KRW-ETH,20,2.0,15,30,45,0.025,0.008,12,True,-26.06595551443713,67,False,-52.133289072363524,0.3333333333333333,30,-0.10888468668205628,-0.004015604295166128,0.0013780434892612565,0.5135135135135135,37,-0.045181456542582696,1.5529835790655204e-07
KRW-ETH,20,2.0,15,30,45,0.025,0.008,12,False,-12.686123912341868,65,False,-29.285253693633287,0.27586206896551724,29,-0.11178919483063372,-0.003217771159211502,3.9130058689495515,0.3611111111111111,36,-0.04260727264786883,0.0005780520779309502
KRW-ETH,20,2.0,15,30,45,0.025,0.008,24,True,-25.674500182066218,67,False,-51.3503784076217,0.36666666666666664,30,-0.11094027517725652,-0.004045070517889925,0.0013780434892612565,0.5135135135135135,37,-0.045181456542582696,1.5529835790655204e-07
KRW-ETH,20,2.0,15,30,45,0.025,0.008,24,False,-7.23107498274683,64,False,-20.358127168922394,0.2413793103448276,29,-0.09833540981834651,-0.0027364038745701235,5.895977203428734,0.3142857142857143,35,-0.04777126510834183,0.0009305079047784009
KRW-ETH,20,2.0,15,30,45,0.025,0.01,12,True,-27.791913243880877,66,False,-55.373780887352126,0.3448275862068966,29,-0.12172820764454345,-0.004784835726383994,-0.21004560040962553,0.5405405405405406,37,-0.055250500771381036,-2.6831188128595717e-05
KRW-ETH,20,2.0,15,30,45,0.025,0.01,12,False,-14.027488875902788,63,False,-32.519221137610394,0.2857142857142857,28,-0.1192368729614625,-0.003841190953365599,4.464243385804816,0.4,35,-0.052919448349834385,0.0007230107087289594
KRW-ETH,20,2.0,15,30,45,0.025,0.01,24,True,-29.000477404224444,66,False,-57.79090920803926,0.3793103448275862,29,-0.13099361988231495,-0.005146683340493377,-0.21004560040962553,0.5405405405405406,37,-0.055250500771381036,-2.6831188128595717e-05
KRW-ETH,20,2.0,15,30,45,0.025,0.01,24,False,-8.074585602291261,62,False,-22.13610165118376,0.25,28,-0.09858184930185017,-0.0033973975028946633,5.986930446601239,0.35294117647058826,34,-0.06679618137008941,0.0010313610784483378
KRW-ETH,20,2.0,15,30,45,0.025,0.015,12,True,-34.65883961944163,66,False,-58.71360465326181,0.3793103448275862,29,-0.16094005952781706,-0.006547120229369801,-10.604074585621447,0.5675675675675675,37,-0.10945761179639277,-0.0015835250367374194
KRW-ETH,20,2.0,15,30,45,0.025,0.015,12,False,-23.688977944751194,63,False,-41.94803373370794,0.32142857142857145,28,-0.15439486940583838,-0.005805807720561075,-5.429922155794447,0.42857142857142855,35,-0.09510905671568884,-0.0010040780749675734
KRW-ETH,20,2.0,15,30,45,0.025,0.015,24,True,-33.43839649605562,66,False,-58.66657140830005,0.41379310344827586,29,-0.1649820998042276,-0.006709680698023198,-8.210221583811183,0.5945945945945946,37,-0.10945761179639266,-0.0012161545662897945
KRW-ETH,20,2.0,15,30,45,0.025,0.015,24,False,-19.08493881016576,62,False,-35.03949380419406,0.25,28,-0.15135974058717785,-0.006069980611203942,-3.130383816137463,0.4117647058823529,34,-0.11287081657295889,-0.0006063757568105369
KRW-ETH,20,2.0,15,30,45,0.03,0.008,12,True,-25.019485418891204,67,False,-52.133289072363524,0.3333333333333333,30,-0.10888468668205628,-0.004015604295166128,2.094318234581116,0.5135135135135135,37,-0.04518145654258275,0.0002494251728023152
KRW-ETH,20,2.0,15,30,45,0.03,0.008,12,False,-7.488487599005153,65,False,-23.98472728284397,0.27586206896551724,29,-0.10745645919566105,-0.002873460814383907,9.007752084833664,0.3611111111111111,36,-0.0398259453233938,0.0014877126493055516
KRW-ETH,20,2.0,15,30,45,0.03,0.008,24,True,-24.62803008652029,67,False,-51.3503784076217,0.36666666666666664,30,-0.11094027517725652,-0.004045070517889925,2.094318234581116,0.5135135135135135,37,-0.04518145654258275,0.0002494251728023152
KRW-ETH,20,2.0,15,30,45,0.03,0.008,24,False,-0.29053950189749234,64,False,-13.589918654393333,0.2413793103448276,29,-0.0939370459638019,-0.002041300664915649,13.008839650598349,0.3142857142857143,35,-0.038880426805740914,0.0023569364762070248
KRW-ETH,20,2.0,15,30,45,0.03,0.01,12,True,-26.812840582415994,66,False,-55.373780887352126,0.3448275862068966,29,-0.12172820764454345,-0.004784835726383994,1.74809972252014,0.5405405405405406,37,-0.055250500771381154,0.0002336359291467761
KRW-ETH,20,2.0,15,30,45,0.03,0.01,12,False,-8.631295241650534,63,False,-27.239781081784233,0.2857142857142857,28,-0.11494046746371323,-0.0034845838105084484,9.977190598483167,0.4,35,-0.05498746634088998,0.0018013044392856986
KRW-ETH,20,2.0,15,30,45,0.03,0.01,24,True,-28.02140474275956,66,False,-57.79090920803926,0.3793103448275862,29,-0.13099361988231495,-0.005146683340493377,1.74809972252014,0.5405405405405406,37,-0.055250500771381154,0.0002336359291467761
KRW-ETH,20,2.0,15,30,45,0.03,0.01,24,False,-0.5399533293642804,62,False,-14.555677231996036,0.25,28,-0.08976607631108419,-0.0024991656071811008,13.475770573267475,0.35294117647058826,34,-0.057669547950531634,0.002646581666683693
KRW-ETH,20,2.0,15,30,45,0.03,0.015,12,True,-33.632500121594774,66,False,-58.71360465326181,0.3793103448275862,29,-0.16094005952781706,-0.006547120229369801,-8.55139558992774,0.5675675675675675,37,-0.10511350258564345,-0.0013230579194620476
KRW-ETH,20,2.0,15,30,45,0.03,0.015,12,False,-18.300769053635523,63,False,-36.9681310873804,0.32142857142857145,28,-0.15026996632976924,-0.005449200577703923,0.366592980109352,0.42857142857142855,35,-0.09708495068520939,7.421565558916579e-05
KRW-ETH,20,2.0,15,30,45,0.03,0.015,24,True,-32.446586143622014,66,False,-58.66657140830005,0.41379310344827586,29,-0.1649820998042276,-0.006709680698023198,-6.22660087894397,0.5945945945945946,37,-0.10511350258564293,-0.0009556874490144226
KRW-ETH,20,2.0,15,30,45,0.03,0.015,24,False,-11.212204264638093,62,False,-27.076830282327517,0.25,28,-0.13460444953288417,-0.005171748715490377,4.652421753051332,0.4117647058823529,34,-0.10419478815205414,0.0010088448314248175
KRW-ETH,20,2.0,15,30,50,0.015,0.008,12,True,-21.113161211849214,67,False,-39.07968006616362,0.36666666666666664,30,-0.10034879605906466,-0.0032500876284994643,-3.146642357534812,0.5135135135135135,37,-0.04689402603961387,-0.0003171948853910383
KRW-ETH,20,2.0,15,30,50,0.015,0.008,12,False,-19.530284171457367,65,False,-24.11011686047595,0.3448275862068966,29,-0.09047584233146679,-0.0024172585597217965,-14.950451482438783,0.3611111111111111,36,-0.06132479473610067,-0.0016099867622499286
KRW-ETH,20,2.0,15,30,50,0.015,0.008,24,True,-20.906272611993355,67,False,-38.6659028664519,0.4,30,-0.10242407479894894,-0.0032795538512232613,-3.146642357534812,0.5135135135135135,37,-0.04689402603961387,-0.0003171948853910383
KRW-ETH,20,2.0,15,30,50,0.015,0.008,24,False,-16.169645806098142,65,False,-24.011003442394735,0.3103448275862069,29,-0.08203437384572043,-0.0026433493131397074,-8.328288169801548,0.3611111111111111,36,-0.06626070348244245,-0.0009736278079118012
KRW-ETH,20,2.0,15,30,50,0.015,0.01,12,True,-23.99263107557575,66,False,-42.516936105907206,0.3793103448275862,29,-0.11152406149076498,-0.0039240598643150324,-5.468326045244298,0.5405405405405406,37,-0.05605392652484394,-0.0006140462367424069
KRW-ETH,20,2.0,15,30,50,0.015,0.01,12,False,-21.496545616963452,63,False,-27.916504242779823,0.35714285714285715,28,-0.09920392266650063,-0.0030555848596661842,-15.076586991147083,0.4,35,-0.07130892437949524,-0.0018128292411713745
KRW-ETH,20,2.0,15,30,50,0.015,0.01,24,True,-25.25566794809118,66,False,-45.04300985093806,0.41379310344827586,29,-0.1208971233439199,-0.004285907478424418,-5.468326045244298,0.5405405405405406,37,-0.05605392652484394,-0.0006140462367424069
KRW-ETH,20,2.0,15,30,50,0.015,0.01,24,False,-20.206179863814327,63,False,-31.018281975589726,0.32142857142857145,28,-0.10087615723111797,-0.0037540046457518197,-9.394077752038932,0.4,35,-0.08491621268483121,-0.0012153457452807285
KRW-ETH,20,2.0,15,30,50,0.015,0.015,12,True,-31.73193619329394,66,False,-47.45364319007541,0.41379310344827586,29,-0.14366867608843042,-0.005514189194887046,-16.010229196512466,0.5675675675675675,37,-0.10843240001953398,-0.002170740085351231
KRW-ETH,20,2.0,15,30,50,0.015,0.015,12,False,-30.627672166057362,63,False,-36.95392385973246,0.39285714285714285,28,-0.1335722644711267,-0.0048418980554330885,-24.30142047238226,0.42857142857142855,35,-0.13080292773185775,-0.003552663866943951
KRW-ETH,20,2.0,15,30,50,0.015,0.015,24,True,-30.536809631710014,66,False,-47.65965228296475,0.4482758620689655,29,-0.1477939185583005,-0.005676749663540443,-13.41396698045528,0.5945945945945946,37,-0.10843240001953387,-0.0018033696149036057
KRW-ETH,20,2.0,15,30,50,0.015,0.015,24,False,-28.80855792328434,63,False,-42.651148066949894,0.32142857142857145,28,-0.14475104982220888,-0.006069980611203951,-14.965967779618786,0.45714285714285713,35,-0.13527941354626874,-0.00235648860242361
KRW-ETH,20,2.0,15,30,50,0.02,0.008,12,True,-26.268666876653477,67,False,-52.133289072363524,0.3333333333333333,30,-0.10888468668205628,-0.004015604295166128,-0.40404468094342505,0.5135135135135135,37,-0.04518145654258274,-4.393041097732614e-05
KRW-ETH,20,2.0,15,30,50,0.02,0.008,12,False,-19.96602511127583,65,False,-34.60717602939316,0.27586206896551724,29,-0.116121930465606,-0.003521728059913794,-5.324874193158503,0.3611111111111111,36,-0.047384299950075724,-0.0006700729220690099
KRW-ETH,20,2.0,15,30,50,0.02,0.008,24,True,-25.87721154428256,67,False,-51.3503784076217,0.36666666666666664,30,-0.11094027517725652,-0.004045070517889925,-0.40404468094342505,0.5135135135135135,37,-0.04518145654258274,-4.393041097732614e-05
KRW-ETH,20,2.0,15,30,50,0.02,0.008,24,False,-12.66955100171311,65,False,-31.16314258147295,0.2413793103448276,29,-0.10410571061241163,-0.003597179736639067,5.82404057804673,0.3611111111111111,36,-0.05703864292085044,0.0008292194143104681
KRW-ETH,20,2.0,15,30,50,0.02,0.01,12,True,-28.533258103929807,66,False,-55.373780887352126,0.3448275862068966,29,-0.12172820764454345,-0.004784835726383994,-1.6927353205074904,0.5405405405405406,37,-0.0557809443771172,-0.0002058493298962562
KRW-ETH,20,2.0,15,30,50,0.02,0.01,12,False,-21.393342289659557,63,False,-37.737071732424916,0.2857142857142857,28,-0.12353327845921158,-0.004156003457664403,-5.049612846894196,0.4,35,-0.06213672248724988,-0.000703417862699566
KRW-ETH,20,2.0,15,30,50,0.02,0.01,24,True,-29.741822264273374,66,False,-57.79090920803926,0.3793103448275862,29,-0.13099361988231495,-0.005146683340493377,-1.6927353205074904,0.5405405405405406,37,-0.0557809443771172,-0.0002058493298962562
KRW-ETH,20,2.0,15,30,50,0.02,0.01,24,False,-14.38058561156102,63,False,-33.794222722475894,0.25,28,-0.11588563184902402,-0.004467218931466062,5.033051499353855,0.4,35,-0.0758784029481889,0.000781654254719326
KRW-ETH,20,2.0,15,30,50,0.02,0.015,12,True,-35.48098773502824,66,False,-58.71360465326181,0.3793103448275862,29,-0.16094005952781706,-0.006547120229369801,-12.24837081679468,0.5675675675675675,37,-0.11278457397061678,-0.0017625431785050802
KRW-ETH,20,2.0,15,30,50,0.02,0.015,12,False,-30.763246641916844,63,False,-46.68161453613282,0.32142857142857145,28,-0.15851977248190732,-0.006120620224859878,-14.844878747700864,0.42857142857142855,35,-0.11023305993042773,-0.002430506646396099
KRW-ETH,20,2.0,15,30,50,0.02,0.015,24,True,-34.221695601183335,66,False,-58.66657140830005,0.41379310344827586,29,-0.1649820998042276,-0.006709680698023198,-9.776819794066615,0.5945945945945946,37,-0.11278457397061693,-0.0013951727080574548
KRW-ETH,20,2.0,15,30,50,0.02,0.015,24,False,-25.673838370546004,63,False,-46.79928922717247,0.25,28,-0.1718573291539791,-0.007139802039775338,-4.5483875139195336,0.45714285714285713,35,-0.12150462587745976,-0.0008092900995321473
KRW-ETH,20,2.0,15,30,50,0.025,0.008,12,True,-26.06595551443713,67,False,-52.133289072363524,0.3333333333333333,30,-0.10888468668205628,-0.004015604295166128,0.0013780434892612565,0.5135135135135135,37,-0.045181456542582696,1.5529835790655204e-07
KRW-ETH,20,2.0,15,30,50,0.025,0.008,12,False,-12.686123912341868,65,False,-29.285253693633287,0.27586206896551724,29,-0.11178919483063372,-0.003217771159211502,3.9130058689495515,0.3611111111111111,36,-0.04260727264786883,0.0005780520779309502
KRW-ETH,20,2.0,15,30,50,0.025,0.008,24,True,-25.674500182066218,67,False,-51.3503784076217,0.36666666666666664,30,-0.11094027517725652,-0.004045070517889925,0.0013780434892612565,0.5135135135135135,37,-0.045181456542582696,1.5529835790655204e-07
KRW-ETH,20,2.0,15,30,50,0.025,0.008,24,False,-7.23107498274683,64,False,-20.358127168922394,0.2413793103448276,29,-0.09833540981834651,-0.0027364038745701235,5.895977203428734,0.3142857142857143,35,-0.04777126510834183,0.0009305079047784009
KRW-ETH,20,2.0,15,30,50,0.025,0.01,12,True,-27.791913243880877,66,False,-55.373780887352126,0.3448275862068966,29,-0.12172820764454345,-0.004784835726383994,-0.21004560040962553,0.5405405405405406,37,-0.055250500771381036,-2.6831188128595717e-05
KRW-ETH,20,2.0,15,30,50,0.025,0.01,12,False,-14.027488875902788,63,False,-32.519221137610394,0.2857142857142857,28,-0.1192368729614625,-0.003841190953365599,4.464243385804816,0.4,35,-0.052919448349834385,0.0007230107087289594
KRW-ETH,20,2.0,15,30,50,0.025,0.01,24,True,-29.000477404224444,66,False,-57.79090920803926,0.3793103448275862,29,-0.13099361988231495,-0.005146683340493377,-0.21004560040962553,0.5405405405405406,37,-0.055250500771381036,-2.6831188128595717e-05
KRW-ETH,20,2.0,15,30,50,0.025,0.01,24,False,-8.074585602291261,62,False,-22.13610165118376,0.25,28,-0.09858184930185017,-0.0033973975028946633,5.986930446601239,0.35294117647058826,34,-0.06679618137008941,0.0010313610784483378
KRW-ETH,20,2.0,15,30,50,0.025,0.015,12,True,-34.65883961944163,66,False,-58.71360465326181,0.3793103448275862,29,-0.16094005952781706,-0.006547120229369801,-10.604074585621447,0.5675675675675675,37,-0.10945761179639277,-0.0015835250367374194
KRW-ETH,20,2.0,15,30,50,0.025,0.015,12,False,-23.688977944751194,63,False,-41.94803373370794,0.32142857142857145,28,-0.15439486940583838,-0.005805807720561075,-5.429922155794447,0.42857142857142855,35,-0.09510905671568884,-0.0010040780749675734
KRW-ETH,20,2.0,15,30,50,0.025,0.015,24,True,-33.43839649605562,66,False,-58.66657140830005,0.41379310344827586,29,-0.1649820998042276,-0.006709680698023198,-8.210221583811183,0.5945945945945946,37,-0.10945761179639266,-0.0012161545662897945
KRW-ETH,20,2.0,15,30,50,0.025,0.015,24,False,-19.08493881016576,62,False,-35.03949380419406,0.25,28,-0.15135974058717785,-0.006069980611203942,-3.130383816137463,0.4117647058823529,34,-0.11287081657295889,-0.0006063757568105369
KRW-ETH,20,2.0,15,30,50,0.03,0.008,12,True,-25.019485418891204,67,False,-52.133289072363524,0.3333333333333333,30,-0.10888468668205628,-0.004015604295166128,2.094318234581116,0.5135135135135135,37,-0.04518145654258275,0.0002494251728023152
KRW-ETH,20,2.0,15,30,50,0.03,0.008,12,False,-7.488487599005153,65,False,-23.98472728284397,0.27586206896551724,29,-0.10745645919566105,-0.002873460814383907,9.007752084833664,0.3611111111111111,36,-0.0398259453233938,0.0014877126493055516
KRW-ETH,20,2.0,15,30,50,0.03,0.008,24,True,-24.62803008652029,67,False,-51.3503784076217,0.36666666666666664,30,-0.11094027517725652,-0.004045070517889925,2.094318234581116,0.5135135135135135,37,-0.04518145654258275,0.0002494251728023152
KRW-ETH,20,2.0,15,30,50,0.03,0.008,24,False,-0.29053950189749234,64,False,-13.589918654393333,0.2413793103448276,29,-0.0939370459638019,-0.002041300664915649,13.008839650598349,0.3142857142857143,35,-0.038880426805740914,0.0023569364762070248
KRW-ETH,20,2.0,15,30,50,0.03,0.01,12,True,-26.812840582415994,66,False,-55.373780887352126,0.3448275862068966,29,-0.12172820764454345,-0.004784835726383994,1.74809972252014,0.5405405405405406,37,-0.055250500771381154,0.0002336359291467761
KRW-ETH,20,2.0,15,30,50,0.03,0.01,12,False,-8.631295241650534,63,False,-27.239781081784233,0.2857142857142857,28,-0.11494046746371323,-0.0034845838105084484,9.977190598483167,0.4,35,-0.05498746634088998,0.0018013044392856986
KRW-ETH,20,2.0,15,30,50,0.03,0.01,24,True,-28.02140474275956,66,False,-57.79090920803926,0.3793103448275862,29,-0.13099361988231495,-0.005146683340493377,1.74809972252014,0.5405405405405406,37,-0.055250500771381154,0.0002336359291467761
KRW-ETH,20,2.0,15,30,50,0.03,0.01,24,False,-0.5399533293642804,62,False,-14.555677231996036,0.25,28,-0.08976607631108419,-0.0024991656071811008,13.475770573267475,0.35294117647058826,34,-0.057669547950531634,0.002646581666683693
KRW-ETH,20,2.0,15,30,50,0.03,0.015,12,True,-33.632500121594774,66,False,-58.71360465326181,0.3793103448275862,29,-0.16094005952781706,-0.006547120229369801,-8.55139558992774,0.5675675675675675,37,-0.10511350258564345,-0.0013230579194620476
KRW-ETH,20,2.0,15,30,50,0.03,0.015,12,False,-18.300769053635523,63,False,-36.9681310873804,0.32142857142857145,28,-0.15026996632976924,-0.005449200577703923,0.366592980109352,0.42857142857142855,35,-0.09708495068520939,7.421565558916579e-05
KRW-ETH,20,2.0,15,30,50,0.03,0.015,24,True,-32.446586143622014,66,False,-58.66657140830005,0.41379310344827586,29,-0.1649820998042276,-0.006709680698023198,-6.22660087894397,0.5945945945945946,37,-0.10511350258564293,-0.0009556874490144226
KRW-ETH,20,2.0,15,30,50,0.03,0.015,24,False,-11.212204264638093,62,False,-27.076830282327517,0.25,28,-0.13460444953288417,-0.005171748715490377,4.652421753051332,0.4117647058823529,34,-0.10419478815205414,0.0010088448314248175
KRW-ETH,20,2.0,20,20,40,0.015,0.008,12,True,-20.480576655894104,149,False,-18.0969472333602,0.3972602739726027,73,-0.15606713469862596,-0.0018220923607303562,-22.86420607842801,0.34210526315789475,76,-0.2042599913883354,-0.002356762551133276
KRW-ETH,20,2.0,20,20,40,0.015,0.008,12,False,-19.145796507227665,147,False,-9.536685687067768,0.375,72,-0.1395312572499531,-0.0010785570972838025,-28.75490732738756,0.29333333333333333,75,-0.22604998138791096,-0.0029850397601705746
KRW-ETH,20,2.0,20,20,40,0.015,0.008,24,True,-19.267297903639545,149,False,-16.97285117384769,0.410958904109589,73,-0.15252898533321774,-0.0017397658493620294,-21.561744633431402,0.35526315789473684,76,-0.197964458911264,-0.0022520674800796106
KRW-ETH,20,2.0,20,20,40,0.015,0.008,24,False,-17.72383194751241,145,False,-10.55554042593787,0.36619718309859156,71,-0.14160729738248778,-0.0012294118326119144,-24.89212346908695,0.2972972972972973,74,-0.2283814518674592,-0.002742187398865976
KRW-ETH,20,2.0,20,20,40,0.015,0.01,12,True,-21.983320710854134,148,False,-17.64855775121791,0.4444444444444444,72,-0.1656028404380515,-0.0019477282506568413,-26.318083670490356,0.3684210526315789,76,-0.23209461126728365,-0.0030161215074058826
KRW-ETH,20,2.0,20,20,40,0.015,0.01,12,False,-21.227736254674213,146,False,-10.128583486234383,0.4225352112676056,71,-0.14882631673297705,-0.0012353215312252046,-32.32688902311404,0.32,75,-0.256130964774436,-0.0037232528512013796
KRW-ETH,20,2.0,20,20,40,0.015,0.01,24,True,-21.74333727941618,148,False,-18.183617682320296,0.4583333333333333,72,-0.17239510958461932,-0.0020621782252451663,-25.30305687651207,0.3815789473684211,76,-0.22757973859615585,-0.00293770275214169
KRW-ETH,20,2.0,20,20,40,0.015,0.01,24,False,-20.57148729957825,144,False,-9.992451261340147,0.4142857142857143,70,-0.14462250644492125,-0.0012968677159349248,-31.150523337816356,0.3108108108108108,74,-0.2795523622182025,-0.0037811671285956886
KRW-ETH,20,2.0,20,20,40,0.015,0.015,12,True,-19.380331477903198,144,False,-14.61001234472703,0.5211267605633803,71,-0.16416285453774349,-0.0019382778548209401,-24.150650611079367,0.4657534246575342,73,-0.24260147536581844,-0.0033754634140258613
KRW-ETH,20,2.0,20,20,40,0.015,0.015,12,False,-18.209740854863217,142,False,-8.246081189910504,0.5,70,-0.14494261768528371,-0.0011797501634630118,-28.173400519815928,0.4166666666666667,72,-0.2721951530437602,-0.0040521559025365325
KRW-ETH,20,2.0,20,20,40,0.015,0.015,24,True,-18.85738016065087,144,False,-15.133660911374216,0.5492957746478874,71,-0.16828691713776175,-0.0020776772505694545,-22.58109940992752,0.4931506849315068,73,-0.24311345495178646,-0.0031958654182841395
KRW-ETH,20,2.0,20,20,40,0.015,0.015,24,False,-18.35448546311114,139,False,-8.441467994966102,0.5072463768115942,69,-0.14267310909126524,-0.0013027208329878539,-28.267502931256175,0.4,70,-0.30740925123278073,-0.0043482247570152425
KRW-ETH,20,2.0,20,20,40,0.02,0.008,12,True,-21.275970874111273,149,False,-20.94667086130599,0.3698630136986301,73,-0.17130422494201844,-0.0021746646057184005,-21.60527088691656,0.3157894736842105,76,-0.19820444573787363,-0.0024067425849201786
KRW-ETH,20,2.0,20,20,40,0.02,0.008,12,False,-18.667488907866726,145,False,-8.712775379797455,0.3380281690140845,71,-0.1504927029479188,-0.0010923085913274884,-28.622202435936,0.24324324324324326,74,-0.21430434771659834,-0.003282857936355452
KRW-ETH,20,2.0,20,20,40,0.02,0.008,24,True,-20.25545076463915,149,False,-20.079324282112577,0.3835616438356164,73,-0.16782995637020376,-0.002113769989363778,-20.43157724716572,0.32894736842105265,76,-0.19186100454200342,-0.0023020475138665134
KRW-ETH,20,2.0,20,20,40,0.02,0.008,24,False,-15.68858048281629,142,False,-9.561154469009384,0.30434782608695654,69,-0.16567532902798032,-0.0012794527552962799,-21.816006496623196,0.2465753424657534,73,-0.20918789909217692,-0.0027455255824120482
KRW-ETH,20,2.0,20,20,40,0.02,0.01,12,True,-21.134569061634643,148,False,-20.442858121571675,0.4166666666666667,72,-0.1823196443499077,-0.0023333011869715635,-21.82628000169761,0.35526315789473684,76,-0.22623048961079603,-0.0027241579160911466
KRW-ETH,20,2.0,20,20,40,0.02,0.01,12,False,-19.161124783692813,144,False,-8.63266110339501,0.38571428571428573,70,-0.15571736623355908,-0.0011627890419312803,-29.689588463990614,0.28378378378378377,74,-0.24528653472624706,-0.0037780084109772898
KRW-ETH,20,2.0,20,20,40,0.02,0.01,24,True,-21.063567648343877,148,False,-21.15702322982365,0.4305555555555556,72,-0.18897583317772232,-0.002469480721782117,-20.970112066864104,0.3684210526315789,76,-0.22168113904304798,-0.0026457391608269544
KRW-ETH,20,2.0,20,20,40,0.02,0.01,24,False,-17.440273721195418,141,False,-9.087053874719697,0.35294117647058826,68,-0.17273054474191354,-0.001346185219205338,-25.793493567671142,0.273972602739726,73,-0.26163165542459454,-0.003555084221819143
KRW-ETH,20,2.0,20,20,40,0.02,0.015,12,True,-19.418089213856877,144,False,-17.81607576552051,0.49295774647887325,71,-0.17142257383533435,-0.0024042195999127436,-21.020102662193246,0.4520547945205479,73,-0.23669707277879656,-0.003137699377524158
KRW-ETH,20,2.0,20,20,40,0.02,0.015,12,False,-18.052093309489873,140,False,-9.186716819469744,0.43478260869565216,69,-0.16067961183562776,-0.0014212473871646606,-26.917469799510002,0.38028169014084506,71,-0.26293115062848166,-0.004209844471956294
KRW-ETH,20,2.0,20,20,40,0.02,0.015,24,True,-18.298856866854372,144,False,-16.993297007499166,0.5352112676056338,71,-0.16460622729091184,-0.0023799710780078856,-19.604416726209582,0.4794520547945205,73,-0.23721304357083825,-0.0029581013817824363
KRW-ETH,20,2.0,20,20,40,0.02,0.015,24,False,-18.130493812256393,136,False,-5.885656477696341,0.4626865671641791,67,-0.16688508160790821,-0.0010300450951256043,-30.375331146816446,0.3333333333333333,69,-0.32822809028911937,-0.005110832118018675
KRW-ETH,20,2.0,20,20,40,0.025,0.008,12,True,-26.999569925711576,149,False,-25.09874705573213,0.3561643835616438,73,-0.19010201453387576,-0.002556347342802538,-28.900392795691022,0.2894736842105263,76,-0.21902091074110525,-0.00312416928944584
KRW-ETH,20,2.0,20,20,40,0.025,0.008,12,False,-20.928480647933696,145,False,-9.624438956176036,0.323943661971831,71,-0.16576768706568545,-0.0012652933251943589,-32.23252233969136,0.20270270270270271,74,-0.24703277627800665,-0.0038510529301814442
KRW-ETH,20,2.0,20,20,40,0.025,0.008,24,True,-25.860468074257376,149,False,-24.144063596328106,0.3698630136986301,73,-0.18670655482239878,-0.0024954527264479157,-27.576872552186643,0.3026315789473684,76,-0.21284215993414096,-0.0030194742183921753
KRW-ETH,20,2.0,20,20,40,0.025,0.008,24,False,-17.069546099620265,141,False,-5.690232453157533,0.2898550724637681,69,-0.16567532902798016,-0.000847772456346421,-28.448859746083,0.18055555555555555,72,-0.23232965880952267,-0.0037230883366335577
KRW-ETH,20,2.0,20,20,40,0.025,0.01,12,True,-26.095431576458893,148,False,-24.43097651995918,0.4027777777777778,72,-0.20247871886204233,-0.0027480211842929813,-27.759886632958604,0.32894736842105265,76,-0.2596025399205361,-0.003428446462722074
KRW-ETH,20,2.0,20,20,40,0.025,0.01,12,False,-21.40662861570911,143,False,-10.96939940267824,0.37142857142857144,70,-0.17349208978648023,-0.0015228642318774771,-31.843857828739978,0.2465753424657534,73,-0.2659511666526796,-0.004262089752814291
KRW-ETH,20,2.0,20,20,40,0.025,0.01,24,True,-25.94319198803436,148,False,-25.069971424967008,0.4166666666666667,72,-0.20897080614868663,-0.0028842007191035345,-26.816412551101713,0.34210526315789475,76,-0.255249399146512,-0.003350027707457881
KRW-ETH,20,2.0,20,20,40,0.025,0.01,24,False,-17.83669740813777,139,False,-4.8029124066249045,0.3382352941176471,68,-0.1686753023141779,-0.0007906860923297515,-30.870482409650634,0.2112676056338028,71,-0.2821972549891073,-0.004460192125554007
KRW-ETH,20,2.0,20,20,40,0.025,0.015,12,True,-22.385202571132837,144,False,-20.264083308247994,0.4788732394366197,71,-0.18437590967281928,-0.002696012372240767,-24.506321834017676,0.4383561643835616,73,-0.2602196803614288,-0.0036523569378164823
KRW-ETH,20,2.0,20,20,40,0.025,0.015,12,False,-19.885111737115867,139,False,-9.948896675036307,0.42028985507246375,69,-0.16815768887888416,-0.0015816852179528016,-29.82132679919543,0.34285714285714286,70,-0.2873084725356735,-0.004788631716738802
KRW-ETH,20,2.0,20,20,40,0.025,0.015,24,True,-20.229419256954504,144,False,-18.32914743564425,0.5352112676056338,71,-0.1701300079103772,-0.0025429915128092327,-22.12969107826476,0.4657534246575342,73,-0.2549905408080106,-0.0033655938486285945
KRW-ETH,20,2.0,20,20,40,0.025,0.015,24,False,-18.635170360759666,134,False,-2.754497998004762,0.4626865671641791,67,-0.18154047057355177,-0.0005163346716446496,-34.51584272351457,0.26865671641791045,67,-0.35505996249520483,-0.006116416550221278
KRW-ETH,20,2.0,20,20,40,0.03,0.008,12,True,-25.75388378192867,149,False,-22.799639345439044,0.3561643835616438,73,-0.18615129265355354,-0.0024195665208847274,-28.708128218418295,0.2894736842105263,76,-0.21930767169958398,-0.0031282043327226614
KRW-ETH,20,2.0,20,20,40,0.03,0.008,12,False,-19.297726812267225,145,False,-10.647442330653874,0.30985915492957744,71,-0.19417101469732254,-0.0014423147122847853,-27.948011293880576,0.20270270270270271,74,-0.23344476541851086,-0.00360039686400891
KRW-ETH,20,2.0,20,20,40,0.03,0.008,24,True,-24.66448628955724,149,False,-21.928973049660062,0.3698630136986301,73,-0.18273926972397117,-0.0023586719045301046,-27.399999529454412,0.3026315789473684,76,-0.21313118961469926,-0.0030235092616689965
KRW-ETH,20,2.0,20,20,40,0.03,0.008,24,False,-15.16997991869253,141,False,-3.191555908890397,0.2753623188405797,69,-0.16567532902798013,-0.0005187258567424675,-27.148403928494663,0.16666666666666666,72,-0.23471967172765396,-0.003757642495338843
KRW-ETH,20,2.0,20,20,40,0.03,0.01,12,True,-24.891521045819605,148,False,-22.40895838823308,0.4027777777777778,72,-0.19858837114917444,-0.0026093406287374223,-27.37408370340613,0.32894736842105265,76,-0.25236153204206646,-0.0034141751799286043
KRW-ETH,20,2.0,20,20,40,0.03,0.01,12,False,-19.731275622542753,143,False,-12.118641113387953,0.35714285714285715,70,-0.20324203469208693,-0.0017309430673549103,-27.34391013169755,0.2465753424657534,73,-0.2589184896504123,-0.003939609630940763
KRW-ETH,20,2.0,20,20,40,0.03,0.01,24,True,-24.765241552207414,148,False,-23.08331623735588,0.4166666666666667,72,-0.20511212715429045,-0.002745520163547976,-26.44716686705895,0.34210526315789475,76,-0.247965818017403,-0.0033357564246644113
KRW-ETH,20,2.0,20,20,40,0.03,0.01,24,False,-15.878485146539706,139,False,-2.6809256674268642,0.3235294117647059,68,-0.17003524249659782,-0.00047636339109428927,-29.076044625652546,0.19718309859154928,71,-0.2826849229929511,-0.004453042821705845
KRW-ETH,20,2.0,20,20,40,0.03,0.015,12,True,-21.4812888050158,144,False,-18.727648778804106,0.4788732394366197,71,-0.18039725557366226,-0.0025553785694238623,-24.234928831227496,0.4383561643835616,73,-0.2529847080503882,-0.003637499163949309
KRW-ETH,20,2.0,20,20,40,0.03,0.015,12,False,-18.67652095887145,139,False,-11.113247055550517,0.4057971014492754,69,-0.19105282391750686,-0.0017817367069598515,-26.23979486219238,0.34285714285714286,70,-0.28147437862141755,-0.00445233101821355
KRW-ETH,20,2.0,20,20,40,0.03,0.015,24,True,-19.40124872745715,144,False,-16.918954532854634,0.5352112676056338,71,-0.166081861607501,-0.002402357709992328,-21.883542922059664,0.4657534246575342,73,-0.247704428072069,-0.003350736074761421
KRW-ETH,20,2.0,20,20,40,0.03,0.015,24,False,-14.56543758987215,134,False,0.6089090923054211,0.4626865671641791,67,-0.1775479850641543,0.00012165325513964689,-29.73978427204972,0.26865671641791045,67,-0.33732907815020113,-0.005617524359446793
KRW-ETH,20,2.0,20,20,45,0.015,0.008,12,True,-17.921216427096148,192,False,-25.612813250703812,0.39325842696629215,89,-0.19175590263371534,-0.0024558286562683185,-10.229619603488487,0.42718446601941745,103,-0.18552734688816575,-0.001070050802028733
KRW-ETH,20,2.0,20,20,45,0.015,0.008,12,False,-15.818283076847168,189,False,-17.520678311399262,0.36363636363636365,88,-0.16182706776954894,-0.0018951780454391797,-14.115887842295074,0.36633663366336633,101,-0.2053384766665364,-0.0015259224509451754
KRW-ETH,20,2.0,20,20,45,0.015,0.008,24,True,-18.50163376432539,192,False,-27.592433013769963,0.38202247191011235,89,-0.20714641515623966,-0.0026705255967124546,-9.410834514880817,0.4368932038834951,103,-0.1790836102607988,-0.0009928000699891359
KRW-ETH,20,2.0,20,20,45,0.015,0.008,24,False,-13.98144468701403,187,False,-19.29595174334641,0.3218390804597701,87,-0.1745923025515553,-0.0021909957480580546,-8.66693763068165,0.37,100,-0.18577172923740612,-0.001008576504995149
KRW-ETH,20,2.0,20,20,45,0.015,0.01,12,True,-18.2745436412458,190,False,-22.882562283879363,0.4431818181818182,88,-0.22215258551796951,-0.002422335631878918,-13.666524998612239,0.45098039215686275,102,-0.21043538037634324,-0.0015716038835153253
KRW-ETH,20,2.0,20,20,45,0.015,0.01,12,False,-17.554017718718477,187,False,-17.41671026017843,0.40229885057471265,87,-0.20201733523587503,-0.002034135365732989,-17.691325177258523,0.39,100,-0.23274380666116906,-0.002094612322056586
KRW-ETH,20,2.0,20,20,45,0.015,0.01,24,True,-18.505311215104978,190,False,-24.589020840679286,0.45454545454545453,88,-0.23437064065853863,-0.00265549714315731,-12.421601589530672,0.47058823529411764,102,-0.1999499232176983,-0.0014414023448470939
KRW-ETH,20,2.0,20,20,45,0.015,0.01,24,False,-16.0854624975684,184,False,-19.451799092547496,0.36470588235294116,85,-0.188602287116733,-0.002477436824482939,-12.719125902589308,0.3939393939393939,99,-0.2221420215926734,-0.0016289358636314606
KRW-ETH,20,2.0,20,20,45,0.015,0.015,12,True,-16.06326527867131,185,False,-14.696316909533817,0.5581395348837209,86,-0.17210645437715988,-0.0018611571989586336,-17.430213647808806,0.5050505050505051,99,-0.27349663806410646,-0.0023950895328588074
KRW-ETH,20,2.0,20,20,45,0.015,0.015,12,False,-13.404544795701582,182,False,-7.642467115099308,0.5238095238095238,84,-0.12250916013216769,-0.0010599043978641645,-19.166622476303857,0.4489795918367347,98,-0.30113639592317143,-0.0027414716321827147
KRW-ETH,20,2.0,20,20,45,0.015,0.015,24,True,-16.064332878900608,185,False,-16.90708325007229,0.5697674418604651,86,-0.19451570310683272,-0.0022119481504771442,-15.221582507728922,0.5555555555555556,99,-0.27008398071730694,-0.0021195775393232363
KRW-ETH,20,2.0,20,20,45,0.015,0.015,24,False,-15.232864577384067,177,False,-14.433761132359445,0.4567901234567901,81,-0.15742223799923932,-0.0021832252890122035,-16.03196802240869,0.4583333333333333,96,-0.3045738797853292,-0.002481308786796747
KRW-ETH,20,2.0,20,20,45,0.02,0.008,12,True,-20.555506908890056,192,False,-29.152530323341267,0.3595505617977528,89,-0.2225697895513313,-0.002888726271015665,-11.958483494438847,0.39805825242718446,103,-0.18637334784519163,-0.0013286740740141444
KRW-ETH,20,2.0,20,20,45,0.02,0.008,12,False,-15.98320990851129,187,False,-16.168619241599455,0.3218390804597701,87,-0.17922818386214098,-0.0019529466027446059,-15.797800575423125,0.31,100,-0.18739419749383754,-0.0019025827457646
KRW-ETH,20,2.0,20,20,45,0.02,0.008,24,True,-21.127669180695918,192,False,-31.07872536587023,0.34831460674157305,89,-0.23737354676810282,-0.0031034232114598007,-11.176612995521609,0.4077669902912621,103,-0.17993630439203082,-0.001251423341974547
KRW-ETH,20,2.0,20,20,45,0.02,0.008,24,False,-10.717926482742637,185,False,-15.13685307896965,0.27906976744186046,86,-0.1762186868188716,-0.0019749792135177946,-6.298999886515626,0.31313131313131315,99,-0.150546412301153,-0.000852324752520308
KRW-ETH,20,2.0,20,20,45,0.02,0.01,12,True,-16.709819269676675,190,False,-22.91610170098207,0.42045454545454547,88,-0.23004391892283507,-0.002565442055095356,-10.50353683837128,0.4411764705882353,102,-0.21282497020108943,-0.001303883113973881
KRW-ETH,20,2.0,20,20,45,0.02,0.01,12,False,-12.882164018809197,185,False,-12.905290958841876,0.37209302325581395,86,-0.19787152639533312,-0.0016968845174102928,-12.859037078776518,0.36363636363636365,99,-0.22104788912942508,-0.0017268736619329421
KRW-ETH,20,2.0,20,20,45,0.02,0.01,24,True,-16.97328876751495,190,False,-24.562596433953743,0.4318181818181818,88,-0.2421380207727218,-0.0027986035663737484,-9.38398110107616,0.46078431372549017,102,-0.20237124691337954,-0.0011736815753056497
KRW-ETH,20,2.0,20,20,45,0.02,0.01,24,False,-8.327497882461733,182,False,-12.156691100704707,0.3333333333333333,84,-0.18917991923783997,-0.0017959343669881201,-4.498304664218758,0.3673469387755102,98,-0.18296322302458823,-0.0006744074609819272
KRW-ETH,20,2.0,20,20,45,0.02,0.015,12,True,-15.309921371490482,185,False,-15.774029467667592,0.5348837209302325,86,-0.18384481861490484,-0.002069459265585432,-14.84581327531337,0.494949494949495,99,-0.270829824000206,-0.0021680687225766686
KRW-ETH,20,2.0,20,20,45,0.02,0.015,12,False,-10.231744662064866,180,False,-5.480542557722935,0.46987951807228917,83,-0.11929171210671798,-0.0008410290982271735,-14.982946766406796,0.422680412371134,97,-0.2857222402993463,-0.002385170291220083
KRW-ETH,20,2.0,20,20,45,0.02,0.015,24,True,-14.745105259204061,185,False,-16.67854831643784,0.5581395348837209,86,-0.1985066924976377,-0.002266953350948246,-12.811662201970282,0.5454545454545454,99,-0.2715729827413686,-0.0018925567290410976
KRW-ETH,20,2.0,20,20,45,0.02,0.015,24,False,-8.953652381055104,175,False,-6.240568437853332,0.4375,80,-0.13073074273346208,-0.0010796624206622662,-11.666736324256874,0.42105263157894735,95,-0.2766907237213382,-0.0020391944906105537
KRW-ETH,20,2.0,20,20,45,0.025,0.008,12,True,-24.369200001748787,192,False,-31.861775053557615,0.34831460674157305,89,-0.24017796589433676,-0.0031456963812082715,-16.87662494993996,0.3786407766990291,103,-0.18688710760348967,-0.0018507613581038277
KRW-ETH,20,2.0,20,20,45,0.025,0.008,12,False,-16.559542302226554,187,False,-16.851598596712353,0.3103448275862069,87,-0.19450684364243215,-0.0021146096534851075,-16.267486007740757,0.28,100,-0.19148130924782863,-0.0021137911121721646
KRW-ETH,20,2.0,20,20,45,0.025,0.008,24,True,-24.916601628300988,192,False,-33.79463461577671,0.33707865168539325,89,-0.25464642977659646,-0.003360393321652407,-16.038568640825268,0.3883495145631068,103,-0.18045412878351166,-0.0017735106260642298
KRW-ETH,20,2.0,20,20,45,0.025,0.008,24,False,-10.22905079069195,183,False,-10.285869129302563,0.26744186046511625,86,-0.1563110726618745,-0.0015022049950499335,-10.172232452081337,0.25773195876288657,97,-0.14488254846568607,-0.0014753884520111004
KRW-ETH,20,2.0,20,20,45,0.025,0.01,12,True,-19.400250586608948,190,False,-24.64547599005254,0.4090909090909091,88,-0.24534515702399592,-0.0027912925074492453,-14.155025183165357,0.4215686274509804,102,-0.22791242629010305,-0.001772353606731113
KRW-ETH,20,2.0,20,20,45,0.025,0.01,12,False,-13.822936826359697,184,False,-14.400984591030026,0.36046511627906974,86,-0.2143902309689655,-0.0019526465244580826,-13.24488906168937,0.336734693877551,98,-0.20706756310260654,-0.0019113973077035421
KRW-ETH,20,2.0,20,20,45,0.025,0.01,24,True,-19.636758627064886,190,False,-26.260475777368395,0.42045454545454547,88,-0.2577868897403925,-0.0030244540187276386,-13.013041476761376,0.4411764705882353,102,-0.2176590651646812,-0.0016421520680628815
KRW-ETH,20,2.0,20,20,45,0.025,0.01,24,False,-6.513943079541928,179,False,-6.624885895067073,0.32142857142857145,84,-0.18163119236052128,-0.001097939333794844,-6.403000264016782,0.3157894736842105,95,-0.17048349894571246,-0.001045899584439957
KRW-ETH,20,2.0,20,20,45,0.025,0.015,12,True,-16.758511223445474,185,False,-16.622085560347337,0.5232558139534884,86,-0.1965756944815251,-0.002194253298553919,-16.894936886543615,0.48484848484848486,99,-0.28313894141313917,-0.002489564304583001
KRW-ETH,20,2.0,20,20,45,0.025,0.015,12,False,-12.599553731242285,179,False,-9.446763858971675,0.4457831325301205,83,-0.17048755748805547,-0.001472190236640715,-15.752343603512893,0.3958333333333333,96,-0.281137436394011,-0.0026298259894961384
KRW-ETH,20,2.0,20,20,45,0.025,0.015,24,True,-15.450888831877979,185,False,-16.670967464340155,0.5581395348837209,86,-0.203778309974817,-0.002285435337819128,-14.230810199415801,0.5353535353535354,99,-0.26884145997699527,-0.0021350315855770243
KRW-ETH,20,2.0,20,20,45,0.025,0.015,24,False,-9.309207006089935,172,False,-5.253977483293111,0.425,80,-0.13181404710123146,-0.0009728374115073529,-13.36443652888676,0.3695652173913043,92,-0.28534946595160426,-0.002521570716886622
KRW-ETH,20,2.0,20,20,45,0.03,0.008,12,True,-23.613474592124714,192,False,-31.06273118496451,0.34831460674157305,89,-0.23823977534333957,-0.003115831202263275,-16.16421799928492,0.3786407766990291,103,-0.17933854215281436,-0.0018052677978032284
KRW-ETH,20,2.0,20,20,45,0.03,0.008,12,False,-13.845322187348629,187,False,-14.965749906284842,0.3103448275862069,87,-0.20310981463357264,-0.0019630696837878007,-12.724894468412414,0.28,100,-0.16504323542013946,-0.0017811352647859036
KRW-ETH,20,2.0,20,20,45,0.03,0.008,24,True,-24.16095121426548,192,False,-32.97221491837864,0.33707865168539325,89,-0.25274514607842113,-0.0033305281427074107,-15.34968751015232,0.3883495145631068,103,-0.17284584252147125,-0.0017280170657636305
KRW-ETH,20,2.0,20,20,45,0.03,0.008,24,False,-8.792621895969702,183,False,-9.094663118163936,0.2441860465116279,86,-0.18634908189466048,-0.001440294553437822,-8.49058067377547,0.24742268041237114,97,-0.12969398061542753,-0.001326447674261642
KRW-ETH,20,2.0,20,20,45,0.03,0.01,12,True,-18.337379466556303,190,False,-23.263138991082485,0.4090909090909091,88,-0.24709286492447102,-0.0027043549969253265,-13.411619942030121,0.4215686274509804,102,-0.22036149249367754,-0.0017087122785247458
KRW-ETH,20,2.0,20,20,45,0.03,0.01,12,False,-10.846066979885908,184,False,-12.244642484631482,0.36046511627906974,86,-0.22278083987729239,-0.0017412921365084792,-9.447491475140332,0.336734693877551,98,-0.19324758986886104,-0.00147006481037062
KRW-ETH,20,2.0,20,20,45,0.03,0.01,24,True,-18.581432243861013,190,False,-24.86569827640733,0.42045454545454547,88,-0.25891917008511234,-0.002937516508203719,-12.297166211314696,0.4411764705882353,102,-0.21000785459437016,-0.0015785107398565144
KRW-ETH,20,2.0,20,20,45,0.03,0.01,24,False,-3.639686303732809,179,False,-3.3052987844066632,0.30952380952380953,84,-0.18999692401326995,-0.0005967399378514401,-3.974073823058954,0.30526315789473685,95,-0.14290840009002342,-0.0007046337376852437
KRW-ETH,20,2.0,20,20,45,0.03,0.015,12,True,-15.93752134092492,185,False,-15.64122554428693,0.5232558139534884,86,-0.19452628116169357,-0.0021052939854596764,-16.233817137562912,0.48484848484848486,99,-0.27612811702101064,-0.0024239944512794713
KRW-ETH,20,2.0,20,20,45,0.03,0.015,12,False,-10.354336403596903,179,False,-8.410614635730798,0.4457831325301205,83,-0.17253125176400458,-0.0013486755560174729,-12.29805817146301,0.3958333333333333,96,-0.2686084226653652,-0.002179299065135447
KRW-ETH,20,2.0,20,20,45,0.03,0.015,24,True,-14.677565313668687,185,False,-15.73476555033047,0.5581395348837209,86,-0.2017472694326425,-0.0021964760247248855,-13.620365077006905,0.5353535353535354,99,-0.26527483295249293,-0.0020694617322734943
KRW-ETH,20,2.0,20,20,45,0.03,0.015,24,False,-7.683320656024485,170,False,-6.162942626303647,0.38461538461538464,78,-0.18041127977843302,-0.0012195811628425187,-9.203698685745321,0.3695652173913043,92,-0.2653221140520152,-0.0018656366772087012
KRW-ETH,20,2.0,20,20,50,0.015,0.008,12,True,-19.325639291121337,193,False,-28.72869148996039,0.38202247191011235,89,-0.21007079350999555,-0.002713867982111015,-9.922587092282285,0.4326923076923077,104,-0.18335624776156437,-0.0010340907760518563
KRW-ETH,20,2.0,20,20,50,0.015,0.008,12,False,-17.358392030521642,190,False,-20.140567239201484,0.3522727272727273,88,-0.18082014899250468,-0.0021561496363482705,-14.5762168218418,0.3627450980392157,102,-0.21055211464845924,-0.0015749520685339584
KRW-ETH,20,2.0,20,20,50,0.015,0.008,24,True,-19.918245037872722,193,False,-30.7253175130507,0.3707865168539326,89,-0.22511255550245313,-0.0029285649225551515,-9.111172562694748,0.4423076923076923,104,-0.17689533438687474,-0.0009575828395126395
KRW-ETH,20,2.0,20,20,50,0.015,0.008,24,False,-15.624648320923852,188,False,-21.84227466774363,0.3103448275862069,87,-0.19329612229669246,-0.002454967012425871,-9.407021974104072,0.36633663366336633,101,-0.19349712707040162,-0.0010925311930645055
KRW-ETH,20,2.0,20,20,50,0.015,0.01,12,True,-20.100994229506085,190,False,-25.829318549496506,0.4318181818181818,88,-0.24131138883033493,-0.0027060004046061906,-14.372669909515665,0.45098039215686275,102,-0.21737652515947684,-0.0016576861741343346
KRW-ETH,20,2.0,20,20,50,0.015,0.01,12,False,-19.291944898635123,187,False,-20.026640228496486,0.39080459770114945,87,-0.22167208067341487,-0.002321060653089311,-18.55724956877376,0.38,100,-0.24103319505969995,-0.002202691680509518
KRW-ETH,20,2.0,20,20,50,0.015,0.01,24,True,-20.624908366733937,190,False,-27.5069277140781,0.4431818181818182,88,-0.25322850665217034,-0.002939161915884583,-13.742889019389775,0.46078431372549017,102,-0.21277511801976243,-0.00159925651334925
KRW-ETH,20,2.0,20,20,50,0.015,0.01,24,False,-18.340829217479396,184,False,-21.92227746616924,0.35294117647058826,85,-0.20858745245868557,-0.002771113295071175,-14.759380968789552,0.3838383838383838,99,-0.2413010851002428,-0.0018810823282779247
KRW-ETH,20,2.0,20,20,50,0.015,0.015,12,True,-16.849914568852203,185,False,-15.668888601132027,0.5581395348837209,86,-0.1796099734062437,-0.0019679657815271094,-18.030940536572377,0.5050505050505051,99,-0.2797203970605957,-0.0024815201438589565
KRW-ETH,20,2.0,20,20,50,0.015,0.015,12,False,-14.217856522419359,182,False,-8.539122946802799,0.5238095238095238,84,-0.13097379173575074,-0.0011762902780603976,-19.89659009803592,0.4387755102040816,98,-0.30853038735652355,-0.0028494733943375014
KRW-ETH,20,2.0,20,20,50,0.015,0.015,24,True,-16.63143651783301,185,False,-17.86594922294245,0.5697674418604651,86,-0.20181611845772068,-0.00231875673304562,-15.396923812723568,0.5555555555555556,99,-0.2717560608953737,-0.002142789138187353
KRW-ETH,20,2.0,20,20,50,0.015,0.015,24,False,-16.468877631349116,177,False,-16.905787240289534,0.4444444444444444,81,-0.18232601421601038,-0.002553040103827021,-16.031968022408694,0.4583333333333333,96,-0.30457387978532896,-0.0024813087867967473
KRW-ETH,20,2.0,20,20,50,0.02,0.008,12,True,-22.45349785956157,193,False,-33.25093618657613,0.34831460674157305,89,-0.2439110110146283,-0.003202861102476338,-11.656059532547006,0.40384615384615385,104,-0.18420450386114476,-0.0012902272858066387
KRW-ETH,20,2.0,20,20,50,0.02,0.008,12,False,-17.67591832850102,188,False,-19.149867879615016,0.3103448275862069,87,-0.20175917489337608,-0.002274302924583685,-16.201968777387023,0.3069306930693069,101,-0.19272556481423425,-0.0019483684952619899
KRW-ETH,20,2.0,20,20,50,0.02,0.008,24,True,-23.050771249865257,193,False,-35.22048950571842,0.33707865168539325,89,-0.2583083905823122,-0.003417558042920474,-10.881052994012093,0.41346153846153844,104,-0.17775030150232166,-0.0012137193492674217
KRW-ETH,20,2.0,20,20,50,0.02,0.008,24,False,-12.422429723740727,186,False,-17.888855153893182,0.26744186046511625,86,-0.1988322914944316,-0.002300072236773607,-6.956004293588272,0.31,100,-0.15860602794123999,-0.0009386815049951029
KRW-ETH,20,2.0,20,20,50,0.02,0.01,12,True,-18.819889377969965,190,False,-26.47298857865625,0.4090909090909091,88,-0.25268968601333974,-0.002905839782368082,-11.16679017728368,0.4411764705882353,102,-0.21974510785126228,-0.0013899654045928904
KRW-ETH,20,2.0,20,20,50,0.02,0.01,12,False,-14.695618097386397,185,False,-15.749809739418593,0.36046511627906974,86,-0.2214635403248818,-0.0020451984708986636,-13.641426455354202,0.35353535353535354,99,-0.22946363949666918,-0.0018360447310773178
KRW-ETH,20,2.0,20,20,50,0.02,0.01,24,True,-19.35791097834838,190,False,-28.098985232276178,0.42045454545454547,88,-0.26442807898528903,-0.003139001293646475,-10.616836724420581,0.45098039215686275,102,-0.2151576267100117,-0.001331535743807806
KRW-ETH,20,2.0,20,20,50,0.02,0.01,24,False,-10.651408032344317,182,False,-14.721452100826907,0.32142857142857145,84,-0.21302756867202108,-0.002152541509845262,-6.581363963861726,0.35714285714285715,98,-0.20699371646504036,-0.0009800707262880507
KRW-ETH,20,2.0,20,20,50,0.02,0.015,12,True,-16.35150835690738,185,False,-17.288386263092566,0.5348837209302325,86,-0.19520644856759423,-0.002234320173735302,-15.414630450722198,0.494949494949495,99,-0.2770764288758635,-0.0022544993335768186
KRW-ETH,20,2.0,20,20,50,0.02,0.015,12,False,-11.179757291386109,180,False,-6.709982867415035,0.46987951807228917,83,-0.13206293257177215,-0.00101896782035348,-15.649531715357183,0.41237113402061853,97,-0.29327931381905953,-0.00249428547360327
KRW-ETH,20,2.0,20,20,50,0.02,0.015,24,True,-15.561004159913743,185,False,-18.147096932031243,0.5581395348837209,86,-0.20966421569554872,-0.002431814259098116,-12.974911387796245,0.5454545454545454,99,-0.27324165193693367,-0.001915768327905214
KRW-ETH,20,2.0,20,20,50,0.02,0.015,24,False,-10.233005040964684,175,False,-8.799273757672495,0.425,80,-0.13851625257269176,-0.0015165061706622679,-11.666736324256874,0.42105263157894735,95,-0.2766907237213382,-0.0020391944906105537
KRW-ETH,20,2.0,20,20,50,0.025,0.008,12,True,-26.92939795250727,193,False,-37.32046746295567,0.33707865168539325,89,-0.2646405289435924,-0.003515926718286923,-16.53832844205887,0.38461538461538464,104,-0.1847196331232045,-0.0018072944998569975
KRW-ETH,20,2.0,20,20,50,0.025,0.008,12,False,-18.517303481227856,188,False,-20.39700565971948,0.2988505747126437,87,-0.22043979404223668,-0.002493351032795452,-16.637601302736233,0.27722772277227725,101,-0.19678586172888624,-0.002157485689724926
KRW-ETH,20,2.0,20,20,50,0.025,0.008,24,True,-27.51931149234525,193,False,-39.330449889026525,0.3258426966292135,89,-0.27864317886671525,-0.0037306236587310586,-15.708173095663975,0.3942307692307692,104,-0.17826950623245416,-0.0017307865633177809
KRW-ETH,20,2.0,20,20,50,0.025,0.008,24,False,-11.95873805924096,184,False,-13.14546301584037,0.2558139534883721,86,-0.18347374056641907,-0.0018853503438871423,-10.772013102641548,0.25510204081632654,98,-0.1529959028458441,-0.0015571497943375184
KRW-ETH,20,2.0,20,20,50,0.025,0.01,12,True,-21.948824725325238,190,False,-29.090135171540606,0.3977272727272727,88,-0.27111385897927404,-0.003188423189267427,-14.80751427910987,0.4215686274509804,102,-0.23469992854284238,-0.0018584358973501225
KRW-ETH,20,2.0,20,20,50,0.025,0.01,12,False,-15.875098644277244,184,False,-17.7669284494159,0.3488372093023256,86,-0.2412159303992934,-0.0023590128035278503,-13.98326883913859,0.32653061224489793,98,-0.21563435604647743,-0.002021682367349391
KRW-ETH,20,2.0,20,20,50,0.025,0.01,24,True,-22.46178102055932,190,False,-30.690606970823367,0.4090909090909091,88,-0.2831307520419398,-0.00342158470054582,-14.232955070295276,0.43137254901960786,102,-0.23020037374282162,-0.0018000062365650376
KRW-ETH,20,2.0,20,20,50,0.025,0.01,24,False,-9.003919928327168,179,False,-9.252706928562617,0.30952380952380953,84,-0.20957549310918616,-0.0015139810004615104,-8.755132928091719,0.30526315789473685,95,-0.1988084526402491,-0.0014137680054925872
KRW-ETH,20,2.0,20,20,50,0.025,0.015,12,True,-18.10890715238233,185,False,-18.759389351521794,0.5232558139534884,86,-0.21162468382908026,-0.002417166532285185,-17.458424953242865,0.48484848484848486,99,-0.2892800973889687,-0.002575994915583151
KRW-ETH,20,2.0,20,20,50,0.025,0.015,12,False,-13.781093030737907,179,False,-11.165773906405972,0.4457831325301205,83,-0.1865041079155913,-0.001710279561176661,-16.39641215506984,0.3854166666666667,96,-0.28874301723418266,-0.002740077788362483
KRW-ETH,20,2.0,20,20,50,0.025,0.015,24,True,-16.55325932242873,185,False,-18.71400361502872,0.5581395348837209,86,-0.21869238669514793,-0.002508348571550394,-14.392515029828743,0.5353535353535354,99,-0.27051638650210186,-0.0021582431844411405
KRW-ETH,20,2.0,20,20,50,0.025,0.015,24,False,-10.688877184315023,172,False,-8.0133178397433,0.4125,80,-0.16569447453142783,-0.0014720874115073555,-13.364436528886747,0.3695652173913043,92,-0.2853494659516038,-0.0025215707168866203
KRW-ETH,20,2.0,20,20,50,0.03,0.008,12,True,-25.261320438558815,193,False,-34.6870802562369,0.33707865168539325,89,-0.2574487920583056,-0.003403735707050966,-15.835560620880734,0.38461538461538464,104,-0.17715094583811886,-0.0017622383776362118
KRW-ETH,20,2.0,20,20,50,0.03,0.008,12,False,-14.817612214541402,188,False,-16.543851013379435,0.2988505747126437,87,-0.21706280195571379,-0.0021659690830055024,-13.09137341570337,0.27722772277227725,101,-0.17052124356984316,-0.0018281234645900132
KRW-ETH,20,2.0,20,20,50,0.03,0.008,24,True,-25.83110226316201,193,False,-36.633664537170915,0.3258426966292135,89,-0.27158838639828464,-0.003618432647495101,-15.028539989153105,0.3942307692307692,104,-0.17064093894121588,-0.0016857304410969952
KRW-ETH,20,2.0,20,20,50,0.03,0.008,24,False,-9.075168482884402,184,False,-9.094663118163925,0.2441860465116279,86,-0.18634908189466048,-0.0014402945534378203,-9.05567384760488,0.24489795918367346,98,-0.1379514441273487,-0.0014097288204426468
KRW-ETH,20,2.0,20,20,50,0.03,0.01,12,True,-20.191132897136775,190,False,-26.327628219823314,0.3977272727272727,88,-0.26755831682795367,-0.0030182243256310594,-14.054637574450235,0.4215686274509804,102,-0.22721537579164894,-0.001794794569143755
KRW-ETH,20,2.0,20,20,50,0.03,0.01,12,False,-11.99629824249615,184,False,-13.854782571947828,0.3488372093023256,86,-0.2379289388637605,-0.0019697717612984804,-10.137813913044473,0.32653061224489793,98,-0.20196369294771213,-0.0015803498700164688
KRW-ETH,20,2.0,20,20,50,0.03,0.01,24,True,-20.705636391043335,190,False,-27.9137012451738,0.4090909090909091,88,-0.27906316045876506,-0.0032513858369094513,-13.49757153691287,0.43137254901960786,102,-0.22267181582749257,-0.0017363649083586704
KRW-ETH,20,2.0,20,20,50,0.03,0.01,24,False,-6.409106785339231,179,False,-5.320460975886439,0.2976190476190476,84,-0.2139469049532128,-0.0009552961636760261,-7.497752594792023,0.29473684210526313,95,-0.18891874151808719,-0.001292280152915932
KRW-ETH,20,2.0,20,20,50,0.03,0.015,12,True,-16.818514261396466,185,False,-16.846456236964265,0.5232558139534884,86,-0.2039144576554627,-0.002243009555540994,-16.790572285828667,0.48484848484848486,99,-0.2823293328446942,-0.002510425062279621
KRW-ETH,20,2.0,20,20,50,0.03,0.015,12,False,-10.83387022387672,179,False,-8.761253029201407,0.4457831325301205,83,-0.1761944711325292,-0.0014024485881671553,-12.906487418552034,0.3854166666666667,96,-0.27634656073077773,-0.0022895508640017916
KRW-ETH,20,2.0,20,20,50,0.03,0.015,24,True,-15.33589847704887,185,False,-16.89224062986438,0.5581395348837209,86,-0.21105128189875796,-0.0023341915948062036,-13.779556324233361,0.5353535353535354,99,-0.2669579298508927,-0.002092673331137611
KRW-ETH,20,2.0,20,20,50,0.03,0.015,24,False,-7.527281563714691,171,False,-4.8888445937108544,0.3924050632911392,79,-0.1651392906170897,-0.0009682735156006481,-10.165718533718529,0.3695652173913043,92,-0.27667058696309443,-0.0020383150407621287
KRW-ETH,20,2.0,20,25,40,0.015,0.008,12,True,-21.153846300238804,147,False,-18.0969472333602,0.3972602739726027,73,-0.15606713469862596,-0.0018220923607303562,-24.21074536711741,0.33783783783783783,74,-0.20732102073213665,-0.0024743709984612018
KRW-ETH,20,2.0,20,25,40,0.015,0.008,12,False,-19.942125182970194,145,False,-9.536685687067768,0.375,72,-0.1395312572499531,-0.0010785570972838025,-30.347564678872622,0.2876712328767123,73,-0.22902718963679686,-0.003121472356339631
KRW-ETH,20,2.0,20,25,40,0.015,0.008,24,True,-19.905607939808977,147,False,-16.97285117384769,0.410958904109589,73,-0.15252898533321774,-0.0017397658493620294,-22.838364705770264,0.35135135135135137,74,-0.2010497057248902,-0.002366846330892573
KRW-ETH,20,2.0,20,25,40,0.015,0.008,24,False,-18.404668742434907,143,False,-10.55554042593787,0.36619718309859156,71,-0.14160729738248778,-0.0012294118326119144,-26.253797058931948,0.2916666666666667,72,-0.23134969148403448,-0.0028737689932789193
KRW-ETH,20,2.0,20,25,40,0.015,0.01,12,True,-22.549070216047582,146,False,-17.64855775121791,0.4444444444444444,72,-0.1656028404380515,-0.0019477282506568413,-27.449582680877256,0.36486486486486486,74,-0.23350321078122707,-0.003124563980579016
KRW-ETH,20,2.0,20,25,40,0.015,0.01,12,False,-21.91358711102547,144,False,-10.128583486234383,0.4225352112676056,71,-0.14882631673297705,-0.0012353215312252046,-33.69859073581656,0.3150684931506849,73,-0.2574954734454662,-0.0038525542991795004
KRW-ETH,20,2.0,20,25,40,0.015,0.01,24,True,-22.282387141349258,146,False,-18.183617682320296,0.4583333333333333,72,-0.17239510958461932,-0.0020621782252451663,-26.38115660037822,0.3783783783783784,74,-0.22899661992130074,-0.003044025799496872
KRW-ETH,20,2.0,20,25,40,0.015,0.01,24,False,-21.205872587017268,142,False,-9.992451261340147,0.4142857142857143,70,-0.14462250644492125,-0.0012968677159349248,-32.419293912694386,0.3055555555555556,72,-0.2808739080847787,-0.003913873159945571
KRW-ETH,20,2.0,20,25,40,0.015,0.015,12,True,-20.00420550875484,142,False,-14.61001234472703,0.5211267605633803,71,-0.16416285453774349,-0.0019382778548209401,-25.39839867278265,0.4647887323943662,71,-0.24707335913507134,-0.003555611395536527
KRW-ETH,20,2.0,20,25,40,0.015,0.015,12,False,-18.88841658835325,140,False,-8.246081189910504,0.5,70,-0.14494261768528371,-0.0011797501634630118,-29.530751986795998,0.4142857142857143,70,-0.27649230781292106,-0.004254211497740513
KRW-ETH,20,2.0,20,25,40,0.015,0.015,24,True,-19.074110789288273,142,False,-15.133660911374216,0.5492957746478874,71,-0.16828691713776175,-0.0020776772505694545,-23.014560667202332,0.49295774647887325,71,-0.24066682613118093,-0.0032436362751372145
KRW-ETH,20,2.0,20,25,40,0.015,0.015,24,False,-18.652810759178976,137,False,-8.441467994966102,0.5072463768115942,69,-0.14267310909126524,-0.0013027208329878539,-28.864153523391852,0.39705882352941174,68,-0.3051704579844335,-0.004431996073398044
KRW-ETH,20,2.0,20,25,40,0.02,0.008,12,True,-22.314011217858088,147,False,-20.94667086130599,0.3698630136986301,73,-0.17130422494201844,-0.0021746646057184005,-23.681351574410186,0.3108108108108108,74,-0.20520402050771266,-0.002593168060188292
KRW-ETH,20,2.0,20,25,40,0.02,0.008,12,False,-19.877328045473146,143,False,-8.712775379797455,0.3380281690140845,71,-0.1504927029479188,-0.0010923085913274884,-31.041880711148835,0.2361111111111111,72,-0.221163372358555,-0.0034987984345875487
KRW-ETH,20,2.0,20,25,40,0.02,0.008,24,True,-21.250936728796603,147,False,-20.079324282112577,0.3835616438356164,73,-0.16782995637020376,-0.002113769989363778,-22.422549175480626,0.32432432432432434,74,-0.19891595675901397,-0.0024856433926196634
KRW-ETH,20,2.0,20,25,40,0.02,0.008,24,False,-16.632179566107474,140,False,-9.561154469009384,0.30434782608695654,69,-0.16567532902798032,-0.0012794527552962799,-23.703204663205565,0.23943661971830985,71,-0.21609158968982817,-0.00294937137346591
KRW-ETH,20,2.0,20,25,40,0.02,0.01,12,True,-21.956843854640308,146,False,-20.442858121571675,0.4166666666666667,72,-0.1823196443499077,-0.0023333011869715635,-23.47082958770894,0.35135135135135137,74,-0.23143587608429741,-0.002892175697607126
KRW-ETH,20,2.0,20,25,40,0.02,0.01,12,False,-20.16845943391834,142,False,-8.63266110339501,0.38571428571428573,70,-0.15571736623355908,-0.0011627890419312803,-31.70425776444167,0.2777777777777778,72,-0.25036372529883677,-0.003979966977948884
KRW-ETH,20,2.0,20,25,40,0.02,0.01,24,True,-21.856912346121213,146,False,-21.15702322982365,0.4305555555555556,72,-0.18897583317772232,-0.002469480721782117,-22.55680146241878,0.36486486486486486,74,-0.22691713040287634,-0.0028116375165249826
KRW-ETH,20,2.0,20,25,40,0.02,0.01,24,False,-18.287820668763082,139,False,-9.087053874719697,0.35294117647058826,68,-0.17273054474191354,-0.001346185219205338,-27.488587462806464,0.2676056338028169,71,-0.26659888732208975,-0.0037536077210253184
KRW-ETH,20,2.0,20,25,40,0.02,0.015,12,True,-20.275380331607337,142,False,-17.81607576552051,0.49295774647887325,71,-0.17142257383533435,-0.0024042195999127436,-22.734684897694162,0.4507042253521127,71,-0.24492340685131153,-0.0033814666819502698
KRW-ETH,20,2.0,20,25,40,0.02,0.015,12,False,-19.003010719810614,138,False,-9.186716819469744,0.43478260869565216,69,-0.16067961183562776,-0.0014212473871646606,-28.819304620151485,0.37681159420289856,69,-0.27087475253689797,-0.0044917541647551094
KRW-ETH,20,2.0,20,25,40,0.02,0.015,24,True,-18.756722234545556,142,False,-16.993297007499166,0.5352112676056338,71,-0.16460622729091184,-0.0023799710780078856,-20.520147461591947,0.4788732394366197,71,-0.23849858024547446,-0.003069491561550958
KRW-ETH,20,2.0,20,25,40,0.02,0.015,24,False,-18.763659617880403,134,False,-5.885656477696341,0.4626865671641791,67,-0.16688508160790821,-0.0010300450951256043,-31.641662758064463,0.3283582089552239,67,-0.3293602378955312,-0.005293133076765503
KRW-ETH,20,2.0,20,25,40,0.025,0.008,12,True,-28.86495083826641,147,False,-25.09874705573213,0.3561643835616438,73,-0.19010201453387576,-0.002556347342802538,-32.63115462080069,0.28378378378378377,74,-0.22961515666940815,-0.003397450891863295
KRW-ETH,20,2.0,20,25,40,0.025,0.008,12,False,-22.728068270093964,143,False,-9.624438956176036,0.323943661971831,71,-0.16576768706568545,-0.0012652933251943589,-35.83169758401189,0.19444444444444445,72,-0.25724703176035507,-0.004152116900464262
KRW-ETH,20,2.0,20,25,40,0.025,0.008,24,True,-27.644703466481268,147,False,-24.144063596328106,0.3698630136986301,73,-0.18670655482239878,-0.0024954527264479157,-31.145343336634426,0.2972972972972973,74,-0.22352022271039637,-0.003289926224294666
KRW-ETH,20,2.0,20,25,40,0.025,0.008,24,False,-18.602047441938712,139,False,-5.690232453157533,0.2898550724637681,69,-0.16567532902798016,-0.000847772456346421,-31.51386243071989,0.17142857142857143,70,-0.24274336706149852,-0.0040290980033945165
KRW-ETH,20,2.0,20,25,40,0.025,0.01,12,True,-27.538661579428215,146,False,-24.43097651995918,0.4027777777777778,72,-0.20247871886204233,-0.0027480211842929813,-30.64634663889725,0.32432432432432434,74,-0.2681708202446922,-0.003682965286038888
KRW-ETH,20,2.0,20,25,40,0.025,0.01,12,False,-22.890679918261146,141,False,-10.96939940267824,0.37142857142857144,70,-0.17349208978648023,-0.0015228642318774771,-34.81196043384405,0.23943661971830985,71,-0.2744459772305882,-0.004550845802189343
KRW-ETH,20,2.0,20,25,40,0.025,0.01,24,True,-27.336098408907944,146,False,-25.069971424967008,0.4166666666666667,72,-0.20897080614868663,-0.0028842007191035345,-29.602225392848883,0.33783783783783783,74,-0.2638680563728772,-0.0036024271049567443
KRW-ETH,20,2.0,20,25,40,0.025,0.01,24,False,-19.20041943137816,137,False,-4.8029124066249045,0.3382352941176471,68,-0.1686753023141779,-0.0007906860923297515,-33.59792645613142,0.2028985507246377,69,-0.2905040570357297,-0.004763060013251226
KRW-ETH,20,2.0,20,25,40,0.025,0.015,12,True,-23.66909077915065,142,False,-20.264083308247994,0.4788732394366197,71,-0.18437590967281928,-0.002696012372240767,-27.07409825005331,0.43661971830985913,71,-0.2717622972215028,-0.003980938539715617
KRW-ETH,20,2.0,20,25,40,0.025,0.015,12,False,-21.250935603316286,137,False,-9.948896675036307,0.42028985507246375,69,-0.16815768887888416,-0.0015816852179528016,-32.55297453159626,0.3382352941176471,68,-0.2984284293965982,-0.005165129412219437
KRW-ETH,20,2.0,20,25,40,0.025,0.015,24,True,-21.068648182174158,142,False,-18.32914743564425,0.5352112676056338,71,-0.1701300079103772,-0.0025429915128092327,-23.808148928704064,0.4647887323943662,71,-0.2598741845141168,-0.0035587795908434846
KRW-ETH,20,2.0,20,25,40,0.025,0.015,24,False,-19.69503124486367,132,False,-2.754497998004762,0.4626865671641791,67,-0.18154047057355177,-0.0005163346716446496,-36.63556449172258,0.26153846153846155,65,-0.35928763681009485,-0.006412075520997319
KRW-ETH,20,2.0,20,25,40,0.03,0.008,12,True,-28.262974203676684,147,False,-22.799639345439044,0.3561643835616438,73,-0.18615129265355354,-0.0024195665208847274,-33.72630906191433,0.28378378378378377,74,-0.2336363867075666,-0.0034690612065800346
KRW-ETH,20,2.0,20,25,40,0.03,0.008,12,False,-21.31650331463376,143,False,-10.647442330653874,0.30985915492957744,71,-0.19417101469732254,-0.0014423147122847853,-31.985564298613646,0.19444444444444445,72,-0.24751401023625771,-0.003963838443564716
KRW-ETH,20,2.0,20,25,40,0.03,0.008,24,True,-27.063724779399386,147,False,-21.928973049660062,0.3698630136986301,73,-0.18273926972397117,-0.0023586719045301046,-32.198476509138715,0.2972972972972973,74,-0.22757326688888868,-0.003361536539011406
KRW-ETH,20,2.0,20,25,40,0.03,0.008,24,False,-17.03408719284521,139,False,-3.191555908890397,0.2753623188405797,69,-0.16567532902798013,-0.0005187258567424675,-30.876618476800022,0.15714285714285714,70,-0.24876551709788056,-0.004135960852348528
KRW-ETH,20,2.0,20,25,40,0.03,0.01,12,True,-26.826085172971585,146,False,-22.40895838823308,0.4027777777777778,72,-0.19858837114917444,-0.0026093406287374223,-31.243211957710088,0.32432432432432434,74,-0.26460092180686057,-0.003735774509115869
KRW-ETH,20,2.0,20,25,40,0.03,0.01,12,False,-21.398921685697374,141,False,-12.118641113387953,0.35714285714285715,70,-0.20324203469208693,-0.0017309430673549103,-30.679202258006796,0.23943661971830985,71,-0.2710505372126863,-0.00428959863462924
KRW-ETH,20,2.0,20,25,40,0.03,0.01,24,True,-26.633405146346412,146,False,-23.08331623735588,0.4166666666666667,72,-0.20511212715429045,-0.002745520163547976,-30.18349405533694,0.33783783783783783,74,-0.2602771688429885,-0.0036552363280337257
KRW-ETH,20,2.0,20,25,40,0.03,0.01,24,False,-17.52568813242547,137,False,-2.6809256674268642,0.3235294117647059,68,-0.17003524249659782,-0.00047636339109428927,-32.370450597424075,0.18840579710144928,69,-0.29442789661980684,-0.004828058555668339
KRW-ETH,20,2.0,20,25,40,0.03,0.015,12,True,-23.137523278901966,142,False,-18.727648778804106,0.4788732394366197,71,-0.18039725557366226,-0.0025553785694238623,-27.547397778999827,0.43661971830985913,71,-0.26820991818355894,-0.004035979138415569
KRW-ETH,20,2.0,20,25,40,0.03,0.015,12,False,-20.23241144310267,137,False,-11.113247055550517,0.4057971014492754,69,-0.19105282391750686,-0.0017817367069598515,-29.351575830654824,0.3382352941176471,68,-0.296118929662675,-0.004892356634325801
KRW-ETH,20,2.0,20,25,40,0.03,0.015,24,True,-20.58838090722513,142,False,-16.918954532854634,0.5352112676056338,71,-0.166081861607501,-0.002402357709992328,-24.25780728159562,0.4647887323943662,71,-0.25626381468247783,-0.003613820189543437
KRW-ETH,20,2.0,20,25,40,0.03,0.015,24,False,-15.774918445028964,132,False,0.6089090923054211,0.4626865671641791,67,-0.1775479850641543,0.00012165325513964689,-32.15874598236335,0.26153846153846155,65,-0.344868743179802,-0.005974640493583623
KRW-ETH,20,2.0,20,25,45,0.015,0.008,12,True,-19.794877664388856,190,False,-28.728691489960358,0.38202247191011235,89,-0.21007079350999533,-0.002713867982111014,-10.861063838817355,0.42574257425742573,101,-0.1886604364198193,-0.0011307399268213815
KRW-ETH,20,2.0,20,25,45,0.015,0.008,12,False,-17.488109788261873,187,False,-20.14056723920146,0.3522727272727273,88,-0.18082014899250456,-0.0021561496363482692,-14.835652337322284,0.36363636363636365,99,-0.20839535732477757,-0.001597047146923866
KRW-ETH,20,2.0,20,25,45,0.015,0.008,24,True,-20.370618458055663,190,False,-30.72531751305067,0.3707865168539326,89,-0.2251125555024528,-0.00292856492255515,-10.015919403060657,0.43564356435643564,101,-0.18224148736965917,-0.0010519594773156532
KRW-ETH,20,2.0,20,25,45,0.015,0.008,24,False,-15.526850288110198,185,False,-21.84227466774361,0.3103448275862069,87,-0.19329612229669246,-0.0024549670124258695,-9.211425908476787,0.3673469387755102,98,-0.18890387868620084,-0.001069868882648111
KRW-ETH,20,2.0,20,25,45,0.015,0.01,12,True,-18.526439359565245,188,False,-22.882562283879363,0.4431818181818182,88,-0.22215258551796951,-0.002422335631878918,-14.170316435251127,0.45,100,-0.21188371028227643,-0.0016229609611856327
KRW-ETH,20,2.0,20,25,45,0.015,0.01,12,False,-17.852932382195736,185,False,-17.41671026017843,0.40229885057471265,87,-0.20201733523587503,-0.002034135365732989,-18.28915450421304,0.3877551020408163,98,-0.23415121533008185,-0.002157691144955701
KRW-ETH,20,2.0,20,25,45,0.015,0.01,24,True,-18.739405002565633,188,False,-24.589020840679286,0.45454545454545453,88,-0.23437064065853863,-0.00265549714315731,-12.889789164451978,0.47,100,-0.20141748701634013,-0.0014901553917440367
KRW-ETH,20,2.0,20,25,45,0.015,0.01,24,False,-16.30582315540929,182,False,-19.451799092547496,0.36470588235294116,85,-0.188602287116733,-0.002477436824482939,-13.159847218271084,0.3917525773195876,97,-0.22356887753922441,-0.0016830634072114914
KRW-ETH,20,2.0,20,25,45,0.015,0.015,12,True,-16.454709808822578,183,False,-14.696316909533817,0.5581395348837209,86,-0.17210645437715988,-0.0018611571989586336,-18.213102708111343,0.5051546391752577,97,-0.27778610851708596,-0.0025067365320848196
KRW-ETH,20,2.0,20,25,45,0.015,0.015,12,False,-13.803270812633238,180,False,-7.642467115099308,0.5238095238095238,84,-0.12250916013216769,-0.0010599043978641645,-19.96407451016717,0.4479166666666667,96,-0.3052626738420548,-0.0028614979147199133
KRW-ETH,20,2.0,20,25,45,0.015,0.015,24,True,-16.135825880384044,183,False,-16.90708325007229,0.5697674418604651,86,-0.19451570310683272,-0.0022119481504771442,-15.364568510695795,0.5567010309278351,97,-0.26772453387407463,-0.002132352333948458
KRW-ETH,20,2.0,20,25,45,0.015,0.015,24,False,-15.306660841852842,175,False,-14.433761132359445,0.4567901234567901,81,-0.15742223799923932,-0.0021832252890122035,-16.179560551346242,0.4574468085106383,94,-0.302325921224762,-0.0025021876971541243
KRW-ETH,20,2.0,20,25,45,0.02,0.008,12,True,-21.147813074551056,190,False,-29.152530323341278,0.3595505617977528,89,-0.2225697895513313,-0.0028887262710156664,-13.143095825760836,0.39603960396039606,101,-0.19347620661787773,-0.0014439151447867026
KRW-ETH,20,2.0,20,25,45,0.02,0.008,12,False,-16.600541862224425,185,False,-16.168619241599462,0.3218390804597701,87,-0.17922818386214098,-0.0019529466027446072,-17.032464482849388,0.30612244897959184,98,-0.19448814437694478,-0.002033064026290409
KRW-ETH,20,2.0,20,25,45,0.02,0.008,24,True,-21.702050684917722,190,False,-31.07872536587023,0.34831460674157305,89,-0.23737354676810282,-0.003103423211459801,-12.32537600396521,0.40594059405940597,101,-0.18709535774787184,-0.0013651346952809748
KRW-ETH,20,2.0,20,25,45,0.02,0.008,24,False,-11.139791339748328,183,False,-15.136853078969656,0.27906976744186046,86,-0.1762186868188716,-0.0019749792135177954,-7.142729600526999,0.30927835051546393,97,-0.15796203573408396,-0.0009624963969021706
KRW-ETH,20,2.0,20,25,45,0.02,0.01,12,True,-17.143906299903897,188,False,-22.91610170098207,0.42045454545454547,88,-0.23004391892283507,-0.002565442055095356,-11.37171089882572,0.44,100,-0.21812053974392714,-0.0013998107762533607
KRW-ETH,20,2.0,20,25,45,0.02,0.01,12,False,-13.32519408457461,183,False,-12.905290958841876,0.37209302325581395,86,-0.19787152639533312,-0.0016968845174102928,-13.745097210307344,0.36082474226804123,97,-0.22628814055699992,-0.0018344896137253756
KRW-ETH,20,2.0,20,25,45,0.02,0.01,24,True,-17.38733060569342,188,False,-24.562596433953743,0.4318181818181818,88,-0.2421380207727218,-0.0027986035663737484,-10.2120647774331,0.46,100,-0.20773714188138437,-0.0012670052068117644
KRW-ETH,20,2.0,20,25,45,0.02,0.01,24,False,-8.62309686432287,180,False,-12.156691100704707,0.3333333333333333,84,-0.18917991923783997,-0.0017959343669881201,-5.089502627941032,0.3645833333333333,96,-0.18845968176342,-0.0007612180330857192
KRW-ETH,20,2.0,20,25,45,0.02,0.015,12,True,-15.870551034204446,183,False,-15.774029467667592,0.5348837209302325,86,-0.18384481861490484,-0.002069459265585432,-15.967072600741302,0.4948453608247423,97,-0.27868829964542047,-0.0023265039525185134
KRW-ETH,20,2.0,20,25,45,0.02,0.015,12,False,-10.757830128784786,178,False,-5.480542557722935,0.46987951807228917,83,-0.11929171210671798,-0.0008410290982271735,-16.035117699846637,0.42105263157894735,95,-0.2934202161125088,-0.0025515115590268814
KRW-ETH,20,2.0,20,25,45,0.02,0.015,24,True,-14.990870599854073,183,False,-16.67854831643784,0.5581395348837209,86,-0.1985066924976377,-0.002266953350948246,-13.303192883270308,0.5463917525773195,97,-0.2728006120782226,-0.0019521197543821527
KRW-ETH,20,2.0,20,25,45,0.02,0.015,24,False,-9.15181944288559,173,False,-6.240568437853332,0.4375,80,-0.13073074273346208,-0.0010796624206622662,-12.063070447917848,0.41935483870967744,93,-0.277909728050035,-0.002104472866752718
KRW-ETH,20,2.0,20,25,45,0.025,0.008,12,True,-25.388136438489695,190,False,-31.861775053557622,0.34831460674157305,89,-0.24017796589433676,-0.0031456963812082723,-18.914497823421772,0.37623762376237624,101,-0.1979172594577434,-0.002025771484006873
KRW-ETH,20,2.0,20,25,45,0.025,0.008,12,False,-17.40404614738208,185,False,-16.851598596712357,0.3103448275862069,87,-0.19450684364243215,-0.002114609653485108,-17.9564936980518,0.2755102040816326,98,-0.20244913920033875,-0.002299526645073637
KRW-ETH,20,2.0,20,25,45,0.025,0.008,24,True,-25.905341890573897,190,False,-33.794634615776715,0.33707865168539325,89,-0.25464642977659646,-0.003360393321652408,-18.01604916537108,0.38613861386138615,101,-0.19157154617484268,-0.0019469910345011453
KRW-ETH,20,2.0,20,25,45,0.025,0.008,24,False,-10.896139665771296,181,False,-10.285869129302569,0.26744186046511625,86,-0.1563110726618745,-0.0015022049950499344,-11.506410202240023,0.25263157894736843,95,-0.1564825063950786,-0.0016535492615271238
KRW-ETH,20,2.0,20,25,45,0.025,0.01,12,True,-20.152004930255885,188,False,-24.64547599005254,0.4090909090909091,88,-0.24534515702399592,-0.0027912925074492453,-15.658533870459227,0.42,100,-0.2368474417689974,-0.0019275756788657361
KRW-ETH,20,2.0,20,25,45,0.025,0.01,12,False,-14.471066481541353,182,False,-14.400984591030026,0.36046511627906974,86,-0.2143902309689655,-0.0019526465244580826,-14.54114837205268,0.3333333333333333,96,-0.2162438066255438,-0.0020759837099473665
KRW-ETH,20,2.0,20,25,45,0.025,0.01,24,True,-20.359131482615,188,False,-26.260475777368395,0.42045454545454547,88,-0.2577868897403925,-0.0030244540187276386,-14.4577871878616,0.44,100,-0.22671273809058762,-0.00179477010942414
KRW-ETH,20,2.0,20,25,45,0.025,0.01,24,False,-6.997788209978913,177,False,-6.624885895067073,0.32142857142857145,84,-0.18163119236052128,-0.001097939333794844,-7.370690524890754,0.3118279569892473,93,-0.18008311306889357,-0.0011971823712021072
KRW-ETH,20,2.0,20,25,45,0.025,0.015,12,True,-17.574459756036262,183,False,-16.622085560347337,0.5232558139534884,86,-0.1965756944815251,-0.002194253298553919,-18.52683395172519,0.4845360824742268,97,-0.2943239544792047,-0.002706097381576522
KRW-ETH,20,2.0,20,25,45,0.025,0.015,12,False,-13.319071135378195,177,False,-9.446763858971675,0.4457831325301205,83,-0.17048755748805547,-0.001472190236640715,-17.191378411784715,0.39361702127659576,94,-0.29235367846815635,-0.0028562539877748376
KRW-ETH,20,2.0,20,25,45,0.025,0.015,24,True,-15.93106997606082,183,False,-16.670967464340155,0.5581395348837209,86,-0.203778309974817,-0.002285435337819128,-15.191172487781486,0.5360824742268041,97,-0.2736343089242044,-0.002251063164661087
KRW-ETH,20,2.0,20,25,45,0.025,0.015,24,False,-9.694647540815051,170,False,-5.253977483293111,0.425,80,-0.13181404710123146,-0.0009728374115073529,-14.135317598336991,0.36666666666666664,90,-0.2900341025553547,-0.0026552167328174367
KRW-ETH,20,2.0,20,25,45,0.03,0.008,12,True,-24.944714271166745,190,False,-31.06273118496451,0.34831460674157305,89,-0.23823977534333957,-0.0031158312022632755,-18.826697357368985,0.37623762376237624,101,-0.19440084483116654,-0.002028807754195374
KRW-ETH,20,2.0,20,25,45,0.03,0.008,12,False,-14.806212427106242,185,False,-14.965749906284847,0.3103448275862069,87,-0.20310981463357264,-0.0019630696837878016,-14.646674947927636,0.2755102040816326,98,-0.18036791210768627,-0.002011025780393782
KRW-ETH,20,2.0,20,25,45,0.03,0.008,24,True,-25.45381730711754,190,False,-32.97221491837864,0.33707865168539325,89,-0.25274514607842113,-0.003330528142707411,-17.93541969585644,0.38613861386138615,101,-0.18802731127751787,-0.001950027304689646
KRW-ETH,20,2.0,20,25,45,0.03,0.008,24,False,-9.587283703643134,181,False,-9.094663118163943,0.2441860465116279,86,-0.18634908189466048,-0.0014402945534378229,-10.079904289122327,0.24210526315789474,95,-0.14566745245502094,-0.0015540255200355744
KRW-ETH,20,2.0,20,25,45,0.03,0.01,12,True,-19.33653015968651,188,False,-23.263138991082485,0.4090909090909091,88,-0.24709286492447102,-0.0027043549969253265,-15.409921328290537,0.42,100,-0.23312474636299205,-0.0019125865240952444
KRW-ETH,20,2.0,20,25,45,0.03,0.01,12,False,-11.59035385364161,182,False,-12.244642484631482,0.36046511627906974,86,-0.22278083987729239,-0.0017412921365084792,-10.936065222651738,0.3333333333333333,96,-0.20645471819955286,-0.0016774619939200115
KRW-ETH,20,2.0,20,25,45,0.03,0.01,24,True,-19.543909228957475,188,False,-24.86569827640733,0.42045454545454547,88,-0.25891917008511234,-0.002937516508203719,-14.22212018150762,0.44,100,-0.22294060510566366,-0.0017797809546536484
KRW-ETH,20,2.0,20,25,45,0.03,0.01,24,False,-4.218072914054175,177,False,-3.3052987844066632,0.30952380952380953,84,-0.18999692401326995,-0.0005967399378514401,-5.130847043701686,0.3010752688172043,93,-0.15693961785772612,-0.0009022602696784788
KRW-ETH,20,2.0,20,25,45,0.03,0.015,12,True,-16.975304742099397,183,False,-15.64122554428693,0.5232558139534884,86,-0.19452628116169357,-0.0021052939854596764,-18.309383939911864,0.4845360824742268,97,-0.29088163230593256,-0.002690644644699726
KRW-ETH,20,2.0,20,25,45,0.03,0.015,12,False,-11.173228930009136,177,False,-8.410614635730798,0.4457831325301205,83,-0.17253125176400458,-0.0013486755560174729,-13.935843224287474,0.39361702127659576,94,-0.28351519977495915,-0.0024492530863000927
KRW-ETH,20,2.0,20,25,45,0.03,0.015,24,True,-15.366662546713629,183,False,-15.73476555033047,0.5581395348837209,86,-0.2017472694326425,-0.0021964760247248855,-14.998559543096787,0.5360824742268041,97,-0.27363430892420487,-0.0022356104277842914
KRW-ETH,20,2.0,20,25,45,0.03,0.015,24,False,-8.146455213745025,168,False,-6.162942626303647,0.38461538461538464,78,-0.18041127977843302,-0.0012195811628425187,-10.129967801186401,0.36666666666666664,90,-0.2736810520739834,-0.0020401786033688984
KRW-ETH,20,2.0,20,25,50,0.015,0.008,12,True,-21.258812201463932,191,False,-31.975008240395802,0.3707865168539326,89,-0.2279706671545967,-0.002971907307953711,-10.542616162532065,0.43137254901960786,102,-0.18649768901370808,-0.0010934798108764023
KRW-ETH,20,2.0,20,25,50,0.015,0.008,12,False,-19.06732943757033,188,False,-22.833849317206983,0.3409090909090909,88,-0.19938284512370918,-0.0024171212272573604,-15.300809557933675,0.36,100,-0.2135889396369109,-0.0016463461099046372
KRW-ETH,20,2.0,20,25,50,0.015,0.008,24,True,-21.849695376155218,191,False,-33.99407746727373,0.3595505617977528,89,-0.24267158133835795,-0.003186604248397847,-9.705313285036702,0.4411764705882353,102,-0.18006162929123345,-0.0010154717187187696
KRW-ETH,20,2.0,20,25,50,0.015,0.008,24,False,-17.211840189239705,186,False,-24.459672456175532,0.2988505747126437,87,-0.21157611164366383,-0.002718938276793686,-9.964007922303878,0.36363636363636365,99,-0.19659955868522608,-0.0011549005100961116
KRW-ETH,20,2.0,20,25,50,0.015,0.01,12,True,-20.360831436702828,188,False,-25.829318549496506,0.4318181818181818,88,-0.24131138883033493,-0.0027060004046061906,-14.89234432390915,0.45,100,-0.21881212264640248,-0.001710764897617022
KRW-ETH,20,2.0,20,25,50,0.015,0.01,12,False,-19.600939976205574,185,False,-20.026640228496486,0.39080459770114945,87,-0.22167208067341487,-0.002321060653089311,-19.175239723914665,0.37755102040816324,98,-0.2424253981725114,-0.00226797620460155
KRW-ETH,20,2.0,20,25,50,0.015,0.01,24,True,-20.87442506262078,188,False,-27.5069277140781,0.4431818181818182,88,-0.25322850665217034,-0.002939161915884583,-14.241922411163465,0.46,100,-0.21421915605151987,-0.001651166643616236
KRW-ETH,20,2.0,20,25,50,0.015,0.01,24,False,-18.585701883885744,182,False,-21.92227746616924,0.35294117647058826,85,-0.20858745245868557,-0.002771113295071175,-15.249126301602246,0.38144329896907214,97,-0.24269279681165704,-0.0019404087680362332
KRW-ETH,20,2.0,20,25,50,0.015,0.015,12,True,-17.247006867961773,183,False,-15.668888601132027,0.5581395348837209,86,-0.1796099734062437,-0.0019679657815271094,-18.82512513479152,0.5051546391752577,97,-0.2839731207733391,-0.0025949492175385805
KRW-ETH,20,2.0,20,25,50,0.015,0.015,12,False,-14.623683464577443,180,False,-8.539122946802799,0.5238095238095238,84,-0.13097379173575074,-0.0011762902780603976,-20.708243982352087,0.4375,96,-0.31261300916940005,-0.0029717497135862574
KRW-ETH,20,2.0,20,25,50,0.015,0.015,24,True,-16.70510817791623,183,False,-17.86594922294245,0.5697674418604651,86,-0.20181611845772068,-0.00231875673304562,-15.544267132890006,0.5567010309278351,97,-0.26940201903599387,-0.0021560425224798757
KRW-ETH,20,2.0,20,25,50,0.015,0.015,24,False,-16.54267389581789,175,False,-16.905787240289534,0.4444444444444444,81,-0.18232601421601038,-0.002553040103827021,-16.179560551346245,0.4574468085106383,94,-0.30232592122476176,-0.0025021876971541247
KRW-ETH,20,2.0,20,25,50,0.02,0.008,12,True,-23.037488717588268,191,False,-33.25093618657615,0.34831460674157305,89,-0.2439110110146283,-0.003202861102476339,-12.824041248600391,0.4019607843137255,102,-0.19132629637018,-0.0014035846835675535
KRW-ETH,20,2.0,20,25,50,0.02,0.008,12,False,-18.294344937846475,186,False,-19.149867879615016,0.3103448275862069,87,-0.20175917489337608,-0.0022743029245836854,-17.438821996077934,0.30303030303030304,99,-0.1997729695283482,-0.002078456747691526
KRW-ETH,20,2.0,20,25,50,0.02,0.008,24,True,-23.617148565307488,191,False,-35.220489505718426,0.33707865168539325,89,-0.2583083905823122,-0.0034175580429204747,-12.01380762489655,0.4117647058823529,102,-0.18492843838960907,-0.001325576591409921
KRW-ETH,20,2.0,20,25,50,0.02,0.008,24,False,-12.849516991898177,184,False,-17.888855153893193,0.26744186046511625,86,-0.1988322914944316,-0.0023000722367736083,-7.810178829903164,0.30612244897959184,98,-0.16595129193903901,-0.001049491331627657
KRW-ETH,20,2.0,20,25,50,0.02,0.01,12,True,-19.262484288799186,188,False,-26.47298857865625,0.4090909090909091,88,-0.25268968601333974,-0.002905839782368082,-12.051979998942127,0.44,100,-0.22499412349085673,-0.0014876147126847504
KRW-ETH,20,2.0,20,25,50,0.02,0.01,12,False,-15.148608562524409,183,False,-15.749809739418593,0.36046511627906974,86,-0.2214635403248818,-0.0020451984708986636,-14.547407385630224,0.35051546391752575,97,-0.23464727557233706,-0.0019459116327490168
KRW-ETH,20,2.0,20,25,50,0.02,0.01,24,True,-19.788664544023444,188,False,-28.098985232276178,0.42045454545454547,88,-0.26442807898528903,-0.003139001293646475,-11.478343855770708,0.45,100,-0.22043750375207768,-0.001428016458683964
KRW-ETH,20,2.0,20,25,50,0.02,0.01,24,False,-10.974058848691225,180,False,-14.721452100826907,0.32142857142857145,84,-0.21302756867202108,-0.002152541509845262,-7.226665596555545,0.3541666666666667,96,-0.2123285146527313,-0.00107324928308572
KRW-ETH,20,2.0,20,25,50,0.02,0.015,12,True,-16.918394858863582,183,False,-17.288386263092566,0.5348837209302325,86,-0.19520644856759423,-0.002234320173735302,-16.5484034546346,0.4948453608247423,97,-0.28486758307281235,-0.0024147166379722747
KRW-ETH,20,2.0,20,25,50,0.02,0.015,12,False,-11.713055486809086,178,False,-6.709982867415035,0.46987951807228917,83,-0.13206293257177215,-0.00101896782035348,-16.716128106203136,0.4105263157894737,95,-0.30089584488837734,-0.0026629239031444505
KRW-ETH,20,2.0,20,25,50,0.02,0.015,24,True,-15.809201949357107,183,False,-18.147096932031243,0.5581395348837209,86,-0.20966421569554872,-0.002431814259098116,-13.471306966682972,0.5463917525773195,97,-0.27446646903974115,-0.0019758099429135704
KRW-ETH,20,2.0,20,25,50,0.02,0.015,24,False,-10.431172102795173,173,False,-8.799273757672495,0.425,80,-0.13851625257269176,-0.0015165061706622679,-12.063070447917854,0.41935483870967744,93,-0.277909728050035,-0.0021044728667527187
KRW-ETH,20,2.0,20,25,50,0.025,0.008,12,True,-27.93444975146421,191,False,-37.320467462955676,0.33707865168539325,89,-0.2646405289435924,-0.003515926718286924,-18.548432039972745,0.38235294117647056,102,-0.19577918750308676,-0.0019797365488738016
KRW-ETH,20,2.0,20,25,50,0.025,0.008,12,False,-19.362197172955536,186,False,-20.397005659719486,0.2988505747126437,87,-0.22043979404223668,-0.002493351032795453,-18.327388686191586,0.2727272727272727,99,-0.20768173362989875,-0.0023422278248708835
KRW-ETH,20,2.0,20,25,50,0.025,0.008,24,True,-28.494727764481134,191,False,-39.33044988902654,0.3258426966292135,89,-0.27864317886671525,-0.0037306236587310595,-17.659005639935728,0.39215686274509803,102,-0.18941655876880314,-0.0019017284567161689
KRW-ETH,20,2.0,20,25,50,0.025,0.008,24,False,-12.63087434391812,182,False,-13.145463015840376,0.2558139534883721,86,-0.18347374056641907,-0.001885350343887143,-12.116285671995861,0.25,96,-0.16448580037440202,-0.0017351581233862165
KRW-ETH,20,2.0,20,25,50,0.025,0.01,12,True,-22.711434814603972,188,False,-29.090135171540606,0.3977272727272727,88,-0.27111385897927404,-0.003188423189267427,-16.33273445766734,0.42,100,-0.24355639537031887,-0.002015379615297125
KRW-ETH,20,2.0,20,25,50,0.025,0.01,12,False,-16.534384667352413,182,False,-17.7669284494159,0.3488372093023256,86,-0.2412159303992934,-0.0023590128035278503,-15.301840885288922,0.3229166666666667,96,-0.22471146000265477,-0.0021885663750025037
KRW-ETH,20,2.0,20,25,50,0.025,0.01,24,True,-23.20611787778261,188,False,-30.690606970823367,0.4090909090909091,88,-0.2831307520419398,-0.00342158470054582,-15.721628784741851,0.43,100,-0.23910891185489747,-0.0019557813612963394
KRW-ETH,20,2.0,20,25,50,0.025,0.01,24,False,-9.527601746839867,177,False,-9.252706928562617,0.30952380952380953,84,-0.20957549310918616,-0.0015139810004615104,-9.802496565117117,0.3010752688172043,93,-0.20808027506166302,-0.001572961941094579
KRW-ETH,20,2.0,20,25,50,0.025,0.015,12,True,-18.932952334749263,183,False,-18.759389351521794,0.5232558139534884,86,-0.21162468382908026,-0.002417166532285185,-19.106515317976733,0.4845360824742268,97,-0.30036929145495334,-0.002794310067030283
KRW-ETH,20,2.0,20,25,50,0.025,0.015,12,False,-14.50921021699537,177,False,-11.165773906405972,0.4457831325301205,83,-0.1865041079155913,-0.001710279561176661,-17.852646527584767,0.3829787234042553,94,-0.2998405912344338,-0.0029688515695957853
KRW-ETH,20,2.0,20,25,50,0.025,0.015,24,True,-17.036536456665416,183,False,-18.71400361502872,0.5581395348837209,86,-0.21869238669514793,-0.002508348571550394,-15.359069298302112,0.5360824742268041,97,-0.27529825606605385,-0.002274753353192505
KRW-ETH,20,2.0,20,25,50,0.025,0.015,24,False,-11.074317719040135,170,False,-8.0133178397433,0.4125,80,-0.16569447453142783,-0.0014720874115073555,-14.135317598336972,0.36666666666666664,90,-0.29003410255535433,-0.002655216732817434
KRW-ETH,20,2.0,20,25,50,0.03,0.008,12,True,-26.575042649244423,191,False,-34.68708025623689,0.33707865168539325,89,-0.2574487920583056,-0.003403735707050966,-18.463005042251954,0.38235294117647056,102,-0.19225339934543312,-0.0019827430517075128
KRW-ETH,20,2.0,20,25,50,0.03,0.008,12,False,-15.779086485810494,186,False,-16.54385101337944,0.2988505747126437,87,-0.21706280195571379,-0.0021659690830055033,-15.014321958241545,0.2727272727272727,99,-0.185745377681598,-0.0020566411103393094
KRW-ETH,20,2.0,20,25,50,0.03,0.008,24,True,-27.107145946078937,191,False,-36.63366453717092,0.3258426966292135,89,-0.27158838639828464,-0.0036184326474951022,-17.580627354986955,0.39215686274509803,102,-0.18586287618129435,-0.0019047349595498802
KRW-ETH,20,2.0,20,25,50,0.03,0.008,24,False,-9.87479797824803,182,False,-9.094663118163933,0.2441860465116279,86,-0.18634908189466048,-0.0014402945534378213,-10.654932838332128,0.23958333333333334,96,-0.15377335966612832,-0.0016366710875352047
KRW-ETH,20,2.0,20,25,50,0.03,0.01,12,True,-21.203500521455126,188,False,-26.327628219823314,0.3977272727272727,88,-0.26755831682795367,-0.0030182243256310594,-16.079372823086935,0.42,100,-0.2398664265672472,-0.0020003904605266336
KRW-ETH,20,2.0,20,25,50,0.03,0.01,12,False,-12.75194709081736,182,False,-13.854782571947828,0.3488372093023256,86,-0.2379289388637605,-0.0019697717612984804,-11.649111609686894,0.3229166666666667,96,-0.2150281322818044,-0.0017900446589751492
KRW-ETH,20,2.0,20,25,50,0.03,0.01,24,True,-21.69501678833471,188,False,-27.9137012451738,0.4090909090909091,88,-0.27906316045876506,-0.0032513858369094513,-15.476332331495616,0.43,100,-0.2353972480102872,-0.0019407922065258476
KRW-ETH,20,2.0,20,25,50,0.03,0.01,24,False,-7.06225725654639,177,False,-5.320460975886439,0.2976190476190476,84,-0.2139469049532128,-0.0009552961636760261,-8.804053537206341,0.2903225806451613,93,-0.202196736269474,-0.0015025442422259563
KRW-ETH,20,2.0,20,25,50,0.03,0.015,12,True,-17.866147324960657,183,False,-16.846456236964265,0.5232558139534884,86,-0.2039144576554627,-0.002243009555540994,-18.88583841295705,0.4845360824742268,97,-0.29695645873034376,-0.0027788573301534883
KRW-ETH,20,2.0,20,25,50,0.03,0.015,12,False,-11.661654553720599,177,False,-8.761253029201407,0.4457831325301205,83,-0.1761944711325292,-0.0014024485881671553,-14.56205607823979,0.3829787234042553,94,-0.2910956238292192,-0.0025618506681210403
KRW-ETH,20,2.0,20,25,50,0.03,0.015,24,True,-16.02876932197338,183,False,-16.89224062986438,0.5581395348837209,86,-0.21105128189875796,-0.0023341915948062036,-15.165298014082376,0.5360824742268041,97,-0.2752982560660541,-0.0022593006163157095
KRW-ETH,20,2.0,20,25,50,0.03,0.015,24,False,-8.010586292330391,169,False,-4.8888445937108544,0.3924050632911392,79,-0.1651392906170897,-0.0009682735156006481,-11.132327990949928,0.36666666666666664,90,-0.2849004055661686,-0.00221669426389018
KRW-ETH,20,2.0,20,30,40,0.015,0.008,12,True,-19.258898690050184,136,False,-12.36762070998738,0.4264705882352941,68,-0.13982182880522662,-0.0012584226813723027,-26.15017667011299,0.3382352941176471,68,-0.19086429614873787,-0.0026487326860517376
KRW-ETH,20,2.0,20,30,40,0.015,0.008,12,False,-17.923956352233994,133,False,-3.9406323080748247,0.40298507462686567,67,-0.12296764358775625,-0.0004509867314094684,-31.907280396393162,0.2878787878787879,66,-0.20548272462514686,-0.003263482587548217
KRW-ETH,20,2.0,20,30,40,0.015,0.008,24,True,-18.508832621789107,136,False,-11.290975030100102,0.4411764705882353,68,-0.13621557174891014,-0.001170042750050422,-25.726690213478115,0.3382352941176471,68,-0.1900799141010826,-0.0026335609179180845
KRW-ETH,20,2.0,20,30,40,0.015,0.008,24,False,-16.958135476881708,132,False,-5.110275278257788,0.3939393939393939,66,-0.11817159357520272,-0.0006037612138704012,-28.80599567550563,0.2727272727272727,66,-0.21793429986505927,-0.003138907546643908
KRW-ETH,20,2.0,20,30,40,0.015,0.01,12,True,-22.559208610731737,136,False,-12.529321198865187,0.47058823529411764,68,-0.14610142382717967,-0.0013867122654013676,-32.58909602259829,0.35294117647058826,68,-0.2398941681663785,-0.0036352882842387683
KRW-ETH,20,2.0,20,30,40,0.015,0.01,12,False,-21.859652188433984,133,False,-5.089273505825059,0.44776119402985076,67,-0.12893280149819927,-0.0006234004286117902,-38.630030871042905,0.30303030303030304,66,-0.2595165149329937,-0.004329292918265042
KRW-ETH,20,2.0,20,30,40,0.015,0.01,24,True,-22.800217672278727,136,False,-13.231845448163067,0.4852941176470588,68,-0.1530524409618513,-0.0015078945914360647,-32.36858989639439,0.35294117647058826,68,-0.2406912730580733,-0.0036494841631639387
KRW-ETH,20,2.0,20,30,40,0.015,0.01,24,False,-19.970328583656077,132,False,-5.195042388975278,0.4393939393939394,66,-0.12463074032944371,-0.0006794051532643206,-34.74561477833688,0.2878787878787879,66,-0.2657567712527693,-0.0041827939102802554
KRW-ETH,20,2.0,20,30,40,0.015,0.015,12,True,-23.535452085277143,134,False,-15.687763501172192,0.5223880597014925,67,-0.17842289529010275,-0.0020682667665693814,-31.38314066938209,0.44776119402985076,67,-0.26159419483639607,-0.004349257878335559
KRW-ETH,20,2.0,20,30,40,0.015,0.015,12,False,-21.6899035185439,131,False,-8.853295457284853,0.5,66,-0.15953057083334615,-0.0012657372289435244,-34.52651157980295,0.4,65,-0.2817348534433186,-0.0049272180554957665
KRW-ETH,20,2.0,20,30,40,0.015,0.015,24,True,-23.182794720391502,134,False,-16.77405481677993,0.5522388059701493,67,-0.187039334903731,-0.0022989594897709323,-29.591534624003074,0.4626865671641791,67,-0.2599856218667711,-0.004122017753240619
KRW-ETH,20,2.0,20,30,40,0.015,0.015,24,False,-20.742259866979182,129,False,-9.554896095906408,0.5076923076923077,65,-0.15872228783054051,-0.0014831221307751246,-31.929623638051957,0.375,64,-0.30829907224477726,-0.004900293180523164
KRW-ETH,20,2.0,20,30,40,0.02,0.008,12,True,-21.06812713981165,136,False,-15.544664816513247,0.39705882352941174,68,-0.15535222578201782,-0.0016369193561388794,-26.591589463110054,0.3088235294117647,68,-0.19416135996273087,-0.002861773089616732
KRW-ETH,20,2.0,20,30,40,0.02,0.008,12,False,-19.228129658467047,131,False,-3.5790418285305603,0.36363636363636365,66,-0.13414009189708892,-0.00045627136339776203,-34.87721748840353,0.23076923076923078,65,-0.21881404454828599,-0.0038372439393183563
KRW-ETH,20,2.0,20,30,40,0.02,0.008,24,True,-20.458595401508994,136,False,-14.714487590743685,0.4117647058823529,68,-0.15181107919416054,-0.001571547194464064,-26.202703212274304,0.3088235294117647,68,-0.19338017411276334,-0.0028466013214830787
KRW-ETH,20,2.0,20,30,40,0.02,0.008,24,False,-16.124545751755562,129,False,-4.671895429754695,0.328125,64,-0.14961497630133322,-0.0006381600018038105,-27.57719607375643,0.2153846153846154,65,-0.2078831162250668,-0.0033791830473614737
KRW-ETH,20,2.0,20,30,40,0.02,0.01,12,True,-22.192115186471373,136,False,-15.62421023062706,0.4411764705882353,68,-0.16320893060007913,-0.0017949659626757793,-28.760020142315685,0.3382352941176471,68,-0.24868008187191412,-0.003466549276039056
KRW-ETH,20,2.0,20,30,40,0.02,0.01,12,False,-20.50689717665362,131,False,-3.9537573446150223,0.4090909090909091,66,-0.13598490766784735,-0.0005372004990180316,-37.06003700869222,0.26153846153846155,65,-0.2585161295059342,-0.004550774428969286
KRW-ETH,20,2.0,20,30,40,0.02,0.01,24,True,-22.54632769672806,136,False,-16.478898186666406,0.45588235294117646,68,-0.17002068696534756,-0.0019391560583575417,-28.613757206789714,0.3382352941176471,68,-0.24946797318505254,-0.003480745154964226
KRW-ETH,20,2.0,20,30,40,0.02,0.01,24,False,-17.792282382685116,129,False,-4.745971335067036,0.375,64,-0.1533957158638923,-0.0007125092954056785,-30.838593430303195,0.24615384615384617,65,-0.25174262319093305,-0.0041654873654648275
KRW-ETH,20,2.0,20,30,40,0.02,0.015,12,True,-23.222615736455907,134,False,-17.477115372934065,0.5074626865671642,67,-0.17455161363222865,-0.0023611078088997643,-28.968116099977752,0.43283582089552236,67,-0.2726168390690915,-0.004250126620391009
KRW-ETH,20,2.0,20,30,40,0.02,0.015,12,False,-21.11418173743351,129,False,-7.993791889383132,0.4461538461538462,65,-0.1631018607682216,-0.0012523190492570526,-34.234571585483884,0.359375,64,-0.28316831521218255,-0.0052679883256060355
KRW-ETH,20,2.0,20,30,40,0.02,0.015,24,True,-22.998942218091393,134,False,-18.700406552893067,0.5373134328358209,67,-0.1832086540177645,-0.0026151517012953525,-27.29747788328972,0.44776119402985076,67,-0.27148023760071655,-0.004022886495296067
KRW-ETH,20,2.0,20,30,40,0.02,0.015,24,False,-21.959417398737955,126,False,-7.742444359092209,0.4603174603174603,63,-0.1787395794077843,-0.0013573527364704294,-36.1763904383837,0.30158730158730157,63,-0.3359967301171,-0.005982030900090549
KRW-ETH,20,2.0,20,30,40,0.025,0.008,12,True,-25.73077836382062,136,False,-19.782581053518904,0.38235294117647056,68,-0.17451186387462092,-0.0020466670003615565,-31.67897567412233,0.29411764705882354,68,-0.21530847157899158,-0.003325874994674822
KRW-ETH,20,2.0,20,30,40,0.025,0.008,12,False,-20.658059835929443,131,False,-4.792694067586829,0.3484848484848485,66,-0.14970911218729646,-0.0006423610013454555,-36.523425604272056,0.2,65,-0.23771519802950924,-0.004207604393827942
KRW-ETH,20,2.0,20,30,40,0.025,0.008,24,True,-25.044604455891143,136,False,-18.867323471373588,0.39705882352941174,68,-0.17105104318014464,-0.0019812948386867413,-31.2218854404087,0.29411764705882354,68,-0.21454778589312873,-0.003310703226541169
KRW-ETH,20,2.0,20,30,40,0.025,0.008,24,False,-17.4939726228015,129,False,-1.1338583693027413,0.3125,64,-0.14961497630133305,-0.00017275467949849432,-33.85408687630026,0.15384615384615385,65,-0.23997856086137984,-0.004289244473846645
KRW-ETH,20,2.0,20,30,40,0.025,0.01,12,True,-26.066312370139798,136,False,-19.705557596216,0.4264705882352941,68,-0.18383916025224,-0.00223408125395728,-32.42706714406359,0.3235294117647059,68,-0.27029760458592317,-0.003886599710508912
KRW-ETH,20,2.0,20,30,40,0.025,0.01,12,False,-21.746048024325333,130,False,-6.546116986766733,0.3939393939393939,66,-0.15417505963537428,-0.0009190984277488465,-36.94597906188393,0.234375,64,-0.2709986648214465,-0.004802972928533234
KRW-ETH,20,2.0,20,30,40,0.025,0.01,24,True,-26.36198158032495,136,False,-20.47785319192632,0.4411764705882353,68,-0.1904829797175,-0.002378271349639043,-32.24610996872358,0.3235294117647059,68,-0.27106282611759236,-0.003900795589434081
KRW-ETH,20,2.0,20,30,40,0.025,0.01,24,False,-18.04575861807253,128,False,-0.7317632611864702,0.359375,64,-0.14924569486322511,-0.00012229147310036765,-35.359753974958586,0.1875,64,-0.2835892296579125,-0.004991002679324226
KRW-ETH,20,2.0,20,30,40,0.025,0.015,12,True,-24.900275092187034,134,False,-20.06382857277171,0.4925373134328358,67,-0.1874560324921826,-0.002670321045247371,-29.73672161160236,0.43283582089552236,67,-0.2785745853652162,-0.004363783365187122
KRW-ETH,20,2.0,20,30,40,0.025,0.015,12,False,-21.955699285183307,128,False,-8.827453730858254,0.4307692307692308,65,-0.1678943706696279,-0.0014226299773244637,-35.08394483950836,0.3333333333333333,63,-0.29609873866915876,-0.0055316510397080175
KRW-ETH,20,2.0,20,30,40,0.025,0.015,24,True,-23.560689176270984,134,False,-20.141442377095654,0.5373134328358209,67,-0.1886094318957851,-0.002787904699368421,-26.979935975446313,0.44776119402985076,67,-0.27184771732574553,-0.0040197812726060584
KRW-ETH,20,2.0,20,30,40,0.025,0.015,24,False,-21.170493904495142,124,False,-3.9165014179367605,0.4603174603174603,63,-0.1895671721709393,-0.000741428945851756,-38.42448639105353,0.2459016393442623,61,-0.3539643471688437,-0.006705867859462975
KRW-ETH,20,2.0,20,30,40,0.03,0.008,12,True,-25.22666648091105,136,False,-17.609149706355314,0.38235294117647056,68,-0.17048509247888782,-0.001899828765067436,-32.84418325546679,0.29411764705882354,68,-0.21381627695206856,-0.0034038038665724505
KRW-ETH,20,2.0,20,30,40,0.03,0.008,12,False,-17.47732439199857,131,False,-6.019953509487628,0.3333333333333333,66,-0.1786591903541214,-0.0008327930995790962,-28.934695274509515,0.2,65,-0.2140025506016564,-0.00372412870414479
KRW-ETH,20,2.0,20,30,40,0.03,0.008,24,True,-24.568940650650333,136,False,-16.772984907248752,0.39705882352941174,68,-0.1670073897322428,-0.0018344566033926203,-32.36489639405191,0.29411764705882354,68,-0.21305414472186004,-0.0033886320984387974
KRW-ETH,20,2.0,20,30,40,0.03,0.008,24,False,-13.570499103979175,129,False,1.0933961582066622,0.296875,64,-0.14961497630133302,0.00018199868569951816,-28.234394366165013,0.15384615384615385,65,-0.22094079205546513,-0.0038973967727201973
KRW-ETH,20,2.0,20,30,40,0.03,0.01,12,True,-25.431207072711445,136,False,-17.770260078330725,0.4264705882352941,68,-0.1798578878632266,-0.0020872430186631595,-33.09215406709217,0.3235294117647059,68,-0.26673808070585475,-0.003944068570916215
KRW-ETH,20,2.0,20,30,40,0.03,0.01,12,False,-18.59914136329978,130,False,-7.8766195718711485,0.3787878787878788,66,-0.18462031619575658,-0.0011397881017400633,-29.321663154728412,0.234375,64,-0.25457175791042225,-0.004233935118698781
KRW-ETH,20,2.0,20,30,40,0.03,0.01,24,True,-25.737397146138402,136,False,-18.57225033446725,0.4411764705882353,68,-0.18653411620392663,-0.0022314331143449217,-32.902543957809556,0.3235294117647059,68,-0.26750703502548245,-0.003958264449841385
KRW-ETH,20,2.0,20,30,40,0.03,0.01,24,False,-14.115809762469027,128,False,1.1718828632315668,0.34375,64,-0.15063741938210776,0.00021167639696231087,-29.40350238816962,0.1875,64,-0.2623637315254258,-0.0045150245453676775
KRW-ETH,20,2.0,20,30,40,0.03,0.015,12,True,-24.34921127348313,134,False,-18.444972795568937,0.4925373134328358,67,-0.1834924033823886,-0.002521291194501099,-30.253449751397326,0.43283582089552236,67,-0.27505543700114354,-0.004422109969779609
KRW-ETH,20,2.0,20,30,40,0.03,0.015,12,False,-19.580179082454684,128,False,-10.055904192690441,0.4153846153846154,65,-0.19079675312266886,-0.001634992327193486,-29.104453972218927,0.3333333333333333,63,-0.2812317242725523,-0.004953580883685716
KRW-ETH,20,2.0,20,30,40,0.03,0.015,24,True,-23.03539595052841,134,False,-18.597163184719076,0.5373134328358209,67,-0.1846514291245455,-0.00263887484862215,-27.473628716337743,0.44776119402985076,67,-0.2682957549712367,-0.004078107877198545
KRW-ETH,20,2.0,20,30,40,0.03,0.015,24,False,-16.14952022190725,124,False,-0.31099590956480855,0.4603174603174603,63,-0.18561384130348066,-6.293384911290061e-05,-31.98804453424969,0.2459016393442623,61,-0.33157913006206735,-0.00604279244022987
KRW-ETH,20,2.0,20,30,45,0.015,0.008,12,True,-18.09916264110385,177,False,-24.189587075190445,0.40476190476190477,84,-0.1870786652957292,-0.0023106458381890577,-12.008738207017254,0.43010752688172044,93,-0.1718163014160295,-0.0012387591545628888
KRW-ETH,20,2.0,20,30,45,0.015,0.008,12,False,-15.660669088373647,173,False,-15.810313292512044,0.37349397590361444,83,-0.16505132684031437,-0.0017144719035981722,-15.51102488423525,0.36666666666666664,90,-0.18422082410907742,-0.0016624392923427986
KRW-ETH,20,2.0,20,30,45,0.015,0.008,24,True,-19.05557135207691,177,False,-26.296727017535122,0.39285714285714285,84,-0.19802024857981188,-0.0025381223584215345,-11.814415686618702,0.43010752688172044,93,-0.17101345410347313,-0.0012276658187232283
KRW-ETH,20,2.0,20,30,45,0.015,0.008,24,False,-14.086293907977083,172,False,-17.74458558664967,0.32926829268292684,82,-0.1619398716655611,-0.0020261235375737957,-10.428002229304498,0.35555555555555557,90,-0.17474767268783906,-0.001212146456243673
KRW-ETH,20,2.0,20,30,45,0.015,0.01,12,True,-17.269555917133474,177,False,-18.750823732916206,0.4642857142857143,84,-0.20397284183635478,-0.0019907801857779192,-15.788288101350737,0.45161290322580644,93,-0.21216288722187285,-0.0017934727406876602
KRW-ETH,20,2.0,20,30,45,0.015,0.01,12,False,-16.39939637025022,173,False,-13.446972733568673,0.42168674698795183,83,-0.18336699323088881,-0.0015786720098647047,-19.351820006931764,0.3888888888888889,90,-0.2255276898990428,-0.0022718400107894217
KRW-ETH,20,2.0,20,30,45,0.015,0.01,24,True,-17.83139756953153,177,False,-20.597624615087632,0.47619047619047616,84,-0.2164764556952631,-0.002235044626164806,-15.065170523975427,0.46236559139784944,93,-0.207198776113171,-0.0017251349796428275
KRW-ETH,20,2.0,20,30,45,0.015,0.01,24,False,-14.209723014109018,171,False,-15.803636442413412,0.38271604938271603,81,-0.16963841043676878,-0.002032618889889509,-12.615809585804625,0.3888888888888889,90,-0.20682261415768538,-0.0016226409006881166
KRW-ETH,20,2.0,20,30,45,0.015,0.015,12,True,-18.914166345987816,174,False,-15.629063091471856,0.5609756097560976,82,-0.18623097105279515,-0.001963605668028101,-22.199269600503772,0.5,92,-0.28633362895232195,-0.0030584668277651357
KRW-ETH,20,2.0,20,30,45,0.015,0.015,12,False,-15.529821524416128,170,False,-8.128383289948212,0.525,80,-0.1356878957602586,-0.0011248514386056456,-22.931259758884043,0.4444444444444444,90,-0.30198343667603106,-0.003293908937280851
KRW-ETH,20,2.0,20,30,45,0.015,0.015,24,True,-19.22310913673558,174,False,-18.41567791829745,0.573170731707317,82,-0.21267674728241265,-0.0023993017312836052,-20.03054035517371,0.532608695652174,92,-0.28137509589364046,-0.002779088942301497
KRW-ETH,20,2.0,20,30,45,0.015,0.015,24,False,-16.744618033551788,166,False,-15.691870959401818,0.45454545454545453,77,-0.17641961884959112,-0.0023812525900546713,-17.797365107701758,0.449438202247191,89,-0.2918875930623017,-0.002775347782991713
KRW-ETH,20,2.0,20,30,45,0.02,0.008,12,True,-18.803165109483416,177,False,-24.847856562782347,0.38095238095238093,84,-0.19370022244984608,-0.002495912358576129,-12.758473656184487,0.40860215053763443,93,-0.17673205131063546,-0.0013931780996071085
KRW-ETH,20,2.0,20,30,45,0.02,0.008,12,False,-14.471461872516969,171,False,-12.170157638718761,0.34146341463414637,82,-0.16342871713906404,-0.0014934921273022119,-16.772766106315178,0.3146067415730337,89,-0.16988890372116563,-0.0019974341948522435
KRW-ETH,20,2.0,20,30,45,0.02,0.008,24,True,-19.722915264388664,177,False,-26.87161025502278,0.36904761904761907,84,-0.2084759158527914,-0.002723388878808606,-12.57422027375455,0.40860215053763443,93,-0.17593396936184924,-0.001382084763767448
KRW-ETH,20,2.0,20,30,45,0.02,0.008,24,False,-9.197294833987598,170,False,-11.37432495996793,0.2962962962962963,81,-0.15037058253669175,-0.0015112124983028517,-7.020264708007266,0.30337078651685395,89,-0.14326579620419727,-0.0009508728209205249
KRW-ETH,20,2.0,20,30,45,0.02,0.01,12,True,-16.13154922652576,177,False,-19.013346470849257,0.44047619047619047,84,-0.21204861040926914,-0.0021407012005760923,-13.249751982202262,0.44086021505376344,93,-0.21841811007592835,-0.0016150583523985439
KRW-ETH,20,2.0,20,30,45,0.02,0.01,12,False,-12.009225698991488,171,False,-9.198801829356398,0.3902439024390244,82,-0.17912428911156816,-0.001219415469479093,-14.819649568626577,0.3595505617977528,89,-0.21351033233407501,-0.0019741933483375888
KRW-ETH,20,2.0,20,30,45,0.02,0.01,24,True,-16.691918832436198,177,False,-20.7818816543077,0.4523809523809524,84,-0.22442537395809203,-0.00238496564096298,-12.601956010564697,0.45161290322580644,93,-0.21349341272516495,-0.0015467205913537105
KRW-ETH,20,2.0,20,30,45,0.02,0.01,24,False,-6.847414526659609,169,False,-8.771828854713027,0.35,80,-0.17022954289702727,-0.0013114810853375315,-4.923000198606191,0.3595505617977528,89,-0.17095617434236904,-0.0007398029408836547
KRW-ETH,20,2.0,20,30,45,0.02,0.015,12,True,-17.76987100405771,174,False,-15.38954021916956,0.5487804878048781,82,-0.18692694704654217,-0.002017904005400324,-20.15020178894586,0.4891304347826087,92,-0.2916912311011798,-0.0029306398730304366
KRW-ETH,20,2.0,20,30,45,0.02,0.015,12,False,-11.637104682034648,168,False,-4.341138934815606,0.4810126582278481,79,-0.1211944317262241,-0.0006726592865848389,-18.93307042925369,0.4157303370786517,89,-0.2863961190971401,-0.003021207296123745
KRW-ETH,20,2.0,20,30,45,0.02,0.015,24,True,-18.108915279252663,174,False,-18.099501926818352,0.5609756097560976,82,-0.21635422860809328,-0.002453600068655828,-18.118328631686975,0.5217391304347826,92,-0.28637536074829945,-0.0026512619875667985
KRW-ETH,20,2.0,20,30,45,0.02,0.015,24,False,-10.95497687340534,164,False,-7.817395561242276,0.4342105263157895,76,-0.14309968520499308,-0.001353594666805301,-14.092558185568402,0.4090909090909091,88,-0.2671060943035077,-0.0024716055200202035
KRW-ETH,20,2.0,20,30,45,0.025,0.008,12,True,-21.781074355255793,177,False,-27.629167599204592,0.36904761904761907,84,-0.21138660072485452,-0.0027681783086611527,-15.932981111306992,0.3978494623655914,93,-0.17767588584022992,-0.0017244629411257873
KRW-ETH,20,2.0,20,30,45,0.025,0.008,12,False,-14.376911725109974,171,False,-13.039417150887862,0.32926829268292684,82,-0.17900148384654918,-0.0016650126811366467,-15.714406299332083,0.29213483146067415,89,-0.16572011909577722,-0.0020328031458719757
KRW-ETH,20,2.0,20,30,45,0.025,0.008,24,True,-22.688929506938692,177,False,-29.65315031518448,0.35714285714285715,84,-0.22640330723285662,-0.00299565482889363,-15.724708698692906,0.3978494623655914,93,-0.17687871885151465,-0.001713369605286127
KRW-ETH,20,2.0,20,30,45,0.025,0.008,24,False,-8.66976266134959,169,False,-6.778440334723745,0.2839506172839506,81,-0.14007046245813823,-0.0010092546861024067,-10.561084987975434,0.25,88,-0.14176044437442514,-0.0015326728455396876
KRW-ETH,20,2.0,20,30,45,0.025,0.01,12,True,-17.958700108699375,177,False,-20.844154222284306,0.42857142857142855,84,-0.22770746696041283,-0.002377306436375405,-15.073245995114444,0.43010752688172044,93,-0.23022438268158957,-0.0018604507207989457
KRW-ETH,20,2.0,20,30,45,0.025,0.01,12,False,-12.232192696550719,170,False,-10.86396086849542,0.3780487804878049,82,-0.19602906659552966,-0.001487653671992629,-13.600424524606016,0.3409090909090909,88,-0.20330011678772927,-0.0019555642230185324
KRW-ETH,20,2.0,20,30,45,0.025,0.01,24,True,-18.49652721848432,177,False,-22.572559600483924,0.44047619047619047,84,-0.24043998615694517,-0.0026215708767622927,-14.42049483648472,0.44086021505376344,93,-0.22537407589715364,-0.0017921129597541126
KRW-ETH,20,2.0,20,30,45,0.025,0.01,24,False,-4.902471475441217,167,False,-3.4458596367323255,0.3375,80,-0.1625043882046939,-0.0005785863004845913,-6.359083314150109,0.3103448275862069,87,-0.1623989376896239,-0.0010416780584392169
KRW-ETH,20,2.0,20,30,45,0.025,0.015,12,True,-18.18805498497681,174,False,-16.28095290687302,0.5365853658536586,82,-0.19960974603346762,-0.0021487855521721516,-20.095157063080595,0.4891304347826087,92,-0.30041703791990804,-0.002950999249319857
KRW-ETH,20,2.0,20,30,45,0.025,0.015,12,False,-13.249968745416043,167,False,-8.480988882584164,0.45569620253164556,79,-0.1702249767945787,-0.0013357779509940025,-18.01894860824792,0.3977272727272727,88,-0.28531897902110887,-0.0030116673420260698
KRW-ETH,20,2.0,20,30,45,0.025,0.015,24,True,-17.73172779593581,174,False,-18.078790834252217,0.5609756097560976,82,-0.2215084584759143,-0.002472983615861875,-17.384664757619408,0.5217391304347826,92,-0.2871934948403255,-0.002586588191882631
KRW-ETH,20,2.0,20,30,45,0.025,0.015,24,False,-10.337611567552234,161,False,-6.344052595291342,0.42105263157894735,76,-0.15605427084351395,-0.0011834551777507541,-14.331170539813126,0.36470588235294116,85,-0.27941186898363807,-0.0027152919424393435
KRW-ETH,20,2.0,20,30,45,0.03,0.008,12,True,-21.36715252751742,177,False,-26.875040169479764,0.36904761904761907,84,-0.2130571673695808,-0.0027365354404932395,-15.859264885555078,0.3978494623655914,93,-0.17767588584022964,-0.001727760395846632
KRW-ETH,20,2.0,20,30,45,0.03,0.008,12,False,-10.96509073676713,171,False,-11.263081959697544,0.32926829268292684,82,-0.1877700579337288,-0.0015042324693846259,-10.667099513836718,0.29213483146067415,89,-0.15498406624267339,-0.001514342969790364
KRW-ETH,20,2.0,20,30,45,0.03,0.008,24,True,-22.263950798184062,177,False,-28.87440125784792,0.35714285714285715,84,-0.22804206309548214,-0.0029640119607257168,-15.653500338520205,0.3978494623655914,93,-0.1768787188515148,-0.0017166670600069721
KRW-ETH,20,2.0,20,30,45,0.03,0.008,24,False,-5.891079197569157,168,False,-5.153049131147315,0.2625,80,-0.162742792685729,-0.0008367166449456682,-6.6291092639909985,0.25,88,-0.12004493577291983,-0.0010507949427931288
KRW-ETH,20,2.0,20,30,45,0.03,0.01,12,True,-17.165838827213086,177,False,-19.51927148200965,0.42857142857142855,84,-0.22949602205157021,-0.002286229044397966,-14.812406172416527,0.43010752688172044,93,-0.22646937967028005,-0.0018443333500779875
KRW-ETH,20,2.0,20,30,45,0.03,0.01,12,False,-8.585530132999825,170,False,-8.808752403483725,0.3780487804878049,82,-0.20461577967087738,-0.0012659893138991427,-8.362307862515927,0.3409090909090909,88,-0.19334936211214254,-0.00131774654493599
KRW-ETH,20,2.0,20,30,45,0.03,0.01,24,True,-17.700056768926938,177,False,-21.23209902724028,0.44047619047619047,84,-0.24159873000345106,-0.0025304934847848537,-14.168014510613597,0.44086021505376344,93,-0.2215954128527497,-0.0017759955890331543
KRW-ETH,20,2.0,20,30,45,0.03,0.01,24,False,-1.6937258475124717,166,False,-1.5799204615204934,0.31645569620253167,79,-0.18622922183740398,-0.00028885921200995807,-1.80753123350445,0.3103448275862069,87,-0.13875627770367635,-0.00032472109933924715
KRW-ETH,20,2.0,20,30,45,0.03,0.015,12,True,-17.558949005045513,174,False,-15.26039828122942,0.5365853658536586,82,-0.1975680721181087,-0.0020554867603903852,-19.857499728861605,0.4891304347826087,92,-0.297004438104883,-0.002934706689786714
KRW-ETH,20,2.0,20,30,45,0.03,0.015,12,False,-10.327829057101772,167,False,-7.436250625938254,0.45569620253164556,79,-0.1705408035741534,-0.0012060093624911027,-13.21940748826529,0.3977272727272727,88,-0.27639263716903656,-0.002373849663943528
KRW-ETH,20,2.0,20,30,45,0.03,0.015,24,True,-17.117904505314105,174,False,-17.066859642696333,0.5609756097560976,82,-0.2195226448483997,-0.0023796848240801084,-17.168949367931877,0.5217391304347826,92,-0.2871934948403256,-0.002570295632349488
KRW-ETH,20,2.0,20,30,45,0.03,0.015,24,False,-7.637533007855065,160,False,-5.906414836697693,0.38666666666666666,75,-0.1884490554451341,-0.001181456110945603,-9.368651179012437,0.36470588235294116,85,-0.2628141505225111,-0.0019227301137134875
KRW-ETH,20,2.0,20,30,50,0.015,0.008,12,True,-19.56225773667099,178,False,-27.47236629123639,0.39285714285714285,84,-0.20549954283089963,-0.0025840446477128675,-11.652149182105589,0.43617021276595747,94,-0.16960865343940165,-0.0011971788241998103
KRW-ETH,20,2.0,20,30,50,0.015,0.008,12,False,-17.28629155071419,174,False,-18.5546448289386,0.3614457831325301,83,-0.1839713460350654,-0.0019911646746825096,-16.017938272489783,0.3626373626373626,91,-0.1895730113880652,-0.0017158953819324493
KRW-ETH,20,2.0,20,30,50,0.015,0.008,24,True,-20.528714632842735,178,False,-29.596009808782686,0.38095238095238093,84,-0.21619318875977706,-0.0028115211679453447,-11.461419456902789,0.43617021276595747,94,-0.16880366601680924,-0.00118620350257121
KRW-ETH,20,2.0,20,30,50,0.015,0.008,24,False,-15.821747987731406,173,False,-20.406675955433332,0.3170731707317073,82,-0.1809303967411196,-0.002306190610744528,-11.23682002002948,0.3516483516483517,91,-0.182577666769377,-0.0013030899017794583
KRW-ETH,20,2.0,20,30,50,0.015,0.01,12,True,-19.16185875695053,177,False,-21.75612741904135,0.4523809523809524,84,-0.2235794220866905,-0.002287952804825538,-16.56759009485971,0.45161290322580644,93,-0.2190888453124539,-0.001887885575560122
KRW-ETH,20,2.0,20,30,50,0.015,0.01,12,False,-18.21946638490153,173,False,-16.11855492438251,0.40963855421686746,83,-0.20348110669810868,-0.0018794250219128974,-20.320377845420552,0.37777777777777777,90,-0.23389504077619547,-0.0023919281868482346
KRW-ETH,20,2.0,20,30,50,0.015,0.01,24,True,-20.049163933355906,177,False,-23.56691691079324,0.4642857142857143,84,-0.23577506516089705,-0.0025322172452124253,-16.53141095591857,0.45161290322580644,93,-0.2199077682509594,-0.001898265358000031
KRW-ETH,20,2.0,20,30,50,0.015,0.01,24,False,-16.58751759160473,171,False,-18.32419330150595,0.37037037037037035,81,-0.19009066633734087,-0.002340797902235188,-14.850841881703511,0.37777777777777777,90,-0.2263590029715354,-0.0019000020117992268
KRW-ETH,20,2.0,20,30,50,0.015,0.015,12,True,-19.75653662791319,174,False,-16.668563370307936,0.5609756097560976,82,-0.19360647413077917,-0.0020756244253560146,-22.84450988551844,0.5,92,-0.2924474168988281,-0.0031514736809066016
KRW-ETH,20,2.0,20,30,50,0.015,0.015,12,False,-16.401278327270667,170,False,-9.076323164610034,0.525,80,-0.14402539994891642,-0.0012470566128116901,-23.726233489931303,0.43333333333333335,90,-0.30936846640064064,-0.003411510856071618
KRW-ETH,20,2.0,20,30,50,0.015,0.015,24,True,-19.833572076344723,174,False,-19.442280001917158,0.573170731707317,82,-0.21981256207411082,-0.0025113204886115185,-20.224864150772284,0.532608695652174,92,-0.2830213105620101,-0.0028040666410791885
KRW-ETH,20,2.0,20,30,50,0.015,0.015,24,False,-18.045406302195907,166,False,-18.293447496690057,0.44155844155844154,77,-0.2007618961249727,-0.0027702785640806487,-17.797365107701758,0.449438202247191,89,-0.2918875930623017,-0.002775347782991713
KRW-ETH,20,2.0,20,30,50,0.02,0.008,12,True,-20.682615006096018,178,False,-28.95203154540411,0.36904761904761907,84,-0.2158339418335751,-0.0028287456919094617,-12.413198466787923,0.4148936170212766,94,-0.17453750700331064,-0.0013499550145095168
KRW-ETH,20,2.0,20,30,50,0.02,0.008,12,False,-16.207638913283244,172,False,-15.192119623099615,0.32926829268292684,82,-0.18639341902152085,-0.0018344433468144058,-17.223158203466873,0.3111111111111111,90,-0.17533512027210682,-0.002047762075409452
KRW-ETH,20,2.0,20,30,50,0.02,0.008,24,True,-21.623214634309427,178,False,-31.014307125867294,0.35714285714285715,84,-0.23020402796663592,-0.003056222212141938,-12.232122142751559,0.4148936170212766,94,-0.17373729764728105,-0.0013389796928809166
KRW-ETH,20,2.0,20,30,50,0.02,0.008,24,False,-10.95661319229264,171,False,-14.168869807521192,0.2839506172839506,81,-0.17369374301607654,-0.001856372992130011,-7.744356577064086,0.3,90,-0.15139449032981153,-0.0010457297895769616
KRW-ETH,20,2.0,20,30,50,0.02,0.01,12,True,-18.295541247072983,177,False,-22.606588043990687,0.42857142857142855,84,-0.23522365127958447,-0.002497308343433234,-13.984494450155282,0.44086021505376344,93,-0.22528907785108568,-0.0017094711872710057
KRW-ETH,20,2.0,20,30,50,0.02,0.01,12,False,-13.895232102170493,171,False,-12.095842080120205,0.3780487804878049,82,-0.20326769237299222,-0.0015847203475278721,-15.694622124220782,0.34831460674157305,89,-0.22200751799815407,-0.0020956308297453772
KRW-ETH,20,2.0,20,30,50,0.02,0.01,24,True,-19.16251968918529,177,False,-24.34937055812417,0.44047619047619047,84,-0.2472363923710892,-0.0027415727838201215,-13.975668820246412,0.44086021505376344,93,-0.22610149875332367,-0.001719850969710914
KRW-ETH,20,2.0,20,30,50,0.02,0.01,24,False,-9.301196578033533,169,False,-11.385438229202888,0.3375,80,-0.19463455634123256,-0.0016859185853375304,-7.216954926864178,0.34831460674157305,89,-0.19533981627347544,-0.001076375974591521
KRW-ETH,20,2.0,20,30,50,0.02,0.015,12,True,-18.8685207078748,174,False,-16.973016001662003,0.5487804878048781,82,-0.19824567093981313,-0.002190806909069699,-20.7640254140876,0.4891304347826087,92,-0.29775912191035575,-0.0030236467261719017
KRW-ETH,20,2.0,20,30,50,0.02,0.015,12,False,-12.633195483377769,168,False,-5.607028121816566,0.4810126582278481,79,-0.13178818863138012,-0.0008596075642618446,-19.659362844938972,0.4044943820224719,89,-0.2939460629651894,-0.0031401305847885658
KRW-ETH,20,2.0,20,30,50,0.02,0.015,24,True,-18.98582514923972,174,False,-19.67131205474327,0.5609756097560976,82,-0.2272632977062455,-0.002626502972325203,-18.300338243736167,0.5217391304347826,92,-0.28801012088830213,-0.0026762396863444895
KRW-ETH,20,2.0,20,30,50,0.02,0.015,24,False,-12.30663112435063,164,False,-10.520704063132856,0.42105263157894735,76,-0.16617515885361256,-0.0018134301931210922,-14.092558185568404,0.4090909090909091,88,-0.2671060943035077,-0.002471605520020204
KRW-ETH,20,2.0,20,30,50,0.025,0.008,12,True,-24.303663496680485,178,False,-33.04548168835376,0.35714285714285715,84,-0.23677610528688356,-0.00316044616580401,-15.561845305007214,0.40425531914893614,94,-0.17548385746553372,-0.0016777155492035294
KRW-ETH,20,2.0,20,30,50,0.025,0.008,12,False,-16.37080040612609,172,False,-16.60523224124324,0.3170731707317073,82,-0.20543363119587996,-0.002066848046990305,-16.13636857100894,0.28888888888888886,90,-0.1711936863277605,-0.0020827380380845206
KRW-ETH,20,2.0,20,30,50,0.025,0.008,24,True,-25.24973322829584,178,False,-35.142356368420224,0.34523809523809523,84,-0.25130934709755437,-0.003387922686036487,-15.357110088171458,0.40425531914893614,94,-0.17468456550853825,-0.0016667402275749286
KRW-ETH,20,2.0,20,30,50,0.025,0.008,24,False,-10.44851477739973,170,False,-9.678293384699005,0.2716049382716049,81,-0.16775599878875425,-0.0014160509823987026,-11.218736170100454,0.24719101123595505,89,-0.14990342127820072,-0.0016220585439044104
KRW-ETH,20,2.0,20,30,50,0.025,0.01,12,True,-20.546882433606733,177,False,-25.296717435876886,0.4166666666666667,84,-0.254078431503228,-0.002793348103042071,-15.797047431336576,0.43010752688172044,93,-0.2369915602849631,-0.0019548635556714076
KRW-ETH,20,2.0,20,30,50,0.025,0.01,12,False,-14.344488518860356,170,False,-14.26378876074697,0.36585365853658536,82,-0.22348173261421886,-0.0019138426963828724,-14.42518827697374,0.32954545454545453,88,-0.21190761298827748,-0.002078381675805955
KRW-ETH,20,2.0,20,30,50,0.025,0.01,24,True,-21.392378001549627,177,False,-27.006804336687125,0.42857142857142855,84,-0.26637618175158617,-0.003037612543428959,-15.777951666412129,0.43010752688172044,93,-0.23779170907244693,-0.0019652433381113165
KRW-ETH,20,2.0,20,30,50,0.025,0.01,24,False,-7.5218554374436275,167,False,-6.1214702778405385,0.325,80,-0.19110179933916724,-0.001015430050484591,-8.922240597046716,0.2988505747126437,87,-0.19099994957339256,-0.001443373460738066
KRW-ETH,20,2.0,20,30,50,0.025,0.015,12,True,-19.6098399893468,174,False,-18.516074842697655,0.5365853658536586,82,-0.2146019043775647,-0.002382572602182991,-20.703605135995943,0.4891304347826087,92,-0.3064101770878181,-0.0030440061024613234
KRW-ETH,20,2.0,20,30,50,0.025,0.015,12,False,-14.485011091223992,167,False,-10.248197780552816,0.45569620253164556,79,-0.18624659723276474,-0.001585922431202655,-18.721824401895166,0.38636363636363635,88,-0.29288031905351414,-0.0031319420316984464
KRW-ETH,20,2.0,20,30,50,0.025,0.015,24,True,-18.91629906844056,174,False,-20.269698469102337,0.5609756097560976,82,-0.236090430710371,-0.0027067706658727144,-17.56289966777878,0.5217391304347826,92,-0.28882638081157164,-0.0026115658906603213
KRW-ETH,20,2.0,20,30,50,0.025,0.015,24,False,-11.785689350090694,161,False,-9.240208160368276,0.40789473684210525,76,-0.1889887383227907,-0.0017089814935402304,-14.331170539813112,0.36470588235294116,85,-0.27941186898363757,-0.002715291942439341
KRW-ETH,20,2.0,20,30,50,0.03,0.008,12,True,-23.00245512065754,178,False,-30.514297866272603,0.35714285714285715,84,-0.23290120429410388,-0.0030415771181849594,-15.490612375042476,0.40425531914893614,94,-0.17548385746553344,-0.0016809779246188333
KRW-ETH,20,2.0,20,30,50,0.03,0.008,12,False,-11.990265103174195,172,False,-12.891830551806521,0.3170731707317073,82,-0.2019916336193461,-0.0017195037831887732,-11.088699654541868,0.28888888888888886,90,-0.16052807087635199,-0.0015700385306260376
KRW-ETH,20,2.0,20,30,50,0.03,0.008,24,True,-23.91726877341111,178,False,-32.546216612679515,0.34523809523809523,84,-0.24750823162631178,-0.0032690536384174366,-15.288320934142702,0.40425531914893614,94,-0.1746845655085384,-0.0016700026029902331
KRW-ETH,20,2.0,20,30,50,0.03,0.008,24,False,-6.545160946464509,170,False,-5.835373785293221,0.25925925925925924,81,-0.17068668906872658,-0.0009435226122920149,-7.254948107635796,0.24719101123595505,89,-0.1283939494223065,-0.001145594999615679
KRW-ETH,20,2.0,20,30,50,0.03,0.01,12,True,-19.077488216951213,177,False,-22.624216232041416,0.4166666666666667,84,-0.250439789705683,-0.0026150445316134954,-15.530760201861009,0.43010752688172044,93,-0.23326956789610873,-0.0019387461849504491
KRW-ETH,20,2.0,20,30,50,0.03,0.01,12,False,-9.797595358433659,170,False,-10.472255418331525,0.36585365853658536,82,-0.2201179179608261,-0.0015056142862398753,-9.122935298535793,0.32954545454545453,88,-0.2020643656499796,-0.0014405639977234125
KRW-ETH,20,2.0,20,30,50,0.03,0.01,24,True,-19.915074469309165,177,False,-24.31576631331626,0.42857142857142855,84,-0.2622135229727026,-0.002859308972000383,-15.514382625302071,0.43010752688172044,93,-0.23407361984841027,-0.0019491259673903576
KRW-ETH,20,2.0,20,30,50,0.03,0.01,24,False,-3.9467218515957208,167,False,-2.3538970569649162,0.3125,80,-0.19557537922460133,-0.0004288109718598325,-5.539546646226525,0.2988505747126437,87,-0.18498951312424589,-0.0009664039665451713
KRW-ETH,20,2.0,20,30,50,0.03,0.015,12,True,-18.490700544206007,174,False,-16.519030041036263,0.5365853658536586,82,-0.2069207951021134,-0.002199920163158596,-20.46237104737575,0.4891304347826087,92,-0.3030268120980024,-0.0030277135429281803
KRW-ETH,20,2.0,20,30,50,0.03,0.015,12,False,-10.836499877176962,167,False,-7.798319281113471,0.45569620253164556,79,-0.1742128346934256,-0.0012625050798129207,-13.874680473240451,0.38636363636363635,88,-0.2840484180834686,-0.002494124353615904
KRW-ETH,20,2.0,20,30,50,0.03,0.015,24,True,-17.82311095651601,174,False,-18.30035919803797,0.5609756097560976,82,-0.228619476921482,-0.0025241182268483198,-17.34586271499405,0.5217391304347826,92,-0.2888263808115715,-0.0025952733311271786
KRW-ETH,20,2.0,20,30,50,0.03,0.015,24,False,-8.152547438164852,160,False,-5.906414836697698,0.38666666666666666,75,-0.1884490554451341,-0.001181456110945604,-10.398680039632005,0.36470588235294116,85,-0.27420136361717395,-0.0021096290483830805
KRW-ETH,20,2.0,25,20,40,0.015,0.008,12,True,-20.946491714171195,266,False,-26.206291904041326,0.34782608695652173,115,-0.26531139661030995,-0.0026104424862543785,-15.686691524301065,0.3708609271523179,151,-0.2580606063019812,-0.0016884159028590032
KRW-ETH,20,2.0,25,20,40,0.015,0.008,12,False,-19.637330519475164,262,False,-19.330627499493396,0.3274336283185841,113,-0.2467124529213543,-0.002126451910213064,-19.94403353945693,0.33557046979865773,149,-0.29151884832580527,-0.002166853378351578
KRW-ETH,20,2.0,25,20,40,0.015,0.008,24,True,-19.86804618900937,266,False,-25.167334820534226,0.3652173913043478,115,-0.26243367482295477,-0.002539133625116127,-14.56875755748451,0.3841059602649007,151,-0.2486041045303105,-0.0015812352453977586
KRW-ETH,20,2.0,25,20,40,0.015,0.008,24,False,-19.16638461898524,258,False,-21.677343161681076,0.3153153153153153,111,-0.23492487241812618,-0.0024238383653320005,-16.655426076289405,0.3333333333333333,147,-0.28268569847602937,-0.0018953166556701835
KRW-ETH,20,2.0,25,20,40,0.015,0.01,12,True,-23.244181924569894,263,False,-28.69325740625148,0.3826086956521739,115,-0.31032267296835314,-0.003141334496685849,-17.79510644288831,0.41216216216216217,148,-0.28229881512078375,-0.002105878944074842
KRW-ETH,20,2.0,25,20,40,0.015,0.01,12,False,-22.234629586759226,259,False,-22.570141811713338,0.36283185840707965,113,-0.29084009033165364,-0.002691767018161722,-21.89911736180511,0.3767123287671233,146,-0.31930212568512684,-0.002625656543868421
KRW-ETH,20,2.0,25,20,40,0.015,0.01,24,True,-22.648234162119657,263,False,-28.311592935153893,0.4,115,-0.3147069710815528,-0.0031583408766439067,-16.98487538908542,0.4189189189189189,148,-0.2738639706485957,-0.0020261093554424956
KRW-ETH,20,2.0,25,20,40,0.015,0.01,24,False,-21.33713146403052,253,False,-20.884904370689323,0.36036036036036034,111,-0.27275122538670193,-0.0026277929343519655,-21.789358557371713,0.352112676056338,142,-0.34208309609368454,-0.0027319440027008183
KRW-ETH,20,2.0,25,20,40,0.015,0.015,12,True,-17.312940334509896,251,False,-17.15578525299176,0.5045045045045045,111,-0.22264928506064863,-0.0023073163543042884,-17.47009541602803,0.4928571428571429,140,-0.31069867804493556,-0.0024709685041841107
KRW-ETH,20,2.0,25,20,40,0.015,0.015,12,False,-15.765057919208001,247,False,-11.54831561234494,0.48623853211009177,109,-0.1882548283440925,-0.0016648876156775416,-19.981800226071062,0.45652173913043476,138,-0.34280740457195613,-0.0029024045763325064
KRW-ETH,20,2.0,25,20,40,0.015,0.015,24,True,-18.053544602824743,251,False,-18.82541017073933,0.5225225225225225,111,-0.25035779490394733,-0.0026273583466913733,-17.28167903491015,0.5142857142857142,140,-0.32348612407272387,-0.0024893246257885328
KRW-ETH,20,2.0,25,20,40,0.015,0.015,24,False,-16.826230899569985,240,False,-10.969634355685749,0.49056603773584906,106,-0.20829107743417288,-0.0017076150437488453,-22.682827443454222,0.4253731343283582,134,-0.40444837547085555,-0.0035175542253302592
KRW-ETH,20,2.0,25,20,40,0.02,0.008,12,True,-20.46872712907462,265,False,-25.16675342949074,0.33043478260869563,115,-0.2664414301206667,-0.0026489793454963877,-15.770700828658496,0.3333333333333333,150,-0.26215306702890906,-0.0018481263542253197
KRW-ETH,20,2.0,25,20,40,0.02,0.008,12,False,-18.38840269597207,260,False,-15.761402370593284,0.30973451327433627,113,-0.2483268201676305,-0.001910473827284246,-21.015403021350853,0.2789115646258503,147,-0.3133968148123992,-0.0025346298336014336
KRW-ETH,20,2.0,25,20,40,0.02,0.008,24,True,-19.565911599950226,265,False,-24.388952935594876,0.34782608695652173,115,-0.2647049812622949,-0.0025912750785842273,-14.742870264305573,0.3466666666666667,150,-0.2501911922847868,-0.0017402311590476664
KRW-ETH,20,2.0,25,20,40,0.02,0.008,24,False,-17.228300636737554,256,False,-19.45313382397493,0.2702702702702703,111,-0.2749417563188472,-0.002453467836272138,-15.003467449500178,0.27586206896551724,145,-0.27827169280232666,-0.0019524015456852868
KRW-ETH,20,2.0,25,20,40,0.02,0.01,12,True,-21.978144513554586,262,False,-27.76237635277476,0.3652173913043478,115,-0.3188869197890988,-0.0031974668127150996,-16.193912674334413,0.38095238095238093,147,-0.284464003887455,-0.0020959168557681904
KRW-ETH,20,2.0,25,20,40,0.02,0.01,12,False,-20.175374054397203,257,False,-18.552847705158143,0.34513274336283184,113,-0.2900631074896651,-0.0024208296895548704,-21.79790040363626,0.3263888888888889,144,-0.34339077897597264,-0.0028982357004480584
KRW-ETH,20,2.0,25,20,40,0.02,0.01,24,True,-21.537239791866998,262,False,-27.605452866385033,0.3826086956521739,115,-0.3214285383222177,-0.0032280777868992482,-15.469026717348966,0.3877551020408163,147,-0.2760546059811698,-0.002015604616873039
KRW-ETH,20,2.0,25,20,40,0.02,0.01,24,False,-17.48829022813861,249,False,-15.75796093829969,0.3302752293577982,109,-0.275702128369179,-0.0022456614818861373,-19.218619517977533,0.3,140,-0.33119791243763336,-0.002733028605722035
KRW-ETH,20,2.0,25,20,40,0.02,0.015,12,True,-15.74627400870019,250,False,-17.045054979018186,0.4864864864864865,111,-0.2290306504354694,-0.002377990678958288,-14.447493038382195,0.4748201438848921,139,-0.3092508622797423,-0.0022084024765008127
KRW-ETH,20,2.0,25,20,40,0.02,0.015,12,False,-13.546495652542472,245,False,-9.215605719589911,0.44954128440366975,109,-0.19773875936274776,-0.0014360846288618298,-17.877385585495034,0.41911764705882354,136,-0.3490695820102119,-0.002862681194530145
KRW-ETH,20,2.0,25,20,40,0.02,0.015,24,True,-16.118822348892305,250,False,-17.897512093499184,0.5135135135135135,111,-0.2545201421971443,-0.0025916074588444317,-14.340132604285424,0.49640287769784175,139,-0.3220651671940094,-0.0022268906565340433
KRW-ETH,20,2.0,25,20,40,0.02,0.015,24,False,-13.441014495041095,235,False,-5.496903176248994,0.46601941747572817,103,-0.2055580499963556,-0.0009628220882911027,-21.385125813833195,0.3712121212121212,132,-0.4391054535772156,-0.0037007666817819845
KRW-ETH,20,2.0,25,20,40,0.025,0.008,12,True,-23.732880116223903,265,False,-29.145947906339245,0.3130434782608696,115,-0.294374947968012,-0.003041550572811625,-18.31981232610856,0.32,150,-0.2880523196761182,-0.002164948822706008
KRW-ETH,20,2.0,25,20,40,0.025,0.008,12,False,-17.769394071288467,260,False,-15.95048864484452,0.2920353982300885,113,-0.24660820232941474,-0.0020456721998908687,-19.588299497732418,0.2585034013605442,147,-0.31551030139079905,-0.0025455514899370884
KRW-ETH,20,2.0,25,20,40,0.025,0.008,24,True,-22.72907637671914,265,False,-28.31519356842108,0.33043478260869563,115,-0.28973931911159023,-0.0029838463058994642,-17.142959185017197,0.3333333333333333,150,-0.27507082612414874,-0.002043663827726312
KRW-ETH,20,2.0,25,20,40,0.025,0.008,24,False,-16.09031495266398,255,False,-16.228942307729728,0.25225225225225223,111,-0.26231541416507254,-0.0022513508087101245,-15.95168759759823,0.24305555555555555,144,-0.27768552779055966,-0.002237166053510091
KRW-ETH,20,2.0,25,20,40,0.025,0.01,12,True,-24.86324631084127,262,False,-31.692475145820616,0.34782608695652173,115,-0.35475829679035586,-0.003624768474812945,-18.034017475861923,0.3673469387755102,147,-0.3070949290448804,-0.002367264991916446
KRW-ETH,20,2.0,25,20,40,0.025,0.01,12,False,-19.61828863112274,256,False,-19.77134082910735,0.3274336283185841,113,-0.29842155838956985,-0.0026880665328843775,-19.465236433138134,0.3076923076923077,143,-0.3324426306082155,-0.0027907885499777753
KRW-ETH,20,2.0,25,20,40,0.025,0.01,24,True,-24.43013423470564,262,False,-31.474985637800305,0.3652173913043478,115,-0.35716605890631936,-0.0036553794489970937,-17.38528283161098,0.3741496598639456,147,-0.3030475643818655,-0.0023031513362099607
KRW-ETH,20,2.0,25,20,40,0.025,0.01,24,False,-17.04943219115522,247,False,-14.538538611805668,0.30275229357798167,109,-0.28583907600819963,-0.002249745353765794,-19.56032577050477,0.26811594202898553,138,-0.34054608924436597,-0.0029941173361026953
KRW-ETH,20,2.0,25,20,40,0.025,0.015,12,True,-16.732213444513867,250,False,-18.264089109684384,0.4774774774774775,111,-0.24773752334323432,-0.0025544165610725963,-15.200337779343352,0.4676258992805755,139,-0.3147094126892559,-0.0023512459770950655
KRW-ETH,20,2.0,25,20,40,0.025,0.015,12,False,-12.057772819282889,245,False,-9.039552194845275,0.44036697247706424,109,-0.18912135679139463,-0.0014583297326263695,-15.0759934437205,0.40441176470588236,136,-0.3390876389939458,-0.002557707005457359
KRW-ETH,20,2.0,25,20,40,0.025,0.015,24,True,-17.231158921555576,250,False,-19.51501306766475,0.5045045045045045,111,-0.2726807428552294,-0.0028496073867980425,-14.947304775446398,0.4892086330935252,139,-0.32608425784511674,-0.0023665013507050137
KRW-ETH,20,2.0,25,20,40,0.025,0.015,24,False,-13.128063744593264,234,False,-4.730662979907852,0.4563106796116505,103,-0.2182157521212919,-0.0008780058935576378,-21.525464509278677,0.3435114503816794,131,-0.4471927438116594,-0.003971625111395369
KRW-ETH,20,2.0,25,20,40,0.03,0.008,12,True,-23.608193098305698,264,False,-26.140520550660053,0.3130434782608696,115,-0.283998273982784,-0.0028678983988985776,-21.075865645951346,0.3087248322147651,149,-0.3206824893988801,-0.0024939105245410102
KRW-ETH,20,2.0,25,20,40,0.03,0.008,12,False,-17.11131233232095,260,False,-15.180300105186074,0.2831858407079646,113,-0.23802152449561365,-0.0020340641173258547,-19.04232455945582,0.25170068027210885,147,-0.3207374785933336,-0.0025907187812236076
KRW-ETH,20,2.0,25,20,40,0.03,0.008,24,True,-22.91584133441176,264,False,-25.391452974891077,0.33043478260869563,115,-0.27940383274203884,-0.0028101941319864177,-20.44022969393244,0.31543624161073824,149,-0.3156510059618353,-0.0024432580130094904
KRW-ETH,20,2.0,25,20,40,0.03,0.008,24,False,-13.764841758356312,255,False,-11.645618660757364,0.24324324324324326,111,-0.24793291884656016,-0.001787234498133439,-15.88406485595526,0.2222222222222222,144,-0.2921080291854492,-0.0023662246326695345
KRW-ETH,20,2.0,25,20,40,0.03,0.01,12,True,-24.733974869988074,261,False,-28.909598044383127,0.34782608695652173,115,-0.3452695991079268,-0.003451116300899897,-20.55835169559302,0.3561643835616438,146,-0.3385729538400743,-0.0027085206697334565
KRW-ETH,20,2.0,25,20,40,0.03,0.01,12,False,-19.07038341732245,256,False,-19.039168087300055,0.3185840707964602,113,-0.30037920709876553,-0.0026941310166910455,-19.101598747344845,0.3006993006993007,143,-0.34362490513981936,-0.002866369533179752
KRW-ETH,20,2.0,25,20,40,0.03,0.01,24,True,-24.631383731238444,261,False,-28.757687060445804,0.3652173913043478,115,-0.3477127689272303,-0.0034817272750840467,-20.50508040203108,0.3561643835616438,146,-0.34311068485002577,-0.0027305605165821186
KRW-ETH,20,2.0,25,20,40,0.03,0.01,24,False,-14.96329646047736,247,False,-10.608417527526104,0.29357798165137616,109,-0.24888303994546696,-0.001789317475001109,-19.318175393428618,0.2463768115942029,138,-0.3546400479502897,-0.003136022665080664
KRW-ETH,20,2.0,25,20,40,0.03,0.015,12,True,-16.922983307159562,249,False,-16.067993354937173,0.4774774774774775,111,-0.232951479276344,-0.0023295291736852024,-17.777973259381948,0.45652173913043476,138,-0.3350119355744239,-0.002761444691603568
KRW-ETH,20,2.0,25,20,40,0.03,0.015,12,False,-12.171379939027736,245,False,-9.795667425165982,0.43119266055045874,109,-0.19487586528497783,-0.001604300200533205,-14.547092452889489,0.39705882352941174,136,-0.35638351119076794,-0.002582589011841133
KRW-ETH,20,2.0,25,20,40,0.03,0.015,24,True,-17.592815196594053,249,False,-17.384316197670223,0.5045045045045045,111,-0.25838496854699206,-0.0026247199994106495,-17.80131419551788,0.47101449275362317,138,-0.34604978784234974,-0.0028553244691747986
KRW-ETH,20,2.0,25,20,40,0.03,0.015,24,False,-10.57358832491023,234,False,-2.3859162512232874,0.44660194174757284,103,-0.20671910777219626,-0.0004740943770927097,-18.76126039859717,0.3282442748091603,131,-0.4449829383017085,-0.0037164665100068786
KRW-ETH,20,2.0,25,20,45,0.015,0.008,12,True,-19.149138341480725,314,False,-30.2041502463687,0.35074626865671643,134,-0.3199967379545874,-0.0028991825389817175,-8.094126436592747,0.4222222222222222,180,-0.22743256241115928,-0.0008762813957880718
KRW-ETH,20,2.0,25,20,45,0.015,0.008,12,False,-17.404427894555837,309,False,-23.391143967522286,0.32575757575757575,132,-0.293568367837585,-0.0024896057728539113,-11.417711821589387,0.3785310734463277,177,-0.2718370355264974,-0.001264684855273941
KRW-ETH,20,2.0,25,20,45,0.015,0.008,24,True,-19.157329830030708,314,False,-31.09621882484201,0.3582089552238806,134,-0.329174786495989,-0.0030051196745583867,-7.218440835219407,0.43333333333333335,180,-0.21758568623185356,-0.0007863687331400276
KRW-ETH,20,2.0,25,20,45,0.015,0.008,24,False,-16.682346821307394,305,False,-25.930336846637378,0.2923076923076923,130,-0.3078684845149975,-0.002847109651691152,-7.434356795977411,0.37142857142857144,175,-0.24944848998700897,-0.0008695275799540503
KRW-ETH,20,2.0,25,20,45,0.015,0.01,12,True,-20.259264391422263,310,False,-29.88764494458,0.39552238805970147,134,-0.3620284332584139,-0.003174643445148858,-10.630883838264525,0.4602272727272727,176,-0.24320098724591366,-0.001254803682839811
KRW-ETH,20,2.0,25,20,45,0.015,0.01,12,False,-19.37876196720909,304,False,-24.295381959033808,0.36363636363636365,132,-0.3379179064003804,-0.0028254830723934395,-14.462141975384373,0.4127906976744186,172,-0.2860323681720108,-0.00174781753343689
KRW-ETH,20,2.0,25,20,45,0.015,0.01,24,True,-19.947005697173726,310,False,-30.31538171669863,0.417910447761194,134,-0.3705341000612853,-0.003268330148816051,-9.578629677648818,0.4715909090909091,176,-0.23130411556024721,-0.0011379316735608274
KRW-ETH,20,2.0,25,20,45,0.015,0.01,24,False,-17.576242140473955,298,False,-23.17146417438736,0.34615384615384615,130,-0.32648007145086066,-0.0029008750363065435,-11.981020106560551,0.39285714285714285,168,-0.29795539762848633,-0.0015386418243568956
KRW-ETH,20,2.0,25,20,45,0.015,0.015,12,True,-16.567616738697218,296,False,-16.94247767995214,0.5348837209302325,129,-0.25611453606240475,-0.0022072776231451775,-16.19275579744229,0.5089820359281437,167,-0.34458247902077255,-0.0022565416262213017
KRW-ETH,20,2.0,25,20,45,0.015,0.015,12,False,-14.182423210681396,290,False,-10.217824168729473,0.5079365079365079,126,-0.1887233926877845,-0.001447774652029238,-18.147022252633317,0.4634146341463415,164,-0.37616321637529815,-0.002610540887585865
KRW-ETH,20,2.0,25,20,45,0.015,0.015,24,True,-17.26542630911534,296,False,-19.492462852825668,0.5426356589147286,129,-0.296329653494587,-0.002626960022942582,-15.038389765405013,0.5449101796407185,167,-0.3560356927247263,-0.0021288554555555683
KRW-ETH,20,2.0,25,20,45,0.015,0.015,24,False,-15.944136499536562,280,False,-13.958445547221125,0.4628099173553719,121,-0.23063801631066427,-0.002144972240632435,-17.929827451852,0.44025157232704404,159,-0.40245248768628805,-0.002769625250012419
KRW-ETH,20,2.0,25,20,45,0.02,0.008,12,True,-19.505401757594633,313,False,-29.843200282167434,0.3283582089552239,134,-0.3315751559439275,-0.0030277038273490136,-9.167603233021833,0.3854748603351955,179,-0.22265506282349093,-0.0010773939524616402
KRW-ETH,20,2.0,25,20,45,0.02,0.008,12,False,-16.542979008760284,307,False,-19.755683402599942,0.30303030303030304,132,-0.27276660947248005,-0.0023292070159551146,-13.330274614920626,0.32,175,-0.27322769786498813,-0.001647393045766474
KRW-ETH,20,2.0,25,20,45,0.02,0.008,24,True,-19.5286483388199,313,False,-30.704908849142935,0.3358208955223881,134,-0.34107360218900007,-0.0031336409629256824,-8.352387828496866,0.39664804469273746,179,-0.21274729429408393,-0.0009869789844356737
KRW-ETH,20,2.0,25,20,45,0.02,0.008,24,False,-13.611523749451642,303,False,-20.728666037433584,0.26153846153846155,130,-0.2860588600750577,-0.0025936169867360557,-6.494381461469699,0.3063583815028902,173,-0.23992594888067606,-0.0008754490415365153
KRW-ETH,20,2.0,25,20,45,0.02,0.01,12,True,-18.195061255384537,309,False,-27.45385247403598,0.3805970149253731,134,-0.36452841213924314,-0.0031096235210574434,-8.936270036733095,0.4342857142857143,175,-0.24337686705905273,-0.0011552677525791214
KRW-ETH,20,2.0,25,20,45,0.02,0.01,12,False,-15.413497271450122,302,False,-18.291393132318696,0.3484848484848485,132,-0.311719324368812,-0.0023684108703308712,-12.53560141058155,0.37058823529411766,170,-0.2955826629191357,-0.0017106047233197785
KRW-ETH,20,2.0,25,20,45,0.02,0.01,24,True,-17.94781601527116,309,False,-27.91134138983394,0.40298507462686567,134,-0.37300074832287805,-0.003203310224724636,-7.9842906407083865,0.44571428571428573,175,-0.22866538799460828,-0.001037727903247115
KRW-ETH,20,2.0,25,20,45,0.02,0.01,24,False,-11.181264316367537,295,False,-15.354846110409818,0.32558139534883723,129,-0.2978334785158374,-0.0022069755231612803,-7.007682522325257,0.3493975903614458,166,-0.28721473317836466,-0.001043974595840511
KRW-ETH,20,2.0,25,20,45,0.02,0.015,12,True,-14.499988145597976,295,False,-15.768496850229477,0.5193798449612403,129,-0.2547757537273883,-0.0021505099011682825,-13.231479440966476,0.4939759036144578,166,-0.34730308926874504,-0.0019868658906521796
KRW-ETH,20,2.0,25,20,45,0.02,0.015,12,False,-10.398781239627105,288,False,-6.0085273482901425,0.47619047619047616,126,-0.17852862355704163,-0.0009347418099451303,-14.78903513096407,0.43209876543209874,162,-0.3720230485932461,-0.002360864705274513
KRW-ETH,20,2.0,25,20,45,0.02,0.015,24,True,-14.839487570771098,295,False,-17.468503725646666,0.5348837209302325,129,-0.28560245874491313,-0.0024664889914803776,-12.210471415895528,0.5301204819277109,166,-0.358708761169837,-0.0018584105261872548
KRW-ETH,20,2.0,25,20,45,0.02,0.015,24,False,-9.585515762727157,277,False,-5.478152355788326,0.45,120,-0.19055545970879056,-0.0009550340243239155,-13.69287916966599,0.4012738853503185,157,-0.39688727362721987,-0.002386945862905959
KRW-ETH,20,2.0,25,20,45,0.025,0.008,12,True,-21.867456142505603,313,False,-32.76862013140142,0.31343283582089554,134,-0.35796879910566476,-0.003327354507507612,-10.966292153609784,0.3743016759776536,179,-0.22930635309736022,-0.0013086453326487638
KRW-ETH,20,2.0,25,20,45,0.025,0.008,12,False,-15.629912735737772,307,False,-19.855936182591847,0.2878787878787879,132,-0.29495501488315923,-0.0024584508448522667,-11.403889288883697,0.3028571428571429,175,-0.2527561502338445,-0.0015346927870406892
KRW-ETH,20,2.0,25,20,45,0.025,0.008,24,True,-21.836540960296002,313,False,-33.62417470632375,0.3208955223880597,134,-0.36709218657934034,-0.0034332916430842805,-10.048907214268253,0.3854748603351955,179,-0.21525369883032355,-0.0012070098619953874
KRW-ETH,20,2.0,25,20,45,0.025,0.008,24,False,-12.663002650817358,302,False,-17.134715978910567,0.24615384615384617,130,-0.2706086317955091,-0.0023594970079729165,-8.191289322724147,0.27325581395348836,172,-0.24914558486810082,-0.0011891969486059718
KRW-ETH,20,2.0,25,20,45,0.025,0.01,12,True,-19.850133962901953,309,False,-29.72519190225086,0.3656716417910448,134,-0.3950450428549355,-0.00340182270867873,-9.975076023553045,0.4228571428571429,175,-0.2681822849165508,-0.001319646625694468
KRW-ETH,20,2.0,25,20,45,0.025,0.01,12,False,-14.894711171271464,301,False,-19.510228052563075,0.3333333333333333,132,-0.3391240795467861,-0.002616017396155869,-10.27919428997985,0.35502958579881655,169,-0.2739155348599547,-0.0015203177690599947
KRW-ETH,20,2.0,25,20,45,0.025,0.01,24,True,-19.640678884810903,309,False,-30.15962587244697,0.3880597014925373,134,-0.403110520322061,-0.003495509412345923,-9.121731897174838,0.4342857142857143,175,-0.25742349746943993,-0.0012157135862409414
KRW-ETH,20,2.0,25,20,45,0.025,0.01,24,False,-10.449034301099354,293,False,-12.906765289994423,0.3023255813953488,129,-0.31209233694100125,-0.0020323013747508825,-7.991303312204286,0.3170731707317073,164,-0.29261135892682183,-0.00128694518965732
KRW-ETH,20,2.0,25,20,45,0.025,0.015,12,True,-14.540773514448237,295,False,-16.098066171946655,0.5116279069767442,129,-0.2692935231860862,-0.0022249151175612156,-12.983480856949816,0.4879518072289157,166,-0.3536221115821237,-0.0019932887750905154
KRW-ETH,20,2.0,25,20,45,0.025,0.015,12,False,-10.060955462099194,288,False,-8.345947722919798,0.4603174603174603,126,-0.20829413588941847,-0.0013270982327789895,-11.775963201278591,0.41975308641975306,162,-0.3577024285130919,-0.002001547359409857
KRW-ETH,20,2.0,25,20,45,0.025,0.015,24,True,-15.028535783080542,295,False,-18.163242211587587,0.5271317829457365,129,-0.3059420352430256,-0.002611085828711781,-11.893829354573496,0.5240963855421686,166,-0.3636537659815917,-0.0018621264221145288
KRW-ETH,20,2.0,25,20,45,0.025,0.015,24,False,-10.064649530836409,276,False,-5.848918609517317,0.43333333333333335,120,-0.194805618159851,-0.0010801678956918763,-14.2803804521555,0.3717948717948718,156,-0.416987567826074,-0.0026621758210270065
KRW-ETH,20,2.0,25,20,45,0.03,0.008,12,True,-21.79462925583258,312,False,-30.801282349234146,0.31343283582089554,134,-0.3500360619090997,-0.0032330037543277243,-12.787976162431011,0.3651685393258427,178,-0.2599593346819096,-0.0015427310485173825
KRW-ETH,20,2.0,25,20,45,0.03,0.008,12,False,-13.574434544478244,307,False,-16.39073829936212,0.2878787878787879,132,-0.27479577522334253,-0.0021694623799760086,-10.75813078959437,0.29714285714285715,175,-0.2651765596249724,-0.0015187331597916577
KRW-ETH,20,2.0,25,20,45,0.03,0.008,24,True,-21.990642615204248,312,False,-31.64193140076955,0.3208955223880597,134,-0.3592721751117898,-0.003338940889904393,-12.339353829638947,0.3707865168539326,178,-0.25447809462526555,-0.001500330912460099
KRW-ETH,20,2.0,25,20,45,0.03,0.008,24,False,-10.622295008115628,301,False,-13.872847348051723,0.23076923076923078,130,-0.27188583581644304,-0.002096904753511526,-7.371742668179534,0.2573099415204678,171,-0.25178966729212304,-0.0011503108519924517
KRW-ETH,20,2.0,25,20,45,0.03,0.01,12,True,-19.619565022021106,308,False,-27.585012820258346,0.3656716417910448,134,-0.39054336734158945,-0.003270214492812274,-11.654117223783867,0.41379310344827586,174,-0.2916842457463877,-0.0015602769702437321
KRW-ETH,20,2.0,25,20,45,0.03,0.01,12,False,-12.826978506072827,301,False,-16.019010176005576,0.3333333333333333,132,-0.3202277589614977,-0.0022892069615826397,-9.634946836140076,0.34911242603550297,169,-0.3030709952619294,-0.001498915721782975
KRW-ETH,20,2.0,25,20,45,0.03,0.01,24,True,-19.6761020901104,308,False,-28.03949598545997,0.3880597014925373,134,-0.3986688627687112,-0.003363901196479467,-11.312708194760834,0.41954022988505746,174,-0.2871956858297466,-0.0015284048042919548
KRW-ETH,20,2.0,25,20,45,0.03,0.01,24,False,-7.484774036110538,292,False,-8.36046414694265,0.29457364341085274,129,-0.2854567218781145,-0.0014438832014130128,-6.609083925278426,0.3006134969325153,163,-0.2930919516926354,-0.0011487379854863945
KRW-ETH,20,2.0,25,20,45,0.03,0.015,12,True,-14.584788781786877,294,False,-14.382186167953707,0.5116279069767442,129,-0.2602651419480431,-0.0020495042576689267,-14.787391395620045,0.47878787878787876,165,-0.37277180094757845,-0.002292339894827964
KRW-ETH,20,2.0,25,20,45,0.03,0.015,12,False,-9.18557624959046,288,False,-7.127013239188345,0.4603174603174603,126,-0.19845925962564293,-0.001174504912000386,-11.244139259992574,0.41358024691358025,162,-0.37870183512556077,-0.001995028385832664
KRW-ETH,20,2.0,25,20,45,0.03,0.015,24,True,-15.218750714553561,294,False,-16.46384431451625,0.5271317829457365,129,-0.29736647158516794,-0.0024356749688194913,-13.973657114590873,0.509090909090909,165,-0.3825062560321969,-0.0022260487540948326
KRW-ETH,20,2.0,25,20,45,0.03,0.015,24,False,-8.65740627236109,273,False,-6.121598412740532,0.3983050847457627,118,-0.22693084540222866,-0.0012124600861255401,-11.193214131981646,0.36129032258064514,155,-0.4115854380871267,-0.002248135460837695
KRW-ETH,20,2.0,25,20,50,0.015,0.008,12,True,-20.411718954080154,316,False,-32.892791064880875,0.34074074074074073,135,-0.34123513876909145,-0.0031181034090633376,-7.930646843279433,0.425414364640884,181,-0.2253731679274019,-0.0008566898306203677
KRW-ETH,20,2.0,25,20,50,0.015,0.008,12,False,-18.727081004535897,311,False,-25.765872635025154,0.3157894736842105,133,-0.3081737008661252,-0.002714898210652005,-11.688289374046644,0.37640449438202245,178,-0.27661438786725684,-0.001294248105778026
KRW-ETH,20,2.0,25,20,50,0.015,0.008,24,True,-20.41841369420827,316,False,-33.77793607092147,0.34814814814814815,135,-0.3505963147908786,-0.003223255825117216,-7.058891317495066,0.43646408839779005,181,-0.21550004342141402,-0.0007672739230145779
KRW-ETH,20,2.0,25,20,50,0.015,0.008,24,False,-18.074472455913522,307,False,-28.287338540883162,0.2824427480916031,131,-0.3299703890711801,-0.003073112631449237,-7.861606370943878,0.3693181818181818,176,-0.2565697227140121,-0.0009184961732497675
KRW-ETH,20,2.0,25,20,50,0.015,0.01,12,True,-21.771720055841605,311,False,-32.50932694974562,0.3851851851851852,135,-0.38488865156198687,-0.0034211090492588673,-11.03411316193759,0.4602272727272727,176,-0.24985408616739627,-0.00130469228308492
KRW-ETH,20,2.0,25,20,50,0.015,0.01,12,False,-20.81682654387291,305,False,-26.675401656223016,0.3533834586466165,133,-0.36164206901765433,-0.0030782801921498807,-14.958251431522806,0.4069767441860465,172,-0.2937460302520092,-0.0018106543697467353
KRW-ETH,20,2.0,25,20,50,0.015,0.01,24,True,-21.61599461773771,311,False,-32.9021000624209,0.4074074074074074,135,-0.39308953769739985,-0.00351410177734334,-10.329889173054516,0.4659090909090909,176,-0.2436266872936751,-0.0012294153393973056
KRW-ETH,20,2.0,25,20,50,0.015,0.01,24,False,-19.289756578752783,299,False,-25.40609085517653,0.33587786259541985,131,-0.35061408212014317,-0.003156956142899624,-13.173422302329035,0.3869047619047619,168,-0.31524713660315434,-0.0016872281338807058
KRW-ETH,20,2.0,25,20,50,0.015,0.015,12,True,-17.51699319499011,298,False,-18.4003954491675,0.5307692307692308,130,-0.2750029368216487,-0.0023877065498970522,-16.63359094081272,0.5059523809523809,168,-0.35023775999412454,-0.0023302966035025387
KRW-ETH,20,2.0,25,20,50,0.015,0.015,12,False,-15.109176681775395,292,False,-11.635762122022179,0.5039370078740157,127,-0.20978815401050527,-0.0016430985834028947,-18.58259124152861,0.45454545454545453,165,-0.3827634224913742,-0.00268655795188254
KRW-ETH,20,2.0,25,20,50,0.015,0.015,24,True,-18.07140541995317,298,False,-20.899896406022105,0.5384615384615384,130,-0.3141969303154521,-0.0028041606235421693,-15.242914433884234,0.5416666666666666,168,-0.3575108760679226,-0.0021661164088439384
KRW-ETH,20,2.0,25,20,50,0.015,0.015,24,False,-16.993718002316122,282,False,-16.338944122648407,0.45081967213114754,122,-0.2656802470157166,-0.002507984763250205,-17.64849188198384,0.44375,160,-0.4014094252651595,-0.0027357010741292775
KRW-ETH,20,2.0,25,20,50,0.02,0.008,12,True,-21.010597662692785,315,False,-33.01028535978741,0.31851851851851853,135,-0.35609199362491895,-0.0032826541693686527,-9.010909965598158,0.3888888888888889,180,-0.22058293319737837,-0.0010565762532837068
KRW-ETH,20,2.0,25,20,50,0.02,0.008,12,False,-17.940972564166998,309,False,-22.315163988146015,0.2932330827067669,133,-0.2994404579242654,-0.002593243053429138,-13.566781140187977,0.3181818181818182,176,-0.2779959263086224,-0.001675117763943943
KRW-ETH,20,2.0,25,20,50,0.02,0.008,24,True,-21.034698333478346,315,False,-33.87015546205202,0.32592592592592595,135,-0.3652420508672746,-0.003387806585422531,-8.199241204904672,0.4,180,-0.21064875402358843,-0.0009666635906356623
KRW-ETH,20,2.0,25,20,50,0.02,0.008,24,False,-15.02434297910717,305,False,-23.176509079974437,0.25190839694656486,131,-0.31224516837429367,-0.002859665712028149,-6.872176878239903,0.3045977011494253,174,-0.24713753147769563,-0.0009249464608380289
KRW-ETH,20,2.0,25,20,50,0.02,0.01,12,True,-19.861965413712163,310,False,-30.413621837449433,0.37037037037037035,135,-0.3903024855809466,-0.003393552235716277,-9.310308989974889,0.4342857142857143,175,-0.25002841980278484,-0.0012054414305399167
KRW-ETH,20,2.0,25,20,50,0.02,0.01,12,False,-16.886615601311615,303,False,-20.788337165609864,0.3383458646616541,133,-0.3396352800481878,-0.0026621822171704885,-12.984894037013365,0.36470588235294116,170,-0.3031931442061125,-0.0017741808165273865
KRW-ETH,20,2.0,25,20,50,0.02,0.01,24,True,-19.757559467047418,310,False,-30.836749290623775,0.3925925925925926,135,-0.39843119253049597,-0.00348654496380075,-8.678369643471063,0.44,175,-0.24103025982404436,-0.001129734332888373
KRW-ETH,20,2.0,25,20,50,0.02,0.01,24,False,-12.93885212596571,296,False,-17.62321432998887,0.3153846153846154,130,-0.3263126298087572,-0.002508768019136963,-8.254489921942548,0.3433734939759036,166,-0.3081790057319422,-0.0012244264030694288
KRW-ETH,20,2.0,25,20,50,0.02,0.015,12,True,-15.481851714284645,297,False,-17.520645028563873,0.5153846153846153,130,-0.2772584514325991,-0.00236977934885844,-13.443058400005418,0.49101796407185627,167,-0.35289456823908333,-0.002032782129687009
KRW-ETH,20,2.0,25,20,50,0.02,0.015,12,False,-11.29329397735598,290,False,-7.589769397279345,0.47244094488188976,127,-0.19206441816238057,-0.0011734163936186603,-14.996818557432613,0.4233128834355828,163,-0.37866705777036913,-0.0024087174156503573
KRW-ETH,20,2.0,25,20,50,0.02,0.015,24,True,-15.683230317332653,297,False,-19.16405331794221,0.5307692307692308,130,-0.3071551444522274,-0.0026833278307835193,-12.202407316723097,0.5269461077844312,167,-0.36017782108972896,-0.001867618820090333
KRW-ETH,20,2.0,25,20,50,0.02,0.015,24,False,-10.582755454397255,279,False,-7.89313017721077,0.4380165289256198,121,-0.2038930821214394,-0.001372141181147686,-13.272380731583738,0.4050632911392405,158,-0.39688727362722004,-0.002323416187246486
KRW-ETH,20,2.0,25,20,50,0.025,0.008,12,True,-23.782695533913646,315,False,-36.76005903200398,0.3037037037037037,135,-0.38453454440061696,-0.003617066696340891,-10.805332035823312,0.37777777777777777,180,-0.22725195348397356,-0.0012865429035809018
KRW-ETH,20,2.0,25,20,50,0.025,0.008,12,False,-17.187487570325935,309,False,-22.746568883632552,0.2781954887218045,133,-0.32412812277886033,-0.0027590527181992446,-11.62840625701932,0.30113636363636365,176,-0.25765868899092026,-0.0015630578475972824
KRW-ETH,20,2.0,25,20,50,0.025,0.008,24,True,-23.756089332284184,315,False,-37.62013612773357,0.3111111111111111,135,-0.39328042749831305,-0.0037222191123947694,-9.892042536834792,0.3888888888888889,180,-0.21316183975738393,-0.0011854720744311554
KRW-ETH,20,2.0,25,20,50,0.025,0.008,24,False,-14.116585679615051,304,False,-19.695923190291303,0.2366412213740458,131,-0.29879959073059403,-0.002665443595698316,-8.537248168938799,0.27167630057803466,173,-0.2562696915588721,-0.0012371669084406199
KRW-ETH,20,2.0,25,20,50,0.025,0.01,12,True,-21.81640430853662,310,False,-33.2928377286475,0.35555555555555557,135,-0.4224127034462139,-0.0037205684663922213,-10.339970888425741,0.4228571428571429,175,-0.2746157706490774,-0.0013698203036552636
KRW-ETH,20,2.0,25,20,50,0.025,0.01,12,False,-16.520015868438527,302,False,-22.34083638319729,0.3233082706766917,133,-0.3690215581446433,-0.002945464633778758,-10.699195353679762,0.34911242603550297,169,-0.2817601064566905,-0.0015842700521682398
KRW-ETH,20,2.0,25,20,50,0.025,0.01,24,True,-21.742815718849176,310,False,-33.68736710302279,0.37777777777777777,135,-0.43011330540117154,-0.003813561194476694,-9.798264334675567,0.42857142857142855,175,-0.26932736271084173,-0.0013077200158821993
KRW-ETH,20,2.0,25,20,50,0.025,0.01,24,False,-12.3234733780473,294,False,-15.267256652639801,0.2923076923076923,130,-0.3432127091577767,-0.002373841364175876,-9.379690103454797,0.31097560975609756,164,-0.31676609301224723,-0.0015000397018524426
KRW-ETH,20,2.0,25,20,50,0.025,0.015,12,True,-15.86609080749821,297,False,-18.20695802544914,0.5076923076923077,130,-0.29479512043487255,-0.0024820160635868134,-13.52522358954728,0.48502994011976047,167,-0.35915945718703995,-0.0020827435949027527
KRW-ETH,20,2.0,25,20,50,0.025,0.015,12,False,-11.320083328188915,290,False,-10.182228578140588,0.4566929133858268,127,-0.23637415110645277,-0.0016019944194223328,-12.45793807823724,0.4110429447852761,163,-0.36449795014783243,-0.0021197762408686153
KRW-ETH,20,2.0,25,20,50,0.025,0.015,24,True,-16.206136474972084,297,False,-20.202978540134747,0.5230769230769231,130,-0.3301646023697332,-0.002865216230805451,-12.209294409809418,0.5209580838323353,167,-0.3651114979619573,-0.0019148895063070576
KRW-ETH,20,2.0,25,20,50,0.025,0.015,24,False,-11.476050381221487,278,False,-8.377867986023814,0.4214876033057851,121,-0.23897766873933976,-0.0015375012188679786,-14.57423277641916,0.37579617834394907,157,-0.41698756782607405,-0.0027136718840490713
KRW-ETH,20,2.0,25,20,50,0.03,0.008,12,True,-23.09628427551469,314,False,-33.57155881018371,0.3037037037037037,135,-0.3724373048990722,-0.0034691407704149626,-12.62100974084567,0.3687150837988827,179,-0.25798664519260317,-0.0015191974007627248
KRW-ETH,20,2.0,25,20,50,0.03,0.008,12,False,-14.426394875918707,309,False,-17.87848291524379,0.2781954887218045,133,-0.2942538525373,-0.0023572126457802518,-10.974306836593625,0.29545454545454547,176,-0.2699976102059492,-0.00154718890004853
KRW-ETH,20,2.0,25,20,50,0.03,0.008,24,True,-23.292742922077885,314,False,-34.410418418064424,0.3111111111111111,135,-0.3813550921085638,-0.003574293186468841,-12.17506742609135,0.3743016759776536,179,-0.25249079406773683,-0.0014770341369739176
KRW-ETH,20,2.0,25,20,50,0.03,0.008,24,False,-10.991732629369224,303,False,-14.285930878621992,0.22900763358778625,131,-0.27188583581644304,-0.002153325327912203,-7.697534380116457,0.2558139534883721,172,-0.2588886869288553,-0.0011987857888994733
KRW-ETH,20,2.0,25,20,50,0.03,0.01,12,True,-21.09061926933451,309,False,-30.165669451906304,0.35555555555555557,135,-0.41391890768727874,-0.0035356610589848095,-12.015569086762719,0.41379310344827586,174,-0.2979111232941587,-0.0016107390026755663
KRW-ETH,20,2.0,25,20,50,0.03,0.01,12,False,-13.809235292870063,302,False,-17.583014689737563,0.3233082706766917,133,-0.3411316264521346,-0.0025060869673748016,-10.035455896002562,0.3431952662721893,169,-0.31060057307000905,-0.0015628680048912198
KRW-ETH,20,2.0,25,20,50,0.03,0.01,24,True,-21.288260781940238,309,False,-30.593262807457986,0.37777777777777777,135,-0.42173275198779464,-0.0036286537870692825,-11.983258756422488,0.41379310344827586,174,-0.29862228830162235,-0.001620940006517358
KRW-ETH,20,2.0,25,20,50,0.03,0.01,24,False,-9.475630150055713,293,False,-10.22094395881902,0.2846153846153846,130,-0.31080369041823164,-0.0017528050457811075,-8.730316341292404,0.294478527607362,163,-0.3310401484364659,-0.0014912312949766744
KRW-ETH,20,2.0,25,20,50,0.03,0.015,12,True,-15.602597326459588,296,False,-15.891815550659325,0.5076923076923077,130,-0.2809340137746317,-0.00225159298666373,-15.313379102259852,0.4759036144578313,166,-0.37814509631169324,-0.0023805320863273995
KRW-ETH,20,2.0,25,20,50,0.03,0.015,12,False,-9.991294055095175,290,False,-8.08084471821709,0.4566929133858268,127,-0.21515661342836268,-0.001330143941578522,-11.90174339197326,0.4049079754601227,163,-0.38527518260257987,-0.0021132972609943495
KRW-ETH,20,2.0,25,20,50,0.03,0.015,24,True,-16.094497093921113,296,False,-17.917693779136293,0.5230769230769231,130,-0.3169986981617482,-0.0026347931538823668,-14.271300408705931,0.5060240963855421,166,-0.38392080102380177,-0.0022769373849874353
KRW-ETH,20,2.0,25,20,50,0.03,0.015,24,False,-9.000936102757997,276,False,-5.933209446294203,0.4,120,-0.22550129689987058,-0.0011742838932795707,-12.068662759221791,0.36538461538461536,156,-0.4206746006222644,-0.002404451689693907
KRW-ETH,20,2.0,25,25,40,0.015,0.008,12,True,-21.33680817680615,257,False,-26.5420809789243,0.3482142857142857,112,-0.2582738993675093,-0.002631271302850479,-16.131535374688,0.3724137931034483,145,-0.25236238101638964,-0.001734289788821546
KRW-ETH,20,2.0,25,25,40,0.015,0.008,12,False,-20.00492721526969,253,False,-19.431658289864895,0.32727272727272727,110,-0.23949679854595826,-0.0021344596895825126,-20.57819614067448,0.3356643356643357,143,-0.28607758823485196,-0.002233443156795803
KRW-ETH,20,2.0,25,25,40,0.015,0.008,24,True,-20.370241284481786,257,False,-25.464281877663357,0.36607142857142855,112,-0.25536861221565665,-0.0025580523829317396,-15.276200691300213,0.3793103448275862,145,-0.2464474127347218,-0.0016556859019073418
KRW-ETH,20,2.0,25,25,40,0.015,0.008,24,False,-19.757569292989288,250,False,-21.8464527578236,0.3148148148148148,108,-0.22912858062863972,-0.002440255171776409,-17.66868582815498,0.33098591549295775,142,-0.2832180886135615,-0.0020091872039140935
KRW-ETH,20,2.0,25,25,40,0.015,0.01,12,True,-23.400734593051766,254,False,-28.810963586018573,0.38392857142857145,112,-0.3025636789072739,-0.00314072292070422,-17.990505600084955,0.4154929577464789,142,-0.27519370263910886,-0.0021281711392288146
KRW-ETH,20,2.0,25,25,40,0.015,0.01,12,False,-22.384934819763394,250,False,-22.496866762376374,0.36363636363636365,110,-0.28260076006095325,-0.0026788833913843134,-22.27300287715041,0.37857142857142856,140,-0.3125633393142252,-0.0026705433818014603
KRW-ETH,20,2.0,25,25,40,0.015,0.01,24,True,-22.925814551222995,254,False,-28.413199102299423,0.4017857142857143,112,-0.3067449366793147,-0.0031581848286968686,-17.438430000146568,0.4154929577464789,142,-0.2701757110276775,-0.002078740269908399
KRW-ETH,20,2.0,25,25,40,0.015,0.01,24,False,-21.752455822495065,245,False,-20.766667974753986,0.3611111111111111,108,-0.26430173076453284,-0.00261289366400989,-22.738243670236148,0.35036496350364965,137,-0.3372427268539616,-0.0028513509704803
KRW-ETH,20,2.0,25,25,40,0.015,0.015,12,True,-17.685753643616238,242,False,-16.37622400524528,0.5092592592592593,108,-0.22013650599840756,-0.0021910612530349626,-18.995283281987195,0.4925373134328358,134,-0.33279951305930594,-0.002690170809644745
KRW-ETH,20,2.0,25,25,40,0.015,0.015,12,False,-16.12175191909906,238,False,-10.634781773086168,0.49056603773584906,106,-0.17859920610845795,-0.0015282570764986042,-21.608722065111955,0.45454545454545453,132,-0.361369479580467,-0.003144538859397774
KRW-ETH,20,2.0,25,25,40,0.015,0.015,24,True,-18.373929118973706,242,False,-18.121327788430843,0.5277777777777778,108,-0.24793458334584903,-0.0025199933007661345,-18.626530449516572,0.5074626865671642,134,-0.34231283948520863,-0.0026776110547156546
KRW-ETH,20,2.0,25,25,40,0.015,0.015,24,False,-16.724960979856167,230,False,-10.08175122395018,0.49514563106796117,103,-0.195027137085499,-0.0015682494624988117,-23.368170735762156,0.4251968503937008,127,-0.4194360862061509,-0.0036304433131223567
KRW-ETH,20,2.0,25,25,40,0.02,0.008,12,True,-20.61123415981453,256,False,-26.098465121019,0.33035714285714285,112,-0.2594147573382923,-0.0027154162922507575,-15.124003198610055,0.3402777777777778,144,-0.24619149686042213,-0.001776160910980644
KRW-ETH,20,2.0,25,25,40,0.02,0.008,12,False,-18.405289596850142,251,False,-16.2362836790281,0.3090909090909091,110,-0.24112662962955567,-0.0019579776589374554,-20.574295514672183,0.28368794326241137,141,-0.2982621264912894,-0.002490346124729259
KRW-ETH,20,2.0,25,25,40,0.02,0.008,24,True,-19.81456072938844,256,False,-25.277987402853448,0.3482142857142857,112,-0.25766167523694355,-0.0026561663753320217,-14.351134055923431,0.3472222222222222,144,-0.24022770735423982,-0.0016970111637406467
KRW-ETH,20,2.0,25,25,40,0.02,0.008,24,False,-17.450517855264444,248,False,-20.035835403249788,0.26851851851851855,108,-0.26799650717896156,-0.002516934535427848,-14.865200307279098,0.2785714285714286,140,-0.28365109060144594,-0.001941558990690365
KRW-ETH,20,2.0,25,25,40,0.02,0.01,12,True,-21.836500716658634,253,False,-28.44100914015931,0.36607142857142855,112,-0.31560874426796137,-0.0032429346737699698,-15.231992293157962,0.3900709219858156,141,-0.2668674992263288,-0.001976312027271909
KRW-ETH,20,2.0,25,25,40,0.02,0.01,12,False,-19.944159865432468,248,False,-18.833556026475346,0.34545454545454546,110,-0.2818147498921763,-0.0024459432265427315,-21.054763704389593,0.3333333333333333,138,-0.3234778968780668,-0.002810914195014027
KRW-ETH,20,2.0,25,25,40,0.02,0.01,24,True,-21.50887031556335,253,False,-28.263792699983725,0.38392857142857145,112,-0.31816259552997816,-0.003274365584762622,-14.753947931142973,0.3900709219858156,141,-0.2643098286506678,-0.0019265305844102147
KRW-ETH,20,2.0,25,25,40,0.02,0.01,24,False,-17.442049458621405,241,False,-15.934037105504968,0.330188679245283,106,-0.2672869186296406,-0.0022667651087319722,-18.950061811737843,0.3037037037037037,135,-0.33055240393605256,-0.0027063188101731092
KRW-ETH,20,2.0,25,25,40,0.02,0.015,12,True,-16.673423849230844,241,False,-16.703509705625933,0.49074074074074076,108,-0.23032997702401706,-0.0023099256052256482,-16.64333799283575,0.47368421052631576,133,-0.33883965283911,-0.002530020617595741
KRW-ETH,20,2.0,25,25,40,0.02,0.015,12,False,-14.422325104922272,236,False,-8.640136950126772,0.4528301886792453,106,-0.18781112777212017,-0.001340077590056034,-20.20451325971777,0.4153846153846154,130,-0.3769527059330121,-0.0032219187720209253
KRW-ETH,20,2.0,25,25,40,0.02,0.015,24,True,-16.968775689723138,241,False,-17.59241458681194,0.5185185185185185,108,-0.24896453031244176,-0.0025294761845530748,-16.345136792634335,0.48872180451127817,133,-0.34826685549485975,-0.002517366428419063
KRW-ETH,20,2.0,25,25,40,0.02,0.015,24,False,-13.844286042368322,225,False,-4.839713992606103,0.47,100,-0.19496866030373167,-0.000846856750939837,-22.84885809213054,0.368,125,-0.45856842082329463,-0.003945541892540053
KRW-ETH,20,2.0,25,25,40,0.025,0.008,12,True,-24.61709056136251,256,False,-31.047204888735248,0.3125,112,-0.2972795795029827,-0.003163078713154794,-18.18697623398977,0.3263888888888889,144,-0.27590843500589307,-0.0021408544545369157
KRW-ETH,20,2.0,25,25,40,0.025,0.008,12,False,-18.197704826133034,251,False,-16.880284299962327,0.2909090909090909,110,-0.23580426284672493,-0.0021422496235242575,-19.515125352303745,0.2624113475177305,141,-0.3038347749615448,-0.002537140333816785
KRW-ETH,20,2.0,25,25,40,0.025,0.008,24,True,-23.696937053386804,256,False,-30.144799113260422,0.33035714285714285,112,-0.29266303272665734,-0.003103828796236057,-17.249074993513183,0.3333333333333333,144,-0.2662248180268317,-0.0020477569991697903
KRW-ETH,20,2.0,25,25,40,0.025,0.008,24,False,-16.439428306011855,246,False,-17.102400342054874,0.25,108,-0.25524921875259754,-0.0023554299978409622,-15.77645626996884,0.2463768115942029,138,-0.28646026631478,-0.0022201191759256347
KRW-ETH,20,2.0,25,25,40,0.025,0.01,12,True,-25.386541907893463,253,False,-33.25339659536878,0.3482142857142857,112,-0.3548154384813002,-0.0037262578089597193,-17.51968722041815,0.375886524822695,141,-0.2977231980657245,-0.002294614694036402
KRW-ETH,20,2.0,25,25,40,0.025,0.01,12,False,-19.793851973013446,247,False,-20.548430103527807,0.32727272727272727,110,-0.2932426996711995,-0.0027658547110539504,-19.039273842499085,0.31386861313868614,137,-0.31555285882296413,-0.0027345655525126784
KRW-ETH,20,2.0,25,25,40,0.025,0.01,24,True,-25.05263984311187,253,False,-32.991187653486136,0.36607142857142855,112,-0.3572229873692626,-0.003757688719952372,-17.114092032737606,0.375886524822695,141,-0.2969928287189622,-0.002261721135775657
KRW-ETH,20,2.0,25,25,40,0.025,0.01,24,False,-17.11869136664599,238,False,-15.048853551634547,0.3018867924528302,106,-0.27271593738007666,-0.0023180636184950143,-19.188529181657437,0.2727272727272727,132,-0.3331776552675469,-0.002950187325412552
KRW-ETH,20,2.0,25,25,40,0.025,0.015,12,True,-18.067716174820617,241,False,-18.419037640892856,0.48148148148148145,108,-0.2526687116176079,-0.0025374790581394265,-17.716394708748382,0.46616541353383456,133,-0.33829637310062705,-0.0027131137845017327
KRW-ETH,20,2.0,25,25,40,0.025,0.015,12,False,-13.105369866685656,236,False,-8.811399799917686,0.44339622641509435,106,-0.19040553806234273,-0.001410051328832775,-17.399339933453625,0.4,130,-0.365973234208605,-0.002937454578959362
KRW-ETH,20,2.0,25,25,40,0.025,0.015,24,True,-18.471687280937424,241,False,-19.702576635408402,0.5092592592592593,108,-0.2774484247533059,-0.002840869629023913,-17.240797926466442,0.48120300751879697,133,-0.34773132214984376,-0.0026970809480104966
KRW-ETH,20,2.0,25,25,40,0.025,0.015,24,False,-13.12173577008551,224,False,-4.373784605016155,0.46,100,-0.2103286501672987,-0.0008094210703643664,-21.869686935154864,0.3467741935483871,124,-0.450109334164371,-0.004032354227137725
KRW-ETH,20,2.0,25,25,40,0.03,0.008,12,True,-25.040340404360812,255,False,-28.5400038584949,0.3125,112,-0.29040704903720604,-0.0030293510345833627,-21.54067695022672,0.3146853146853147,143,-0.31244909324544357,-0.0025183628405875914
KRW-ETH,20,2.0,25,25,40,0.03,0.008,12,False,-17.922054280995106,251,False,-16.51222795647438,0.2818181818181818,110,-0.24484182739206423,-0.002175711320525653,-19.33188060551583,0.2553191489361702,141,-0.3125047489144322,-0.0026196374389169173
KRW-ETH,20,2.0,25,25,40,0.03,0.008,24,True,-24.437602256715486,255,False,-27.712167418831367,0.33035714285714285,112,-0.28574535292774333,-0.002970101117664627,-21.16303709459961,0.3146853146853147,143,-0.31066280134071717,-0.0024990585850343874
KRW-ETH,20,2.0,25,25,40,0.03,0.008,24,False,-14.353144614756879,246,False,-12.659818051531678,0.24074074074074073,108,-0.24793291884656027,-0.001924648419377888,-16.04647117798208,0.2246376811594203,138,-0.3026790914454132,-0.0023909665338891144
KRW-ETH,20,2.0,25,25,40,0.03,0.01,12,True,-25.76369103607402,252,False,-30.964410826984697,0.3482142857142857,112,-0.3485056025554418,-0.0035925301303882883,-20.56297124516335,0.36428571428571427,140,-0.32513033163290694,-0.0026856373987750003
KRW-ETH,20,2.0,25,25,40,0.03,0.01,12,False,-19.626704801589582,247,False,-20.227943487039326,0.3181818181818182,110,-0.3038370812019031,-0.0028174709535098924,-19.02546611613984,0.30656934306569344,137,-0.3341724554606983,-0.002849898257606715
KRW-ETH,20,2.0,25,25,40,0.03,0.01,24,True,-25.77016459697213,252,False,-30.761944871191478,0.36607142857142855,112,-0.35093669701373065,-0.003623961041380941,-20.778384322752785,0.35714285714285715,140,-0.33295952088302055,-0.002742812636732093
KRW-ETH,20,2.0,25,25,40,0.03,0.01,24,False,-15.289475363348101,238,False,-11.29182520284689,0.29245283018867924,106,-0.24573151875179874,-0.0018917038186332161,-19.287125523849312,0.25,132,-0.3496484313145605,-0.0031363648663137638
KRW-ETH,20,2.0,25,25,40,0.03,0.015,12,True,-18.62736138830042,240,False,-16.561656086423525,0.48148148148148145,108,-0.24167872038051558,-0.0023525716507320138,-20.69306669017732,0.45454545454545453,132,-0.36101709489993267,-0.003168827252334076
KRW-ETH,20,2.0,25,25,40,0.03,0.015,12,False,-13.430820029677774,236,False,-9.942483463430996,0.4339622641509434,106,-0.20971896025171005,-0.0016072520930011263,-16.91915659592455,0.3923076923076923,130,-0.38662872181110153,-0.002987984119055383
KRW-ETH,20,2.0,25,25,40,0.03,0.015,24,True,-19.425893026418912,240,False,-17.905675910752635,0.5092592592592593,108,-0.2668228352674212,-0.0026559622216165008,-20.946110142085185,0.4621212121212121,132,-0.37763867500881493,-0.003286271629420619
KRW-ETH,20,2.0,25,25,40,0.03,0.015,24,False,-10.858349978042087,224,False,-2.241144850032054,0.45,100,-0.2026057489232476,-0.0004433172084054924,-19.47555510605212,0.33064516129032256,124,-0.45059123028451953,-0.0038433157047031126
KRW-ETH,20,2.0,25,25,45,0.015,0.008,12,True,-20.507338091713972,305,False,-32.82158981787677,0.3435114503816794,131,-0.3311371267168515,-0.0030989119101034373,-8.193086365551174,0.42528735632183906,174,-0.22888552481128138,-0.000886504995915331
KRW-ETH,20,2.0,25,25,45,0.015,0.008,12,False,-18.96403841201831,299,False,-25.473345771058575,0.3178294573643411,129,-0.29213337336604595,-0.002682906682300127,-12.454731052978051,0.3764705882352941,170,-0.2732064867317455,-0.0013755761025347182
KRW-ETH,20,2.0,25,25,45,0.015,0.008,24,True,-20.63862389917934,305,False,-33.735994685156946,0.3511450381679389,131,-0.34064179744191486,-0.003207275086952854,-7.5412531132017335,0.43103448275862066,174,-0.22278481833736566,-0.0008210017568201607
KRW-ETH,20,2.0,25,25,45,0.015,0.008,24,False,-18.40229873185433,296,False,-28.074842920801274,0.28346456692913385,127,-0.3196997029968282,-0.0030518996434633844,-8.729754542907388,0.3668639053254438,169,-0.25137298107417966,-0.0010197506571848708
KRW-ETH,20,2.0,25,25,45,0.015,0.01,12,True,-20.283207788825642,301,False,-30.028115974446695,0.3969465648854962,131,-0.35580005359042777,-0.003174883371373641,-10.538299603204592,0.4647058823529412,170,-0.24309828254804886,-0.0012433862719248342
KRW-ETH,20,2.0,25,25,45,0.015,0.01,12,False,-19.39088833309602,295,False,-24.275616638733066,0.3643410852713178,129,-0.331454140826351,-0.0028176067097359222,-14.50616002745897,0.41566265060240964,166,-0.285935476092771,-0.0017539447819190368
KRW-ETH,20,2.0,25,25,45,0.015,0.01,24,True,-20.076664601801117,301,False,-30.463374438001367,0.4198473282442748,131,-0.36438875939525356,-0.00327071557207138,-9.689954765600865,0.47058823529411764,170,-0.2348694870552925,-0.0011505465192247592
KRW-ETH,20,2.0,25,25,45,0.015,0.01,24,False,-17.791247299077,290,False,-23.12426797968316,0.3464566929133858,127,-0.31990464074571967,-0.002894655548975201,-12.458226618470839,0.39263803680981596,163,-0.29834087669784276,-0.0016023979206395292
KRW-ETH,20,2.0,25,25,45,0.015,0.015,12,True,-16.840323357920262,287,False,-16.250030842403042,0.5396825396825397,126,-0.25370993311734424,-0.0021052485189343483,-17.43061587343748,0.5093167701863354,161,-0.36163158660781836,-0.0024309922328296756
KRW-ETH,20,2.0,25,25,45,0.015,0.015,12,False,-14.413804982079103,281,False,-9.381765537578987,0.5121951219512195,123,-0.18610094848935216,-0.0013247325703714145,-19.44584442657922,0.4620253164556962,158,-0.3923105867678532,-0.002801746857409508
KRW-ETH,20,2.0,25,25,45,0.015,0.015,24,True,-17.48604290342021,287,False,-18.888274123049598,0.5476190476190477,126,-0.2940550455480867,-0.0025349233568221683,-16.08381168379082,0.5403726708074534,161,-0.370043515064245,-0.0022721322658340566
KRW-ETH,20,2.0,25,25,45,0.015,0.015,24,False,-15.768102784748411,270,False,-13.248878524475385,0.4661016949152542,118,-0.22815106074897828,-0.0020344418738688537,-18.287327045021435,0.4407894736842105,152,-0.4145873708266005,-0.002829502956080653
KRW-ETH,20,2.0,25,25,45,0.02,0.008,12,True,-19.634673958255387,304,False,-30.850717393815778,0.3282442748091603,131,-0.33106355209966914,-0.003093177960799758,-8.418630522694995,0.3930635838150289,173,-0.2279203582241007,-0.0009907614770985457
KRW-ETH,20,2.0,25,25,45,0.02,0.008,12,False,-16.814528155900675,297,False,-20.292031121734556,0.3023255813953488,129,-0.2722099943173497,-0.0023794521403571745,-13.33702519006679,0.32142857142857145,168,-0.27815044280962026,-0.0016529670913655605
KRW-ETH,20,2.0,25,25,45,0.02,0.008,24,True,-19.777003489606034,304,False,-31.736580660311155,0.33587786259541985,131,-0.3405692683342651,-0.0032015411376491746,-7.817426318900914,0.3988439306358382,173,-0.22181201579179444,-0.0009248796065635191
KRW-ETH,20,2.0,25,25,45,0.02,0.008,24,False,-13.718431018809811,294,False,-21.264592569073383,0.25984251968503935,127,-0.2855124186388843,-0.00265089927776132,-6.172269468546241,0.31137724550898205,167,-0.24559115646223023,-0.0008376050108089278
KRW-ETH,20,2.0,25,25,45,0.02,0.01,12,True,-17.966319468009495,300,False,-28.036597600857064,0.3816793893129771,131,-0.361469907664394,-0.0031464851284099048,-7.896041335161929,0.4437869822485207,169,-0.2469836264933019,-0.0010220832825370502
KRW-ETH,20,2.0,25,25,45,0.02,0.01,12,False,-15.081921208521207,293,False,-18.525715153498236,0.3488372093023256,129,-0.3084066514396308,-0.002388606471966473,-11.638127263544177,0.3780487804878049,164,-0.2989405616742127,-0.0015936769573888876
KRW-ETH,20,2.0,25,25,45,0.02,0.01,24,True,-17.817999222977818,300,False,-28.49829791114878,0.40458015267175573,131,-0.3699830209317334,-0.0032423173291076437,-7.137700534806859,0.44970414201183434,169,-0.2354361893914575,-0.0009286941821878621
KRW-ETH,20,2.0,25,25,45,0.02,0.01,24,False,-10.984663547487111,287,False,-15.491273132691598,0.3253968253968254,126,-0.294453973453655,-0.00222380827371274,-6.478053962282624,0.35403726708074534,161,-0.2910982366512163,-0.0009691230899491292
KRW-ETH,20,2.0,25,25,45,0.02,0.015,12,True,-15.23257440900096,286,False,-15.43214362166934,0.5238095238095238,126,-0.2560316916945193,-0.0020867522004024493,-15.033005196332581,0.49375,160,-0.3704986859463182,-0.002245903348468015
KRW-ETH,20,2.0,25,25,45,0.02,0.015,12,False,-11.0062954816281,279,False,-5.421504949491775,0.4796747967479675,123,-0.16476605624888233,-0.0008397761630332236,-16.59108601376443,0.42948717948717946,156,-0.3989229424571876,-0.002640928718981358
KRW-ETH,20,2.0,25,25,45,0.02,0.015,24,True,-15.499652044670029,286,False,-17.190737679838872,0.5396825396825397,126,-0.28680644398851546,-0.002410254602388642,-13.808566409501184,0.525,160,-0.378793770580766,-0.0020860505066786737
KRW-ETH,20,2.0,25,25,45,0.02,0.015,24,False,-9.71609920204162,267,False,-4.913336598118513,0.452991452991453,117,-0.17699438468239478,-0.0008557186574262391,-14.518861805964729,0.4,150,-0.41781520618415197,-0.0025296135669901367
KRW-ETH,20,2.0,25,25,45,0.025,0.008,12,True,-22.607208520060507,304,False,-34.632249309815215,0.31297709923664124,131,-0.36061165322086747,-0.003437801557297864,-10.582167730305798,0.3815028901734104,173,-0.22836950987279095,-0.0012588915178701936
KRW-ETH,20,2.0,25,25,45,0.025,0.008,12,False,-16.217798011319285,297,False,-20.821512525196457,0.2868217054263566,129,-0.2978572586334994,-0.002550403190081391,-11.614083497442113,0.30357142857142855,168,-0.25881077041883743,-0.001565288250430963
KRW-ETH,20,2.0,25,25,45,0.025,0.008,24,True,-22.69208518243151,304,False,-35.51663247519537,0.32061068702290074,131,-0.36969748522668483,-0.0035461647341472812,-9.867537889667643,0.3872832369942196,173,-0.2217453069666691,-0.001181399994327615
KRW-ETH,20,2.0,25,25,45,0.025,0.008,24,False,-12.863670964621535,292,False,-17.9114952027157,0.2440944881889764,127,-0.2715442168773027,-0.0024505599294210967,-7.815846726527373,0.2787878787878788,165,-0.2583774784630293,-0.0011422650168454605
KRW-ETH,20,2.0,25,25,45,0.025,0.01,12,True,-20.111543815897527,300,False,-30.967723429492864,0.366412213740458,131,-0.3950986168087337,-0.0034834865875034327,-9.255364202302193,0.4319526627218935,169,-0.25828424976133285,-0.001221839512094361
KRW-ETH,20,2.0,25,25,45,0.025,0.01,12,False,-14.899347781949851,292,False,-20.1747090334979,0.3333333333333333,129,-0.33918260578185605,-0.0026806728394773226,-9.623986530401801,0.3619631901840491,163,-0.27812122915888693,-0.0014262970614635228
KRW-ETH,20,2.0,25,25,45,0.025,0.01,24,True,-19.994975857189335,300,False,-31.39854314324755,0.3893129770992366,131,-0.4031633800086045,-0.0035793187882011716,-8.59140857113112,0.4378698224852071,169,-0.25097240525348746,-0.0011425403036311721
KRW-ETH,20,2.0,25,25,45,0.025,0.01,24,False,-10.304485969072939,284,False,-13.282026857269221,0.30158730158730157,126,-0.31215325706889313,-0.0020845982328798703,-7.326945080876658,0.3227848101265823,158,-0.2998973355011704,-0.0011854148460511734
KRW-ETH,20,2.0,25,25,45,0.025,0.015,12,True,-15.56537772250064,286,False,-16.153852656878943,0.5158730158730159,126,-0.2740834087942151,-0.002202551985439657,-14.976902788122338,0.4875,160,-0.3762726885914435,-0.002280667994922137
KRW-ETH,20,2.0,25,25,45,0.025,0.015,12,False,-10.840676876762913,279,False,-8.125442903205792,0.4634146341463415,123,-0.21348388121767836,-0.0012822916856109969,-13.555910850320032,0.4166666666666667,156,-0.3847843186853643,-0.002296612915044315
KRW-ETH,20,2.0,25,25,45,0.025,0.015,24,True,-15.97234114711165,286,False,-18.28175252079453,0.5317460317460317,126,-0.31049168460577936,-0.0025979172373319023,-13.66292977342877,0.51875,160,-0.38326703940319623,-0.002118006652552569
KRW-ETH,20,2.0,25,25,45,0.025,0.015,24,False,-9.897683453936825,266,False,-5.573984509304686,0.4358974358974359,117,-0.20008378265366988,-0.0010267320297694452,-14.221382398568965,0.37583892617449666,149,-0.42006351955455395,-0.002651197735922802
KRW-ETH,20,2.0,25,25,45,0.03,0.008,12,True,-23.027314227657257,303,False,-33.25958294710514,0.31297709923664124,131,-0.3558537471483255,-0.0033794007868695832,-12.795045508209375,0.37209302325581395,172,-0.2509899678215967,-0.0015298799109506344
KRW-ETH,20,2.0,25,25,45,0.03,0.008,12,False,-14.393192083432469,297,False,-17.589618760324363,0.2868217054263566,129,-0.28128691983407245,-0.002293395613618864,-11.196765406540575,0.2976190476190476,168,-0.2772397234948853,-0.0015783809006179859
KRW-ETH,20,2.0,25,25,45,0.03,0.008,24,True,-23.347788810630284,303,False,-34.13355902742862,0.32061068702290074,131,-0.36500718991916864,-0.003487763963719,-12.562018593831953,0.37209302325581395,172,-0.24904400201179935,-0.001513830442670936
KRW-ETH,20,2.0,25,25,45,0.03,0.008,24,False,-11.021645158573216,291,False,-14.824459607988366,0.2283464566929134,127,-0.2852495387422484,-0.002221075731940934,-7.218830709158065,0.2621951219512195,164,-0.26457648319500815,-0.0011318750506706299
KRW-ETH,20,2.0,25,25,45,0.03,0.01,12,True,-20.281155701922437,299,False,-29.2810709925122,0.366412213740458,131,-0.393555605297405,-0.00338697513005225,-11.281240411332673,0.4226190476190476,168,-0.28558901269761344,-0.0015001988742251472
KRW-ETH,20,2.0,25,25,45,0.03,0.01,12,False,-13.064064446056618,292,False,-16.902394809998274,0.3333333333333333,129,-0.3235875316443124,-0.0023849637126271976,-9.225734082114961,0.3558282208588957,163,-0.3131272443843262,-0.0014347360431210935
KRW-ETH,20,2.0,25,25,45,0.03,0.01,24,True,-20.43721866566678,299,False,-29.730015925098364,0.3893129770992366,131,-0.4016409404827248,-0.0034828073307499887,-11.144421406235196,0.4226190476190476,168,-0.2844935133947676,-0.001495680771835142
KRW-ETH,20,2.0,25,25,45,0.03,0.01,24,False,-7.503280315271505,283,False,-8.853706238223351,0.29365079365079366,126,-0.28510436722063753,-0.0015217931189069735,-6.152854392319659,0.3057324840764331,157,-0.303769225925802,-0.0010730785108698567
KRW-ETH,20,2.0,25,25,45,0.03,0.015,12,True,-15.893254507664402,285,False,-14.743931753601279,0.5158730158730159,126,-0.26868161663635765,-0.00206258769237533,-17.042577261727523,0.4779874213836478,159,-0.39768942887371717,-0.0026128422170655333
KRW-ETH,20,2.0,25,25,45,0.03,0.015,12,False,-10.112374782238561,279,False,-7.156615990336968,0.4634146341463415,123,-0.20757894254930465,-0.0011665660074150304,-13.068133574140152,0.41025641025641024,156,-0.4078982497317499,-0.0023102591562288283
KRW-ETH,20,2.0,25,25,45,0.03,0.015,24,True,-16.622192609414036,285,False,-16.88697151613871,0.5317460317460317,126,-0.3053608188066012,-0.002457952944267575,-16.357413702689364,0.5031446540880503,159,-0.40444361672957735,-0.0025600699544845716
KRW-ETH,20,2.0,25,25,45,0.03,0.015,24,False,-8.754517650629948,263,False,-6.108139802829665,0.4,115,-0.2357265874186622,-0.0012049590448940332,-11.40089549843023,0.36486486486486486,148,-0.41753120245705005,-0.002284966425690052
KRW-ETH,20,2.0,25,25,50,0.015,0.008,12,True,-21.842100668577427,307,False,-35.66065118325206,0.3333333333333333,132,-0.3524959914062005,-0.003321295153208717,-8.023550153902795,0.42857142857142855,175,-0.22683000341692236,-0.0008661832993697211
KRW-ETH,20,2.0,25,25,50,0.015,0.008,12,False,-20.341343847286062,301,False,-27.950818897998,0.3076923076923077,130,-0.31473774879230765,-0.002911911246282437,-12.731868796574123,0.3742690058479532,171,-0.27797485433798685,-0.0014057010577538198
KRW-ETH,20,2.0,25,25,50,0.015,0.008,24,True,-21.97189980725296,307,False,-36.56882633347267,0.3409090909090909,132,-0.36169714853521556,-0.003428837396900184,-7.3749732810332524,0.4342857142857143,175,-0.22071303459405434,-0.0008010543644979519
KRW-ETH,20,2.0,25,25,50,0.015,0.008,24,False,-19.851691830075307,298,False,-30.536305858181535,0.2734375,128,-0.34142380007593714,-0.0032815996462488297,-9.16707780196908,0.36470588235294116,170,-0.25847595422974806,-0.0010695638886131962
KRW-ETH,20,2.0,25,25,50,0.015,0.01,12,True,-21.840204476338094,302,False,-32.724397673246486,0.38636363636363635,132,-0.3788834513056078,-0.0034269486488632353,-10.956011279429706,0.4647058823529412,170,-0.2497522843572244,-0.001295035646296241
KRW-ETH,20,2.0,25,25,50,0.015,0.01,12,False,-20.867947969551018,296,False,-26.715965722718376,0.35384615384615387,130,-0.35540991735839467,-0.003076298196584108,-15.019930216383663,0.40963855421686746,166,-0.2936501849887935,-0.0018190528291798403
KRW-ETH,20,2.0,25,25,50,0.015,0.01,24,True,-21.795264059496944,302,False,-33.12254244567805,0.4090909090909091,132,-0.3871644009346433,-0.0035220548480405364,-10.467985673315841,0.4647058823529412,170,-0.24713490413641512,-0.0012452590203260545
KRW-ETH,20,2.0,25,25,50,0.015,0.01,24,False,-19.549720097579854,291,False,-25.411807565780354,0.3359375,128,-0.3442742665884613,-0.0031567871462488337,-13.687632629379356,0.38650306748466257,163,-0.3156231211141518,-0.0017555420924186718
KRW-ETH,20,2.0,25,25,50,0.015,0.015,12,True,-17.813065569996454,289,False,-17.751714905084867,0.5354330708661418,127,-0.27265939045894594,-0.002290742925091471,-17.87441623490804,0.5061728395061729,162,-0.36989813537874705,-0.002506402020339796
KRW-ETH,20,2.0,25,25,50,0.015,0.015,12,False,-15.36283978693762,283,False,-10.841625277316739,0.5080645161290323,124,-0.20723380146000644,-0.0015257743555819971,-19.884054296558503,0.4528301886792453,159,-0.3987399533701002,-0.002879429936900877
KRW-ETH,20,2.0,25,25,50,0.015,0.015,24,True,-18.310760426576916,289,False,-20.33543477147743,0.5433070866141733,127,-0.31198007817753604,-0.0027170344965392287,-16.2860860816764,0.5370370370370371,162,-0.3714866095075492,-0.002309888829674598
KRW-ETH,20,2.0,25,25,50,0.015,0.015,24,False,-16.84169276116253,272,False,-15.693431295207267,0.453781512605042,119,-0.2633065651436502,-0.0024075347992985295,-17.989954227117796,0.4444444444444444,153,-0.41458737082659963,-0.0027936353361631954
KRW-ETH,20,2.0,25,25,50,0.02,0.008,12,True,-21.209387760691392,306,False,-34.159379420487035,0.3181818181818182,132,-0.3555991546553028,-0.0033534266126118823,-8.259396100895746,0.39655172413793105,174,-0.22586226403331097,-0.0009697238140142643
KRW-ETH,20,2.0,25,25,50,0.02,0.008,12,False,-18.258502670190392,299,False,-22.934423055515143,0.2923076923076923,130,-0.29890425859229186,-0.0026491948162005834,-13.582582284865643,0.31952662721893493,169,-0.282886373967851,-0.0016818071881326351
KRW-ETH,20,2.0,25,25,50,0.02,0.008,24,True,-21.352316259596734,306,False,-35.04358629197286,0.32575757575757575,132,-0.3647562152346861,-0.003460968856303349,-7.661046227220608,0.40229885057471265,174,-0.2197376388972596,-0.0009042205749190941
KRW-ETH,20,2.0,25,25,50,0.02,0.008,24,False,-15.174958263326406,296,False,-23.787682931233782,0.25,128,-0.3117187696042668,-0.002922736002153812,-6.56223359541903,0.30952380952380953,168,-0.25274898756971714,-0.0008890954571731597
KRW-ETH,20,2.0,25,25,50,0.02,0.01,12,True,-19.69479422492883,301,False,-31.10548647850594,0.3712121212121212,132,-0.3873680308991368,-0.0034365875138007386,-8.284101971351719,0.4437869822485207,169,-0.2536034718393003,-0.0010740382745082879
KRW-ETH,20,2.0,25,25,50,0.02,0.01,12,False,-16.598831818999102,294,False,-21.0947660606478,0.3384615384615385,130,-0.33645696572290995,-0.0026890018067975002,-12.102897577350403,0.3719512195121951,164,-0.30651476443098613,-0.0016595790052260427
KRW-ETH,20,2.0,25,25,50,0.02,0.01,24,True,-19.693257995835168,301,False,-31.530040550538388,0.3939393939393939,132,-0.3955358610558526,-0.00353169371297804,-7.856475441131945,0.4437869822485207,169,-0.24769252195641378,-0.0010239671122897565
KRW-ETH,20,2.0,25,25,50,0.02,0.01,24,False,-12.786562896921552,288,False,-17.817796176844368,0.31496062992125984,127,-0.32307019399299475,-0.0025325971849433485,-7.755329616998737,0.34782608695652173,161,-0.3119482885144164,-0.0011551789905702493
KRW-ETH,20,2.0,25,25,50,0.02,0.015,12,True,-16.235342346342154,288,False,-17.241011524609434,0.5196850393700787,127,-0.27847649896098936,-0.002311703270485019,-15.229673168074873,0.4906832298136646,161,-0.3758914544755709,-0.0022919218233810627
KRW-ETH,20,2.0,25,25,50,0.02,0.015,12,False,-11.916973485291585,281,False,-7.04871964216309,0.47580645161290325,124,-0.1848064168828926,-0.0010849909837868548,-16.78522732842008,0.42038216560509556,157,-0.40528235019902725,-0.002688826348137762
KRW-ETH,20,2.0,25,25,50,0.02,0.015,24,True,-16.35951506282274,288,False,-18.938609872973082,0.5354330708661418,127,-0.30832280662071715,-0.002632658409463446,-13.7804202526724,0.5217391304347826,161,-0.38021682007586294,-0.0020941880538918583
KRW-ETH,20,2.0,25,25,50,0.02,0.015,24,False,-10.731758970428606,269,False,-7.394391970525617,0.4406779661016949,118,-0.19509440278982604,-0.0012842718891429674,-14.069125970331594,0.40397350993377484,151,-0.4178152061841517,-0.002462193987796224
KRW-ETH,20,2.0,25,25,50,0.025,0.008,12,True,-24.66228711348505,306,False,-38.907951559803095,0.30303030303030304,132,-0.38706804341099227,-0.003733261393985004,-10.416622667167008,0.3850574712643678,174,-0.2263126129631484,-0.0012363128775400977
KRW-ETH,20,2.0,25,25,50,0.025,0.008,12,False,-17.84183777981399,299,False,-23.837045089482835,0.27692307692307694,130,-0.32691027848963505,-0.002857234704003844,-11.846630470145142,0.30177514792899407,169,-0.26367358585115674,-0.0015946471569077093
KRW-ETH,20,2.0,25,25,50,0.025,0.008,24,True,-24.751571984203277,306,False,-39.79767711721578,0.3106060606060606,132,-0.39577792499800907,-0.003840803637676471,-9.70546685119078,0.39080459770114945,174,-0.21967075224974641,-0.0011592667075810974
KRW-ETH,20,2.0,25,25,50,0.025,0.008,24,False,-14.37026227945341,294,False,-20.56514421660607,0.234375,128,-0.3016860086876003,-0.0027629657112224967,-8.175380342300754,0.27710843373493976,166,-0.265413992947372,-0.001192540528792175
KRW-ETH,20,2.0,25,25,50,0.025,0.01,12,True,-22.181830941411757,301,False,-34.72897578394662,0.3560606060606061,132,-0.42246385375876927,-0.0038088579012344674,-9.634686098876893,0.4319526627218935,169,-0.2648047501515245,-0.0012737945040655987
KRW-ETH,20,2.0,25,25,50,0.025,0.01,12,False,-16.5856299084945,293,False,-23.112222744054527,0.3230769230769231,130,-0.3690774367013728,-0.0030172253560967286,-10.059037072934474,0.3558282208588957,163,-0.2859203626948656,-0.0014926034163426235
KRW-ETH,20,2.0,25,25,50,0.025,0.01,24,True,-22.20428062195721,301,False,-35.11477209505572,0.3787878787878788,132,-0.4301637737593295,-0.0039039641004117685,-9.293789148858698,0.4319526627218935,169,-0.26297968466452304,-0.0012378132337330667
KRW-ETH,20,2.0,25,25,50,0.025,0.01,24,False,-12.233398569379531,285,False,-15.710970776922675,0.29133858267716534,127,-0.3432708733096024,-0.0024337943097863285,-8.75582636183639,0.31645569620253167,158,-0.32380328014259396,-0.0014066015549119336
KRW-ETH,20,2.0,25,25,50,0.025,0.015,12,True,-16.936279145668315,288,False,-18.34635614808407,0.5118110236220472,127,-0.29941783942066796,-0.0024659022698132723,-15.526202143252565,0.484472049689441,161,-0.38334089772126895,-0.002371671570629044
KRW-ETH,20,2.0,25,25,50,0.025,0.015,12,False,-12.137732540250337,281,False,-10.020662193217511,0.4596774193548387,124,-0.24137982791331355,-0.0015641999295696464,-14.25480288728316,0.40764331210191085,157,-0.39129331336010226,-0.002417480699261788
KRW-ETH,20,2.0,25,25,50,0.025,0.015,24,True,-17.18913290554225,288,False,-20.39859160604899,0.5275590551181102,127,-0.3345554693357872,-0.002858154409485894,-13.979674205035511,0.515527950310559,161,-0.38467984160417723,-0.0021711467446625947
KRW-ETH,20,2.0,25,25,50,0.025,0.015,24,False,-11.351851559872387,268,False,-8.174445865804802,0.423728813559322,118,-0.24396627911523752,-0.0014961453176527567,-14.529257253939972,0.38,150,-0.4200635195545545,-0.002705170135786592
KRW-ETH,20,2.0,25,25,50,0.03,0.008,12,True,-24.432750746667402,305,False,-36.244500332685035,0.30303030303030304,132,-0.37805448150536525,-0.0036197954848940926,-12.621001160649772,0.37572254335260113,173,-0.24899336913843062,-0.0015056043513522702
KRW-ETH,20,2.0,25,25,50,0.03,0.008,12,False,-15.27744434118225,299,False,-19.13451167926737,0.27692307692307694,130,-0.30057083214819086,-0.00248452524529826,-11.420377003097128,0.2958579881656805,169,-0.281981629726365,-0.0016076623357918504
KRW-ETH,20,2.0,25,25,50,0.03,0.008,24,True,-24.75356561369276,305,False,-37.11718052588142,0.3106060606060606,132,-0.3868924475494426,-0.0037273377285855593,-12.389950701504098,0.37572254335260113,173,-0.24704221606463644,-0.0014896476545655179
KRW-ETH,20,2.0,25,25,50,0.03,0.008,24,False,-11.402248613125394,293,False,-15.24713929437694,0.2265625,128,-0.2852495387422484,-0.0022778485777851473,-7.557357931873849,0.2606060606060606,165,-0.27155418152245436,-0.001182518232181718
KRW-ETH,20,2.0,25,25,50,0.03,0.01,12,True,-21.835486505850653,300,False,-32.012695678652726,0.3560606060606061,132,-0.41681561209059215,-0.0036575700224465847,-11.658277333048582,0.4226190476190476,168,-0.2918694740737719,-0.0015524631221009758
KRW-ETH,20,2.0,25,25,50,0.03,0.01,12,False,-14.081386427215463,293,False,-18.52139996178202,0.3230769230769231,130,-0.34438808181964836,-0.0026061120512372972,-9.641372892648905,0.3496932515337423,163,-0.320548175099646,-0.0015010423980001942
KRW-ETH,20,2.0,25,25,50,0.03,0.01,24,True,-22.137305748283328,300,False,-32.43120054684207,0.3787878787878788,132,-0.42459083648425755,-0.003752676221623887,-11.843410949724584,0.4166666666666667,168,-0.29596343301499844,-0.0015915208027114526
KRW-ETH,20,2.0,25,25,50,0.03,0.01,24,False,-9.554060545045747,284,False,-10.768666834305128,0.28346456692913385,127,-0.31421004153738313,-0.0018373988657601889,-8.339454255786364,0.29936305732484075,157,-0.3411442458551119,-0.00142866073664639
KRW-ETH,20,2.0,25,25,50,0.03,0.015,12,True,-16.947453254967982,287,False,-16.319588097288204,0.5118110236220472,127,-0.28911532442454657,-0.002269347151703031,-17.575318412647764,0.475,160,-0.4077321558612341,-0.002702338476232212
KRW-ETH,20,2.0,25,25,50,0.03,0.015,12,False,-10.943096221832363,281,False,-8.144074587939949,0.4596774193548387,124,-0.22408631901877699,-0.0013260345208102613,-13.742117855724777,0.4012738853503185,157,-0.41416269853637677,-0.002431040021712641
KRW-ETH,20,2.0,25,25,50,0.03,0.015,24,True,-17.52746765706366,287,False,-18.401399429443398,0.5275590551181102,127,-0.324769675974184,-0.002661599291375652,-16.653535884683926,0.5,160,-0.40785698225085704,-0.002610779276533211
KRW-ETH,20,2.0,25,25,50,0.03,0.015,24,False,-9.117510662835404,266,False,-5.914397259567668,0.4017094017094017,117,-0.23431330387753377,-0.0011659321982354584,-12.32062406610314,0.3691275167785235,149,-0.42652852155007814,-0.002448379182312312
KRW-ETH,20,2.0,25,30,40,0.015,0.008,12,True,-22.35507099218017,231,False,-24.40167257444891,0.36633663366336633,101,-0.22680589466596968,-0.0024252332958453015,-20.30846940991143,0.36153846153846153,130,-0.27371500678092564,-0.0021378299088039513
KRW-ETH,20,2.0,25,30,40,0.015,0.008,12,False,-21.14202534707439,227,False,-16.828490115470427,0.3434343434343434,99,-0.2047967287991864,-0.0018690580082343258,-25.455560578678355,0.3203125,128,-0.30348168657692803,-0.002701783126462416
KRW-ETH,20,2.0,25,30,40,0.015,0.008,24,True,-21.654480563855294,231,False,-23.478046880161966,0.37623762376237624,101,-0.22309605970000207,-0.0023657299757474017,-19.83091424754862,0.36153846153846153,130,-0.273010940815908,-0.0021034266900688014
KRW-ETH,20,2.0,25,30,40,0.015,0.008,24,False,-21.06372035850473,224,False,-19.995374984348896,0.31958762886597936,97,-0.19665860534377033,-0.0022592653620149,-22.132065732660564,0.30708661417322836,127,-0.29485159346604745,-0.0024802882954190336
KRW-ETH,20,2.0,25,30,40,0.015,0.01,12,True,-23.637497952723784,227,False,-25.12585858365976,0.41,100,-0.2632109510738903,-0.0027454614407999406,-22.149137321787812,0.4015748031496063,127,-0.30419147672573893,-0.0025832927778849054
KRW-ETH,20,2.0,25,30,40,0.015,0.01,12,False,-22.759891906564388,223,False,-18.449128784785202,0.3877551020408163,98,-0.23190732210829113,-0.002219003571565266,-27.070655028343573,0.36,125,-0.33445959399585057,-0.0031980316357847678
KRW-ETH,20,2.0,25,30,40,0.015,0.01,24,True,-23.39563979080345,227,False,-24.97316704821893,0.42,100,-0.2664337284790827,-0.002786925614761818,-21.818112533387975,0.4015748031496063,127,-0.30492115456053065,-0.0025638012941402626
KRW-ETH,20,2.0,25,30,40,0.015,0.01,24,False,-21.010614173651604,218,False,-16.37618824315167,0.37894736842105264,95,-0.2165141817654967,-0.0020931336555438007,-25.64504010415154,0.3333333333333333,123,-0.3470585667461446,-0.0031940700286033886
KRW-ETH,20,2.0,25,30,40,0.015,0.015,12,True,-20.59425703583294,220,False,-18.075503809568215,0.5154639175257731,97,-0.24207414340102384,-0.0024009393457404835,-23.113010262097667,0.4796747967479675,123,-0.3441633668933065,-0.0032658148299303663
KRW-ETH,20,2.0,25,30,40,0.015,0.015,12,False,-18.759672886771934,216,False,-11.568255722335495,0.49473684210526314,95,-0.20880979519819973,-0.0016658079086095054,-25.951090051208375,0.4380165289256198,121,-0.36855740095476314,-0.0037710038432193834
KRW-ETH,20,2.0,25,30,40,0.015,0.015,24,True,-20.739516448103377,220,False,-18.999192594708116,0.5360824742268041,97,-0.2602531327907972,-0.0026102781186284935,-22.479840301498637,0.4959349593495935,123,-0.347346114716581,-0.0032131831492741335
KRW-ETH,20,2.0,25,30,40,0.015,0.015,24,False,-18.11215757404291,210,False,-9.941136555765377,0.5,92,-0.21555365585692993,-0.001549645605017381,-26.283178592320446,0.4067796610169492,118,-0.41047401755521384,-0.004074464672279279
KRW-ETH,20,2.0,25,30,40,0.02,0.008,12,True,-22.446884483748818,230,False,-25.45870357075356,0.3465346534653465,101,-0.24193359384098237,-0.002617403977160463,-19.43506539674408,0.3333333333333333,129,-0.2714788943143883,-0.0022086302699319193
KRW-ETH,20,2.0,25,30,40,0.02,0.008,12,False,-20.402007598293054,225,False,-14.646402416316628,0.32323232323232326,99,-0.21039062679626594,-0.0017738254489317376,-26.157612780269478,0.2698412698412698,126,-0.32040363655854015,-0.003052175971049331
KRW-ETH,20,2.0,25,30,40,0.02,0.008,24,True,-21.887087298976333,230,False,-24.769578089070897,0.3564356435643564,101,-0.2386227298960593,-0.002573391036626924,-19.004596508881768,0.3333333333333333,129,-0.2707726606456506,-0.0021739603595786667
KRW-ETH,20,2.0,25,30,40,0.02,0.008,24,False,-18.995570439542178,221,False,-18.69764289631443,0.2708333333333333,96,-0.23225950824841052,-0.002374240743643758,-19.293497982769928,0.256,125,-0.28436627949429694,-0.0024679983140725417
KRW-ETH,20,2.0,25,30,40,0.02,0.01,12,True,-22.438825276721698,226,False,-26.190559472384024,0.39,100,-0.2840630216718562,-0.002959788604233582,-18.68709108105937,0.38095238095238093,126,-0.30589088755795235,-0.0023831377559410324
KRW-ETH,20,2.0,25,30,40,0.02,0.01,12,False,-20.53715031658369,221,False,-15.778402626347859,0.3673469387755102,98,-0.23483505570121613,-0.0020594278763349187,-25.29589800681952,0.3170731707317073,123,-0.3408700020851929,-0.0033215031433993657
KRW-ETH,20,2.0,25,30,40,0.02,0.01,24,True,-22.324200746938914,226,False,-26.231565038795253,0.4,100,-0.28829496433383145,-0.0030168980615554626,-18.41683645508257,0.38095238095238093,126,-0.30661878326105835,-0.002363491577880956
KRW-ETH,20,2.0,25,30,40,0.02,0.01,24,False,-17.75373827145536,213,False,-14.040618640433651,0.33695652173913043,92,-0.237599837568191,-0.0020150791640128497,-21.466857902477074,0.2892561983471074,121,-0.33807711395651996,-0.00303792206558501
KRW-ETH,20,2.0,25,30,40,0.02,0.015,12,True,-19.83320732459937,219,False,-18.73304745678227,0.5051546391752577,97,-0.2529658064555901,-0.0025489118815261716,-20.93336719241647,0.45901639344262296,122,-0.34960500031045477,-0.003169296218353631
KRW-ETH,20,2.0,25,30,40,0.02,0.015,12,False,-16.971203811505518,214,False,-9.17760935553024,0.4631578947368421,95,-0.20227122519139873,-0.0014280078797313225,-24.764798267480796,0.3949579831932773,119,-0.37892158690124805,-0.003939107581860764
KRW-ETH,20,2.0,25,30,40,0.02,0.015,24,True,-20.06714673626418,219,False,-19.758531414406203,0.5257731958762887,97,-0.26939486494139775,-0.002772377787422278,-20.37576205812216,0.47540983606557374,122,-0.3512008264218908,-0.003116233130478904
KRW-ETH,20,2.0,25,30,40,0.02,0.015,24,False,-16.50944708613003,205,False,-5.841459606653302,0.47191011235955055,89,-0.20909615267502316,-0.0010189424282944436,-27.17743456560676,0.3448275862068966,116,-0.45139386740374154,-0.004636860061464851
KRW-ETH,20,2.0,25,30,40,0.025,0.008,12,True,-25.30060074171232,230,False,-27.72428457333,0.33663366336633666,101,-0.2623138632340084,-0.00284384298515197,-22.87691691009464,0.32558139534883723,129,-0.29748688065967194,-0.0025538075588629476
KRW-ETH,20,2.0,25,30,40,0.025,0.008,12,False,-19.18967484277787,225,False,-13.572839600735941,0.31313131313131315,99,-0.20610028629755892,-0.001746597328775658,-24.8065100848198,0.25396825396825395,126,-0.3237186978400547,-0.0030807671097901296
KRW-ETH,20,2.0,25,30,40,0.025,0.008,24,True,-24.61904116424269,230,False,-27.006428653497764,0.3465346534653465,101,-0.25909201035536267,-0.002799830044618431,-22.23165367498762,0.32558139534883723,129,-0.2954067464281186,-0.0025035681138561574
KRW-ETH,20,2.0,25,30,40,0.025,0.008,24,False,-17.275627450687136,220,False,-13.858418505918054,0.2604166666666667,96,-0.22611334901977762,-0.001953324180525177,-20.692836395456215,0.22580645161290322,124,-0.2975442425720142,-0.002818955458388336
KRW-ETH,20,2.0,25,30,40,0.025,0.01,12,True,-24.929150704814738,226,False,-28.428026958610012,0.38,100,-0.30509554853531096,-0.003208462002305003,-21.430274451019464,0.373015873015873,126,-0.3378274852382318,-0.0027135942410101872
KRW-ETH,20,2.0,25,30,40,0.025,0.01,12,False,-19.518131479099242,220,False,-15.864262206787801,0.35714285714285715,98,-0.24197779272250178,-0.002163792807929145,-23.172000751410685,0.30327868852459017,122,-0.34727551351099156,-0.003247004570133766
KRW-ETH,20,2.0,25,30,40,0.025,0.01,24,True,-24.707939932119857,226,False,-28.43297672967102,0.39,100,-0.3092031667798918,-0.0032655714596268844,-20.982903134568698,0.373015873015873,126,-0.33720577735584284,-0.0026780078250905363
KRW-ETH,20,2.0,25,30,40,0.025,0.01,24,False,-15.564693301403546,211,False,-9.320165813253297,0.32608695652173914,92,-0.2205208768932955,-0.0014772546209137437,-21.809220789553795,0.2605042016806723,119,-0.354243721988934,-0.003303867710225822
KRW-ETH,20,2.0,25,30,40,0.025,0.015,12,True,-20.775597767510924,219,False,-19.747827129484676,0.4948453608247423,97,-0.26661324854212154,-0.0026881745272285887,-21.80336840553717,0.45901639344262296,122,-0.36303789927662883,-0.003301392384775082
KRW-ETH,20,2.0,25,30,40,0.025,0.015,12,False,-15.948366399483845,213,False,-8.921348745436987,0.45263157894736844,95,-0.2105976554370065,-0.0014348738940775422,-22.975384053530703,0.3813559322033898,118,-0.3854780718987355,-0.0038229136125366428
KRW-ETH,20,2.0,25,30,40,0.025,0.015,24,True,-20.299755169558885,219,False,-20.01895076492582,0.5257731958762887,97,-0.2761689993143654,-0.0028173843922546537,-20.58055957419195,0.47540983606557374,122,-0.3584025825132892,-0.0031677430527046455
KRW-ETH,20,2.0,25,30,40,0.025,0.015,24,False,-14.59302886093393,203,False,-3.494145785096785,0.47191011235955055,89,-0.22627658610528956,-0.0006471371643247827,-25.691911936771078,0.32456140350877194,114,-0.4582514032617182,-0.00468033455287404
KRW-ETH,20,2.0,25,30,40,0.03,0.008,12,True,-24.14419198631594,229,False,-25.142197827154735,0.33663366336633666,101,-0.25509937180721853,-0.002695550905944047,-23.146186145477145,0.3203125,128,-0.2947183592634883,-0.002625105819318658
KRW-ETH,20,2.0,25,30,40,0.03,0.008,12,False,-16.782350473722246,225,False,-13.810757963482281,0.30303030303030304,99,-0.22124155557185451,-0.001834206285039836,-19.753942983962208,0.25396825396825395,126,-0.28875256972278757,-0.002671971442450759
KRW-ETH,20,2.0,25,30,40,0.03,0.008,24,True,-23.499725303833486,229,False,-24.493396111943902,0.3465346534653465,101,-0.25184600955241293,-0.002651537965410507,-22.50605449572307,0.3203125,128,-0.2904102359796639,-0.0025744738786477525
KRW-ETH,20,2.0,25,30,40,0.03,0.008,24,False,-12.545642429786648,220,False,-9.784440631282974,0.25,96,-0.22611334901977753,-0.001520700113087553,-15.306844228290322,0.22580645161290322,124,-0.28371248872312427,-0.0022924267116057597
KRW-ETH,20,2.0,25,30,40,0.03,0.01,12,True,-23.84631869231333,225,False,-26.10090778807789,0.38,100,-0.29829945740974323,-0.003058687002305,-21.591729596548767,0.368,125,-0.32808980899236356,-0.0027767517069232765
KRW-ETH,20,2.0,25,30,40,0.03,0.01,12,False,-17.475914992676984,220,False,-16.182557123958404,0.3469387755102041,98,-0.256965201699159,-0.002272673284155202,-18.769272861395567,0.30327868852459017,122,-0.33504145256008017,-0.002842604854510846
KRW-ETH,20,2.0,25,30,40,0.03,0.01,24,True,-23.65359535910966,225,False,-26.15856118256281,0.39,100,-0.30244724772091525,-0.003115796459626882,-21.148629535656504,0.368,125,-0.327458958492389,-0.0027408805996762685
KRW-ETH,20,2.0,25,30,40,0.03,0.01,24,False,-11.05960848645936,211,False,-6.037390609052707,0.31521739130434784,92,-0.20843572902111823,-0.001040280286290369,-16.081826363866014,0.2605042016806723,119,-0.32790244328856194,-0.002671308343830532
KRW-ETH,20,2.0,25,30,40,0.03,0.015,12,True,-19.863301358252876,218,False,-18.127402281729093,0.4948453608247423,97,-0.2594408046432711,-0.0025337673107337405,-21.59920043477666,0.45454545454545453,121,-0.3536709585180506,-0.00333023520612137
KRW-ETH,20,2.0,25,30,40,0.03,0.015,12,False,-14.670920876989044,213,False,-10.960073282739328,0.4421052631578947,95,-0.23689249076852598,-0.0017600136940969684,-18.38176847123876,0.3813559322033898,118,-0.384359044391284,-0.003284261021931588
KRW-ETH,20,2.0,25,30,40,0.03,0.015,24,True,-19.42663439686639,218,False,-18.456306559131747,0.5257731958762887,97,-0.2690900096348465,-0.002662977175759805,-20.39696223460103,0.47107438016528924,121,-0.3499998004375455,-0.003195481334116467
KRW-ETH,20,2.0,25,30,40,0.03,0.015,24,False,-10.157633602210705,203,False,-1.7599015455269633,0.4606741573033708,89,-0.2225023255497058,-0.00034797552167436597,-18.555365658894445,0.32456140350877194,114,-0.43947974584291716,-0.003712417003986137
KRW-ETH,20,2.0,25,30,45,0.015,0.008,12,True,-22.015131820720015,280,False,-31.47995590596044,0.35833333333333334,120,-0.30196479305680024,-0.0029683636432056007,-12.550307735479588,0.4125,160,-0.22418115659022203,-0.0013321952378416051
KRW-ETH,20,2.0,25,30,45,0.015,0.008,12,False,-20.497996648789616,274,False,-23.67070875233832,0.3305084745762712,118,-0.26967790944170156,-0.0025113655845579513,-17.325284545240912,0.358974358974359,156,-0.2674162792915629,-0.0018765852961300723
KRW-ETH,20,2.0,25,30,45,0.015,0.008,24,True,-22.45786507738066,280,False,-32.700250905968105,0.35833333333333334,120,-0.3133893665530335,-0.003104915808774639,-12.215479248793217,0.4125,160,-0.223429072149866,-0.0013042426226192957
KRW-ETH,20,2.0,25,30,45,0.015,0.008,24,False,-20.04349361484464,271,False,-26.990031355333333,0.28448275862068967,116,-0.28842141370997315,-0.002958555485202094,-13.096955874355947,0.3419354838709677,155,-0.2426205370158525,-0.0015127960750107017
KRW-ETH,20,2.0,25,30,45,0.015,0.01,12,True,-20.293325504229028,275,False,-26.94171216531189,0.42016806722689076,119,-0.319451179299486,-0.0028461756185804068,-13.644938843146166,0.4551282051282051,156,-0.2610858832859044,-0.0015944778669750852
KRW-ETH,20,2.0,25,30,45,0.015,0.01,12,False,-19.485897305461993,269,False,-20.93678594444064,0.38461538461538464,117,-0.2937315524773876,-0.002446636260829533,-18.035008666483346,0.40131578947368424,152,-0.3074952903851631,-0.0021613007553911295
KRW-ETH,20,2.0,25,30,45,0.015,0.01,24,True,-20.29847335453044,275,False,-27.650568452611356,0.4369747899159664,119,-0.3299934560575933,-0.002970080677340195,-12.946378256449526,0.46153846153846156,156,-0.2534922322583782,-0.001522433040365576
KRW-ETH,20,2.0,25,30,45,0.015,0.01,24,False,-17.557799113252525,263,False,-20.83831775684052,0.35398230088495575,113,-0.2948638275948966,-0.0026349905865791436,-14.277280469664529,0.38,150,-0.2982903199561556,-0.0018327426108443938
KRW-ETH,20,2.0,25,30,45,0.015,0.015,12,True,-19.563330822741527,265,False,-17.72283893538779,0.5478260869565217,115,-0.274703146686606,-0.002274067952998077,-21.403822710095266,0.5,150,-0.39541570106662477,-0.002989021472342619
KRW-ETH,20,2.0,25,30,45,0.015,0.015,12,False,-16.800369796879906,259,False,-10.064555878193573,0.5178571428571429,112,-0.20899600949901315,-0.0014214161371851335,-23.536183715566235,0.4489795918367347,147,-0.4208793478982149,-0.003398907992085151
KRW-ETH,20,2.0,25,30,45,0.015,0.015,24,True,-19.84527659141927,265,False,-19.75206378164741,0.5565217391304348,115,-0.3032586190615043,-0.002612504730294039,-19.938489401191134,0.5266666666666666,150,-0.38969313814699924,-0.002811156221296412
KRW-ETH,20,2.0,25,30,45,0.015,0.015,24,False,-17.229044205983325,250,False,-13.45007448531574,0.4672897196261682,107,-0.238213840302613,-0.002066372356455571,-21.008013926650907,0.42657342657342656,143,-0.4314761423249644,-0.00325762068865758
KRW-ETH,20,2.0,25,30,45,0.02,0.008,12,True,-21.157880479284735,279,False,-30.80475874644837,0.3416666666666667,120,-0.3091457140448537,-0.003045312415215751,-11.511002212121097,0.389937106918239,159,-0.2240110833694604,-0.00132098030929593
KRW-ETH,20,2.0,25,30,45,0.02,0.008,12,False,-18.24907784446583,272,False,-19.277493192533402,0.3135593220338983,118,-0.25646600741616105,-0.0022642415514169275,-17.22066249639826,0.3116883116883117,154,-0.2879306334782528,-0.0020819600007454817
KRW-ETH,20,2.0,25,30,45,0.02,0.008,24,True,-21.598259023403042,279,False,-31.98710199921179,0.3416666666666667,120,-0.32002955641560926,-0.003181864580784789,-11.209416047594294,0.389937106918239,159,-0.22325883405888444,-0.0012928518914621595
KRW-ETH,20,2.0,25,30,45,0.02,0.008,24,False,-14.92113702668798,269,False,-20.783642254114287,0.25862068965517243,116,-0.25997117673047715,-0.0026056068089593183,-9.05863179926167,0.29411764705882354,153,-0.24634434365702867,-0.0012160102442320745
KRW-ETH,20,2.0,25,30,45,0.02,0.01,12,True,-18.23620808541234,274,False,-26.07838113516957,0.40336134453781514,119,-0.33203806879535475,-0.0028988212502757903,-10.394035035655113,0.43870967741935485,155,-0.267168869455429,-0.0013279512009805963
KRW-ETH,20,2.0,25,30,45,0.02,0.01,12,False,-15.164352055620133,267,False,-15.914404479280789,0.36752136752136755,117,-0.2765289619743239,-0.0020589778790153558,-14.414299631959478,0.36666666666666664,150,-0.30631148310729106,-0.001956578324919759
KRW-ETH,20,2.0,25,30,45,0.02,0.01,24,True,-18.281957013084455,274,False,-26.788280735338198,0.42016806722689076,119,-0.34238536399070957,-0.003022726309035579,-9.77563329083071,0.44516129032258067,155,-0.26148874138470274,-0.0012554415690381225
KRW-ETH,20,2.0,25,30,45,0.02,0.01,24,False,-10.791476232843854,260,False,-13.899361808373877,0.33035714285714285,112,-0.27918113494075497,-0.0020116966433160566,-7.6835906573138315,0.34459459459459457,148,-0.2889417102271104,-0.0011469550543528801
KRW-ETH,20,2.0,25,30,45,0.02,0.015,12,True,-18.0775398772954,264,False,-17.03915428821495,0.5391304347826087,115,-0.27791163923903267,-0.002266984907777193,-19.11592546637585,0.48322147651006714,149,-0.3960457838586106,-0.002854074282084347
KRW-ETH,20,2.0,25,30,45,0.02,0.015,12,False,-13.11009399059814,257,False,-5.570550937173472,0.49107142857142855,112,-0.18033415963372837,-0.0008652231435859152,-20.649637044022807,0.41379310344827586,145,-0.41845312144501307,-0.0032940715711488153
KRW-ETH,20,2.0,25,30,45,0.02,0.015,24,True,-18.395123955428176,264,False,-19.02195090728702,0.5478260869565217,115,-0.3062073692345515,-0.002603733020427807,-17.768297003569327,0.5100671140939598,149,-0.3903291848524191,-0.002675015304521051
KRW-ETH,20,2.0,25,30,45,0.02,0.015,24,False,-11.874551924547337,247,False,-5.76634041843287,0.4528301886792453,106,-0.18387870914049603,-0.0010011253202178467,-17.982763430661805,0.3829787234042553,141,-0.4177471248379412,-0.003121701022711315
KRW-ETH,20,2.0,25,30,45,0.025,0.008,12,True,-22.848903365490862,279,False,-32.03208427283333,0.3333333333333333,120,-0.3247930145110885,-0.0031942944136086017,-13.665722458148398,0.3836477987421384,159,-0.2556805494571997,-0.0015624802907644503
KRW-ETH,20,2.0,25,30,45,0.025,0.008,12,False,-16.636457384082252,272,False,-18.233438225149346,0.3050847457627119,118,-0.26601876417300574,-0.0022565058345900106,-15.039476543015159,0.2987012987012987,154,-0.2763573329041976,-0.001966859057388255
KRW-ETH,20,2.0,25,30,45,0.025,0.008,24,True,-23.21504352362068,279,False,-33.206146612571224,0.3333333333333333,120,-0.3321726521230473,-0.0033308465791776405,-13.22394043467013,0.3836477987421384,159,-0.2534766271023547,-0.0015217199863249784
KRW-ETH,20,2.0,25,30,45,0.025,0.008,24,False,-13.405792594284748,268,False,-15.736260891894096,0.25,116,-0.24257186202134792,-0.0021882913155178655,-11.075324296675399,0.2631578947368421,152,-0.26273195906549174,-0.0015864194627757682
KRW-ETH,20,2.0,25,30,45,0.025,0.01,12,True,-19.28787899717158,274,False,-26.735519230529704,0.3949579831932773,119,-0.3484830714372645,-0.003023882929327407,-11.840238763813451,0.432258064516129,155,-0.3035283942347267,-0.0015248263229167616
KRW-ETH,20,2.0,25,30,45,0.025,0.01,12,False,-14.175778083445213,266,False,-16.152469779657956,0.358974358974359,117,-0.2912499672241597,-0.0021676450705444125,-12.199086387232468,0.35570469798657717,149,-0.2949984268053329,-0.0017816811938297765
KRW-ETH,20,2.0,25,30,45,0.025,0.01,24,True,-19.27057878168886,274,False,-27.43426006937642,0.4117647058823529,119,-0.3585756196345131,-0.0031477879880871954,-11.106897494001302,0.43870967741935485,155,-0.296733608416614,-0.001439358820198117
KRW-ETH,20,2.0,25,30,45,0.025,0.01,24,False,-8.55812136064062,258,False,-8.486376217608365,0.32142857142857145,112,-0.2576670469394547,-0.001364750525950505,-8.629866503672876,0.3150684931506849,146,-0.30119310053933535,-0.001387096412592476
KRW-ETH,20,2.0,25,30,45,0.025,0.015,12,True,-17.882805407178495,264,False,-17.03823045670022,0.5304347826086957,115,-0.2876283665225285,-0.0022976238350218424,-18.727380357656774,0.48322147651006714,149,-0.4031902432659359,-0.002836132567571457
KRW-ETH,20,2.0,25,30,45,0.025,0.015,12,False,-13.223955646778336,256,False,-8.154523173008315,0.4732142857142857,112,-0.22824642658320768,-0.0012907987179575444,-18.293388120548357,0.4027777777777778,144,-0.4077945785910083,-0.0030781768162381658
KRW-ETH,20,2.0,25,30,45,0.025,0.015,24,True,-17.63796058837592,264,False,-18.387905653396487,0.5478260869565217,115,-0.3092707690209302,-0.002554869026242943,-16.888015523355346,0.5100671140939598,149,-0.391664412596408,-0.0025910902222774468
KRW-ETH,20,2.0,25,30,45,0.025,0.015,24,False,-11.093823492006457,245,False,-4.955297690452244,0.44339622641509435,106,-0.2117969235665425,-0.0009130259252027745,-17.23234929356067,0.3597122302158273,139,-0.4286504681776669,-0.0031986291806217217
KRW-ETH,20,2.0,25,30,45,0.03,0.008,12,True,-22.03565257118285,278,False,-30.617837971457188,0.3333333333333333,120,-0.32307066409151747,-0.0031305402392243957,-13.453467170908514,0.379746835443038,158,-0.245297178700101,-0.0015728797680523514
KRW-ETH,20,2.0,25,30,45,0.03,0.008,12,False,-13.26263971476795,272,False,-15.382186781255385,0.3050847457627119,118,-0.2525486839458615,-0.002017849246762333,-11.143092648280515,0.2987012987012987,154,-0.2480329404817781,-0.001571139702372284
KRW-ETH,20,2.0,25,30,45,0.03,0.008,24,True,-22.39717396506444,278,False,-31.772610096527075,0.3333333333333333,120,-0.32725837243864897,-0.0032670924047934337,-13.0217378336018,0.379746835443038,158,-0.24306251128960457,-0.001531861487002504
KRW-ETH,20,2.0,25,30,45,0.03,0.008,24,False,-9.414695221280068,266,False,-12.55089541236274,0.23478260869565218,115,-0.2604299347804938,-0.001914798256696452,-6.278495030197397,0.26490066225165565,151,-0.2445735182691727,-0.0009895565488238379
KRW-ETH,20,2.0,25,30,45,0.03,0.01,12,True,-18.3117482522684,273,False,-25.036284010421653,0.3949579831932773,119,-0.34682115075311254,-0.002917639224066021,-11.587212494115148,0.42857142857142855,154,-0.29328632761282536,-0.0015235268727710014
KRW-ETH,20,2.0,25,30,45,0.03,0.01,12,False,-10.941832543810037,266,False,-13.262711085605844,0.358974358974359,117,-0.27804542812972305,-0.0018842777426498303,-8.62095400201423,0.35570469798657717,149,-0.2936713950923145,-0.001353749704610346
KRW-ETH,20,2.0,25,30,45,0.03,0.01,24,True,-18.30648140828892,273,False,-25.74583037320173,0.4117647058823529,119,-0.3569394435072084,-0.0030415442828258094,-10.867132443376113,0.43506493506493504,154,-0.2863916200628655,-0.0014375043862684702
KRW-ETH,20,2.0,25,30,45,0.03,0.01,24,False,-4.338031085373043,256,False,-5.410798484357039,0.3063063063063063,111,-0.2548763765279309,-0.0009510345722084407,-3.2652636863890465,0.31724137931034485,145,-0.28048916202597596,-0.0005782334949585106
KRW-ETH,20,2.0,25,30,45,0.03,0.015,12,True,-17.021478844840036,263,False,-15.878539368389736,0.5304347826086957,115,-0.28581121473325594,-0.0021876846965339734,-18.164418321290334,0.4797297297297297,148,-0.3927486917855609,-0.0028099075062350226
KRW-ETH,20,2.0,25,30,45,0.03,0.015,12,False,-11.138611564284869,256,False,-7.720567427984739,0.4732142857142857,112,-0.22998300465618457,-0.0012528589106530486,-14.556655700584997,0.4027777777777778,144,-0.40570727662850004,-0.002605947425411115
KRW-ETH,20,2.0,25,30,45,0.03,0.015,24,True,-16.80226922469992,263,False,-17.241323790098992,0.5478260869565217,115,-0.3075088237117802,-0.0024449298877550745,-16.36321465930085,0.5067567567567568,148,-0.38541193057754336,-0.002563209469418755
KRW-ETH,20,2.0,25,30,45,0.03,0.015,24,False,-7.938670264667801,243,False,-5.1444786184694715,0.4095238095238095,105,-0.24347838226353247,-0.0010149968360192167,-10.732861910866129,0.36231884057971014,138,-0.3969580286654663,-0.002180102903367539
KRW-ETH,20,2.0,25,30,50,0.015,0.008,12,True,-23.139557591021543,281,False,-33.93401727590741,0.35,120,-0.3177823396180755,-0.003159742809872269,-12.345097906135674,0.4161490683229814,161,-0.22211309499614357,-0.0013073381748763381
KRW-ETH,20,2.0,25,30,50,0.015,0.008,12,False,-21.673055099773926,275,False,-25.74006073246497,0.3220338983050847,118,-0.2862270799666681,-0.0027059884659138855,-17.60604946708288,0.35668789808917195,157,-0.2722226354558855,-0.001906205411727977
KRW-ETH,20,2.0,25,30,50,0.015,0.008,24,True,-23.58698226655413,281,False,-35.16129689656216,0.35,120,-0.3289480311533099,-0.003296294975441308,-12.012667636546096,0.4161490683229814,161,-0.22135900576180764,-0.0012795591783821177
KRW-ETH,20,2.0,25,30,50,0.015,0.008,24,False,-21.316631775869563,272,False,-29.073736649103203,0.27586206896551724,116,-0.30454585458157013,-0.0031565339334779586,-13.559526902635923,0.33974358974358976,156,-0.24980655336064625,-0.001563919177093968
KRW-ETH,20,2.0,25,30,50,0.015,0.01,12,True,-21.63791052168625,275,False,-29.175532782349602,0.4117647058823529,119,-0.33621346552363635,-0.003055944526143433,-14.100288261022897,0.4551282051282051,156,-0.2675817542240666,-0.0016507624416105926
KRW-ETH,20,2.0,25,30,50,0.015,0.01,12,False,-20.75333211185137,269,False,-22.908029009709217,0.37606837606837606,117,-0.31112732704691015,-0.0026599909616842354,-18.59863521399352,0.39473684210526316,152,-0.3149770683827169,-0.002232405596478586
KRW-ETH,20,2.0,25,30,50,0.015,0.01,24,True,-21.82826220329871,275,False,-29.85680563673404,0.42857142857142855,119,-0.3464960802926278,-0.003179849584903221,-13.79971876986338,0.4551282051282051,156,-0.2654591176076631,-0.0016256453813092951
KRW-ETH,20,2.0,25,30,50,0.015,0.01,24,False,-19.173014442376758,263,False,-22.71979123104617,0.34513274336283184,113,-0.31223171361472585,-0.0028558976662251623,-15.626237653707346,0.37333333333333335,150,-0.31557380961240805,-0.0019991592775110614
KRW-ETH,20,2.0,25,30,50,0.015,0.015,12,True,-20.14800788967701,266,False,-18.460182215578758,0.5478260869565217,115,-0.28127679225897045,-0.0023539421973536342,-21.835833563775267,0.4966887417218543,151,-0.4043672905558793,-0.0030662291302043835
KRW-ETH,20,2.0,25,30,50,0.015,0.015,12,False,-17.349728765143443,260,False,-10.736687908371467,0.5178571428571429,112,-0.2166263539679813,-0.00150870554733231,-23.96276962191542,0.4391891891891892,148,-0.42974751584000737,-0.003478329941439557
KRW-ETH,20,2.0,25,30,50,0.015,0.015,24,True,-20.297816043502507,266,False,-20.479481564657036,0.5565217391304348,115,-0.3095734553564162,-0.0026923789746495968,-20.116150522347976,0.5231788079470199,151,-0.3949233087708266,-0.002848093568228236
KRW-ETH,20,2.0,25,30,50,0.015,0.015,24,False,-17.97451780318042,251,False,-15.286925216622482,0.45794392523364486,107,-0.2607296873872648,-0.002346325627483613,-20.662110389738356,0.4305555555555556,144,-0.430083241675078,-0.0032165383026857186
KRW-ETH,20,2.0,25,30,50,0.02,0.008,12,True,-22.598073703152167,280,False,-33.874479494295876,0.3333333333333333,120,-0.32811034150244556,-0.003278295748549085,-11.32166791200846,0.39375,160,-0.2219425684196806,-0.0012960379829905404
KRW-ETH,20,2.0,25,30,50,0.02,0.008,12,False,-19.531659320309224,273,False,-21.5876124093221,0.3050847457627119,118,-0.2768767444674821,-0.0025011737548067594,-17.475706231296343,0.3096774193548387,155,-0.29260239848266417,-0.002110637313289067
KRW-ETH,20,2.0,25,30,50,0.02,0.008,24,True,-23.046747432004942,280,False,-35.07140240395876,0.3333333333333333,120,-0.3386954117296902,-0.0034148479141181244,-11.022092460051125,0.39375,160,-0.2211883138756389,-0.0012680853677682312
KRW-ETH,20,2.0,25,30,50,0.02,0.008,24,False,-16.237421440157792,270,False,-22.99853547103116,0.25,116,-0.2802856934476795,-0.0028466240503386294,-9.476307409284425,0.2922077922077922,154,-0.25349502852441047,-0.0012697244634253721
KRW-ETH,20,2.0,25,30,50,0.02,0.01,12,True,-19.800904149475322,274,False,-28.782526249426617,0.3949579831932773,119,-0.35168400794843263,-0.0031505439393514213,-10.819282049524025,0.43870967741935485,155,-0.2736112642287941,-0.0013845989019040748
KRW-ETH,20,2.0,25,30,50,0.02,0.01,12,False,-16.499175172657456,267,False,-18.073422756268318,0.358974358974359,117,-0.2978075219162559,-0.0023150035200409963,-14.924927589046593,0.36,150,-0.3138060508853645,-0.0020286312305550485
KRW-ETH,20,2.0,25,30,50,0.02,0.01,24,True,-20.01541379921874,274,False,-29.4640943578116,0.4117647058823529,119,-0.3617269709321595,-0.0032744489981112092,-10.566733240625883,0.43870967741935485,155,-0.27332743877393617,-0.0013593197960524463
KRW-ETH,20,2.0,25,30,50,0.02,0.01,24,False,-12.481275247865991,260,False,-15.87830188321044,0.32142857142857145,112,-0.30038168979543883,-0.0022791520004589137,-9.084248612521543,0.33783783783783783,148,-0.3098551893380775,-0.0013493537030015302
KRW-ETH,20,2.0,25,30,50,0.02,0.015,12,True,-18.71791706071211,265,False,-18.16490230865146,0.5391304347826087,115,-0.28796377262644385,-0.00239027219561101,-19.270931812772762,0.48,150,-0.4020569508446524,-0.002899412972266909
KRW-ETH,20,2.0,25,30,50,0.02,0.015,12,False,-13.637151444189103,258,False,-6.4682196078822,0.49107142857142855,112,-0.19222019874439936,-0.0009970884465902337,-20.806083280496004,0.4041095890410959,146,-0.42453754821225836,-0.0033411043446103794
KRW-ETH,20,2.0,25,30,50,0.02,0.015,24,True,-18.911341022878005,265,False,-20.136235129299568,0.5478260869565217,115,-0.3158656000642355,-0.0027270203082616243,-17.686446916456447,0.5066666666666667,150,-0.3925763377500629,-0.002679823173210921
KRW-ETH,20,2.0,25,30,50,0.02,0.015,24,False,-12.57256602049798,248,False,-7.686106773893956,0.44339622641509435,106,-0.21188287108175433,-0.0013308187164442651,-17.459025267102003,0.3873239436619718,142,-0.4134453196389069,-0.0030458387416267946
KRW-ETH,20,2.0,25,30,50,0.025,0.008,12,True,-24.72116307711506,280,False,-35.97542656660546,0.325,120,-0.3465313857512199,-0.0034688819136086033,-13.466899587624669,0.3875,160,-0.2536964542235392,-0.0015360285895748822
KRW-ETH,20,2.0,25,30,50,0.025,0.008,12,False,-18.093353109402095,273,False,-20.90209876616993,0.2966101694915254,118,-0.28964937957036313,-0.002535747360013741,-15.284607452634258,0.2967741935483871,155,-0.2811050283490258,-0.0019962789566631764
KRW-ETH,20,2.0,25,30,50,0.025,0.008,24,True,-25.101414250865997,280,False,-37.17483584558617,0.325,120,-0.353673435030305,-0.0036054340791776417,-13.027992656145818,0.3875,160,-0.2514866569828022,-0.0014955230370381578
KRW-ETH,20,2.0,25,30,50,0.025,0.008,24,False,-14.761915043157547,269,False,-18.063405937205026,0.2413793103448276,116,-0.2669573532928555,-0.002472347350000626,-11.460424149110068,0.26143790849673204,153,-0.26972715823787846,-0.0016380637800125285
KRW-ETH,20,2.0,25,30,50,0.025,0.01,12,True,-21.161676926109934,274,False,-30.06254105365304,0.3865546218487395,119,-0.37072999094916287,-0.0033175593999156434,-12.260812798566828,0.432258064516129,155,-0.30965114863988574,-0.0015814740238402397
KRW-ETH,20,2.0,25,30,50,0.025,0.01,12,False,-15.67710755577751,266,False,-18.6742527287345,0.3504273504273504,117,-0.31545118785552984,-0.002466341651740994,-12.679962382820522,0.348993288590604,149,-0.3026152201431031,-0.0018542176760129535
KRW-ETH,20,2.0,25,30,50,0.025,0.01,24,True,-21.30969686564028,274,False,-30.728998298244225,0.40336134453781514,119,-0.380477915549432,-0.0034414644586754314,-11.890395433036337,0.432258064516129,155,-0.3080073133152837,-0.0015432370472124404
KRW-ETH,20,2.0,25,30,50,0.025,0.01,24,False,-10.368247753996213,258,False,-10.536213140564799,0.3125,112,-0.28301500143420494,-0.0016767817759505057,-10.200282367427628,0.3082191780821918,146,-0.32505479954530897,-0.001626462850948641
KRW-ETH,20,2.0,25,30,50,0.025,0.015,12,True,-18.940328591833975,265,False,-18.593491323222317,0.5304347826086957,115,-0.30097184275304306,-0.002464324166333921,-19.28716586044563,0.48,150,-0.41335229605972573,-0.0029301066416792094
KRW-ETH,20,2.0,25,30,50,0.025,0.015,12,False,-14.2036458854051,257,False,-9.382702848915102,0.4732142857142857,112,-0.24314774619310972,-0.0014672399138190063,-19.0245889218951,0.3931034482758621,145,-0.42038416607161727,-0.003203657355692989
KRW-ETH,20,2.0,25,30,50,0.025,0.015,24,True,-18.55981843509867,265,False,-19.914570256430746,0.5478260869565217,115,-0.3222088600988952,-0.0027215693575550217,-17.205066613766597,0.5066666666666667,150,-0.39823741776455784,-0.00264497336401071
KRW-ETH,20,2.0,25,30,50,0.025,0.015,24,False,-12.29469979374882,246,False,-7.04138044032686,0.4339622641509434,106,-0.2425560680127263,-0.0012898183780329668,-17.548019147170777,0.36428571428571427,140,-0.4325914303406677,-0.0032525465272993602
KRW-ETH,20,2.0,25,30,50,0.03,0.008,12,True,-23.238100086075526,279,False,-33.2183572833982,0.325,120,-0.3401405326767108,-0.0033440694136086012,-13.257842888752851,0.3836477987421384,159,-0.24328540503292254,-0.0015461962984446862
KRW-ETH,20,2.0,25,30,50,0.03,0.008,12,False,-13.966601468599098,273,False,-16.546070600611632,0.2966101694915254,118,-0.26563603139766323,-0.0021674445665245392,-11.387132336586566,0.2967741935483871,155,-0.25296646740807666,-0.0016031126297440831
KRW-ETH,20,2.0,25,30,50,0.03,0.008,24,True,-23.606570393009054,279,False,-34.38425674352325,0.325,120,-0.34422264118148505,-0.0034806215791776396,-12.828884042494856,0.3836477987421384,159,-0.24104478078097147,-0.001505435994005215
KRW-ETH,20,2.0,25,30,50,0.03,0.008,24,False,-9.833633505404045,268,False,-13.019357427659807,0.23275862068965517,116,-0.26744697555929625,-0.001980084478621483,-6.647909583148283,0.2631578947368421,152,-0.25174100472783484,-0.0010454673610026297
KRW-ETH,20,2.0,25,30,50,0.03,0.01,12,True,-19.658838624557383,273,False,-27.315075023614643,0.3865546218487395,119,-0.3645757976423244,-0.003149744273865219,-12.002602225500127,0.42857142857142855,154,-0.299499121092095,-0.0015805424159082689
KRW-ETH,20,2.0,25,30,50,0.03,0.01,12,False,-11.760415894188696,266,False,-14.449018436440916,0.3504273504273504,117,-0.29211641335440236,-0.0020522200309570117,-9.071813351936475,0.348993288590604,149,-0.3013025255985319,-0.001426286186793523
KRW-ETH,20,2.0,25,30,50,0.03,0.01,24,True,-19.82198351402428,273,False,-28.003559631561235,0.40336134453781514,119,-0.37441905590138475,-0.003273649332625008,-11.640407396487324,0.42857142857142855,154,-0.29783111210302365,-0.0015420571472244452
KRW-ETH,20,2.0,25,30,50,0.03,0.01,24,False,-5.750214586838942,257,False,-5.961723903536435,0.30357142857142855,112,-0.2634341213435077,-0.0010450878349565799,-5.538705270141448,0.3103448275862069,145,-0.3191139009918627,-0.0009632432152820667
KRW-ETH,20,2.0,25,30,50,0.03,0.015,12,True,-17.739193086541654,264,False,-16.755769565558392,0.5304347826086957,115,-0.2941354222264873,-0.0022906719924208735,-18.722616607524913,0.47651006711409394,149,-0.40308853590429916,-0.002904688285949782
KRW-ETH,20,2.0,25,30,50,0.03,0.015,12,False,-11.622219423103374,257,False,-7.976069612127695,0.4732142857142857,112,-0.2333918840579149,-0.0012927085684068325,-15.268369234079053,0.3931034482758621,145,-0.4119949059740237,-0.002734684719285435
KRW-ETH,20,2.0,25,30,50,0.03,0.015,24,True,-17.39174094630178,264,False,-18.10259797843367,0.5478260869565217,115,-0.315580135327941,-0.0025479171836419743,-16.680883914169886,0.5033557046979866,149,-0.38770921357473415,-0.002617641362122434
KRW-ETH,20,2.0,25,30,50,0.03,0.015,24,False,-8.423737260097859,244,False,-5.144478618469487,0.4095238095238095,105,-0.24347838226353266,-0.0010149968360192198,-11.70299590172623,0.3669064748201439,139,-0.40627313887475686,-0.002356026387245519
KRW-ETH,20,2.0,30,20,40,0.015,0.008,12,True,-18.62102497050614,324,False,-23.44391129890983,0.3546099290780142,141,-0.29062709191770375,-0.0023597176101152876,-13.798138642102456,0.3825136612021858,183,-0.2678161202970186,-0.0014968996845139508
KRW-ETH,20,2.0,30,20,40,0.015,0.008,12,False,-17.75849971392504,320,False,-18.09647267697147,0.3381294964028777,139,-0.2757633152385284,-0.001972259444321304,-17.42052675087861,0.35359116022099446,181,-0.3029546180883581,-0.001905423081845498
KRW-ETH,20,2.0,30,20,40,0.015,0.008,24,True,-17.233850565615594,324,False,-21.771267124770393,0.375886524822695,141,-0.2821476551549329,-0.002243892067883102,-12.696434006460793,0.39344262295081966,183,-0.2556838039361215,-0.0013877997551541336
KRW-ETH,20,2.0,30,20,40,0.015,0.008,24,False,-17.55650697790139,315,False,-20.084874933720286,0.31851851851851853,135,-0.27536263546522743,-0.002256451294615086,-15.02813902208249,0.3388888888888889,180,-0.30358658363942753,-0.0017202058617967028
KRW-ETH,20,2.0,30,20,40,0.015,0.01,12,True,-21.110475975332225,316,False,-25.567589213885483,0.38686131386861317,137,-0.3359412982021266,-0.0028172759102967704,-16.653362736778966,0.41899441340782123,179,-0.3142330091503691,-0.0019838710874716214
KRW-ETH,20,2.0,30,20,40,0.015,0.01,12,False,-20.193639321082557,312,False,-20.22370407630073,0.37037037037037035,135,-0.3095932591035686,-0.00240137512981742,-20.163574565864383,0.3898305084745763,177,-0.3515621917965188,-0.002428402710985535
KRW-ETH,20,2.0,30,20,40,0.015,0.01,24,True,-19.008956723949243,316,False,-22.211505987856363,0.4233576642335766,137,-0.3106518302261928,-0.002541059838026881,-15.806407460042124,0.4245810055865922,179,-0.3035534068942638,-0.0018967933952158344
KRW-ETH,20,2.0,30,20,40,0.015,0.01,24,False,-19.13517079355926,307,False,-17.415526996954984,0.3712121212121212,132,-0.27737054668868166,-0.002202510359022439,-20.85481459016354,0.35428571428571426,175,-0.38119759224904065,-0.002622294600705177
KRW-ETH,20,2.0,30,20,40,0.015,0.015,12,True,-16.688446141805503,303,False,-15.783078905281064,0.49624060150375937,133,-0.2578619771728645,-0.0021100871010977314,-17.593813378329944,0.49411764705882355,170,-0.36187115672537956,-0.00251657900894188
KRW-ETH,20,2.0,30,20,40,0.015,0.015,12,False,-15.29441289931523,299,False,-10.812099509556031,0.48091603053435117,131,-0.2148667536184,-0.001536678290903563,-19.77672628907443,0.4642857142857143,168,-0.3864270950922293,-0.0028896027141281934
KRW-ETH,20,2.0,30,20,40,0.015,0.015,24,True,-16.545308470041164,300,False,-16.381034268651437,0.5343511450381679,131,-0.26924491647665033,-0.0023000818947181705,-16.70958267143089,0.514792899408284,169,-0.3507050970014709,-0.0024268034363818945
KRW-ETH,20,2.0,30,20,40,0.015,0.015,24,False,-16.26751607073113,288,False,-11.78850703609667,0.48412698412698413,126,-0.2382055335489858,-0.0018210720558542253,-20.74652510536559,0.43209876543209874,162,-0.4202594337143822,-0.003219525916585898
KRW-ETH,20,2.0,30,20,40,0.02,0.008,12,True,-16.123710953463675,323,False,-19.47758130843077,0.3404255319148936,141,-0.2776584307696993,-0.002143293771908409,-12.769840598496579,0.34615384615384615,182,-0.2646965338046976,-0.0015292216986665173
KRW-ETH,20,2.0,30,20,40,0.02,0.008,12,False,-15.09933371783786,318,False,-12.620311660587152,0.3237410071942446,139,-0.2715176596916235,-0.0015452592761849193,-17.578355775088568,0.3016759776536313,179,-0.32307053417526777,-0.0021480927938147217
KRW-ETH,20,2.0,30,20,40,0.02,0.008,24,True,-14.890131043236401,323,False,-18.000378946195926,0.3617021276595745,141,-0.2684822966706619,-0.0020221164536122706,-11.779883140276874,0.35714285714285715,182,-0.2515552580936714,-0.0014195223191453819
KRW-ETH,20,2.0,30,20,40,0.02,0.008,24,False,-14.254255560946874,313,False,-15.249015359151775,0.2814814814814815,135,-0.2878371484448293,-0.001968277735942952,-13.259495762741972,0.2808988764044944,178,-0.3100010358752169,-0.0017423018587879463
KRW-ETH,20,2.0,30,20,40,0.02,0.01,12,True,-18.974813359582296,315,False,-22.23888410906657,0.3722627737226277,137,-0.328863064774673,-0.002645744642730076,-15.710742610098022,0.38202247191011235,178,-0.3293449997444348,-0.0020540009765249016
KRW-ETH,20,2.0,30,20,40,0.02,0.01,12,False,-17.662582961979197,310,False,-14.483124092344063,0.35555555555555557,135,-0.2951168803544513,-0.0019157201806872337,-20.842041831614335,0.33714285714285713,175,-0.3882932570709631,-0.002775296945245402
KRW-ETH,20,2.0,30,20,40,0.02,0.01,24,True,-16.97426266242737,315,False,-18.999820888425877,0.40875912408759124,137,-0.3007599990590045,-0.00234250533840378,-14.948704436428864,0.38764044943820225,178,-0.32122391152102875,-0.001966434083750824
KRW-ETH,20,2.0,30,20,40,0.02,0.01,24,False,-15.308003937622427,304,False,-10.948768846738696,0.3435114503816794,131,-0.2690539984212192,-0.0015887301641861766,-19.667239028506156,0.2947976878612717,173,-0.40547730305489027,-0.002795054980005623
KRW-ETH,20,2.0,30,20,40,0.02,0.015,12,True,-14.637059762945057,302,False,-13.444363706013995,0.48120300751879697,133,-0.23674426798017184,-0.0019063077780645957,-15.829755819876118,0.46745562130177515,169,-0.35810847474504254,-0.0024529277428074103
KRW-ETH,20,2.0,30,20,40,0.02,0.015,12,False,-12.864336697491353,297,False,-6.680441331785196,0.45038167938931295,131,-0.2031385280715448,-0.0010414147369881914,-19.04823206319751,0.42168674698795183,166,-0.4013744291218249,-0.00305475240983813
KRW-ETH,20,2.0,30,20,40,0.02,0.015,24,True,-14.3234995769374,299,False,-13.606800845008623,0.5267175572519084,131,-0.2471303529798394,-0.0020186244067966286,-15.040198308866175,0.4880952380952381,168,-0.3485263110035638,-0.002362238915255196
KRW-ETH,20,2.0,30,20,40,0.02,0.015,24,False,-12.927723721180097,285,False,-6.338669170001004,0.456,125,-0.2346621335399421,-0.0011070500623931562,-19.51677827235919,0.375,160,-0.465178439633786,-0.003398153964299256
KRW-ETH,20,2.0,30,20,40,0.025,0.008,12,True,-18.68123370838087,323,False,-23.058168818054178,0.3191489361702128,141,-0.30759946912215014,-0.0025536536713264045,-14.304298598707563,0.33516483516483514,182,-0.28486970623202446,-0.001745496061338268
KRW-ETH,20,2.0,30,20,40,0.025,0.008,12,False,-14.828724500588063,318,False,-12.97746713714322,0.302158273381295,139,-0.2634611010791633,-0.001692365639286632,-16.679981864032907,0.27932960893854747,179,-0.3282018110091613,-0.0021812608451432848
KRW-ETH,20,2.0,30,20,40,0.025,0.008,24,True,-17.36489886723073,323,False,-21.510626477692337,0.3404255319148936,141,-0.2958639525299969,-0.002432476353030266,-13.219171256769117,0.34615384615384615,182,-0.269080425406167,-0.0016247611325297356
KRW-ETH,20,2.0,30,20,40,0.025,0.008,24,False,-13.740933784436955,312,False,-13.75980777299617,0.25925925925925924,135,-0.2887690799556628,-0.0019295982674630108,-13.72205979587774,0.24858757062146894,177,-0.3150293465359866,-0.001953876921597759
KRW-ETH,20,2.0,30,20,40,0.025,0.01,12,True,-21.73439200312799,315,False,-26.47631586358206,0.35036496350364965,137,-0.37535127243100525,-0.0031482573859266966,-16.99246814267392,0.3707865168539326,178,-0.36053924922061403,-0.002260288840277424
KRW-ETH,20,2.0,30,20,40,0.025,0.01,12,False,-18.269601438941365,309,False,-17.25549895502111,0.32592592592592595,135,-0.31666786237139205,-0.0023663312825604912,-19.28370392286162,0.3160919540229885,174,-0.3839222863385027,-0.0027398729017627473
KRW-ETH,20,2.0,30,20,40,0.025,0.01,24,True,-19.681337556958127,315,False,-23.060248939418752,0.38686131386861317,137,-0.3491948454505914,-0.0028450180816004004,-16.3024261744975,0.37640449438202245,178,-0.35437518798972384,-0.002186099429125447
KRW-ETH,20,2.0,30,20,40,0.025,0.01,24,False,-16.220347052438818,302,False,-12.666343894969009,0.3053435114503817,131,-0.3124283096397186,-0.001967435537082925,-19.774350209908626,0.2631578947368421,171,-0.4081196206363803,-0.003027783601166798
KRW-ETH,20,2.0,30,20,40,0.025,0.015,12,True,-14.680207598330368,302,False,-13.118249901512982,0.47368421052631576,133,-0.24685082481046025,-0.0019014042261200341,-16.242165295147753,0.46153846153846156,169,-0.36142177969707956,-0.0025516633068118862
KRW-ETH,20,2.0,30,20,40,0.025,0.015,12,False,-11.525789323255815,297,False,-6.0745109523559195,0.4351145038167939,131,-0.1978528346203834,-0.0009888914680339204,-16.97706769415571,0.4036144578313253,166,-0.38293133422929987,-0.0028610633013596487
KRW-ETH,20,2.0,30,20,40,0.025,0.015,24,True,-14.509705549609066,299,False,-13.67117256717147,0.5190839694656488,131,-0.25781951437564893,-0.002081055287561992,-15.348238532046665,0.48214285714285715,168,-0.3549129589178139,-0.0024588874284928153
KRW-ETH,20,2.0,30,20,40,0.025,0.015,24,False,-12.752425617692285,284,False,-5.480971273922608,0.44,125,-0.24517371176699268,-0.0010159534624408545,-20.02387996146196,0.34591194968553457,159,-0.4816707733763072,-0.0037138030266867282
KRW-ETH,20,2.0,30,20,40,0.03,0.008,12,True,-18.784328330670025,322,False,-20.087906015960254,0.3191489361702128,141,-0.29087963394438976,-0.0023446194703025704,-17.480750645379796,0.32044198895027626,181,-0.3327465327916403,-0.0021373929042004507
KRW-ETH,20,2.0,30,20,40,0.03,0.008,12,False,-13.969912985646626,318,False,-11.217040306009821,0.2949640287769784,139,-0.24173670851401774,-0.0015493368486297024,-16.722785665283432,0.2681564245810056,179,-0.3421137507285202,-0.0022908702966467362
KRW-ETH,20,2.0,30,20,40,0.03,0.008,24,True,-17.761672663996595,322,False,-18.69841001159652,0.3404255319148936,141,-0.27886073238299347,-0.0022234421520064317,-16.824935316396672,0.3259668508287293,181,-0.3252660206114543,-0.002074805986993848
KRW-ETH,20,2.0,30,20,40,0.03,0.008,24,False,-12.099187737754477,311,False,-9.469920789535156,0.2518518518518518,135,-0.26280098483837766,-0.0014615264471017134,-14.7284546859738,0.2215909090909091,176,-0.3394164804027959,-0.0022209014234191022
KRW-ETH,20,2.0,30,20,40,0.03,0.01,12,True,-22.188001596175816,314,False,-23.987675409411548,0.35036496350364965,137,-0.3633729807138733,-0.0029695616023912206,-20.38832778294008,0.3559322033898305,177,-0.3988074405923498,-0.0027068613857895813
KRW-ETH,20,2.0,30,20,40,0.03,0.01,12,False,-17.469254848754748,308,False,-15.256366980803914,0.3208955223880597,134,-0.3066575021941571,-0.0022020762779429368,-19.68214271670558,0.3045977011494253,174,-0.41943138974718863,-0.002916758422440231
KRW-ETH,20,2.0,30,20,40,0.03,0.01,24,True,-20.497799532087587,314,False,-20.823875775549737,0.38686131386861317,137,-0.3367149769290557,-0.0026663222980649244,-20.171723288625437,0.3559322033898305,177,-0.4006772495826253,-0.0027036795204997857
KRW-ETH,20,2.0,30,20,40,0.03,0.01,24,False,-14.767172648290087,301,False,-8.381295492481545,0.3,130,-0.27462106508812584,-0.0014183817792134592,-21.15304980409863,0.23391812865497075,171,-0.45540656167214016,-0.0034050668491139207
KRW-ETH,20,2.0,30,20,40,0.03,0.015,12,True,-15.029438195680598,301,False,-10.60708991633607,0.47368421052631576,133,-0.23240840280786168,-0.001604721351350403,-19.451786475025127,0.44642857142857145,168,-0.41315321501893437,-0.0030681087825969434
KRW-ETH,20,2.0,30,20,40,0.03,0.015,12,False,-11.24172039849614,296,False,-5.230895848099756,0.4307692307692308,130,-0.19144935499037788,-0.0008827163811040417,-17.252544948892524,0.39156626506024095,166,-0.4167075125998173,-0.0030318250656258708
KRW-ETH,20,2.0,30,20,40,0.03,0.015,24,True,-15.007334882162827,298,False,-11.236100464724558,0.5190839694656488,131,-0.24358742845086168,-0.0017798429032538936,-18.778569299601095,0.46107784431137727,167,-0.4145336581263921,-0.0030427495627839392
KRW-ETH,20,2.0,30,20,40,0.03,0.015,24,False,-11.65879020477906,282,False,-2.8505559107798004,0.4274193548387097,124,-0.23033727487562616,-0.0005682887555728273,-20.46702449877832,0.31645569620253167,158,-0.5235348175093018,-0.004021828509248711
KRW-ETH,20,2.0,30,20,45,0.015,0.008,12,True,-15.9010151489318,380,False,-25.508854676494472,0.3597560975609756,164,-0.34292390144108087,-0.002497597170869618,-6.293175621369127,0.4305555555555556,216,-0.23146336742776646,-0.0006879303392826823
KRW-ETH,20,2.0,30,20,45,0.015,0.008,12,False,-14.879577121293464,375,False,-20.708832326979483,0.3395061728395062,162,-0.3182960552775735,-0.0021944649925234538,-9.050321915607444,0.39436619718309857,213,-0.2772036980587527,-0.0010101028742423618
KRW-ETH,20,2.0,30,20,45,0.015,0.008,24,True,-15.383398803988584,379,False,-25.463578566476425,0.37423312883435583,163,-0.3399746277190108,-0.0025469331481601265,-5.303219041500742,0.4398148148148148,216,-0.2166950866487243,-0.0005833938161428563
KRW-ETH,20,2.0,30,20,45,0.015,0.008,24,False,-14.151834002223648,369,False,-22.189148333708133,0.3057324840764331,157,-0.32139267740289845,-0.0024728160569492627,-6.114519670739162,0.37735849056603776,212,-0.26134609050744895,-0.0007181525152445672
KRW-ETH,20,2.0,30,20,45,0.015,0.01,12,True,-17.411097767855125,371,False,-25.6150664084574,0.4,160,-0.38582257374483003,-0.00275442958083623,-9.207129127252854,0.46445497630331756,211,-0.2666445525298351,-0.0010951005942468723
KRW-ETH,20,2.0,30,20,45,0.015,0.01,12,False,-16.774278646209687,365,False,-21.171751971784886,0.37341772151898733,158,-0.3596432995306122,-0.0024556778790791717,-12.376805320634485,0.4251207729468599,207,-0.30964630985592434,-0.001503796056736026
KRW-ETH,20,2.0,30,20,45,0.015,0.01,24,True,-15.32923289623641,370,False,-23.312387147886216,0.44025157232704404,159,-0.36922322871786556,-0.0025971376667490447,-7.346078644586606,0.4786729857819905,211,-0.250357135746977,-0.0008826453406083306
KRW-ETH,20,2.0,30,20,45,0.015,0.01,24,False,-15.154847457191725,359,False,-19.88456948873955,0.35714285714285715,154,-0.3345691948916448,-0.002504237703881453,-10.425125425643898,0.4,205,-0.33604632298577375,-0.0013441333328382825
KRW-ETH,20,2.0,30,20,45,0.015,0.015,12,True,-15.067711236944117,356,False,-15.123880871255313,0.5225806451612903,155,-0.28762848140544084,-0.0019667997496517126,-15.011541602632922,0.5124378109452736,201,-0.37389205906772305,-0.002116931486493737
KRW-ETH,20,2.0,30,20,45,0.015,0.015,12,False,-13.082034680319605,350,False,-9.529548534787494,0.5,152,-0.21947464065415004,-0.001330668302767743,-16.634520825851716,0.47474747474747475,198,-0.40054411734927736,-0.0024102518866530036
KRW-ETH,20,2.0,30,20,45,0.015,0.015,24,True,-14.779257592203862,353,False,-16.883840768011588,0.5490196078431373,153,-0.3211228685418918,-0.002296445525523868,-12.674674416396138,0.55,200,-0.34534113686380635,-0.001817217766997163
KRW-ETH,20,2.0,30,20,45,0.015,0.015,24,False,-14.276218245150808,336,False,-13.793759198976357,0.46206896551724136,145,-0.26199337024770525,-0.0021051809942130065,-14.75867729132526,0.45549738219895286,191,-0.40224571440917045,-0.00228623741908186
KRW-ETH,20,2.0,30,20,45,0.02,0.008,12,True,-14.480363736491844,379,False,-21.99404607533516,0.34146341463414637,164,-0.3242236023263796,-0.002359071882096549,-6.96668139764853,0.3953488372093023,215,-0.23830400648329494,-0.0008310588004338429
KRW-ETH,20,2.0,30,20,45,0.02,0.008,12,False,-12.965755725164183,373,False,-15.18305082891608,0.32098765432098764,162,-0.27366263333701824,-0.0018172264992478845,-10.748460621412283,0.3412322274881517,211,-0.2902279284483431,-0.001336201268848997
KRW-ETH,20,2.0,30,20,45,0.02,0.008,24,True,-14.178567527857057,378,False,-21.85599496394829,0.3558282208588957,163,-0.32618721168936887,-0.0023933302271797515,-6.501140091765822,0.4,215,-0.23277667570056632,-0.0007807369018703848
KRW-ETH,20,2.0,30,20,45,0.02,0.008,24,False,-10.59576760492426,366,False,-14.935080346565973,0.2802547770700637,157,-0.2747549242809801,-0.0019305781707119624,-6.256454863282548,0.31100478468899523,209,-0.2669415777573599,-0.0008456350478019881
KRW-ETH,20,2.0,30,20,45,0.02,0.01,12,True,-14.955767550486005,370,False,-21.140296859856615,0.3875,160,-0.36992326834170586,-0.0024815535194096646,-8.771238241115393,0.43333333333333335,210,-0.2973725120413591,-0.001139554554605075
KRW-ETH,20,2.0,30,20,45,0.02,0.01,12,False,-12.9799815346325,363,False,-13.899005047366282,0.36075949367088606,158,-0.3110073343786757,-0.0018210352798876525,-12.060958021898719,0.3804878048780488,205,-0.34617209125596365,-0.001637843721197291
KRW-ETH,20,2.0,30,20,45,0.02,0.01,24,True,-13.234585677118794,369,False,-18.843805155454103,0.4276729559748428,159,-0.3495271097385098,-0.0022894214343215052,-7.625366198783485,0.44285714285714284,210,-0.29162635308016654,-0.001000072064733439
KRW-ETH,20,2.0,30,20,45,0.02,0.01,24,False,-9.583516397689275,356,False,-10.782263635780723,0.33986928104575165,153,-0.27326553730738334,-0.0015755646566706194,-8.384769159597827,0.3448275862068966,203,-0.36617492826438114,-0.0012403446219043386
KRW-ETH,20,2.0,30,20,45,0.02,0.015,12,True,-12.854515369150025,355,False,-11.959923824080086,0.5096774193548387,155,-0.2613709942868494,-0.0016618769358773872,-13.749106914219967,0.49,200,-0.3824499978595328,-0.0020850939294565613
KRW-ETH,20,2.0,30,20,45,0.02,0.015,12,False,-9.599182989579067,348,False,-3.932847849191385,0.47368421052631576,152,-0.1761856607809544,-0.0006097825257769622,-15.265518129966747,0.4387755102040816,196,-0.4114482058909496,-0.002432900383465095
KRW-ETH,20,2.0,30,20,45,0.02,0.015,24,True,-12.596100366145798,351,False,-13.204229438845129,0.5424836601307189,153,-0.28808536648217037,-0.0019134661436589274,-11.987971293446469,0.5202020202020202,198,-0.36733145552288843,-0.0018476887438004987
KRW-ETH,20,2.0,30,20,45,0.02,0.015,24,False,-9.554555280709627,332,False,-5.717907310407499,0.4444444444444444,144,-0.21145510179805602,-0.0009936380851953974,-13.391203251011754,0.40425531914893614,188,-0.4387909280590225,-0.002337747614777186
KRW-ETH,20,2.0,30,20,45,0.025,0.008,12,True,-16.386381151231298,379,False,-24.692229442005203,0.3231707317073171,164,-0.3609636345147531,-0.0026811387309837666,-8.080532860457394,0.386046511627907,215,-0.22770829277422702,-0.000985628850608962
KRW-ETH,20,2.0,30,20,45,0.025,0.008,12,False,-12.398872069480841,373,False,-15.592391226512765,0.30246913580246915,162,-0.29974640656714957,-0.0019682763668849848,-9.20535291244892,0.3222748815165877,211,-0.26045548498874654,-0.001239597251927002
KRW-ETH,20,2.0,30,20,45,0.025,0.008,24,True,-16.031078753267053,378,False,-24.52578404628568,0.3374233128834356,163,-0.3596970590661363,-0.002717372946305541,-7.536373460248429,0.39069767441860465,215,-0.22210407302917307,-0.0009259652312533815
KRW-ETH,20,2.0,30,20,45,0.025,0.008,24,False,-10.30867425290607,365,False,-13.346250872351188,0.2611464968152866,157,-0.2901524812392832,-0.0018696440943179785,-7.271097633460952,0.27884615384615385,208,-0.2782805837693002,-0.0010648423684734996
KRW-ETH,20,2.0,30,20,45,0.025,0.01,12,True,-16.725326028019335,370,False,-23.97027587088855,0.36875,160,-0.4106641383876722,-0.0028491157895190623,-9.48037618515012,0.4238095238095238,210,-0.3182379472601233,-0.0012614467761733665
KRW-ETH,20,2.0,30,20,45,0.025,0.01,12,False,-13.423114833845379,362,False,-16.57336014449106,0.33544303797468356,158,-0.35850634217413685,-0.0022359613662278535,-10.272869523199697,0.3627450980392157,204,-0.3236988372068105,-0.0015010806890132
KRW-ETH,20,2.0,30,20,45,0.025,0.01,24,True,-15.023128763863426,369,False,-21.621131501078573,0.4088050314465409,159,-0.3915867989144938,-0.002659295416821528,-8.42512602664828,0.43333333333333335,210,-0.3022590236803873,-0.0011333032945337964
KRW-ETH,20,2.0,30,20,45,0.025,0.01,24,False,-10.229189292656422,354,False,-11.50044715791306,0.30718954248366015,153,-0.32550609590087937,-0.0018061560429478167,-8.957931427399785,0.31343283582089554,201,-0.36414451714594465,-0.001433825786658302
KRW-ETH,20,2.0,30,20,45,0.025,0.015,12,True,-12.266293158621512,355,False,-11.148126631377503,0.5032258064516129,155,-0.2596497479628063,-0.0015929320648511924,-13.38445968586552,0.485,200,-0.3966439335162215,-0.0020745802422111556
KRW-ETH,20,2.0,30,20,45,0.025,0.015,12,False,-9.040581107363645,347,False,-5.2857946332806485,0.45695364238410596,151,-0.1949867830879509,-0.0008471355511835776,-12.79536758144664,0.42346938775510207,196,-0.389398945922369,-0.0021580135858956903
KRW-ETH,20,2.0,30,20,45,0.025,0.015,24,True,-12.155173070121936,351,False,-12.721075387919436,0.5359477124183006,153,-0.2928131562310411,-0.0019013364886251317,-11.589270752324435,0.5151515151515151,198,-0.3758131868670105,-0.0018347993622756633
KRW-ETH,20,2.0,30,20,45,0.025,0.015,24,False,-10.24947536054052,330,False,-6.292868341567577,0.4195804195804196,143,-0.2114851054741527,-0.0011597127390429183,-14.206082379513465,0.37433155080213903,187,-0.46867868552373104,-0.002647346730159495
KRW-ETH,20,2.0,30,20,45,0.03,0.008,12,True,-16.24833057919694,378,False,-22.079712317543255,0.3231707317073171,164,-0.3467409739105725,-0.0025127210424099556,-10.416948840850619,0.37383177570093457,214,-0.2659983048114797,-0.0012832070220509329
KRW-ETH,20,2.0,30,20,45,0.03,0.008,12,False,-10.44868966397177,373,False,-11.555546198019565,0.30246913580246915,162,-0.261984232825364,-0.0015787147782203772,-9.341833129923973,0.3127962085308057,211,-0.2956919461260656,-0.00131455207940735
KRW-ETH,20,2.0,30,20,45,0.03,0.008,24,True,-16.110826722431515,377,False,-21.973644175656844,0.3374233128834356,163,-0.34230727844075187,-0.0025479220203785164,-10.248009269206184,0.37383177570093457,214,-0.26181463419818496,-0.0012730100447953631
KRW-ETH,20,2.0,30,20,45,0.03,0.008,24,False,-8.528670192881926,363,False,-9.793415558688086,0.2484076433121019,157,-0.27315519740171146,-0.001508736383056566,-7.2639248270757655,0.25728155339805825,206,-0.290295439746347,-0.0011413300639464502
KRW-ETH,20,2.0,30,20,45,0.03,0.01,12,True,-16.78993239352816,369,False,-21.621038205134127,0.36875,160,-0.4004721590366132,-0.002676487658730906,-11.958826581922194,0.41148325358851673,209,-0.3590376377375109,-0.0016018222204224482
KRW-ETH,20,2.0,30,20,45,0.03,0.01,12,False,-11.602190888473181,362,False,-12.665860624112248,0.33544303797468356,158,-0.3271948580666887,-0.0018365374588628766,-10.538521152834116,0.35294117647058826,204,-0.3758406559986818,-0.0016088304800775017
KRW-ETH,20,2.0,30,20,45,0.03,0.01,24,True,-15.38088165494545,368,False,-19.45414568044278,0.4088050314465409,159,-0.38106489589401416,-0.002485581574518982,-11.307617629448117,0.41626794258373206,209,-0.3522986830312235,-0.0015335561624533014
KRW-ETH,20,2.0,30,20,45,0.03,0.01,24,False,-7.7105013324000975,353,False,-6.554582844169133,0.3006535947712418,153,-0.27821285384885275,-0.0011345401368216235,-8.866419820631062,0.29,200,-0.377248658106394,-0.0015216213182439944
KRW-ETH,20,2.0,30,20,45,0.03,0.015,12,True,-12.330404994662295,354,False,-8.84584317486276,0.5032258064516129,155,-0.23577050831569302,-0.0013181062524247051,-15.814966814461833,0.4723618090452261,199,-0.4370696125732197,-0.0024734733388131628
KRW-ETH,20,2.0,30,20,45,0.03,0.015,12,False,-8.138260841645142,347,False,-3.092003129422349,0.45695364238410596,151,-0.16566603744728678,-0.0005214285417921577,-13.184518553867933,0.413265306122449,196,-0.4257825275212899,-0.0023086989412397134
KRW-ETH,20,2.0,30,20,45,0.03,0.015,24,True,-12.344748529166225,350,False,-10.439247591052421,0.5359477124183006,153,-0.27000356837559464,-0.0016229181819185595,-14.250249467280026,0.49746192893401014,197,-0.4240847758359222,-0.0022915245283513536
KRW-ETH,20,2.0,30,20,45,0.03,0.015,24,False,-9.518661142319724,326,False,-5.253145817136173,0.3900709219858156,141,-0.22051517193702574,-0.001045711170824137,-13.784176467503274,0.35135135135135137,185,-0.4904332493183867,-0.0027383535507538056
KRW-ETH,20,2.0,30,20,50,0.015,0.008,12,True,-16.400133126960586,385,False,-27.61017943069484,0.3515151515151515,165,-0.3583054083115006,-0.0026791480971067737,-5.190086823226333,0.4409090909090909,220,-0.22417574884017458,-0.0005647342152594328
KRW-ETH,20,2.0,30,20,50,0.015,0.008,12,False,-15.373073100284104,380,False,-22.632978191086472,0.3312883435582822,163,-0.33239014830263264,-0.002380103244103066,-8.113168009481736,0.39631336405529954,217,-0.2834574347041189,-0.0009070459957115844
KRW-ETH,20,2.0,30,20,50,0.015,0.008,24,True,-15.875706077073861,384,False,-27.530619998186907,0.36585365853658536,164,-0.3598444291792404,-0.0027292902631103713,-4.220792155960814,0.45,220,-0.2092674284157194,-0.000462098356176694
KRW-ETH,20,2.0,30,20,50,0.015,0.008,24,False,-14.42300186120166,374,False,-24.08204118472957,0.2974683544303797,158,-0.343062712561835,-0.002662567221145788,-4.763962537673753,0.38425925925925924,216,-0.25849368574965226,-0.0005615918205178175
KRW-ETH,20,2.0,30,20,50,0.015,0.01,12,True,-18.16659939884819,375,False,-27.748492172344932,0.391304347826087,161,-0.4078301847000169,-0.0029637033101478066,-8.584706625351448,0.4719626168224299,214,-0.268149533003908,-0.0010194625467327635
KRW-ETH,20,2.0,30,20,50,0.015,0.01,12,False,-17.38465965468004,369,False,-23.148671393824074,0.36477987421383645,159,-0.38258898352034354,-0.0026694629238648375,-11.620647915536006,0.4238095238095238,210,-0.31854242830891955,-0.0014154468809544777
KRW-ETH,20,2.0,30,20,50,0.015,0.01,24,True,-16.203742939601828,374,False,-25.369642565414026,0.43125,160,-0.39182563836126133,-0.002808702431331864,-7.037843313789631,0.48130841121495327,214,-0.2573593911749861,-0.000844194663678318
KRW-ETH,20,2.0,30,20,50,0.015,0.01,24,False,-15.713276984944372,363,False,-21.745172505733514,0.34838709677419355,155,-0.35841335075017833,-0.0027232264928886696,-9.681381464155228,0.40384615384615385,208,-0.34367183096628173,-0.001250371794383885
KRW-ETH,20,2.0,30,20,50,0.015,0.015,12,True,-15.403844963805408,361,False,-16.341685062916465,0.5192307692307693,156,-0.30571669442342503,-0.0021186987134416938,-14.466004864694352,0.5170731707317073,205,-0.36969227689937784,-0.002041312061298987
KRW-ETH,20,2.0,30,20,50,0.015,0.015,12,False,-13.322092841151218,355,False,-10.724774352378146,0.49673202614379086,153,-0.23974094717988884,-0.001493565333053467,-15.919411329924289,0.47029702970297027,202,-0.39498189006131496,-0.002314521561706047
KRW-ETH,20,2.0,30,20,50,0.015,0.015,24,True,-15.021770812764899,358,False,-18.060978834984702,0.5454545454545454,154,-0.3383606073429593,-0.0024481766461431206,-11.982562790545098,0.553921568627451,204,-0.3367779386120228,-0.0017164245832304728
KRW-ETH,20,2.0,30,20,50,0.015,0.015,24,False,-14.386524261888969,341,False,-15.795628383956226,0.4520547945205479,146,-0.29560745455380005,-0.002408792768225247,-12.977420139821714,0.4666666666666667,195,-0.3838496869267076,-0.002018362072581256
KRW-ETH,20,2.0,30,20,50,0.02,0.008,12,True,-15.119428347903774,384,False,-24.300587939465974,0.3333333333333333,165,-0.34901008415412405,-0.002571719931295965,-5.938268756341576,0.4063926940639269,219,-0.23108125398824708,-0.0007046859185629771
KRW-ETH,20,2.0,30,20,50,0.02,0.008,12,False,-13.475909125001062,378,False,-17.18975251284459,0.3128834355828221,163,-0.3003036169546493,-0.002035807931767837,-9.762065737157535,0.34418604651162793,215,-0.2963689775956596,-0.0012154486413724418
KRW-ETH,20,2.0,30,20,50,0.02,0.008,24,True,-14.804309586047266,383,False,-24.122964643305085,0.3475609756097561,164,-0.3509016712210404,-0.0026070660184774374,-5.485654528789447,0.410958904109589,219,-0.22550151050735273,-0.0006552831414344682
KRW-ETH,20,2.0,30,20,50,0.02,0.008,24,False,-10.674556144233566,371,False,-16.840971226116356,0.2721518987341772,158,-0.30135584427738044,-0.0021553593215302425,-4.508141062350779,0.3192488262910798,213,-0.26048571062976666,-0.0006141583332892738
KRW-ETH,20,2.0,30,20,50,0.02,0.01,12,True,-15.825034993895596,374,False,-23.448527736674222,0.37888198757763975,161,-0.39547853196936683,-0.0027235314478605364,-8.201542251116967,0.4413145539906103,213,-0.29881443308192956,-0.001062935286768954
KRW-ETH,20,2.0,30,20,50,0.02,0.01,12,False,-13.606986440068074,367,False,-15.929670020849608,0.3522012578616352,159,-0.3389521676391215,-0.002070211158630498,-11.28430285928654,0.3798076923076923,208,-0.35459752680748113,-0.001535682429873431
KRW-ETH,20,2.0,30,20,50,0.02,0.01,24,True,-14.199721403637747,373,False,-21.06279143509579,0.41875,160,-0.37590962056306976,-0.0025341125503569963,-7.336651372179706,0.4460093896713615,213,-0.29824312147847043,-0.0009597869706705377
KRW-ETH,20,2.0,30,20,50,0.02,0.01,24,False,-10.02074310861711,360,False,-12.642456495719276,0.33116883116883117,154,-0.3027411390051901,-0.0018344246264324986,-7.399029721514943,0.34951456310679613,206,-0.3734544092132649,-0.0010987133895465095
KRW-ETH,20,2.0,30,20,50,0.02,0.015,12,True,-13.226261802158914,360,False,-13.380092688566647,0.5064102564102564,156,-0.2836547199369598,-0.0018477337382172034,-13.072430915751182,0.4950980392156863,204,-0.37619083861358665,-0.001985255047413545
KRW-ETH,20,2.0,30,20,50,0.02,0.015,12,False,-9.807263935500803,353,False,-5.249657708297707,0.47058823529411764,153,-0.1897600615554366,-0.0008100219467619715,-14.364870162703898,0.435,200,-0.4057035991165272,-0.0022993268918931552
KRW-ETH,20,2.0,30,20,50,0.02,0.015,24,True,-12.873496244249928,356,False,-14.583603959738415,0.538961038961039,154,-0.30956314525460515,-0.00210010297455003,-11.16338852876144,0.5247524752475248,202,-0.3644893001313632,-0.0017205788755053583
KRW-ETH,20,2.0,30,20,50,0.02,0.015,24,False,-9.439561079530208,337,False,-7.737661708361386,0.43448275862068964,145,-0.22444835035817895,-0.001341440581159568,-11.141460450699029,0.4166666666666667,192,-0.42842539650027284,-0.0019606031702438546
KRW-ETH,20,2.0,30,20,50,0.025,0.008,12,True,-17.271526399631963,384,False,-27.484758081183454,0.3151515151515151,165,-0.3874054605444613,-0.0029220924356444726,-7.058294718080471,0.3972602739726027,219,-0.22038506683796402,-0.000856432771474624
KRW-ETH,20,2.0,30,20,50,0.025,0.008,12,False,-12.976709737426027,378,False,-17.828998274959083,0.294478527607362,163,-0.3287212579125338,-0.002216559947456244,-8.12442119989297,0.32558139534883723,215,-0.2668541295611992,-0.0010974209782536474
KRW-ETH,20,2.0,30,20,50,0.025,0.008,24,True,-16.89781164665816,383,False,-27.266970982018687,0.32926829268292684,164,-0.38619129301732574,-0.0029595749405353874,-6.528652311297629,0.4018264840182648,219,-0.21472770529816376,-0.0007978588985912911
KRW-ETH,20,2.0,30,20,50,0.025,0.008,24,False,-10.241530749679004,370,False,-15.380911865185947,0.25316455696202533,158,-0.31758807086082746,-0.0021264090051134363,-5.102149634172062,0.28773584905660377,212,-0.26835557933421483,-0.0007574892105777749
KRW-ETH,20,2.0,30,20,50,0.025,0.01,12,True,-17.810687426216084,374,False,-26.706558921327137,0.36024844720496896,161,-0.4373252040494702,-0.0031198200392736023,-8.914815931105029,0.431924882629108,213,-0.3094744423741478,-0.0011831107164841704
KRW-ETH,20,2.0,30,20,50,0.025,0.01,12,False,-14.132855476926672,366,False,-18.88148791277277,0.3270440251572327,159,-0.3875269832838286,-0.0025139270180125845,-9.384223041080574,0.36231884057971014,207,-0.33241387029782166,-0.0013762895803232941
KRW-ETH,20,2.0,30,20,50,0.025,0.01,24,True,-16.182850917529066,373,False,-24.232008235813026,0.4,160,-0.419110907593826,-0.0029328779454663944,-8.133693599245108,0.43661971830985913,213,-0.2984516435516745,-0.0010911417042765235
KRW-ETH,20,2.0,30,20,50,0.025,0.01,24,False,-10.584889423539254,358,False,-13.484113500068888,0.2987012987012987,154,-0.3560196407859148,-0.0020959374972143894,-7.6856653470096195,0.31862745098039214,204,-0.3714473173665234,-0.0012390146231290144
KRW-ETH,20,2.0,30,20,50,0.025,0.015,12,True,-12.900757990375382,360,False,-12.804571619978415,0.5,156,-0.28548791219095526,-0.0018112340266206643,-12.996944360772348,0.49019607843137253,204,-0.39396614459000173,-0.0020106208730271942
KRW-ETH,20,2.0,30,20,50,0.025,0.015,12,False,-9.495828844130289,352,False,-6.79440533489418,0.45394736842105265,152,-0.22353877999174881,-0.0010799761984552876,-12.197252353366398,0.42,200,-0.39265743073865506,-0.002060535322978393
KRW-ETH,20,2.0,30,20,50,0.025,0.015,24,True,-12.690537546487633,356,False,-14.329519059437564,0.5324675324675324,154,-0.31749392017892836,-0.002120470914678791,-11.0515560335377,0.5198019801980198,202,-0.36907419948549364,-0.00174397129299223
KRW-ETH,20,2.0,30,20,50,0.025,0.015,24,False,-10.274927494843887,335,False,-8.420001513776995,0.4097222222222222,144,-0.2547421382965577,-0.0015434473727995656,-12.129853475910776,0.387434554973822,191,-0.4562125591828312,-0.002279651289294853
KRW-ETH,20,2.0,30,20,50,0.03,0.008,12,True,-16.710589076912143,383,False,-24.054916353696207,0.3151515151515151,165,-0.3692557833041598,-0.002710289405341439,-9.366261800128079,0.3853211009174312,218,-0.25903816241816613,-0.0011479581504170431
KRW-ETH,20,2.0,30,20,50,0.03,0.008,12,False,-10.423170600054672,378,False,-12.736253910437084,0.294478527607362,163,-0.2817860588020761,-0.0017355339987953464,-8.110087289672261,0.31627906976744186,215,-0.3017857198134905,-0.0011477603670831972
KRW-ETH,20,2.0,30,20,50,0.03,0.008,24,True,-16.564265625379672,382,False,-23.920618318626715,0.32926829268292684,164,-0.36497489675763894,-0.0027464804283402625,-9.20791293213263,0.3853211009174312,218,-0.2536612913192596,-0.0011379482736615751
KRW-ETH,20,2.0,30,20,50,0.03,0.008,24,False,-7.899634332641176,367,False,-10.143585327662334,0.2468354430379747,158,-0.27315519740171146,-0.0015592380515182345,-5.655683337620018,0.2631578947368421,209,-0.2811398963359568,-0.0008963016035869317
KRW-ETH,20,2.0,30,20,50,0.03,0.01,12,True,-17.49990683071104,373,False,-23.63616742005309,0.36024844720496896,161,-0.42346688332679694,-0.0029027548218822957,-11.363646241368992,0.419811320754717,212,-0.3507985801794684,-0.001518300017372703
KRW-ETH,20,2.0,30,20,50,0.03,0.01,12,False,-11.728295924149258,366,False,-13.9613150470025,0.3270440251572327,159,-0.34788447833200925,-0.0020207997876243696,-9.495276801296013,0.3526570048309179,207,-0.38388377293577136,-0.0014583594227248276
KRW-ETH,20,2.0,30,20,50,0.03,0.01,24,True,-16.19311584042983,372,False,-21.403307928762377,0.4,160,-0.4048039803868439,-0.0027144560704663915,-10.982923752097284,0.419811320754717,212,-0.3487643555268027,-0.001485531741092181
KRW-ETH,20,2.0,30,20,50,0.03,0.01,24,False,-8.425173169741495,356,False,-8.118061476254542,0.2922077922077922,154,-0.30759910358745174,-0.0013973270383309986,-8.732284863228445,0.29207920792079206,202,-0.39735876612278553,-0.0014894985894673973
KRW-ETH,20,2.0,30,20,50,0.03,0.015,12,True,-12.715814043736614,359,False,-10.047728773807565,0.5,156,-0.2571237827190641,-0.0014912019753386063,-15.383899313665665,0.47783251231527096,203,-0.4345712391558958,-0.002401338936350423
KRW-ETH,20,2.0,30,20,50,0.03,0.015,12,False,-8.158160943939764,352,False,-3.891425338347034,0.45394736842105265,152,-0.17832077233941948,-0.0006557656018357855,-12.424896549532495,0.41,200,-0.4330537709615273,-0.002183244471215534
KRW-ETH,20,2.0,30,20,50,0.03,0.015,24,True,-12.63733486219444,355,False,-11.603624132559895,0.5324675324675324,154,-0.29040033961717926,-0.0017962826029904733,-13.671045591828983,0.5024875621890548,201,-0.41786694914236583,-0.002191155520094854
KRW-ETH,20,2.0,30,20,50,0.03,0.015,24,False,-8.840390356698393,331,False,-5.107477230585091,0.3916083916083916,143,-0.21907375966240542,-0.001016007357461105,-12.573303482811696,0.3617021276595745,188,-0.48696465760727226,-0.0024944915746200036
KRW-ETH,20,2.0,30,25,40,0.015,0.008,12,True,-21.123381540601034,310,False,-27.748919442931495,0.34074074074074073,135,-0.3066697612978539,-0.0027233643187130055,-14.497843638270574,0.38285714285714284,175,-0.26460442414074276,-0.0015682477732198168
KRW-ETH,20,2.0,30,25,40,0.015,0.008,12,False,-19.99570790170745,306,False,-21.686297054332908,0.3233082706766917,133,-0.2865832296963378,-0.0023238952087267766,-18.305118749081995,0.35260115606936415,173,-0.296883154260441,-0.0019964872593147406
KRW-ETH,20,2.0,30,25,40,0.015,0.008,24,True,-19.708814115396045,310,False,-25.82397369010456,0.362962962962963,135,-0.2954405888773007,-0.0026023909746038325,-13.59365454068753,0.38857142857142857,175,-0.25598729609896953,-0.001481513079512627
KRW-ETH,20,2.0,30,25,40,0.015,0.008,24,False,-19.947222804630446,301,False,-24.099632514603005,0.3023255813953488,129,-0.2893697154088977,-0.0026649089290850625,-15.794813094657888,0.3372093023255814,172,-0.29472451555336543,-0.0018071604052075072
KRW-ETH,20,2.0,30,25,40,0.015,0.01,12,True,-22.39096339675621,302,False,-28.1637029712628,0.3787878787878788,132,-0.34717374836172465,-0.0030562825735655852,-16.618223822249618,0.4235294117647059,170,-0.3006827640330218,-0.001977356721793148
KRW-ETH,20,2.0,30,25,40,0.015,0.01,12,False,-21.33443891024229,298,False,-22.35001082764977,0.36153846153846153,130,-0.3160383441624977,-0.002628062634810397,-20.318866992834817,0.39285714285714285,168,-0.3387495435329645,-0.0024456249874515146
KRW-ETH,20,2.0,30,25,40,0.015,0.01,24,True,-20.508758333616285,301,False,-25.048412110394487,0.4122137404580153,131,-0.326193434752896,-0.0028347182086369813,-15.969104556838083,0.4235294117647059,170,-0.2931821544361521,-0.001913826185089045
KRW-ETH,20,2.0,30,25,40,0.015,0.01,24,False,-20.32119186945971,293,False,-19.56657450239634,0.36220472440944884,127,-0.28174206455232254,-0.002459938539133056,-21.075809236523078,0.35542168674698793,166,-0.365288098731823,-0.0026543559620222333
KRW-ETH,20,2.0,30,25,40,0.015,0.015,12,True,-18.832774975894818,288,False,-17.969308120415782,0.4881889763779528,127,-0.2798807151272504,-0.0023747762554803013,-19.696241831373854,0.4906832298136646,161,-0.3771724020852255,-0.002812690866004595
KRW-ETH,20,2.0,30,25,40,0.015,0.015,12,False,-17.29567167659244,284,False,-12.594508011488745,0.472,125,-0.233138854729171,-0.0017780788488669333,-21.996835341696137,0.4591194968553459,159,-0.40113953077523196,-0.003210553797988407
KRW-ETH,20,2.0,30,25,40,0.015,0.015,24,True,-18.307512599358017,285,False,-17.99816272398132,0.528,125,-0.28988193533486334,-0.0025163889258387378,-18.616862474734713,0.50625,160,-0.37249537986521136,-0.00269313571543777
KRW-ETH,20,2.0,30,25,40,0.015,0.015,24,False,-17.690506071415456,274,False,-12.697984989858178,0.4793388429752066,121,-0.23902132035686682,-0.0019581204879143164,-22.68302715297273,0.42483660130718953,153,-0.43768464117328393,-0.0035178577324130704
KRW-ETH,20,2.0,30,25,40,0.02,0.008,12,True,-18.95534327623712,309,False,-25.11940478110687,0.32592592592592595,135,-0.3033261551038653,-0.002645247569178417,-12.79128177136737,0.3505747126436782,174,-0.2611720830891766,-0.0015278653287627664
KRW-ETH,20,2.0,30,25,40,0.02,0.008,12,False,-17.437548299802188,304,False,-17.041889638618745,0.3082706766917293,133,-0.28108120159925304,-0.0020277822510504097,-17.83320696098563,0.30409356725146197,171,-0.31418885402458635,-0.0021756656616388915
KRW-ETH,20,2.0,30,25,40,0.02,0.008,24,True,-17.667092368363413,309,False,-23.347380286271132,0.34814814814814815,135,-0.29151820998901673,-0.0025186845922913394,-11.986804450455697,0.3563218390804598,174,-0.2525147359825967,-0.001440632159804386
KRW-ETH,20,2.0,30,25,40,0.02,0.008,24,False,-16.672621614065115,299,False,-20.01340398463907,0.26356589147286824,129,-0.3097836513168963,-0.002518138150629733,-13.331839243491164,0.2823529411764706,170,-0.30805458097413124,-0.0017549633260972913
KRW-ETH,20,2.0,30,25,40,0.02,0.01,12,True,-20.43998118047808,301,False,-25.859751074193177,0.36363636363636365,132,-0.349870474562118,-0.002991719818591066,-15.020211286762988,0.3905325443786982,169,-0.3056804222281715,-0.0019625585317683296
KRW-ETH,20,2.0,30,25,40,0.02,0.01,12,False,-18.821537901666776,296,False,-17.221885373777194,0.34615384615384615,130,-0.2998588468020005,-0.0022389401876367456,-20.421190429556358,0.3433734939759036,166,-0.36670871415433814,-0.0027213083341286783
KRW-ETH,20,2.0,30,25,40,0.02,0.01,24,True,-18.588161321426124,300,False,-22.732088924843744,0.3969465648854962,131,-0.3265265374254895,-0.002741401670863207,-14.444233718008503,0.3905325443786982,169,-0.30062708172297264,-0.0018986520747286996
KRW-ETH,20,2.0,30,25,40,0.02,0.01,24,False,-16.386221853395373,290,False,-13.529592095500602,0.3333333333333333,126,-0.27703721991503305,-0.0019427141157724276,-19.242851611290146,0.29878048780487804,164,-0.3919847315940391,-0.0027456618665442564
KRW-ETH,20,2.0,30,25,40,0.02,0.015,12,True,-17.101161823908647,287,False,-16.75016874827851,0.47244094488188976,127,-0.27873840001606964,-0.002318613657343243,-17.452154899538783,0.46875,160,-0.3682849672857571,-0.0026849036652567067
KRW-ETH,20,2.0,30,25,40,0.02,0.015,12,False,-15.042853623678885,282,False,-9.230519339997056,0.44,125,-0.21815017419320457,-0.001418802644363629,-20.855187907360715,0.42038216560509556,157,-0.41064701112787505,-0.0033256604964315302
KRW-ETH,20,2.0,30,25,40,0.02,0.015,24,True,-16.226384667545208,284,False,-15.979669818665515,0.52,125,-0.27822964349367,-0.002341241478496966,-16.4730995164249,0.48427672955974843,159,-0.36535719804818906,-0.0025637929024174624
KRW-ETH,20,2.0,30,25,40,0.02,0.015,24,False,-14.350796857612316,271,False,-7.709487609867478,0.45,120,-0.24972083774033488,-0.001340302148326208,-20.992106105357156,0.3708609271523179,151,-0.46719274252198506,-0.0036449580719216277
KRW-ETH,20,2.0,30,25,40,0.025,0.008,12,True,-21.397234092109695,309,False,-27.8200530889479,0.3111111111111111,135,-0.3319920525679289,-0.00293905234339074,-14.97441509527149,0.3390804597701149,174,-0.28203489741494464,-0.0018073467686874922
KRW-ETH,20,2.0,30,25,40,0.025,0.008,12,False,-16.98569334001339,304,False,-16.49029127792553,0.2932330827067669,133,-0.27335552268180635,-0.0020839272470739986,-17.481095402101253,0.2807017543859649,171,-0.32601138294178716,-0.0022687772475325323
KRW-ETH,20,2.0,30,25,40,0.025,0.008,24,True,-20.01736255020933,309,False,-25.981898679362523,0.3333333333333333,135,-0.3206699665769779,-0.002812489366503662,-14.052826421056139,0.3448275862068966,174,-0.26968573348026953,-0.0017085706688652817
KRW-ETH,20,2.0,30,25,40,0.025,0.008,24,False,-15.68718900428396,297,False,-17.380967808959852,0.24806201550387597,129,-0.29468785707973827,-0.002377035606096456,-13.993410199608068,0.25,168,-0.31978222310137977,-0.001991352676756478
KRW-ETH,20,2.0,30,25,40,0.025,0.01,12,True,-22.77198996267566,301,False,-28.61343678771395,0.3484848484848485,132,-0.37947188393111086,-0.0033224595497930625,-16.930543137637375,0.378698224852071,169,-0.3439587053485725,-0.0022346714092156225
KRW-ETH,20,2.0,30,25,40,0.025,0.01,12,False,-19.17708012879153,295,False,-18.960160864220924,0.3230769230769231,130,-0.32463556649833003,-0.0025532671011205092,-19.393999393362133,0.3212121212121212,165,-0.36839093318368976,-0.002744140017903837
KRW-ETH,20,2.0,30,25,40,0.025,0.01,24,True,-20.905617214521087,300,False,-25.39253679564718,0.3816793893129771,131,-0.3571908325925083,-0.0030746661328377375,-16.418697633394995,0.378698224852071,169,-0.34079646415507336,-0.002184854844061992
KRW-ETH,20,2.0,30,25,40,0.025,0.01,24,False,-16.852816220778237,287,False,-14.156185104200645,0.30158730158730157,126,-0.29932986179656085,-0.0021779554161650756,-19.54944733735583,0.2670807453416149,161,-0.39375203373431594,-0.0029999691327441446
KRW-ETH,20,2.0,30,25,40,0.025,0.015,12,True,-17.875075270709104,287,False,-17.404559799274857,0.4645669291338583,127,-0.2909392206264074,-0.00242964693523379,-18.345590742143354,0.4625,160,-0.37994501460949487,-0.0028440148619648053
KRW-ETH,20,2.0,30,25,40,0.025,0.015,12,False,-14.328856573495464,282,False,-9.612716813469143,0.424,125,-0.23282339120303075,-0.001523518258499547,-19.044996333521784,0.4012738853503185,157,-0.4010289600696037,-0.003181305417504574
KRW-ETH,20,2.0,30,25,40,0.025,0.015,24,True,-17.125354470454155,284,False,-17.01855988114347,0.512,125,-0.29694467014318565,-0.0025264890415390632,-17.23214905976484,0.4779874213836478,159,-0.3769383499629456,-0.0027210786343700374
KRW-ETH,20,2.0,30,25,40,0.025,0.015,24,False,-14.14857248846586,270,False,-7.473976779296718,0.43333333333333335,120,-0.25503726580776515,-0.001370222356709222,-20.823168197635,0.3466666666666667,150,-0.47047864813448514,-0.003848058105436495
KRW-ETH,20,2.0,30,25,40,0.03,0.008,12,True,-22.045352879358507,308,False,-25.39244654413229,0.3111111111111111,135,-0.32248724280574026,-0.002794690696395479,-18.698259214584724,0.3236994219653179,173,-0.33335344429771746,-0.0022465819089499462
KRW-ETH,20,2.0,30,25,40,0.03,0.008,12,False,-16.801273492473406,304,False,-15.505306659686518,0.2857142857142857,133,-0.28953176195120184,-0.002047058811725783,-18.09724032526029,0.26900584795321636,171,-0.34636120063012177,-0.0024419064394572
KRW-ETH,20,2.0,30,25,40,0.03,0.008,24,True,-20.965896103581684,308,False,-23.707781952874658,0.3333333333333333,135,-0.311004059519661,-0.0026681277195084014,-18.22401025428871,0.3236994219653179,173,-0.329097493964705,-0.002208769675768982
KRW-ETH,20,2.0,30,25,40,0.03,0.008,24,False,-14.481916758962939,296,False,-13.397362245211184,0.24031007751937986,129,-0.286224557773373,-0.0020032976545555667,-15.566471272714692,0.2215568862275449,167,-0.350353611560931,-0.0023327825454733373
KRW-ETH,20,2.0,30,25,40,0.03,0.01,12,True,-23.63590668024219,300,False,-26.393112499681727,0.3484848484848485,132,-0.37064264512040834,-0.0031748169562751823,-20.878700860802653,0.3630952380952381,168,-0.3862132324166583,-0.002734732261147708
KRW-ETH,20,2.0,30,25,40,0.03,0.01,12,False,-18.96152044002111,294,False,-17.51915557912184,0.3178294573643411,129,-0.3213787708288989,-0.0024614978391035163,-20.403885300920383,0.3090909090909091,165,-0.4105598842637712,-0.002991188991224337
KRW-ETH,20,2.0,30,25,40,0.03,0.01,24,True,-22.128838612689343,299,False,-23.390270838589345,0.3816793893129771,131,-0.34804456588552285,-0.002925896496621248,-20.867406386789344,0.35714285714285715,168,-0.3910428691936743,-0.002759872293991723
KRW-ETH,20,2.0,30,25,40,0.03,0.01,24,False,-15.844384957191869,286,False,-10.11195514103472,0.296,125,-0.2784595270557083,-0.0016885036670134892,-21.576814773349017,0.2360248447204969,161,-0.44746336206516196,-0.0034627047563401602
KRW-ETH,20,2.0,30,25,40,0.03,0.015,12,True,-18.765117049540077,286,False,-15.534192734577253,0.4645669291338583,127,-0.2773422396582924,-0.0022368806175616603,-21.9960413645029,0.44654088050314467,159,-0.43270988438473423,-0.0034115625275706676
KRW-ETH,20,2.0,30,25,40,0.03,0.015,12,False,-14.704636981866798,281,False,-9.749530461005339,0.41935483870967744,124,-0.24426933207143775,-0.0015775655608348859,-19.659743502728258,0.3885350318471338,157,-0.433225425854519,-0.003413941342424843
KRW-ETH,20,2.0,30,25,40,0.03,0.015,24,True,-18.374737463046245,283,False,-15.265047726399946,0.512,125,-0.2834628499414814,-0.002330638462784179,-21.484427199692547,0.45569620253164556,158,-0.4400001412681507,-0.0034030543788795007
KRW-ETH,20,2.0,30,25,40,0.03,0.015,24,False,-13.612368035549402,268,False,-5.263899240772897,0.42016806722689076,119,-0.2477516100373186,-0.0010325866024456381,-21.960836830325906,0.31543624161073824,149,-0.5179609402198443,-0.004276110329084438
KRW-ETH,20,2.0,30,25,45,0.015,0.008,12,True,-18.90618918219688,366,False,-31.243199451321505,0.34177215189873417,158,-0.3719753830448128,-0.0029588951647001103,-6.569178913072255,0.4326923076923077,208,-0.22115023382497512,-0.0007168445737138189
KRW-ETH,20,2.0,30,25,45,0.015,0.008,12,False,-17.85834700588949,360,False,-25.61898352890462,0.32051282051282054,156,-0.3438021962145367,-0.0026500181332615356,-10.097710482874366,0.39215686274509803,204,-0.26750436231651964,-0.0011232359326521465
KRW-ETH,20,2.0,30,25,45,0.015,0.008,24,True,-18.418225160329655,365,False,-31.088059316374245,0.35668789808917195,157,-0.3756187407216486,-0.0030130547971343987,-5.748391004285063,0.4375,208,-0.20997287371275153,-0.0006313004711940393
KRW-ETH,20,2.0,30,25,45,0.015,0.008,24,False,-17.17892811678417,354,False,-27.35278026475465,0.2847682119205298,151,-0.3619563477594258,-0.002982449986887222,-7.005075968813693,0.37438423645320196,203,-0.2519464995688253,-0.0008222678216952358
KRW-ETH,20,2.0,30,25,45,0.015,0.01,12,True,-18.362096193377447,357,False,-27.885013861726076,0.3935483870967742,155,-0.3962112898491209,-0.0029559434382825586,-8.83917852502882,0.47029702970297027,202,-0.24207490041087112,-0.0010500195219480442
KRW-ETH,20,2.0,30,25,45,0.015,0.01,12,False,-17.609990148526595,351,False,-23.0669268858643,0.3660130718954248,153,-0.3704748340062751,-0.002650062777088294,-12.153053411188887,0.4292929292929293,198,-0.2865173482256596,-0.0014763813221806681
KRW-ETH,20,2.0,30,25,45,0.015,0.01,24,True,-16.48404031181015,355,False,-25.87092401250312,0.43137254901960786,153,-0.38344431982065996,-0.0028507697812735944,-7.097156611117182,0.4801980198019802,202,-0.22893993512140223,-0.0008517950524250544
KRW-ETH,20,2.0,30,25,45,0.015,0.01,24,False,-15.993816633353255,345,False,-21.831485363093428,0.348993288590604,149,-0.34858734801078456,-0.0027337814327293955,-10.156147903613082,0.4030612244897959,196,-0.3142716804341735,-0.0013125962643067996
KRW-ETH,20,2.0,30,25,45,0.015,0.015,12,True,-16.83482362578834,341,False,-17.00552119439586,0.5167785234899329,149,-0.3134600690048165,-0.00218663732346319,-16.66412605718082,0.5104166666666666,192,-0.3989743804294718,-0.002346500139020111
KRW-ETH,20,2.0,30,25,45,0.015,0.015,12,False,-14.685106423537198,335,False,-11.01927883418334,0.4931506849315068,146,-0.24777758184030943,-0.001528880698771896,-18.350934012891056,0.4708994708994709,189,-0.42455873864356736,-0.0026574321241476973
KRW-ETH,20,2.0,30,25,45,0.015,0.015,24,True,-16.20303007050212,338,False,-18.330021520961388,0.54421768707483,147,-0.34071982167069126,-0.0024802316525640387,-14.076038620042851,0.5445026178010471,191,-0.3688185360350427,-0.0020115994090101337
KRW-ETH,20,2.0,30,25,45,0.015,0.015,24,False,-15.370102534537825,322,False,-14.668148788608988,0.45714285714285713,140,-0.2694350953404155,-0.0022337767440063273,-16.07205628046666,0.45054945054945056,182,-0.4213147819526471,-0.0024908812176753815
KRW-ETH,20,2.0,30,25,45,0.02,0.008,12,True,-16.95774508369499,365,False,-27.168326205149857,0.3291139240506329,158,-0.359836994754179,-0.0027961505611635118,-6.747163962240128,0.40096618357487923,207,-0.23563193706967103,-0.0008029365224187995
KRW-ETH,20,2.0,30,25,45,0.02,0.008,12,False,-15.198754886591022,358,False,-19.22459122867497,0.3076923076923077,156,-0.31194058705513045,-0.0022390685440907567,-11.172918544507075,0.3415841584158416,202,-0.28773801087075274,-0.0013877482973634664
KRW-ETH,20,2.0,30,25,45,0.02,0.008,24,True,-16.688393398685825,364,False,-26.918313854210385,0.34394904458598724,157,-0.3616971219726898,-0.002834502082995543,-6.458472943161263,0.40096618357487923,207,-0.2337602270228172,-0.000773794046490997
KRW-ETH,20,2.0,30,25,45,0.02,0.008,24,False,-12.507116761829856,352,False,-18.957664250535124,0.26490066225165565,151,-0.31587652755639245,-0.0023988284760312274,-6.056569273124587,0.31343283582089554,201,-0.2648736541329152,-0.000820655520213436
KRW-ETH,20,2.0,30,25,45,0.02,0.01,12,True,-16.030937621007322,356,False,-24.186448189708408,0.38064516129032255,155,-0.38964544336257023,-0.0027708939555196556,-7.875427052306236,0.4427860696517413,201,-0.2809341821532554,-0.0010217247488282638
KRW-ETH,20,2.0,30,25,45,0.02,0.01,12,False,-13.771016279972951,349,False,-16.21339378192576,0.35294117647058826,153,-0.33257365044261294,-0.002092572380537578,-11.328638778020142,0.3877551020408163,196,-0.33087545251327877,-0.001539888678024796
KRW-ETH,20,2.0,30,25,45,0.02,0.01,24,True,-14.470273689763644,354,False,-22.07076828478357,0.41830065359477125,153,-0.3734966118561311,-0.002628878402476351,-6.869779094743718,0.44776119402985076,201,-0.2785139535916,-0.0008998112801767452
KRW-ETH,20,2.0,30,25,45,0.02,0.01,24,False,-10.26697227561372,342,False,-12.951161823249054,0.3310810810810811,148,-0.298986059855087,-0.001876484591550956,-7.582782727978386,0.35051546391752575,194,-0.3517903974163321,-0.001126463880509618
KRW-ETH,20,2.0,30,25,45,0.02,0.015,12,True,-14.876361585984434,340,False,-14.732154169932222,0.5033557046979866,149,-0.3020101702408621,-0.0020034625843019832,-15.020569002036645,0.49214659685863876,191,-0.40102431330444993,-0.002262086826167189
KRW-ETH,20,2.0,30,25,45,0.02,0.015,12,False,-11.275166172577258,333,False,-5.971676815005682,0.4657534246575342,146,-0.20335162030669238,-0.0009151503008088954,-16.578655530148833,0.4385026737967914,187,-0.4291503298348607,-0.002630418572544275
KRW-ETH,20,2.0,30,25,45,0.02,0.015,24,True,-14.075899892760646,337,False,-15.248237338094055,0.5374149659863946,147,-0.3187533640049598,-0.002183508214296451,-12.903562447427234,0.5210526315789473,190,-0.3760144970252328,-0.001967433533013154
KRW-ETH,20,2.0,30,25,45,0.02,0.015,24,False,-10.590414003220289,319,False,-6.8812196078775,0.43884892086330934,139,-0.22706024598760877,-0.0011909272249506307,-14.299608398563079,0.4,180,-0.4416235917880072,-0.0024859252865450637
KRW-ETH,20,2.0,30,25,45,0.025,0.008,12,True,-18.66376139070178,365,False,-28.98686754005481,0.31645569620253167,158,-0.38347625138150193,-0.0030152762695067384,-8.340655241348749,0.391304347826087,207,-0.23200344380399976,-0.0010082524515409937
KRW-ETH,20,2.0,30,25,45,0.025,0.008,12,False,-14.42810194856509,358,False,-18.889416322866794,0.2948717948717949,156,-0.3278591076058535,-0.002312719688688254,-9.966787574263385,0.3217821782178218,202,-0.26508384393637857,-0.0013362708341429657
KRW-ETH,20,2.0,30,25,45,0.025,0.008,24,True,-18.3394762686009,364,False,-28.719185493299218,0.33121019108280253,157,-0.38225429612877304,-0.003055023496487453,-7.959767043902584,0.391304347826087,207,-0.2301228486563286,-0.0009694072221334501
KRW-ETH,20,2.0,30,25,45,0.025,0.008,24,False,-11.80441967046869,350,False,-16.40222753348894,0.25165562913907286,151,-0.3195970570795613,-0.002249509601899729,-7.206611807448439,0.2814070351758794,199,-0.2832884527675491,-0.0010562725990692107
KRW-ETH,20,2.0,30,25,45,0.025,0.01,12,True,-17.341868902357525,356,False,-25.64019340004784,0.36774193548387096,155,-0.41455180200020436,-0.0029878188711211394,-9.043544404667216,0.43283582089552236,201,-0.300560575174394,-0.0011951834705694812
KRW-ETH,20,2.0,30,25,45,0.025,0.01,12,False,-13.969586838197888,348,False,-18.01082307803454,0.3333333333333333,153,-0.36598620647936475,-0.0023905352670849722,-9.928350598361234,0.36923076923076925,195,-0.31461238096801536,-0.0014475163005441426
KRW-ETH,20,2.0,30,25,45,0.025,0.01,24,True,-15.825294486496887,354,False,-23.531583525025027,0.40522875816993464,153,-0.3990619458134465,-0.0028486389378896194,-8.119005447968744,0.43781094527363185,201,-0.28758419729621704,-0.001085116726936539
KRW-ETH,20,2.0,30,25,45,0.025,0.01,24,False,-10.481208049687215,339,False,-12.70074818159312,0.30405405405405406,148,-0.3361858316365746,-0.00197993379493211,-8.26166791778131,0.3193717277486911,191,-0.3560426873100916,-0.0013269267941916417
KRW-ETH,20,2.0,30,25,45,0.025,0.015,12,True,-14.835998405703627,340,False,-14.681249944213404,0.4966442953020134,149,-0.31042031998329694,-0.0020307575084071248,-14.990746867193849,0.4869109947643979,191,-0.4197822969322116,-0.002297001714687913
KRW-ETH,20,2.0,30,25,45,0.025,0.015,12,False,-11.302671591613487,332,False,-8.322752282992438,0.4482758620689655,145,-0.25401349226957204,-0.0013021549533015176,-14.282590900234537,0.42245989304812837,187,-0.4132266042926556,-0.002393043344160812
KRW-ETH,20,2.0,30,25,45,0.025,0.015,24,True,-14.185785954550632,337,False,-15.55049307403128,0.5306122448979592,147,-0.3331325153447516,-0.0022727712264041288,-12.821078835069985,0.5157894736842106,190,-0.395426716474839,-0.0020001671309848494
KRW-ETH,20,2.0,30,25,45,0.025,0.015,24,False,-11.315289146385057,317,False,-8.073166344062114,0.41304347826086957,138,-0.2521580936674891,-0.0014729813165444722,-14.557411948708,0.3743016759776536,179,-0.4579040403677588,-0.0026986247963118755
KRW-ETH,20,2.0,30,25,45,0.03,0.008,12,True,-18.987427654687153,364,False,-26.9333919377514,0.31645569620253167,158,-0.3758586763066165,-0.002903659175037722,-11.041463371622907,0.3786407766990291,206,-0.27362380195267283,-0.0013417323170240721
KRW-ETH,20,2.0,30,25,45,0.03,0.008,12,False,-12.88555206111167,358,False,-15.26198508622938,0.2948717948717949,156,-0.30572714423775155,-0.002004184577382703,-10.509119035993958,0.3118811881188119,202,-0.30687843618763927,-0.0014639959262140233
KRW-ETH,20,2.0,30,25,45,0.03,0.008,24,True,-18.887502592454098,363,False,-26.725220485731153,0.33121019108280253,157,-0.37162260386234797,-0.002942695465110991,-11.049784699177044,0.3737864077669903,206,-0.2718451226833314,-0.0013543758245065781
KRW-ETH,20,2.0,30,25,45,0.03,0.008,24,False,-10.367629564280865,348,False,-13.161675861030503,0.23841059602649006,151,-0.32828009864972196,-0.0019734499286014422,-7.573583267531225,0.25888324873096447,197,-0.30204585680754514,-0.0011868529327170255
KRW-ETH,20,2.0,30,25,45,0.03,0.01,12,True,-17.701140763214795,355,False,-23.5128962502151,0.36774193548387096,155,-0.4073181867328077,-0.002841831768372077,-11.889385276214492,0.42,200,-0.3456103035218812,-0.0015755069932817541
KRW-ETH,20,2.0,30,25,45,0.03,0.01,12,False,-12.516025243927665,348,False,-14.401968263580251,0.3333333333333333,153,-0.3414800710236034,-0.002043319728760357,-10.63008222427508,0.358974358974359,195,-0.3735810622238938,-0.0016114442870934654
KRW-ETH,20,2.0,30,25,45,0.03,0.01,24,True,-16.471402835901706,353,False,-21.559694868731345,0.40522875816993464,153,-0.3916369427160324,-0.002700743507000046,-11.383110803072066,0.42,200,-0.3418865956179622,-0.0015281025410744374
KRW-ETH,20,2.0,30,25,45,0.03,0.01,24,False,-8.229788137960613,338,False,-7.89381536645945,0.2972972972972973,148,-0.30032324818021927,-0.0013530943784638171,-8.565760909461774,0.29473684210526313,190,-0.3754221012441817,-0.0014713331485320222
KRW-ETH,20,2.0,30,25,45,0.03,0.015,12,True,-15.320799036638569,339,False,-12.925625965074735,0.4966442953020134,149,-0.2984947231930177,-0.001845385018970178,-17.7159721082024,0.47368421052631576,190,-0.46033240268984865,-0.0027327229517435207
KRW-ETH,20,2.0,30,25,45,0.03,0.015,12,False,-10.85700078437582,332,False,-6.757409257995328,0.4482758620689655,145,-0.23736026174675856,-0.0011006945504180427,-14.956592310756314,0.4117647058823529,187,-0.4517449638791794,-0.0025947102799453994
KRW-ETH,20,2.0,30,25,45,0.03,0.015,24,True,-14.961049331190504,336,False,-13.856679340431302,0.5306122448979592,147,-0.3215997034522178,-0.0020848766622809656,-16.065419321949705,0.4973544973544973,189,-0.4475840586873193,-0.002529930228792365
KRW-ETH,20,2.0,30,25,45,0.03,0.015,24,False,-11.05807535956037,313,False,-7.49216591919409,0.38235294117647056,136,-0.2714363739760518,-0.0014695240815162027,-14.623984799926651,0.3502824858757062,177,-0.49402803542939494,-0.0028789429767765787
KRW-ETH,20,2.0,30,25,50,0.015,0.008,12,True,-19.49170916047544,371,False,-33.56517435994028,0.3333333333333333,159,-0.3920301556311329,-0.003144395824041621,-5.418243961010601,0.44339622641509435,212,-0.2137648213509823,-0.0005884539877570286
KRW-ETH,20,2.0,30,25,50,0.015,0.008,12,False,-18.39974262352108,365,False,-27.705687670633345,0.31210191082802546,157,-0.36475662597934805,-0.002839849227954139,-9.093797576408818,0.3942307692307692,208,-0.27384201899745236,-0.0010135442265232142
KRW-ETH,20,2.0,30,25,50,0.015,0.008,24,True,-18.991538868237075,370,False,-33.36647392621778,0.34810126582278483,158,-0.3955571696047331,-0.003199386728798107,-4.6166038102563745,0.4481132075471698,212,-0.20248147235825242,-0.0005045239249074335
KRW-ETH,20,2.0,30,25,50,0.015,0.008,24,False,-17.490622292015487,359,False,-29.407346941381796,0.27631578947368424,152,-0.3823310591964813,-0.0031763384738155973,-5.573897642649178,0.38164251207729466,207,-0.24905779711115678,-0.0006568882502615127
KRW-ETH,20,2.0,30,25,50,0.015,0.01,12,True,-19.165333214363265,361,False,-30.137033466683068,0.38461538461538464,156,-0.4178466454712818,-0.0031706329034217736,-8.193632962043461,0.47804878048780486,205,-0.24363030233721622,-0.0009717205026742742
KRW-ETH,20,2.0,30,25,50,0.015,0.01,12,False,-18.252562958266076,355,False,-25.137975560680477,0.35714285714285715,154,-0.3930323953027945,-0.00286952665515915,-11.367150355851674,0.42786069651741293,201,-0.29571151387575856,-0.0013844853882977876
KRW-ETH,20,2.0,30,25,50,0.015,0.01,24,True,-17.413859181740534,359,False,-28.0494068157661,0.42207792207792205,154,-0.40553714994033874,-0.0030689303671094805,-6.77831154771497,0.48292682926829267,205,-0.23614224409021609,-0.0008121077646276254
KRW-ETH,20,2.0,30,25,50,0.015,0.01,24,False,-16.579554267332625,349,False,-23.77368838993268,0.34,150,-0.3719291961533904,-0.002958539556511201,-9.385420144732569,0.40703517587939697,199,-0.32214727018438716,-0.0012150696874579543
KRW-ETH,20,2.0,30,25,50,0.015,0.015,12,True,-17.17055832496265,346,False,-18.284947643554073,0.5133333333333333,150,-0.3308923781202807,-0.0023431466619793615,-16.056169006371224,0.5153061224489796,196,-0.39494284446774575,-0.00226272331873935
KRW-ETH,20,2.0,30,25,50,0.015,0.015,12,False,-14.913120175458955,340,False,-12.268019238017306,0.4897959183673469,147,-0.2673090037466181,-0.0016970782037903425,-17.558221112900604,0.46632124352331605,193,-0.4192193380651914,-0.0025521147843069517
KRW-ETH,20,2.0,30,25,50,0.015,0.015,24,True,-16.44066661665655,343,False,-19.560681387151487,0.5405405405405406,148,-0.3574599635669909,-0.0026368722366743413,-13.320651846161613,0.5487179487179488,195,-0.3605624315000951,-0.0019021669164129202
KRW-ETH,20,2.0,30,25,50,0.015,0.015,24,False,-15.456061026700086,327,False,-16.74351722725373,0.44680851063829785,141,-0.3027102304222554,-0.0025472428663892623,-14.168604826146442,0.46236559139784944,186,-0.40155043896462195,-0.002205643218954995
KRW-ETH,20,2.0,30,25,50,0.02,0.008,12,True,-17.7183349390511,370,False,-29.756406516628715,0.32075471698113206,159,-0.38331722985996913,-0.0030140741425398426,-5.680263361473486,0.41232227488151657,211,-0.22838384678082038,-0.000672305375415674
KRW-ETH,20,2.0,30,25,50,0.02,0.008,12,False,-15.771641187187637,363,False,-21.41005527103906,0.29936305732484075,157,-0.3371775917715985,-0.002463316515147505,-10.133227103336214,0.3446601941747573,206,-0.29390060313991,-0.001260719156482315
KRW-ETH,20,2.0,30,25,50,0.02,0.008,24,True,-17.42787625627606,369,False,-29.45322259163112,0.33544303797468356,158,-0.38510913035488076,-0.003053562196394307,-5.402529920921,0.41232227488151657,211,-0.22649438831658408,-0.000643715363486503
KRW-ETH,20,2.0,30,25,50,0.02,0.008,24,False,-12.635110731321191,357,False,-21.019493484996232,0.2565789473684211,152,-0.34096916777885616,-0.002629401972899444,-4.250727977646151,0.32195121951219513,205,-0.2583995753052111,-0.000580632973477563
KRW-ETH,20,2.0,30,25,50,0.02,0.01,12,True,-16.979113535355374,360,False,-26.667105084623046,0.3717948717948718,156,-0.41440079587362294,-0.0030187728404201704,-7.291121986087703,0.45098039215686275,204,-0.2824098376749608,-0.0009434580104372665
KRW-ETH,20,2.0,30,25,50,0.02,0.01,12,False,-14.44460204805835,353,False,-18.35814056269406,0.34415584415584416,154,-0.3596437761241245,-0.002348075157287334,-10.531063533422637,0.3869346733668342,199,-0.3394980054440912,-0.001434583735985372
KRW-ETH,20,2.0,30,25,50,0.02,0.01,24,True,-15.51762620665562,358,False,-24.457977220220705,0.4090909090909091,154,-0.39890694434928864,-0.00288089867259014,-6.577275193090534,0.45098039215686275,204,-0.2852532021399474,-0.0008592233258545495
KRW-ETH,20,2.0,30,25,50,0.02,0.01,24,False,-10.735935669488347,346,False,-14.8994353822098,0.3221476510067114,149,-0.3274184636353681,-0.0021420115406009495,-6.572435956766895,0.3553299492385787,197,-0.3592350847020055,-0.000980096410248051
KRW-ETH,20,2.0,30,25,50,0.02,0.015,12,True,-15.264149988204407,345,False,-16.249986013514434,0.5,150,-0.3230678510963575,-0.0021944764210792282,-14.27831396289438,0.49743589743589745,195,-0.39403611660856963,-0.0021540093721999177
KRW-ETH,20,2.0,30,25,50,0.02,0.015,12,False,-11.476807978915438,338,False,-7.357638765281258,0.46258503401360546,147,-0.227840302695804,-0.0011214854275821914,-15.59597719254962,0.43455497382198954,191,-0.4197123946373483,-0.002486414535524879
KRW-ETH,20,2.0,30,25,50,0.02,0.015,24,True,-14.361382033768795,342,False,-16.706906902054694,0.5337837837837838,148,-0.33930591883174543,-0.0023758867946112637,-12.015857165482897,0.5257731958762887,194,-0.36473849151911875,-0.0018326130559385718
KRW-ETH,20,2.0,30,25,50,0.02,0.015,24,False,-10.446106350219372,324,False,-8.978892118827444,0.42857142857142855,140,-0.2397963607843483,-0.0015497420304866982,-11.9133205816113,0.41304347826086957,184,-0.4313103795283317,-0.0020891620037327206
KRW-ETH,20,2.0,30,25,50,0.025,0.008,12,True,-19.708214389569424,370,False,-32.149798318030065,0.3081761006289308,159,-0.40898655812558704,-0.0032632210728431757,-7.266630461108781,0.4028436018957346,211,-0.22472094646954113,-0.0008737290594360259
KRW-ETH,20,2.0,30,25,50,0.025,0.008,12,False,-15.079862872941725,363,False,-21.34392275816137,0.28662420382165604,157,-0.35567072131682576,-0.0025682979072316424,-8.815802987722078,0.32524271844660196,206,-0.27144244328740336,-0.001186005818761242
KRW-ETH,20,2.0,30,25,50,0.025,0.008,24,True,-19.35537506337422,369,False,-31.811963498460994,0.3227848101265823,158,-0.40781516451528466,-0.0033042860060033576,-6.898786628287444,0.4028436018957346,211,-0.2228225186518669,-0.0008356202324817059
KRW-ETH,20,2.0,30,25,50,0.025,0.008,24,False,-11.775462442037728,355,False,-18.60388134932443,0.24342105263157895,152,-0.3477505350637803,-0.002513910854518812,-4.947043534751028,0.29064039408866993,203,-0.273432315985044,-0.0007354618089397697
KRW-ETH,20,2.0,30,25,50,0.025,0.01,12,True,-18.508987058715668,360,False,-28.563237051974298,0.358974358974359,156,-0.4410369929840879,-0.0032663104168190816,-8.454737065457039,0.4411764705882353,204,-0.29156984183529366,-0.0011143658686234659
KRW-ETH,20,2.0,30,25,50,0.025,0.01,12,False,-14.730057299331792,352,False,-20.455865657236632,0.3246753246753247,154,-0.39466846473070294,-0.0026765220510649402,-9.004248941426951,0.3686868686868687,198,-0.32344450504031885,-0.001317864450375439
KRW-ETH,20,2.0,30,25,50,0.025,0.01,24,True,-17.072725710303825,358,False,-26.328796134683593,0.3961038961038961,154,-0.4262478850459715,-0.003131651022708518,-7.816655285924059,0.4411764705882353,204,-0.2853633841569519,-0.0010418036925149345
KRW-ETH,20,2.0,30,25,50,0.025,0.01,24,False,-10.86113714465241,343,False,-14.776770838902326,0.2953020134228188,149,-0.3662162341332939,-0.0022782731654359214,-6.945503450402496,0.3247422680412371,194,-0.3634385370463352,-0.0011237268953123913
KRW-ETH,20,2.0,30,25,50,0.025,0.015,12,True,-15.52073991522619,345,False,-16.49161016759188,0.49333333333333335,150,-0.33448659533288755,-0.0022548727123570026,-14.549869662860502,0.49230769230769234,195,-0.4172071996946445,-0.0022255278828754244
KRW-ETH,20,2.0,30,25,50,0.025,0.015,12,False,-11.78091061548615,337,False,-9.94486929826968,0.4452054794520548,146,-0.28047194538751724,-0.0015414478230493392,-13.616951932702621,0.418848167539267,191,-0.407141231333376,-0.002286049775487931
KRW-ETH,20,2.0,30,25,50,0.025,0.015,24,True,-14.75829169815347,342,False,-17.28552705978417,0.527027027027027,148,-0.3564061369036312,-0.002498279786366863,-12.231056336522771,0.520618556701031,194,-0.38889948513454825,-0.0019021839295926312
KRW-ETH,20,2.0,30,25,50,0.025,0.015,24,False,-11.334835433090886,322,False,-10.301448171807529,0.4028776978417266,139,-0.2931838524867279,-0.0018682656236196928,-12.368222694374243,0.3879781420765027,183,-0.44518511391488697,-0.002313734405766759
KRW-ETH,20,2.0,30,25,50,0.03,0.008,12,True,-19.54372733234564,369,False,-29.16035249715558,0.3081761006289308,159,-0.39736993352067984,-0.003106224217497263,-9.927102167535699,0.3904761904761905,210,-0.26673596803803296,-0.001200216339899879
KRW-ETH,20,2.0,30,25,50,0.03,0.008,12,False,-12.855934417253224,363,False,-16.532302410870976,0.28662420382165604,157,-0.32061066493026513,-0.002164286890469058,-9.179566423635473,0.3155339805825243,206,-0.3128754227683194,-0.001287015375063929
KRW-ETH,20,2.0,30,25,50,0.03,0.008,24,True,-19.428674989721323,368,False,-28.913170555738002,0.3227848101265823,158,-0.39327985885042044,-0.0031462954996742424,-9.94417942370464,0.38571428571428573,210,-0.2649404225120216,-0.001212619018668433
KRW-ETH,20,2.0,30,25,50,0.03,0.008,24,False,-9.702375886484678,352,False,-13.523246053027137,0.23684210526315788,152,-0.32828009864972196,-0.002022887758018539,-5.881505719942217,0.265,200,-0.293041899647996,-0.0009301153486097701
KRW-ETH,20,2.0,30,25,50,0.03,0.01,12,True,-18.461386990046005,359,False,-25.660311826942213,0.358974358974359,156,-0.43005033352683364,-0.003074291186049849,-11.262462153149796,0.42857142857142855,203,-0.3371986483419391,-0.0014886707303993702
KRW-ETH,20,2.0,30,25,50,0.03,0.01,12,False,-12.64726517999903,352,False,-15.764713063035012,0.3246753246753247,154,-0.36173040268503787,-0.0022322218586511354,-9.529817296963047,0.35858585858585856,198,-0.3816532970090705,-0.0014540940330881548
KRW-ETH,20,2.0,30,25,50,0.03,0.01,24,True,-17.340532276894955,357,False,-23.64110649207281,0.3961038961038961,154,-0.4149705392811206,-0.002937138035695529,-11.039958061717096,0.4236453201970443,203,-0.33829545222331653,-0.001478029553564974
KRW-ETH,20,2.0,30,25,50,0.03,0.01,24,False,-8.976671490767075,341,False,-9.527389242172971,0.28859060402684567,149,-0.32516221459025824,-0.0016232328253819482,-8.425953739361177,0.296875,192,-0.39559119308497614,-0.001438061196066144
KRW-ETH,20,2.0,30,25,50,0.03,0.015,12,True,-15.725712867614067,344,False,-14.229756596777323,0.49333333333333335,150,-0.3180954253826941,-0.0020218893790236656,-17.221669138450814,0.4793814432989691,194,-0.4579372731864053,-0.0026518967550854915
KRW-ETH,20,2.0,30,25,50,0.03,0.015,12,False,-10.8531718391966,337,False,-7.598553036199042,0.4452054794520548,146,-0.25324724651521846,-0.001236584736157807,-14.107790642194157,0.4083769633507853,191,-0.44779548659104423,-0.002457354576491689
KRW-ETH,20,2.0,30,25,50,0.03,0.015,24,True,-15.262840781222657,341,False,-15.108962358607554,0.527027027027027,148,-0.34055483125759256,-0.0022621480296101033,-15.416719203837761,0.5025906735751295,193,-0.44161994028634,-0.00242045979635029
KRW-ETH,20,2.0,30,25,50,0.03,0.015,24,False,-10.320583529645646,318,False,-7.307445540065441,0.38405797101449274,138,-0.27008912446511213,-0.0014326018269343356,-13.333721519225852,0.3611111111111111,180,-0.48374359758021346,-0.0026218995334920067
KRW-ETH,20,2.0,30,30,40,0.015,0.008,12,True,-24.141533732810977,271,False,-25.763150633498352,0.35833333333333334,120,-0.2806014676363549,-0.002524282166561478,-22.519916832123606,0.3576158940397351,151,-0.3257151559155837,-0.002339670391250713
KRW-ETH,20,2.0,30,30,40,0.015,0.008,12,False,-23.21400402297224,267,False,-19.173969593845563,0.3389830508474576,118,-0.2569011784277337,-0.002070658811201551,-27.254038452098914,0.3221476510067114,149,-0.3553115516792835,-0.002847242715616374
KRW-ETH,20,2.0,30,30,40,0.015,0.008,24,True,-23.598814979793104,270,False,-25.38305209689228,0.3697478991596639,119,-0.28024980921531006,-0.002539921363307983,-21.814577862693927,0.3576158940397351,151,-0.32251275818093755,-0.002285011939384699
KRW-ETH,20,2.0,30,30,40,0.015,0.008,24,False,-24.12502324014539,262,False,-24.335065470093,0.2982456140350877,114,-0.27076668337972093,-0.0026960827492593506,-23.914981010197774,0.2972972972972973,148,-0.3471316399222144,-0.0026548960828250497
KRW-ETH,20,2.0,30,30,40,0.015,0.01,12,True,-24.366402901945023,265,False,-25.0216087259613,0.4017094017094017,117,-0.3036051152813783,-0.0027070254416391333,-23.71119707792874,0.39864864864864863,148,-0.3499875574383119,-0.0027462569170657197
KRW-ETH,20,2.0,30,30,40,0.015,0.01,12,False,-23.46272784548144,261,False,-18.750446260111605,0.3826086956521739,115,-0.2703917814677082,-0.0022168766911867207,-28.17500943085127,0.363013698630137,146,-0.3837725840729701,-0.003295619033648945
KRW-ETH,20,2.0,30,30,40,0.015,0.01,24,True,-23.172080173956008,263,False,-23.179316717797846,0.4260869565217391,115,-0.292334598209764,-0.00261138213907458,-23.16484363011417,0.39864864864864863,148,-0.34821717021173004,-0.0027039837668510697
KRW-ETH,20,2.0,30,30,40,0.015,0.01,24,False,-21.68594996752305,254,False,-16.689284611198676,0.37272727272727274,110,-0.24639329658391118,-0.002118657963940825,-26.682615323847422,0.3263888888888889,144,-0.39293046072277066,-0.0033041050017924064
KRW-ETH,20,2.0,30,30,40,0.015,0.015,12,True,-22.89708834429858,257,False,-20.123289192151173,0.49122807017543857,114,-0.302009009072867,-0.00263752275726235,-25.670887496445985,0.46853146853146854,143,-0.4144582871186022,-0.003610290256079705
KRW-ETH,20,2.0,30,30,40,0.015,0.015,12,False,-21.135629846014982,253,False,-13.987848459331897,0.4732142857142857,112,-0.2558712904962079,-0.0019762577320560385,-28.283411232698068,0.4326241134751773,141,-0.43699061168639547,-0.004070257667183082
KRW-ETH,20,2.0,30,30,40,0.015,0.015,24,True,-21.995241218528392,255,False,-18.923676875396804,0.5357142857142857,112,-0.2968743908830421,-0.0026123778281612825,-25.06680556165998,0.4825174825174825,143,-0.41923925656769856,-0.0035662327695918476
KRW-ETH,20,2.0,30,30,40,0.015,0.015,24,False,-20.07038387355,244,False,-12.028131582640246,0.48598130841121495,107,-0.24894238173151245,-0.001855072710858447,-28.112636164459754,0.39416058394160586,137,-0.46647933146965387,-0.004323980026435149
KRW-ETH,20,2.0,30,30,40,0.02,0.008,12,True,-23.68288954051161,270,False,-24.749392099104632,0.3416666666666667,120,-0.28771053121115514,-0.002561213323335069,-22.616386981918584,0.32666666666666666,150,-0.33201291619049056,-0.002515671338964845
KRW-ETH,20,2.0,30,30,40,0.02,0.008,12,False,-22.539545044321457,265,False,-15.673108312454783,0.3220338983050847,118,-0.25849371026095663,-0.0018638323419561563,-29.40598177618813,0.272108843537415,147,-0.3876326895898882,-0.003318572768065588
KRW-ETH,20,2.0,30,30,40,0.02,0.008,24,True,-23.281858639663092,269,False,-24.602488480243345,0.35294117647058826,119,-0.28846246286278626,-0.0025903101628779947,-21.961228799082836,0.32666666666666666,150,-0.3269244661433969,-0.0024606484974197254
KRW-ETH,20,2.0,30,30,40,0.02,0.008,24,False,-22.242654773116193,260,False,-21.652139655763765,0.2543859649122807,114,-0.30473447863544695,-0.002705175464866918,-22.833169890468618,0.23972602739726026,146,-0.35489680424423437,-0.002858775999992856
KRW-ETH,20,2.0,30,30,40,0.02,0.01,12,True,-23.645963498580716,264,False,-24.256842398810722,0.38461538461538464,117,-0.3166307012929716,-0.0027621982308986518,-23.03508459835071,0.3673469387755102,147,-0.3795296922171417,-0.0028752908385855725
KRW-ETH,20,2.0,30,30,40,0.02,0.01,12,False,-22.15296657339857,259,False,-14.679421686536656,0.3652173913043478,115,-0.2598050905193854,-0.001907238272642595,-29.62651146026048,0.3125,144,-0.42378459243185473,-0.0037621938277190787
KRW-ETH,20,2.0,30,30,40,0.02,0.01,24,True,-22.47822808688909,262,False,-22.416296562165346,0.40869565217391307,115,-0.3046264485336748,-0.0026554878983150463,-22.54015961161283,0.3673469387755102,147,-0.37783976655503654,-0.0028327301159204827
KRW-ETH,20,2.0,30,30,40,0.02,0.01,24,False,-19.886880408136896,251,False,-13.778953356907422,0.3302752293577982,109,-0.27114434317144986,-0.0019756620197331994,-25.994807459366367,0.2676056338028169,142,-0.41553988724544194,-0.0035945005399695413
KRW-ETH,20,2.0,30,30,40,0.02,0.015,12,True,-22.089803112023418,256,False,-19.365348290166086,0.4824561403508772,114,-0.3052447553743935,-0.0026320476342028003,-24.814257933880754,0.44366197183098594,142,-0.4264271244184432,-0.003710735384109871
KRW-ETH,20,2.0,30,30,40,0.02,0.015,12,False,-19.534574974468114,251,False,-10.381322878629916,0.44642857142857145,112,-0.2437889930853251,-0.0015962487789897184,-28.687827070306316,0.38848920863309355,139,-0.463950733537492,-0.004454759003036547
KRW-ETH,20,2.0,30,30,40,0.02,0.015,24,True,-21.201394335025213,254,False,-18.136680802724566,0.5267857142857143,112,-0.29904720336902996,-0.0025927223416102665,-24.266107867325857,0.45774647887323944,142,-0.43189350695200973,-0.0036663676336326626
KRW-ETH,20,2.0,30,30,40,0.02,0.015,24,False,-19.040132436993513,240,False,-8.305832303459214,0.4528301886792453,106,-0.2535078195904236,-0.0014372779134279904,-29.774432570527814,0.3283582089552239,134,-0.5090796009387215,-0.005021915667332705
KRW-ETH,20,2.0,30,30,40,0.025,0.008,12,True,-25.94806296816531,270,False,-25.571640151531557,0.3333333333333333,120,-0.3000479637902159,-0.0026867150581161626,-26.324485784799062,0.32,150,-0.35827683694901513,-0.0028572560757098
KRW-ETH,20,2.0,30,30,40,0.025,0.008,12,False,-21.348813636484735,265,False,-13.992336831259113,0.3135593220338983,118,-0.25081015312364136,-0.0017748008544234207,-28.705290441710353,0.2585034013605442,147,-0.3958275743905416,-0.003402289317096208
KRW-ETH,20,2.0,30,30,40,0.025,0.008,24,True,-25.439008726340752,269,False,-25.42712891224607,0.3445378151260504,119,-0.30078687137443794,-0.0027168665340858203,-25.45088854043544,0.32,150,-0.35394621431285717,-0.0027888434343626358
KRW-ETH,20,2.0,30,30,40,0.025,0.008,24,False,-20.163114688584013,259,False,-16.609868268203133,0.24561403508771928,114,-0.28915943932784666,-0.002296310828945694,-23.716361108964893,0.21379310344827587,145,-0.3683482994060252,-0.0031522881397069266
KRW-ETH,20,2.0,30,30,40,0.025,0.01,12,True,-25.604829651760923,264,False,-25.188291606448022,0.37606837606837606,117,-0.33018765093329155,-0.0029079863349476373,-26.021367697073828,0.36054421768707484,147,-0.4119777752622857,-0.0032041844260573674
KRW-ETH,20,2.0,30,30,40,0.025,0.01,12,False,-21.800674464238497,258,False,-15.493252034412732,0.34782608695652173,115,-0.27571190057630185,-0.0020889121748416317,-28.10809689406426,0.3006993006993007,143,-0.4276878076121973,-0.0037625834359154226
KRW-ETH,20,2.0,30,30,40,0.025,0.01,24,True,-24.35508534818956,262,False,-23.361176349641593,0.4,115,-0.3184215432742141,-0.00280381144765184,-25.34899434673753,0.36054421768707484,147,-0.40920307868206685,-0.003147960642369785
KRW-ETH,20,2.0,30,30,40,0.025,0.01,24,False,-18.35533296954496,249,False,-10.794553910133612,0.3119266055045872,109,-0.26962576127615656,-0.0016938277408272064,-25.916112028956306,0.24285714285714285,140,-0.4338007712653156,-0.003818861149530166
KRW-ETH,20,2.0,30,30,40,0.025,0.015,12,True,-22.768889115103995,256,False,-19.523922590881856,0.47368421052631576,114,-0.3112338417344289,-0.0026820331166565155,-26.01385563932613,0.44366197183098594,142,-0.43844217563663673,-0.003871478852722951
KRW-ETH,20,2.0,30,30,40,0.025,0.015,12,False,-19.10758107018992,250,False,-10.731471832456647,0.42857142857142855,112,-0.25656022150530267,-0.001697293482735665,-27.483690307923194,0.37681159420289856,138,-0.46226254045873066,-0.00442221271511691
KRW-ETH,20,2.0,30,30,40,0.025,0.015,24,True,-21.276406272388705,254,False,-17.708110864168354,0.5267857142857143,112,-0.2987213469604814,-0.0025619679579971374,-24.844701680609052,0.45774647887323944,142,-0.43525078375335413,-0.003757875033288865
KRW-ETH,20,2.0,30,30,40,0.025,0.015,24,False,-17.81904024954706,238,False,-6.792642298317417,0.44339622641509435,106,-0.2671974281748892,-0.0012413894659771302,-28.845438200776705,0.3106060606060606,132,-0.5084716335676902,-0.005141173717257855
KRW-ETH,20,2.0,30,30,40,0.03,0.008,12,True,-24.74001137235664,269,False,-22.94773326415584,0.3333333333333333,120,-0.29008863475467717,-0.0025243082052464946,-26.532289480557438,0.31543624161073824,149,-0.3618605457044206,-0.0029205421552747518
KRW-ETH,20,2.0,30,30,40,0.03,0.008,12,False,-18.797208296058603,265,False,-13.862933256075658,0.3050847457627119,118,-0.2567032156476362,-0.0018178643976326373,-23.73148333604155,0.2585034013605442,147,-0.36458972947111484,-0.003051893030805319
KRW-ETH,20,2.0,30,30,40,0.03,0.008,24,True,-24.255782618478623,268,False,-22.846174047073085,0.3445378151260504,119,-0.2908380559503718,-0.0025530949177466587,-25.66539118988416,0.31543624161073824,149,-0.35553805366508157,-0.0028516703686836476
KRW-ETH,20,2.0,30,30,40,0.03,0.008,24,False,-15.496534709137851,259,False,-13.02071702780655,0.23684210526315788,114,-0.278283467088996,-0.001960984550447672,-17.97235239046915,0.21379310344827587,145,-0.32592617882781905,-0.0026331532114238915
KRW-ETH,20,2.0,30,30,40,0.03,0.01,12,True,-24.47647043495183,263,False,-22.824619481271093,0.37606837606837606,117,-0.32065716708393255,-0.0027414152037992592,-26.128321388632564,0.3561643835616438,146,-0.40333052711739564,-0.003261617805675061
KRW-ETH,20,2.0,30,30,40,0.03,0.01,12,False,-19.275266595598517,257,False,-14.84175667961954,0.34210526315789475,114,-0.2792678644543931,-0.0020685824403989064,-23.70877651157749,0.3006993006993007,143,-0.4169609199443473,-0.0034175710911182465
KRW-ETH,20,2.0,30,30,40,0.03,0.01,24,True,-23.304910332193614,261,False,-21.147941282484137,0.4,115,-0.3087236443284175,-0.0026343434272660987,-25.461879381903092,0.3561643835616438,146,-0.40051502682458506,-0.0032050089275786602
KRW-ETH,20,2.0,30,30,40,0.03,0.01,24,False,-13.491079971679403,248,False,-7.153132583018459,0.3055555555555556,108,-0.23275957963126542,-0.0012153037008338179,-19.829027360340348,0.24285714285714285,140,-0.394042759191075,-0.003209864259522735
KRW-ETH,20,2.0,30,30,40,0.03,0.015,12,True,-21.777352434457264,255,False,-17.761274843999814,0.47368421052631576,114,-0.3014336719458594,-0.002511078534688444,-25.793430024914716,0.4397163120567376,141,-0.4355558727181057,-0.003900273660175779
KRW-ETH,20,2.0,30,30,40,0.03,0.015,12,False,-17.466430595521746,249,False,-11.89841543054386,0.42342342342342343,111,-0.27220594566879747,-0.0018941686243015986,-23.034445760499633,0.37681159420289856,138,-0.4365069754082144,-0.003961625717353167
KRW-ETH,20,2.0,30,30,40,0.03,0.015,24,True,-20.359978665240547,253,False,-16.07629160250947,0.5267857142857143,112,-0.2887431420408414,-0.0023879606156367783,-24.64366572797162,0.45390070921985815,141,-0.43631645102230326,-0.0037858641398946426
KRW-ETH,20,2.0,30,30,40,0.03,0.015,24,False,-13.370746687607088,237,False,-5.128839141737066,0.42857142857142855,105,-0.25784730136502115,-0.0010001514883761968,-21.61265423347711,0.3106060606060606,132,-0.48895933354860505,-0.00422960098564254
KRW-ETH,20,2.0,30,30,45,0.015,0.008,12,True,-21.58866019438844,328,False,-29.88454883790179,0.35664335664335667,143,-0.3483624937929548,-0.002816539251634539,-13.292771550875091,0.41081081081081083,185,-0.26089821593551743,-0.001407589405934399
KRW-ETH,20,2.0,30,30,45,0.015,0.008,12,False,-20.621184107403767,322,False,-23.8125257839658,0.3333333333333333,141,-0.3191300326563308,-0.0024727837287228448,-17.429842430841735,0.36464088397790057,181,-0.3024151876408536,-0.0018808867349526372
KRW-ETH,20,2.0,30,30,45,0.015,0.008,24,True,-22.007806964440814,326,False,-31.366977303296167,0.3617021276595745,141,-0.3621566564956213,-0.003006932367462647,-12.64863662558546,0.41081081081081083,185,-0.2554550112674101,-0.0013488433077877826
KRW-ETH,20,2.0,30,30,45,0.015,0.008,24,False,-21.393825252190602,315,False,-29.216099038804312,0.2740740740740741,135,-0.34655237331589167,-0.0031659824413597286,-13.57155146557689,0.3388888888888889,180,-0.27732524514153345,-0.0015637049909252713
KRW-ETH,20,2.0,30,30,45,0.015,0.01,12,True,-19.538761435268594,321,False,-25.168662275218455,0.4142857142857143,140,-0.3559153478513781,-0.002653313642106556,-13.908860595318734,0.4530386740331492,181,-0.294772019611289,-0.0016236703008530187
KRW-ETH,20,2.0,30,30,45,0.015,0.01,12,False,-18.874657611323464,315,False,-20.05744689452347,0.38405797101449274,138,-0.32846128001209185,-0.0023097991438813786,-17.69186832812346,0.4067796610169492,177,-0.3393763325058977,-0.002113581258828609
KRW-ETH,20,2.0,30,30,45,0.015,0.01,24,True,-18.52546025936764,319,False,-24.968536167342126,0.4420289855072464,138,-0.3598993150315641,-0.0027290843275144354,-12.082384351393157,0.46408839779005523,181,-0.269574192219901,-0.0014275510862910596
KRW-ETH,20,2.0,30,30,45,0.015,0.01,24,False,-18.210289147801337,307,False,-22.902034024401814,0.3409090909090909,132,-0.3424464164292607,-0.0028628682957596388,-13.518544271200858,0.38285714285714284,175,-0.3115410524880549,-0.0017366965620945636
KRW-ETH,20,2.0,30,30,45,0.015,0.015,12,True,-20.289985210191062,310,False,-18.7599964333169,0.5220588235294118,136,-0.33455651471540426,-0.0023888968461612137,-21.81997398706523,0.4942528735632184,174,-0.4438616478279967,-0.003044295630237328
KRW-ETH,20,2.0,30,30,45,0.015,0.015,12,False,-17.85498047523242,304,False,-12.056366552894657,0.49624060150375937,133,-0.270892361754115,-0.001671410465433132,-23.653594397570185,0.4502923976608187,171,-0.4675352523387864,-0.0034001993241716284
KRW-ETH,20,2.0,30,30,45,0.015,0.015,24,True,-19.386280255610806,308,False,-19.176301987842304,0.5522388059701493,134,-0.3472116820670851,-0.0025569533876950387,-19.596258523379312,0.5229885057471264,174,-0.4271580449380756,-0.002774273282005083
KRW-ETH,20,2.0,30,30,45,0.015,0.015,24,False,-17.75765269541255,291,False,-15.148143358728218,0.456,125,-0.27662888870391855,-0.0023021315614808586,-20.367162032096882,0.42771084337349397,166,-0.45975556068214596,-0.00315378428175117
KRW-ETH,20,2.0,30,30,45,0.02,0.008,12,True,-20.47516327540776,327,False,-27.11302373365194,0.34265734265734266,143,-0.34548803534773587,-0.0027414612980766204,-13.837302817163577,0.3858695652173913,184,-0.2794503135482218,-0.0015608586618516122
KRW-ETH,20,2.0,30,30,45,0.02,0.008,12,False,-18.758139229364012,320,False,-18.286566719113534,0.3191489361702128,141,-0.2965180516935687,-0.002124339502406241,-19.229711739614487,0.31843575418994413,179,-0.34669788613118724,-0.0022659470661050888
KRW-ETH,20,2.0,30,30,45,0.02,0.008,24,True,-21.15303891863501,325,False,-28.529418030402628,0.3475177304964539,141,-0.35894406294887843,-0.002930789478393269,-13.776659806867388,0.3804347826086957,184,-0.2826609449673966,-0.001565710034949085
KRW-ETH,20,2.0,30,30,45,0.02,0.008,24,False,-17.070804170907074,313,False,-21.607834255736016,0.2518518518518518,135,-0.31688792815858796,-0.002698098381068952,-12.533774086078132,0.2808988764044944,178,-0.2914606507889844,-0.0016487488209287514
KRW-ETH,20,2.0,30,30,45,0.02,0.01,12,True,-18.138932172169405,320,False,-22.641902084827617,0.4,140,-0.35843928169385564,-0.0025554195719047724,-13.635962259511196,0.42777777777777776,180,-0.3387176672046564,-0.0017102613106539583
KRW-ETH,20,2.0,30,30,45,0.02,0.01,12,False,-15.71391888453553,313,False,-13.970459798332543,0.3695652173913043,138,-0.29844952645639733,-0.001800244573792543,-17.45737797073852,0.3657142857142857,175,-0.36925857830000625,-0.0023046966206802678
KRW-ETH,20,2.0,30,30,45,0.02,0.01,24,True,-17.454250369565813,318,False,-22.299915864679235,0.427536231884058,138,-0.3605532733359767,-0.002608412210159651,-12.608584874452394,0.43333333333333335,180,-0.3278545696481472,-0.0015993677429260364
KRW-ETH,20,2.0,30,30,45,0.02,0.01,24,False,-13.104064026090633,304,False,-14.760754081277291,0.32061068702290074,131,-0.3095520152720739,-0.0021239687107872857,-11.447373970903973,0.32947976878612717,173,-0.3510842213218756,-0.0016771648750363165
KRW-ETH,20,2.0,30,30,45,0.02,0.015,12,True,-19.05207188559495,309,False,-16.725079206020343,0.5147058823529411,136,-0.327661288315779,-0.002236069271158257,-21.379064565169553,0.47398843930635837,173,-0.46393293652536877,-0.0031511535125851873
KRW-ETH,20,2.0,30,30,45,0.02,0.015,12,False,-14.776944129710117,302,False,-6.623201242902731,0.47368421052631576,133,-0.22947572093762994,-0.001015349448266869,-22.930687016517503,0.41420118343195267,169,-0.4889647703962702,-0.003578237942750798
KRW-ETH,20,2.0,30,30,45,0.02,0.015,24,True,-18.260259200379096,306,False,-17.005849189323104,0.5447761194029851,134,-0.3384021241776001,-0.0023783986936552794,-19.51466921143509,0.5,172,-0.4500513056406361,-0.0029198686321483466
KRW-ETH,20,2.0,30,30,45,0.02,0.015,24,False,-14.15979348712445,287,False,-8.232178903669599,0.43548387096774194,124,-0.2309616055973332,-0.0014155168168738697,-20.0874080705793,0.37423312883435583,163,-0.48680141494685625,-0.0034574525725833355
KRW-ETH,20,2.0,30,30,45,0.025,0.008,12,True,-21.67820267668612,327,False,-27.195846495697612,0.3356643356643357,143,-0.353994133039727,-0.0028115202181696105,-16.16055885767463,0.3804347826086957,184,-0.3167597815727932,-0.0018060126688795202
KRW-ETH,20,2.0,30,30,45,0.025,0.008,12,False,-17.133276365358988,320,False,-16.969207503095728,0.3120567375886525,141,-0.3002732970754237,-0.002078357790046024,-17.29734522762225,0.30726256983240224,179,-0.338526900340518,-0.002187655468055634
KRW-ETH,20,2.0,30,30,45,0.025,0.008,24,True,-22.27976362994466,325,False,-28.594803968403763,0.3404255319148936,141,-0.364173693127694,-0.0030018421420336767,-15.964723291485562,0.375,184,-0.31845081492736765,-0.0017999484443122847
KRW-ETH,20,2.0,30,30,45,0.025,0.008,24,False,-15.501625346877066,312,False,-17.220412167697884,0.24444444444444444,135,-0.30106379025578467,-0.0023576317866683353,-13.782838526056247,0.2542372881355932,177,-0.3172239775773384,-0.0019334507219050208
KRW-ETH,20,2.0,30,30,45,0.025,0.01,12,True,-18.867092361498212,320,False,-22.481694984414222,0.39285714285714285,140,-0.36805372294270033,-0.0026055833259997566,-15.2524897385822,0.4222222222222222,180,-0.3756677647016973,-0.0019170695558747696
KRW-ETH,20,2.0,30,30,45,0.025,0.01,12,False,-15.210721815814354,312,False,-14.976009248906829,0.35507246376811596,138,-0.3200579972259756,-0.0019858845856892916,-15.44543438272188,0.3563218390804598,174,-0.3653593166287938,-0.002178258660849886
KRW-ETH,20,2.0,30,30,45,0.025,0.01,24,True,-18.138806138762217,318,False,-22.171828983463886,0.42028985507246375,138,-0.37013603426546376,-0.0026593029751835477,-14.105783294060547,0.42777777777777776,180,-0.364149047174639,-0.001795017821645145
KRW-ETH,20,2.0,30,30,45,0.025,0.01,24,False,-11.670949180274908,302,False,-11.570909431053188,0.3053435114503817,131,-0.305605659049648,-0.0018181873508650234,-11.770988929496628,0.30409356725146197,171,-0.3498241905531424,-0.0018513072997252604
KRW-ETH,20,2.0,30,30,45,0.025,0.015,12,True,-18.75282976813754,309,False,-16.160725980594805,0.5073529411764706,136,-0.3301573562668333,-0.0022041873770353897,-21.344933555680278,0.47398843930635837,173,-0.4722036143446808,-0.0031744860257483082
KRW-ETH,20,2.0,30,30,45,0.025,0.015,12,False,-15.018109866385927,300,False,-9.152690107510464,0.45454545454545453,132,-0.2770946901824604,-0.0014277996665353872,-20.883529625261392,0.40476190476190477,168,-0.48151672554570507,-0.0034169681266235895
KRW-ETH,20,2.0,30,30,45,0.025,0.015,24,True,-17.497275803670426,306,False,-15.959218492881853,0.5447761194029851,134,-0.3348177425948401,-0.0022778108312291306,-19.035333114458997,0.5,172,-0.4532542914089292,-0.0028861767890398784
KRW-ETH,20,2.0,30,30,45,0.025,0.015,24,False,-14.094297538675349,284,False,-8.708451955301815,0.4146341463414634,123,-0.26315819040304955,-0.0015763782298504575,-19.480143122048883,0.35403726708074534,161,-0.4895484442708491,-0.003559240624800895
KRW-ETH,20,2.0,30,30,45,0.03,0.008,12,True,-20.462087836011513,326,False,-24.993851480411973,0.3356643356643357,143,-0.3460122861093974,-0.0026881950368681795,-15.930324191611055,0.3770491803278688,183,-0.30671229108220066,-0.0018163222305713433
KRW-ETH,20,2.0,30,30,45,0.03,0.008,12,False,-13.881784898851539,320,False,-13.854236007496802,0.3120567375886525,141,-0.28026612221651487,-0.0018078153973959128,-13.909333790206277,0.30726256983240224,179,-0.3020280058574427,-0.0018786449803152698
KRW-ETH,20,2.0,30,30,45,0.03,0.008,24,True,-21.046231223243232,324,False,-26.350489338229117,0.3404255319148936,141,-0.3532308252336694,-0.0028767676673804527,-15.741973108257351,0.37158469945355194,183,-0.30842819217888295,-0.001810224868164942
KRW-ETH,20,2.0,30,30,45,0.03,0.008,24,False,-11.138918382369036,310,False,-13.632301879928757,0.23134328358208955,134,-0.30388997333811835,-0.002049666403882426,-8.645534884809315,0.2556818181818182,176,-0.2758019983223229,-0.0013382418085663111
KRW-ETH,20,2.0,30,30,45,0.03,0.01,12,True,-17.617639663618128,319,False,-20.2561430800129,0.39285714285714285,140,-0.36024559191844524,-0.0024439547479561514,-14.979136247223355,0.41899441340782123,179,-0.36648655430461285,-0.001918142896156954
KRW-ETH,20,2.0,30,30,45,0.03,0.01,12,False,-12.06667863830391,312,False,-11.868565311243671,0.35507246376811596,138,-0.30061652316680654,-0.0016732833004453355,-12.26479196536415,0.3563218390804598,174,-0.3509307523406582,-0.0018441558532248238
KRW-ETH,20,2.0,30,30,45,0.03,0.01,24,True,-16.93899110549021,317,False,-20.024454318673264,0.42028985507246375,138,-0.36235363163020545,-0.0024953319539798902,-13.85352789230716,0.4245810055865922,179,-0.35479844656647613,-0.001795409308663477
KRW-ETH,20,2.0,30,30,45,0.03,0.01,24,False,-6.918718805568152,300,False,-7.632190262883288,0.2923076923076923,130,-0.28457221884149736,-0.0013199388452564387,-6.205247348253016,0.3058823529411765,170,-0.32401403121043393,-0.0010760225222558903
KRW-ETH,20,2.0,30,30,45,0.03,0.015,12,True,-17.655571189075772,308,False,-14.502169792140474,0.5073529411764706,136,-0.3218809895600676,-0.0020378050172846192,-20.808972586011066,0.47093023255813954,172,-0.46607216436411636,-0.0031538874465644974
KRW-ETH,20,2.0,30,30,45,0.03,0.015,12,False,-12.919376791050976,300,False,-8.203203760005065,0.45454545454545453,132,-0.27166732332299576,-0.00131996437548915,-17.635549822096884,0.40476190476190477,168,-0.45452307284141324,-0.003045699502146441
KRW-ETH,20,2.0,30,30,45,0.03,0.015,24,True,-16.457512326352138,305,False,-14.371775884570653,0.5447761194029851,134,-0.3265989581674442,-0.00210894515267611,-18.543248768133626,0.49707602339181284,171,-0.4469027057303885,-0.0028637717314005566
KRW-ETH,20,2.0,30,30,45,0.03,0.015,24,False,-10.355319604050553,282,False,-7.7545802111828595,0.38524590163934425,122,-0.2793740127111069,-0.0015113538548644971,-12.956058996918248,0.35625,160,-0.436819379402641,-0.0025894061571952775
KRW-ETH,20,2.0,30,30,50,0.015,0.008,12,True,-21.876895930267878,332,False,-31.912382499932917,0.34965034965034963,143,-0.363128663884346,-0.0029771371537324425,-11.841409360602842,0.42328042328042326,189,-0.24274503557767224,-0.0012489556305284632
KRW-ETH,20,2.0,30,30,50,0.015,0.008,12,False,-20.827007032834633,326,False,-25.582442022260274,0.3262411347517731,141,-0.33455861319712354,-0.0026356596152476695,-16.07157204340899,0.3675675675675676,185,-0.2896844668752065,-0.0017411760426065835
KRW-ETH,20,2.0,30,30,50,0.015,0.008,24,True,-22.31524524530355,330,False,-33.41142951083282,0.3546099290780142,141,-0.3766102495011396,-0.003169808253987471,-11.21906097977428,0.42328042328042326,189,-0.23716813961264863,-0.0011914528360463257
KRW-ETH,20,2.0,30,30,50,0.015,0.008,24,False,-21.399951005175147,319,False,-31.056539400079878,0.26666666666666666,135,-0.36135956091563026,-0.003336097256174545,-11.743362610270419,0.34782608695652173,184,-0.26319517033135414,-0.0013615347737312448
KRW-ETH,20,2.0,30,30,50,0.015,0.01,12,True,-20.071444879599433,324,False,-27.045835132229605,0.40714285714285714,140,-0.3717795018451866,-0.002831617213535128,-13.097054626969257,0.46195652173913043,184,-0.28570687902884484,-0.0015270819786365093
KRW-ETH,20,2.0,30,30,50,0.015,0.01,12,False,-19.211997999472377,318,False,-21.74350685792053,0.37681159420289856,138,-0.34500164257337085,-0.0024906868250407998,-16.680489141024225,0.40555555555555556,180,-0.3301932462074885,-0.00200034413371526
KRW-ETH,20,2.0,30,30,50,0.015,0.01,24,True,-19.223617675881716,322,False,-26.80083575700049,0.43478260869565216,138,-0.37566534175492466,-0.0029099720086738566,-11.646399594762945,0.4673913043478261,184,-0.2655884599776719,-0.0013739469444428482
KRW-ETH,20,2.0,30,30,50,0.015,0.01,24,False,-18.5668718732784,310,False,-24.549310494728395,0.3333333333333333,132,-0.358642317502431,-0.003051978144244488,-12.584433251828408,0.38764044943820225,178,-0.31133087642485197,-0.001620516282958139
KRW-ETH,20,2.0,30,30,50,0.015,0.015,12,True,-20.204756377368014,314,False,-19.394951097425697,0.5220588235294118,136,-0.34058768609125667,-0.0024564375674912793,-21.01456165731033,0.5,178,-0.44013120490930946,-0.0029363661991143046
KRW-ETH,20,2.0,30,30,50,0.015,0.015,12,False,-17.630866451868027,308,False,-12.643565930941703,0.49624060150375937,133,-0.27792562897094375,-0.0017449173371360167,-22.61816697279435,0.44571428571428573,175,-0.4625946219520723,-0.003267071807661002
KRW-ETH,20,2.0,30,30,50,0.015,0.015,24,True,-19.210548839144842,312,False,-19.790609307047262,0.5522388059701493,134,-0.35312815477238685,-0.0026255021794927176,-18.630488371242418,0.5280898876404494,178,-0.41966504437800645,-0.0026372506328565643
KRW-ETH,20,2.0,30,30,50,0.015,0.015,24,False,-17.44403371976528,295,False,-16.743280432887982,0.448,125,-0.2980093156387778,-0.0025417715614808618,-18.144787006642574,0.4411764705882353,170,-0.436238553139803,-0.002826102634584729
KRW-ETH,20,2.0,30,30,50,0.02,0.008,12,True,-20.987041929936446,331,False,-29.522887519620827,0.3356643356643357,143,-0.3634550304558365,-0.002936971787587111,-12.45119634025206,0.39893617021276595,188,-0.26175279380606037,-0.0013981200417697473
KRW-ETH,20,2.0,30,30,50,0.02,0.008,12,False,-18.9990568721683,324,False,-20.222456718256566,0.3120567375886525,141,-0.3158293208627647,-0.002322623190349504,-17.775657026080033,0.3224043715846995,183,-0.3332782532554435,-0.002103756912572391
KRW-ETH,20,2.0,30,30,50,0.02,0.008,24,True,-21.682198678167588,329,False,-30.963159768737405,0.3404255319148936,141,-0.3765416769071447,-0.003129073166336532,-12.40123758759777,0.39361702127659576,188,-0.2650422819841708,-0.0014028681941630184
KRW-ETH,20,2.0,30,30,50,0.02,0.008,24,False,-16.873850410646853,317,False,-23.52799095582036,0.24444444444444444,135,-0.3356400242483517,-0.002905194677365249,-10.219709865473344,0.29120879120879123,182,-0.2852207171706185,-0.0013601939017874596
KRW-ETH,20,2.0,30,30,50,0.02,0.01,12,True,-18.854788694935422,323,False,-24.83252615937396,0.39285714285714285,140,-0.37730871458521315,-0.002769383857619058,-12.877051230496889,0.4371584699453552,183,-0.3302174127079866,-0.0016117256586471796
KRW-ETH,20,2.0,30,30,50,0.02,0.01,12,False,-16.09511617053443,316,False,-15.782680629872557,0.36231884057971014,138,-0.31908336391356235,-0.0020173097911838473,-16.4075517111963,0.3651685393258427,178,-0.362671308542497,-0.0021740780403779543
KRW-ETH,20,2.0,30,30,50,0.02,0.01,24,True,-18.311035448639075,321,False,-24.43197767298535,0.42028985507246375,138,-0.37936053000256587,-0.002825477427550955,-12.190093224292799,0.4371584699453552,183,-0.32418685735665315,-0.0015426540157676989
KRW-ETH,20,2.0,30,30,50,0.02,0.01,24,False,-13.34113395188864,307,False,-16.46930210259798,0.31297709923664124,131,-0.3298593089405425,-0.002352632832924691,-10.212965801179301,0.3352272727272727,176,-0.3585370190399939,-0.0015039461555754708
KRW-ETH,20,2.0,30,30,50,0.02,0.015,12,True,-19.019452770742166,313,False,-17.666354742055418,0.5147058823529411,136,-0.33702086088145294,-0.0023403195513118516,-20.372550799428915,0.480225988700565,177,-0.4576786892079015,-0.0030119932285779
KRW-ETH,20,2.0,30,30,50,0.02,0.015,12,False,-14.512339507422869,306,False,-7.396209459395936,0.47368421052631576,133,-0.2406491543852956,-0.0011263939139547156,-21.6284695554498,0.41040462427745666,173,-0.4805157554756679,-0.003397335928002066
KRW-ETH,20,2.0,30,30,50,0.02,0.015,24,True,-18.132384440510926,310,False,-17.915839324716213,0.5447761194029851,134,-0.3476121744401285,-0.0024842049481395246,-18.34892955630564,0.5056818181818182,176,-0.4401132149700782,-0.002749613444938064
KRW-ETH,20,2.0,30,30,50,0.02,0.015,24,False,-13.55544935194218,291,False,-9.898770637837542,0.4274193548387097,124,-0.25400536458877965,-0.0016973514942932267,-17.21212806604682,0.38922155688622756,167,-0.45383101305216683,-0.002997030098441874
KRW-ETH,20,2.0,30,30,50,0.025,0.008,12,True,-22.443803209289833,331,False,-30.170092308873905,0.32867132867132864,143,-0.37479237070771626,-0.0030419432950926886,-14.717514109705764,0.39361702127659576,188,-0.29997862479539317,-0.0016380580060949335
KRW-ETH,20,2.0,30,30,50,0.025,0.008,12,False,-17.45022062977042,324,False,-19.193256028619302,0.3049645390070922,141,-0.3228010836086052,-0.0023120492794077275,-15.70718523092154,0.3114754098360656,183,-0.32163030485347327,-0.0019998951855185526
KRW-ETH,20,2.0,30,30,50,0.025,0.008,24,True,-23.07041355606212,329,False,-31.603715782931804,0.3333333333333333,141,-0.38464419861724086,-0.0032355336313953805,-14.537111329192436,0.3882978723404255,188,-0.301711191852278,-0.00163212280758232
KRW-ETH,20,2.0,30,30,50,0.025,0.008,24,False,-15.068112123542516,316,False,-19.276385098454856,0.23703703703703705,135,-0.32356612676462293,-0.0026017095644461146,-10.859839148630178,0.26519337016574585,181,-0.2904296123644074,-0.0015542612031888897
KRW-ETH,20,2.0,30,30,50,0.025,0.01,12,True,-19.787037835739508,323,False,-25.104263374218593,0.38571428571428573,140,-0.389632376305633,-0.0028552083259997577,-14.469812297260422,0.43169398907103823,183,-0.36764247409991024,-0.00181514360476601
KRW-ETH,20,2.0,30,30,50,0.025,0.01,12,False,-15.680805771473487,315,False,-17.115266452950934,0.34782608695652173,138,-0.3432755290280158,-0.00223912733931248,-14.24634508999604,0.3559322033898305,177,-0.35192799949401643,-0.002020838924045815
KRW-ETH,20,2.0,30,30,50,0.025,0.01,24,True,-19.194749119357823,321,False,-24.723090322804598,0.41304347826086957,138,-0.39164358431493557,-0.002912545728806737,-13.666407915911046,0.43169398907103823,183,-0.3606793838400013,-0.0017350967161471498
KRW-ETH,20,2.0,30,30,50,0.025,0.01,24,False,-11.788780663164715,305,False,-13.400546095949375,0.29770992366412213,131,-0.3293166853260012,-0.002084962160025329,-10.177015230380054,0.3103448275862069,174,-0.35729145972463905,-0.0016157100474311482
KRW-ETH,20,2.0,30,30,50,0.025,0.015,12,True,-19.07089724559813,313,False,-17.43960125394198,0.5073529411764706,136,-0.34270421941354057,-0.0023451472160125144,-20.702193237254278,0.480225988700565,177,-0.46986117114187453,-0.003075913514744484
KRW-ETH,20,2.0,30,30,50,0.025,0.015,12,False,-15.082331482952036,304,False,-10.221224597950266,0.45454545454545453,132,-0.29105282842805974,-0.0015775073478723847,-19.943438367953803,0.4011627906976744,172,-0.4761395831577149,-0.003274343296702827
KRW-ETH,20,2.0,30,30,50,0.025,0.015,24,True,-17.710808171898766,310,False,-17.18663034859959,0.5447761194029851,134,-0.3472773117628564,-0.002420874548399944,-18.234985995197942,0.5056818181818182,176,-0.4473513912617765,-0.0027580359952767506
KRW-ETH,20,2.0,30,30,50,0.025,0.015,24,False,-13.696473730380685,288,False,-10.564999257179744,0.4065040650406504,123,-0.29191299272878346,-0.0019010936770049321,-16.827948203581627,0.3696969696969697,165,-0.4635078021946068,-0.0031114987776268825
KRW-ETH,20,2.0,30,30,50,0.03,0.008,12,True,-20.731283024496364,330,False,-26.952225138650313,0.32867132867132864,143,-0.36250364457218476,-0.002867380358029751,-14.510340910342412,0.39037433155080214,187,-0.289684356511874,-0.0016472488891260508
KRW-ETH,20,2.0,30,30,50,0.03,0.008,12,False,-13.543409536612407,324,False,-14.82870673588086,0.3049645390070922,141,-0.2928681567959856,-0.0019330086437217308,-12.258112337343952,0.3114754098360656,183,-0.297376846843294,-0.0016703576046140426
KRW-ETH,20,2.0,30,30,50,0.03,0.008,24,True,-21.331808700158287,328,False,-28.326972149833644,0.3333333333333333,141,-0.36954015655168465,-0.003058494624303181,-14.336645250482933,0.3850267379679144,187,-0.2914424020908942,-0.001641281951583958
KRW-ETH,20,2.0,30,30,50,0.03,0.008,24,False,-10.36978638971799,314,False,-14.03638277844953,0.22962962962962963,135,-0.31049466527108605,-0.0021047651712610745,-6.703190000986453,0.26256983240223464,179,-0.2664594822763381,-0.0010488469289629651
KRW-ETH,20,2.0,30,30,50,0.03,0.01,12,True,-18.13395966405645,322,False,-22.05808289803367,0.38571428571428573,140,-0.3776353368931965,-0.00264124404028547,-14.209836430079232,0.42857142857142855,182,-0.35834324660015704,-0.0018156392199275607
KRW-ETH,20,2.0,30,30,50,0.03,0.01,12,False,-11.931032199258599,315,False,-12.879391129907031,0.34782608695652173,138,-0.3142475949161147,-0.001815669153575337,-10.982673268610169,0.3559322033898305,177,-0.35047653524024186,-0.0016641926611827582
KRW-ETH,20,2.0,30,30,50,0.03,0.01,24,True,-17.605738375202712,320,False,-21.788925786473502,0.41304347826086957,138,-0.3796860760650604,-0.0026954805114154305,-13.422550963931922,0.42857142857142855,182,-0.35127775958243995,-0.0017351525132393664
KRW-ETH,20,2.0,30,30,50,0.03,0.01,24,False,-7.08036780227434,303,False,-8.099705431728133,0.2900763358778626,131,-0.29278890690810266,-0.0013975347319338711,-6.061030172820549,0.3081395348837209,172,-0.3458432107487506,-0.0010434783732971907
KRW-ETH,20,2.0,30,30,50,0.03,0.015,12,True,-17.70103030448291,312,False,-15.21640187497751,0.5073529411764706,136,-0.3297847867975145,-0.0021248898630713362,-20.18565873398831,0.4772727272727273,176,-0.46370250882390046,-0.0030552230140023285
KRW-ETH,20,2.0,30,30,50,0.03,0.015,12,False,-12.516394629471446,304,False,-8.42246716827522,0.45454545454545453,132,-0.27489166547926414,-0.0013537762063105421,-16.61032209066767,0.4011627906976744,172,-0.44617752313653636,-0.0028826826634925874
KRW-ETH,20,2.0,30,30,50,0.03,0.015,24,True,-16.41179957074872,309,False,-15.061618583308471,0.5447761194029851,134,-0.3344477652532051,-0.0021973297722805386,-17.761980558188966,0.5028571428571429,175,-0.44093123115192856,-0.0027354108201333954
KRW-ETH,20,2.0,30,30,50,0.03,0.015,24,False,-9.668681380831176,285,False,-7.754580211182868,0.38524590163934425,122,-0.2793740127111069,-0.001511353854864499,-11.582782550479484,0.36809815950920244,163,-0.4325272055196648,-0.0023108834005543004
