{
  "generated_at": "2026-03-27T13:54:13.418449+00:00",
  "score_basis": "tuned_sharpe_fallback_x_diversification",
  "total_capital_krw": 9000000.0,
  "input_paths": {
    "tuned": "/home/wdsr88/workspace/crypto-trader/artifacts/backtest-grid-90d/combined.json",
    "walk_forward": "/home/wdsr88/workspace/crypto-trader/artifacts/walk-forward-90d/grid-wf-summary.json"
  },
  "weights": [
    {
      "strategy": "kimchi_premium",
      "tuned_sharpe": 1.2238743162909198,
      "tuned_return_pct": 5.290550155859661,
      "walk_forward_sharpe": -6.5942940812505775,
      "walk_forward_return_pct": -0.9118799943524806,
      "walk_forward_profit_factor": 0.4933653852205832,
      "validated": false,
      "diversification_multiplier": 0.9820144671089341,
      "score": 1.2018622845207387,
      "score_basis": "tuned_sharpe_fallback_x_diversification",
      "weight": 0.3115860425471341,
      "allocation_krw": 2804274.382924207
    },
    {
      "strategy": "composite",
      "tuned_sharpe": 1.155316903425242,
      "tuned_return_pct": 0.04019951017379397,
      "walk_forward_sharpe": 0.0,
      "walk_forward_return_pct": 0.0,
      "walk_forward_profit_factor": 0.0,
      "validated": false,
      "diversification_multiplier": 1.0,
      "score": 1.155316903425242,
      "score_basis": "tuned_sharpe_fallback_x_diversification",
      "weight": 0.299519026815646,
      "allocation_krw": 2695671.241340814
    },
    {
      "strategy": "momentum",
      "tuned_sharpe": 1.340723275405669,
      "tuned_return_pct": 4.797920435198236,
      "walk_forward_sharpe": -4.046708655823883,
      "walk_forward_return_pct": -0.49534020144890445,
      "walk_forward_profit_factor": 0.7943027895136747,
      "validated": false,
      "diversification_multiplier": 0.8519428898370915,
      "score": 1.1422196617209563,
      "score_basis": "tuned_sharpe_fallback_x_diversification",
      "weight": 0.2961235315384571,
      "allocation_krw": 2665111.783846114
    },
    {
      "strategy": "mean_reversion",
      "tuned_sharpe": 0.3576931496339165,
      "tuned_return_pct": 0.4508778601886143,
      "walk_forward_sharpe": -6.160482584622549,
      "walk_forward_return_pct": -0.5453038742169986,
      "walk_forward_profit_factor": 0.3040989987761629,
      "validated": false,
      "diversification_multiplier": 0.9196399885551407,
      "score": 0.32894892403558723,
      "score_basis": "tuned_sharpe_fallback_x_diversification",
      "weight": 0.08528089678865187,
      "allocation_krw": 767528.0710978669
    },
    {
      "strategy": "bollinger_rsi",
      "tuned_sharpe": 0.031572645994228946,
      "tuned_return_pct": -0.09793747029820388,
      "walk_forward_sharpe": 0.0,
      "walk_forward_return_pct": 0.0,
      "walk_forward_profit_factor": 0.0,
      "validated": false,
      "diversification_multiplier": 0.9151171063654939,
      "score": 0.028892668442540896,
      "score_basis": "tuned_sharpe_fallback_x_diversification",
      "weight": 0.007490502310110925,
      "allocation_krw": 67414.52079099833
    },
    {
      "strategy": "momentum_pullback",
      "tuned_sharpe": 0.0,
      "tuned_return_pct": 0.0,
      "walk_forward_sharpe": 0.1388923266349028,
      "walk_forward_return_pct": 0.006806427473328899,
      "walk_forward_profit_factor": 3.2067074013582166,
      "validated": false,
      "diversification_multiplier": 1.0,
      "score": 0.0,
      "score_basis": "tuned_sharpe_fallback_x_diversification",
      "weight": 0.0,
      "allocation_krw": 0.0
    },
    {
      "strategy": "obi",
      "tuned_sharpe": -2.330073769147848,
      "tuned_return_pct": -5.228695677139555,
      "walk_forward_sharpe": -6.53392395458829,
      "walk_forward_return_pct": -0.6175889035573756,
      "walk_forward_profit_factor": 0.4998352123356674,
      "validated": false,
      "diversification_multiplier": 0.9154380599351495,
      "score": 0.0,
      "score_basis": "tuned_sharpe_fallback_x_diversification",
      "weight": 0.0,
      "allocation_krw": 0.0
    },
    {
      "strategy": "volatility_breakout",
      "tuned_sharpe": -2.249824083057446,
      "tuned_return_pct": -5.947288564514797,
      "walk_forward_sharpe": -8.643674322950815,
      "walk_forward_return_pct": -0.5531573166260129,
      "walk_forward_profit_factor": 0.30795906653752225,
      "validated": false,
      "diversification_multiplier": 0.9050817215611807,
      "score": 0.0,
      "score_basis": "tuned_sharpe_fallback_x_diversification",
      "weight": 0.0,
      "allocation_krw": 0.0
    },
    {
      "strategy": "vpin",
      "tuned_sharpe": -1.8552600394416818,
      "tuned_return_pct": -5.132790194341494,
      "walk_forward_sharpe": -9.138351787789077,
      "walk_forward_return_pct": -1.0481275520701634,
      "walk_forward_profit_factor": 0.15537561222715623,
      "validated": false,
      "diversification_multiplier": 0.8590748076727723,
      "score": 0.0,
      "score_basis": "tuned_sharpe_fallback_x_diversification",
      "weight": 0.0,
      "allocation_krw": 0.0
    }
  ]
}